,motive_1,motive_2,motive_3,motive_4,motive_5,motive_6,motive_7,motive_8
motive_1,0.0,0.33090998303985214,-0.12395863796941553,0.06017964401280884,0.3196678184406387,0.3451393586579412,0.43136689228503,0.27722964235056835
motive_2,0.33090998303985214,0.0,0.5466657746611335,0.22178767875193303,0.5119145737832201,0.47947231468738144,0.5874480194769829,0.8807935454597688
motive_3,-0.12395863796941553,0.5466657746611335,0.0,0.21768832642894725,0.11677713182094487,0.3631635353084697,0.46485528299013157,0.35375050451317835
motive_4,0.06017964401280884,0.22178767875193303,0.21768832642894725,0.0,0.4484867904170964,0.4176551107972454,0.25043304734312694,0.627811631733682
motive_5,0.3196678184406387,0.5119145737832201,0.11677713182094487,0.4484867904170964,0.0,0.6877087339655841,-0.018484047745520787,0.1405896964876555
motive_6,0.3451393586579412,0.47947231468738144,0.3631635353084697,0.4176551107972454,0.6877087339655841,0.0,0.43416661018021263,0.0029001919601117365
motive_7,0.43136689228503,0.5874480194769829,0.46485528299013157,0.25043304734312694,-0.018484047745520787,0.43416661018021263,0.0,0.45716474753537245
motive_8,0.27722964235056835,0.8807935454597688,0.35375050451317835,0.627811631733682,0.1405896964876555,0.0029001919601117365,0.45716474753537245,0.0
