,motive_1,motive_2,motive_3,motive_4,motive_5,motive_6,motive_7,motive_8
motive_1,0.0,0.19162602591296612,0.3424117373544309,0.23562095246469886,-0.17299073268651094,0.1269449235138667,0.07999098739355401,0.11999730366379023
motive_2,0.19162602591296612,0.0,0.601110401969503,0.2673888520113499,0.7609079607137029,0.4858307841690332,0.44224841695654216,0.16194899022555106
motive_3,0.3424117373544309,0.601110401969503,0.0,0.7321456796875387,0.24053639032761231,-0.12558210628464594,0.3531711876139357,-0.043574595556296586
motive_4,0.23562095246469886,0.2673888520113499,0.7321456796875387,0.0,0.2055108173997653,0.37556358791138744,-0.19175214795617695,-0.17875045774867726
motive_5,-0.17299073268651094,0.7609079607137029,0.24053639032761231,0.2055108173997653,0.0,0.24585290151273245,-0.05076712886454279,-0.2951346701906861
motive_6,0.1269449235138667,0.4858307841690332,-0.12558210628464594,0.37556358791138744,0.24585290151273245,0.0,-0.3072704541327356,-0.24613859588129067
motive_7,0.07999098739355401,0.44224841695654216,0.3531711876139357,-0.19175214795617695,-0.05076712886454279,-0.3072704541327356,0.0,0.4663466144914227
motive_8,0.11999730366379023,0.16194899022555106,-0.043574595556296586,-0.17875045774867726,-0.2951346701906861,-0.24613859588129067,0.4663466144914227,0.0
