,motive_1,motive_2,motive_3,motive_4,motive_5,motive_6,motive_7,motive_8
motive_1,0.0,0.09289924310711592,0.20421515586808303,0.2477307097720069,-0.019995051095927113,0.04282122298638405,0.04298296633413737,0.08880000038824969
motive_2,0.09289924310711592,0.0,0.12427844459955807,0.2740729321992195,0.12515298808739803,0.15524214067824704,0.11464892746858885,0.18064679042306006
motive_3,0.20421515586808303,0.12427844459955807,0.0,0.07913524580864544,0.12219300942532954,-0.02084105074415306,0.1908198165249688,0.234996396059718
motive_4,0.2477307097720069,0.2740729321992195,0.07913524580864544,0.0,0.15652637546232911,-0.05049237875782506,0.08649987535975581,0.0378475989469352
motive_5,-0.019995051095927113,0.12515298808739803,0.12219300942532954,0.15652637546232911,0.0,0.2496398497540776,-0.02428564448961626,0.1631130172434445
motive_6,0.04282122298638405,0.15524214067824704,-0.02084105074415306,-0.05049237875782506,0.2496398497540776,0.0,-0.029783193822676322,0.15747096980069508
motive_7,0.04298296633413737,0.11464892746858885,0.1908198165249688,0.08649987535975581,-0.02428564448961626,-0.029783193822676322,0.0,0.017406869452988957
motive_8,0.08880000038824969,0.18064679042306006,0.234996396059718,0.0378475989469352,0.1631130172434445,0.15747096980069508,0.017406869452988957,0.0
