,motive_1,motive_2,motive_3,motive_4,motive_5,motive_6,motive_7,motive_8
motive_1,0.0,0.4750672050503572,0.6088273249442232,0.5773964257771099,-0.039743798709867495,0.4797843779145151,0.28554384479265266,0.32619219331468047
motive_2,0.4750672050503572,0.0,0.18993574198864008,0.04421942971551593,0.8948961158287392,0.2432479390033513,0.44579004112902143,0.23572105116192
motive_3,0.6088273249442232,0.18993574198864008,0.0,0.36443513734374117,0.4502780665615204,0.5470955397889903,0.2614023408249463,0.319860525348451
motive_4,0.5773964257771099,0.04421942971551593,0.36443513734374117,0.0,0.3274139188531353,0.2641072984342479,0.5807948226457348,0.9346021180748333
motive_5,-0.039743798709867495,0.8948961158287392,0.4502780665615204,0.3274139188531353,0.0,0.2433813757425488,0.7761223062953692,0.16443794742204632
motive_6,0.4797843779145151,0.2432479390033513,0.5470955397889903,0.2641072984342479,0.2433813757425488,0.0,0.6930399591522357,0.783084737763374
motive_7,0.28554384479265266,0.44579004112902143,0.2614023408249463,0.5807948226457348,0.7761223062953692,0.6930399591522357,0.0,0.6570252901606961
motive_8,0.32619219331468047,0.23572105116192,0.319860525348451,0.9346021180748333,0.16443794742204632,0.783084737763374,0.6570252901606961,0.0
