,motive_1,motive_2,motive_3,motive_4,motive_5,motive_6,motive_7,motive_8
motive_1,0.0,0.13817640711092538,0.0424867499970261,0.15451057085686887,0.005432480990679417,0.11103455991148316,0.1446663929604748,0.07465571234327487
motive_2,0.13817640711092538,0.0,0.1395688035478712,0.18940174674057791,0.13486505545381816,-0.003599291583283537,0.06221070566124506,0.12231322876065973
motive_3,0.0424867499970261,0.1395688035478712,0.0,0.09729297486524793,-0.016250971495332736,0.11157831018190445,0.002586314123835115,0.15213434734845033
motive_4,0.15451057085686887,0.18940174674057791,0.09729297486524793,0.0,0.16276285495422088,-0.055898217357589514,0.20505093589581133,0.0780345293040504
motive_5,0.005432480990679417,0.13486505545381816,-0.016250971495332736,0.16276285495422088,0.0,0.22694293426443218,0.09640852055502916,0.16797088140311595
motive_6,0.11103455991148316,-0.003599291583283537,0.11157831018190445,-0.055898217357589514,0.22694293426443218,0.0,0.05744863308339621,0.06711763210520755
motive_7,0.1446663929604748,0.06221070566124506,0.002586314123835115,0.20505093589581133,0.09640852055502916,0.05744863308339621,0.0,0.18796869009282863
motive_8,0.07465571234327487,0.12231322876065973,0.15213434734845033,0.0780345293040504,0.16797088140311595,0.06711763210520755,0.18796869009282863,0.0
