,motive_1,motive_2,motive_3,motive_4,motive_5,motive_6,motive_7,motive_8
motive_1,0.0,-0.018260921043467618,-0.018924831024117524,0.05719484520181787,0.001365254304608897,0.022475408854662756,0.036723668015830664,-0.06392250264642611
motive_2,-0.018260921043467618,0.0,-0.05969354837929838,-0.11766736758994595,-0.04189879567532564,0.025663447717563476,0.08323145756316877,0.1916003102021216
motive_3,-0.018924831024117524,-0.05969354837929838,0.0,0.05508113024753888,0.040729663607806776,0.017542777886952146,0.06299774257129981,0.03872206109329578
motive_4,0.05719484520181787,-0.11766736758994595,0.05508113024753888,0.0,-0.08144827733875346,0.0074493648214822294,0.021241516009474826,0.0679690500739436
motive_5,0.001365254304608897,-0.04189879567532564,0.040729663607806776,-0.08144827733875346,0.0,0.009936339936574808,-0.035942893635091934,0.12459005725339095
motive_6,0.022475408854662756,0.025663447717563476,0.017542777886952146,0.0074493648214822294,0.009936339936574808,0.0,-0.032186016281281406,0.07511218946748663
motive_7,0.036723668015830664,0.08323145756316877,0.06299774257129981,0.021241516009474826,-0.035942893635091934,-0.032186016281281406,0.0,-0.008288018589182444
motive_8,-0.06392250264642611,0.1916003102021216,0.03872206109329578,0.0679690500739436,0.12459005725339095,0.07511218946748663,-0.008288018589182444,0.0
