,motive_1,motive_2,motive_3,motive_4,motive_5,motive_6,motive_7,motive_8
motive_1,0.0,0.007484377686761509,-0.06380591108095215,0.02382560578004453,0.12023911124416506,0.09137105452535416,0.06813436409835064,0.06695733375581693
motive_2,0.007484377686761509,0.0,0.2536370339779448,0.038297272905770674,0.05414658844458391,0.04849542075730643,0.18084961613742423,0.057353475606037846
motive_3,-0.06380591108095215,0.2536370339779448,0.0,0.10242244929558889,0.02130878199625655,0.02396536330411067,0.0791801055344441,0.09608684410694676
motive_4,0.02382560578004453,0.038297272905770674,0.10242244929558889,0.0,0.00920373045906955,0.16685332736102865,0.03779834453358018,0.10091715070578873
motive_5,0.12023911124416506,0.05414658844458391,0.02130878199625655,0.00920373045906955,0.0,0.07404424150706032,0.1802906893626359,0.10128439691518012
motive_6,0.09137105452535416,0.04849542075730643,0.02396536330411067,0.16685332736102865,0.07404424150706032,0.0,0.04271037210339773,0.06003952310291567
motive_7,0.06813436409835064,0.18084961613742423,0.0791801055344441,0.03779834453358018,0.1802906893626359,0.04271037210339773,0.0,0.17658948725009896
motive_8,0.06695733375581693,0.057353475606037846,0.09608684410694676,0.10091715070578873,0.10128439691518012,0.06003952310291567,0.17658948725009896,0.0
