,motive_1,motive_2,motive_3,motive_4,motive_5,motive_6,motive_7,motive_8
motive_1,0.0,0.395456184122261,0.3105389944210637,0.5013460447538676,0.318723062024717,0.45876712093975863,0.5552170436035377,0.6219072435187218
motive_2,0.395456184122261,0.0,0.2574657755933134,0.34792726878154967,0.4390856733688599,0.17733383471837755,0.7585001196289829,0.8616151859966468
motive_3,0.3105389944210637,0.2574657755933134,0.0,0.2990305722264207,0.3646938804824353,0.4132263545150979,0.32476412788972,0.06584840436897704
motive_4,0.5013460447538676,0.34792726878154967,0.2990305722264207,0.0,0.6157823019007058,0.13224963239465937,0.6756328872201238,0.467405997688632
motive_5,0.318723062024717,0.4390856733688599,0.3646938804824353,0.6157823019007058,0.0,0.2638274075684969,0.5755113187461137,0.3688252750056963
motive_6,0.45876712093975863,0.17733383471837755,0.4132263545150979,0.13224963239465937,0.2638274075684969,0.0,0.2900668054182528,0.4586236171275069
motive_7,0.5552170436035377,0.7585001196289829,0.32476412788972,0.6756328872201238,0.5755113187461137,0.2900668054182528,0.0,0.3104985152004058
motive_8,0.6219072435187218,0.8616151859966468,0.06584840436897704,0.467405997688632,0.3688252750056963,0.4586236171275069,0.3104985152004058,0.0
