,motive_1,motive_2,motive_3,motive_4,motive_5,motive_6,motive_7,motive_8
motive_1,0.0,0.20511719808375373,0.15217327413592327,0.1770819356913832,0.01781385106831726,0.0259370272602841,-0.010626475813370784,-0.00019745284629760218
motive_2,0.20511719808375373,0.0,0.409942994586564,-0.02549745815583626,0.04934161427610839,0.11185813960605881,0.37470643886686567,0.3412912658826574
motive_3,0.15217327413592327,0.409942994586564,0.0,0.027154732301502768,0.22092265931000143,0.2349385565815888,0.5149944270520003,0.06279196338017545
motive_4,0.1770819356913832,-0.02549745815583626,0.027154732301502768,0.0,0.3510245977237027,0.29336233465745853,-0.03880858530739256,0.07749297437346886
motive_5,0.01781385106831726,0.04934161427610839,0.22092265931000143,0.3510245977237027,0.0,0.08558624091651383,0.36524156417961773,0.5450521472924179
motive_6,0.0259370272602841,0.11185813960605881,0.2349385565815888,0.29336233465745853,0.08558624091651383,0.0,-0.12260625918838416,-0.059825445336511886
motive_7,-0.010626475813370784,0.37470643886686567,0.5149944270520003,-0.03880858530739256,0.36524156417961773,-0.12260625918838416,0.0,0.3350653637258847
motive_8,-0.00019745284629760218,0.3412912658826574,0.06279196338017545,0.07749297437346886,0.5450521472924179,-0.059825445336511886,0.3350653637258847,0.0
