,motive_1,motive_2,motive_3,motive_4,motive_5,motive_6,motive_7,motive_8
satisfaction,0.28822485561515654,-0.061027568299918844,0.012319727729709254,-0.2162603934262244,0.18613297843819177,0.23375542943397706,-0.2267307231251072,0.11006801081709286
