,motive_1,motive_2,motive_3,motive_4,motive_5,motive_6,motive_7,motive_8
motive_1,0.0,0.1047364650496338,0.33686495064992705,0.4970334197318871,0.3478578681985872,0.3224320447831335,0.5444903923700963,0.40988265062171025
motive_2,0.1047364650496338,0.0,0.8611870370035781,0.3876342188247441,0.3806415634334902,0.3055854354472394,0.6453684754969735,0.4371598055357766
motive_3,0.33686495064992705,0.8611870370035781,0.0,0.39819767104318793,0.6031127235555294,0.5530932432672339,0.4030468333097481,0.5088953586149731
motive_4,0.4970334197318871,0.3876342188247441,0.39819767104318793,0.0,0.712046539604867,0.3019160451657365,0.17733816450975132,0.04402559486560606
motive_5,0.3478578681985872,0.3806415634334902,0.6031127235555294,0.712046539604867,0.0,0.6827702939603324,0.09789442165868888,0.38790466566476334
motive_6,0.3224320447831335,0.3055854354472394,0.5530932432672339,0.3019160451657365,0.6827702939603324,0.0,0.48063859621292204,0.016742084654228023
motive_7,0.5444903923700963,0.6453684754969735,0.4030468333097481,0.17733816450975132,0.09789442165868888,0.48063859621292204,0.0,0.2884911651856701
motive_8,0.40988265062171025,0.4371598055357766,0.5088953586149731,0.04402559486560606,0.38790466566476334,0.016742084654228023,0.2884911651856701,0.0
