,motive_1,motive_2,motive_3,motive_4,motive_5,motive_6,motive_7,motive_8
motive_1,0.0,0.005991171284666891,0.027195404952223376,0.10015098028016912,0.06287185266446556,0.13556337526660261,0.20281347537361977,0.044642374666504475
motive_2,0.005991171284666891,0.0,0.07138328181897008,0.14437134705514626,0.02557650522166007,0.15652687630866524,0.007588018562061184,0.07265949653185595
motive_3,0.027195404952223376,0.07138328181897008,0.0,0.20478723355228395,0.006991618788682458,0.06595221104919882,0.1021297878712738,0.13532491139105984
motive_4,0.10015098028016912,0.14437134705514626,0.20478723355228395,0.0,0.19748471041941582,0.14907544705263892,0.11060629177823472,0.08780419005672907
motive_5,0.06287185266446556,0.02557650522166007,0.006991618788682458,0.19748471041941582,0.0,0.04932806135618513,0.23069099057826956,0.04382130464227597
motive_6,0.13556337526660261,0.15652687630866524,0.06595221104919882,0.14907544705263892,0.04932806135618513,0.0,0.2518046796389545,0.1448588238727995
motive_7,0.20281347537361977,0.007588018562061184,0.1021297878712738,0.11060629177823472,0.23069099057826956,0.2518046796389545,0.0,0.1577112745441776
motive_8,0.044642374666504475,0.07265949653185595,0.13532491139105984,0.08780419005672907,0.04382130464227597,0.1448588238727995,0.1577112745441776,0.0
