,motive_1,motive_2,motive_3,motive_4,motive_5,motive_6,motive_7,motive_8
satisfaction,0.19713342571411727,-0.14863416251031417,-0.3033429071438368,-0.07579633023322063,0.2522894666146548,0.12087132635267483,0.34413086127434056,0.17187690326387295
