,motive_1,motive_2,motive_3,motive_4,motive_5,motive_6,motive_7,motive_8
satisfaction,0.22937991335513322,0.0318343081983431,0.02988638936986812,-0.0659425506966996,-0.24287825206518407,0.01732566907103142,0.2247980734467212,0.19913295829663125
