,motive_1,motive_2,motive_3,motive_4,motive_5,motive_6,motive_7,motive_8
motive_1,0.0,0.255826374204073,0.24488672110000106,0.3746112708557817,0.13405038257897808,0.267456968479176,0.22524563873246997,0.3432241700658102
motive_2,0.255826374204073,0.0,0.35372459377186943,-0.09365140588687781,0.26836776775027976,0.465865166670799,0.42453713829054496,0.20469211624452313
motive_3,0.24488672110000106,0.35372459377186943,0.0,0.41694053312776214,0.34954000551959197,0.3519069015646292,-0.0499916985431485,0.30293505935061443
motive_4,0.3746112708557817,-0.09365140588687781,0.41694053312776214,0.0,0.6764827869580183,1.0117149000471692,0.4295540863713915,0.3530964709343542
motive_5,0.13405038257897808,0.26836776775027976,0.34954000551959197,0.6764827869580183,0.0,0.0863134915285507,0.17898793399033547,0.8105813997905119
motive_6,0.267456968479176,0.465865166670799,0.3519069015646292,1.0117149000471692,0.0863134915285507,0.0,0.10716295319675964,0.037287791097696144
motive_7,0.22524563873246997,0.42453713829054496,-0.0499916985431485,0.4295540863713915,0.17898793399033547,0.10716295319675964,0.0,0.35318393279470295
motive_8,0.3432241700658102,0.20469211624452313,0.30293505935061443,0.3530964709343542,0.8105813997905119,0.037287791097696144,0.35318393279470295,0.0
