,motive_1,motive_2,motive_3,motive_4,motive_5,motive_6,motive_7,motive_8
motive_1,0.0,0.09728285454502872,0.15013405248608766,0.04500564800716719,0.04845084194896336,0.2083222915396812,0.13766462524581263,0.09115671057824828
motive_2,0.09728285454502872,0.0,-0.002182790127010413,0.17264121472309002,0.07878131634196725,0.046795451415987455,0.1375852979314121,0.1825005026588578
motive_3,0.15013405248608766,-0.002182790127010413,0.0,0.06867192702740438,0.20200720309167813,0.09253527576112369,0.18975855958092416,0.11719880302354524
motive_4,0.04500564800716719,0.17264121472309002,0.06867192702740438,0.0,0.09713328979480855,0.017404302343133442,0.12283635918060712,0.06688071187843733
motive_5,0.04845084194896336,0.07878131634196725,0.20200720309167813,0.09713328979480855,0.0,0.06805102915125563,0.14666482590408622,0.11434605667783292
motive_6,0.2083222915396812,0.046795451415987455,0.09253527576112369,0.017404302343133442,0.06805102915125563,0.0,0.08148084967837074,-0.03714795982315679
motive_7,0.13766462524581263,0.1375852979314121,0.18975855958092416,0.12283635918060712,0.14666482590408622,0.08148084967837074,0.0,0.10323712678983939
motive_8,0.09115671057824828,0.1825005026588578,0.11719880302354524,0.06688071187843733,0.11434605667783292,-0.03714795982315679,0.10323712678983939,0.0
