,motive_1,motive_2,motive_3,motive_4,motive_5,motive_6,motive_7,motive_8
satisfaction,0.04682494473704633,-0.013932289433052247,-0.07526830466354253,0.2623708539471865,0.3994113437998511,0.32304495714046255,0.23667846461239847,0.005526696552958524
