,motive_1,motive_2,motive_3,motive_4,motive_5,motive_6,motive_7,motive_8
motive_1,0.0,-0.07567139105453888,0.013338356133067462,0.07772580802687168,-0.01679278520700682,-0.014333766226737342,0.13617213969461953,0.0890969040330056
motive_2,-0.07567139105453888,0.0,-0.04141633295295562,-0.04622744599606044,-0.002958045129884769,0.1233560659517334,-0.07802593613364026,-0.0013819954375564464
motive_3,0.013338356133067462,-0.04141633295295562,0.0,-0.1340559952367203,-0.07833886514432431,0.0679599340604994,0.14788385353566125,-0.10234434844404919
motive_4,0.07772580802687168,-0.04622744599606044,-0.1340559952367203,0.0,0.04530217650331407,0.1194399579242204,0.05181446323750735,0.11984457665059942
motive_5,-0.01679278520700682,-0.002958045129884769,-0.07833886514432431,0.04530217650331407,0.0,0.06634309048195905,0.10699333142660955,0.021447704128651258
motive_6,-0.014333766226737342,0.1233560659517334,0.0679599340604994,0.1194399579242204,0.06634309048195905,0.0,0.010259810146445435,0.03101591628083222
motive_7,0.13617213969461953,-0.07802593613364026,0.14788385353566125,0.05181446323750735,0.10699333142660955,0.010259810146445435,0.0,0.06506734921763692
motive_8,0.0890969040330056,-0.0013819954375564464,-0.10234434844404919,0.11984457665059942,0.021447704128651258,0.03101591628083222,0.06506734921763692,0.0
