,motive_1,motive_2,motive_3,motive_4,motive_5,motive_6,motive_7,motive_8
motive_1,0.0,0.10898875545608695,0.087272877676666,0.12011755509880823,0.17744362060577007,0.11427197515583855,-0.1340431142294396,0.09913031636076135
motive_2,0.10898875545608695,0.0,0.01155988551251129,0.15133396458572865,0.06589493437678626,0.1070667555699749,0.1617093311695331,0.10678215727147833
motive_3,0.087272877676666,0.01155988551251129,0.0,0.24179887863228167,0.1447186842936874,-0.011841644485336963,0.018192377586502342,0.14963293810853387
motive_4,0.12011755509880823,0.15133396458572865,0.24179887863228167,0.0,-0.11447134870817627,0.06724571003171702,0.2449602569147806,0.11334928277951437
motive_5,0.17744362060577007,0.06589493437678626,0.1447186842936874,-0.11447134870817627,0.0,0.045749923988420524,0.0050672820453529915,0.07623639548712416
motive_6,0.11427197515583855,0.1070667555699749,-0.011841644485336963,0.06724571003171702,0.045749923988420524,0.0,0.05115761928338783,0.10618776421944481
motive_7,-0.1340431142294396,0.1617093311695331,0.018192377586502342,0.2449602569147806,0.0050672820453529915,0.05115761928338783,0.0,0.17561022687604877
motive_8,0.09913031636076135,0.10678215727147833,0.14963293810853387,0.11334928277951437,0.07623639548712416,0.10618776421944481,0.17561022687604877,0.0
