,motive_1,motive_2,motive_3,motive_4,motive_5,motive_6,motive_7,motive_8
satisfaction,-0.11214099447938969,-0.024083385321772413,0.11335489861971546,0.23373812181644094,0.1296654996126554,0.21378403557734593,0.48556418039583205,0.03617218514864877
