,motive_1,motive_2,motive_3,motive_4,motive_5,motive_6,motive_7,motive_8
motive_1,0.0,0.05328096315254065,-0.14501158739709596,0.04808923512819206,0.02349146289830749,-0.0558792158259868,-0.02698741089165077,-0.04310386437613416
motive_2,0.05328096315254065,0.0,-0.010019974197187788,-0.10440802155619226,-0.029435606341293347,0.03954969556102088,-0.04215265601829507,0.02838309479950859
motive_3,-0.14501158739709596,-0.010019974197187788,0.0,-0.018466487261063702,0.008905956174018858,-0.05494575986668385,0.10778837375737818,0.06304500932945549
motive_4,0.04808923512819206,-0.10440802155619226,-0.018466487261063702,0.0,0.030651063594052785,-0.033456098922557354,0.0671867991768486,0.16916528055468802
motive_5,0.02349146289830749,-0.029435606341293347,0.008905956174018858,0.030651063594052785,0.0,0.03702924314936668,-0.00423036249360393,-0.10478486969993664
motive_6,-0.0558792158259868,0.03954969556102088,-0.05494575986668385,-0.033456098922557354,0.03702924314936668,0.0,0.0020902936879832034,-0.04823337264786813
motive_7,-0.02698741089165077,-0.04215265601829507,0.10778837375737818,0.0671867991768486,-0.00423036249360393,0.0020902936879832034,0.0,-0.07052270415065243
motive_8,-0.04310386437613416,0.02838309479950859,0.06304500932945549,0.16916528055468802,-0.10478486969993664,-0.04823337264786813,-0.07052270415065243,0.0
