,motive_1,motive_2,motive_3,motive_4,motive_5,motive_6,motive_7,motive_8
motive_1,0.0,-0.8474708118533476,0.2073972053654347,-0.020901692904380167,-0.09604067105651831,0.21364247940487563,-0.08098702748030782,0.21555518721489897
motive_2,-0.8474708118533476,0.0,0.05445078275745385,0.5798064185928729,0.09065330239362268,0.5245716186460718,-0.044232386861587925,-0.38417471949020054
motive_3,0.2073972053654347,0.05445078275745385,0.0,1.0204392706811216,-0.4313666960733489,0.4458064163657809,0.18526122921783922,-0.039939431310129614
motive_4,-0.020901692904380167,0.5798064185928729,1.0204392706811216,0.0,0.4520019301790792,-0.41006980410047217,0.2240018199478823,-0.45145177292757527
motive_5,-0.09604067105651831,0.09065330239362268,-0.4313666960733489,0.4520019301790792,0.0,-0.08751471143366774,-0.7441779064125427,0.1442534556066618
motive_6,0.21364247940487563,0.5245716186460718,0.4458064163657809,-0.41006980410047217,-0.08751471143366774,0.0,-0.12278671627581528,0.3116866515327443
motive_7,-0.08098702748030782,-0.044232386861587925,0.18526122921783922,0.2240018199478823,-0.7441779064125427,-0.12278671627581528,0.0,0.23708150274879594
motive_8,0.21555518721489897,-0.38417471949020054,-0.039939431310129614,-0.45145177292757527,0.1442534556066618,0.3116866515327443,0.23708150274879594,0.0
