,motive_1,motive_2,motive_3,motive_4,motive_5,motive_6,motive_7,motive_8
motive_1,0.0,0.12245327716152926,0.2716668777701839,0.38135447394825683,0.06722959453178438,-0.07611563950897034,0.0903973663559626,0.2566750125713745
motive_2,0.12245327716152926,0.0,0.15332312036161738,0.1428831365366169,-0.024141022572318094,0.032127336423198094,0.035308176299488084,0.5074145520079992
motive_3,0.2716668777701839,0.15332312036161738,0.0,0.11164106098811753,0.066219323066143,0.17772678928409813,0.3006225435734236,0.06430395257223499
motive_4,0.38135447394825683,0.1428831365366169,0.11164106098811753,0.0,0.08676699443004333,0.44057677143734764,-0.014535793229294172,-0.030897809096616366
motive_5,0.06722959453178438,-0.024141022572318094,0.066219323066143,0.08676699443004333,0.0,0.3158581137781794,0.40156839872335287,-0.1562978458852009
motive_6,-0.07611563950897034,0.032127336423198094,0.17772678928409813,0.44057677143734764,0.3158581137781794,0.0,0.37081032339690695,0.33901163906648935
motive_7,0.0903973663559626,0.035308176299488084,0.3006225435734236,-0.014535793229294172,0.40156839872335287,0.37081032339690695,0.0,0.14277913362004094
motive_8,0.2566750125713745,0.5074145520079992,0.06430395257223499,-0.030897809096616366,-0.1562978458852009,0.33901163906648935,0.14277913362004094,0.0
