,motive_1,motive_2,motive_3,motive_4,motive_5,motive_6,motive_7,motive_8
motive_1,0.0,0.08166522514407892,0.07440529651603889,-0.01601674480346594,0.13284183641434721,0.14237809700360776,0.0738695338850612,0.06445399418172411
motive_2,0.08166522514407892,0.0,0.06893548857481685,0.02266622272308868,0.24297576995210315,0.15736410941047563,0.12110295455442585,0.06018869536725815
motive_3,0.07440529651603889,0.06893548857481685,0.0,0.08724440372883624,0.17277767822207935,-0.008411416495275215,0.11979100233130383,-0.027876791853846485
motive_4,-0.01601674480346594,0.02266622272308868,0.08724440372883624,0.0,0.17680829297243894,0.12690475646679017,0.0901816528511942,0.09957664500832748
motive_5,0.13284183641434721,0.24297576995210315,0.17277767822207935,0.17680829297243894,0.0,0.11426231110877075,0.017907037370889556,0.12330650870091342
motive_6,0.14237809700360776,0.15736410941047563,-0.008411416495275215,0.12690475646679017,0.11426231110877075,0.0,0.0633302162104252,0.10758621447951966
motive_7,0.0738695338850612,0.12110295455442585,0.11979100233130383,0.0901816528511942,0.017907037370889556,0.0633302162104252,0.0,0.17025027072505627
motive_8,0.06445399418172411,0.06018869536725815,-0.027876791853846485,0.09957664500832748,0.12330650870091342,0.10758621447951966,0.17025027072505627,0.0
