,motive_1,motive_2,motive_3,motive_4,motive_5,motive_6,motive_7,motive_8
motive_1,0.0,0.09321255758420718,0.09680836846969039,-0.01975950326927057,0.1248532645434997,0.05728708128933656,0.08420873350341229,0.02929912468842323
motive_2,0.09321255758420718,0.0,0.019062804394173828,0.08169956020813153,0.08535793841311029,0.17266061220373635,-0.07020235413081247,0.09340639364250981
motive_3,0.09680836846969039,0.019062804394173828,0.0,0.004134387736336093,0.12089362525056398,0.09594617369508363,0.18350384933937658,0.07552140156647809
motive_4,-0.01975950326927057,0.08169956020813153,0.004134387736336093,0.0,0.0322945113053117,0.11849508023493419,0.1823160220573044,0.1903261179432138
motive_5,0.1248532645434997,0.08535793841311029,0.12089362525056398,0.0322945113053117,0.0,0.030424325947567325,0.19339718259980726,0.06373142335490994
motive_6,0.05728708128933656,0.17266061220373635,0.09594617369508363,0.11849508023493419,0.030424325947567325,0.0,0.11433037748509045,0.005614216512143451
motive_7,0.08420873350341229,-0.07020235413081247,0.18350384933937658,0.1823160220573044,0.19339718259980726,0.11433037748509045,0.0,0.13264035995784274
motive_8,0.02929912468842323,0.09340639364250981,0.07552140156647809,0.1903261179432138,0.06373142335490994,0.005614216512143451,0.13264035995784274,0.0
