,motive_1,motive_2,motive_3,motive_4,motive_5,motive_6,motive_7,motive_8
motive_1,0.0,0.37786117508267025,0.08221294415210595,0.24711909254208658,-0.0012567457438704965,0.6563200131668032,0.18049556923609245,0.1444162735711465
motive_2,0.37786117508267025,0.0,-0.07403545735539238,0.292119235435241,0.14830756191399913,0.00048584760614650557,0.07724030919191283,0.1787467587575035
motive_3,0.08221294415210595,-0.07403545735539238,0.0,0.03334994192428932,0.26363784452231104,0.4515665618561328,0.2145737492468751,0.2882153608070977
motive_4,0.24711909254208658,0.292119235435241,0.03334994192428932,0.0,0.30763478894128915,0.3249959025835166,0.3577025656861478,0.0238113695409663
motive_5,-0.0012567457438704965,0.14830756191399913,0.26363784452231104,0.30763478894128915,0.0,-0.23633794757016616,0.3306581518418501,0.10365628896671569
motive_6,0.6563200131668032,0.00048584760614650557,0.4515665618561328,0.3249959025835166,-0.23633794757016616,0.0,0.06586661640776566,0.2725454985962935
motive_7,0.18049556923609245,0.07724030919191283,0.2145737492468751,0.3577025656861478,0.3306581518418501,0.06586661640776566,0.0,0.15425602083261847
motive_8,0.1444162735711465,0.1787467587575035,0.2882153608070977,0.0238113695409663,0.10365628896671569,0.2725454985962935,0.15425602083261847,0.0
