,motive_1,motive_2,motive_3,motive_4,motive_5,motive_6,motive_7,motive_8
satisfaction,0.11366703435152002,-0.232324386197811,0.2546487482640497,-0.28463638545889913,0.07993875162735199,0.1548699918309153,0.14885482697250585,0.2570999205221815
