,motive_1,motive_2,motive_3,motive_4,motive_5,motive_6,motive_7,motive_8
satisfaction,0.39112488758388075,0.42509973994069916,0.6790394652571482,0.6127027726398784,0.5392668219060284,-0.022514174770577794,0.09606774118528334,0.022355874825475686
