,motive_1,motive_2,motive_3,motive_4,motive_5,motive_6,motive_7,motive_8
motive_1,0.0,0.19451179756269932,0.0816644615698018,0.1301251034684015,0.023312688632522796,0.11269731220117413,0.0679753521302233,0.2265753450082609
motive_2,0.19451179756269932,0.0,0.07864721466285532,0.10477331645521083,0.15939942854333716,0.10694671099617006,0.20542579495641294,0.19193353587323575
motive_3,0.0816644615698018,0.07864721466285532,0.0,0.164102861958645,0.1125958676774779,0.08681659387408197,0.16730321633407952,0.12598625187411192
motive_4,0.1301251034684015,0.10477331645521083,0.164102861958645,0.0,-0.020058245026770907,0.09975525512673405,0.028654921003823566,-0.020055686822475945
motive_5,0.023312688632522796,0.15939942854333716,0.1125958676774779,-0.020058245026770907,0.0,0.15627481042711114,0.05563755778814766,0.010209432697586777
motive_6,0.11269731220117413,0.10694671099617006,0.08681659387408197,0.09975525512673405,0.15627481042711114,0.0,0.11554611734383846,0.048819471316757346
motive_7,0.0679753521302233,0.20542579495641294,0.16730321633407952,0.028654921003823566,0.05563755778814766,0.11554611734383846,0.0,0.11264376846440678
motive_8,0.2265753450082609,0.19193353587323575,0.12598625187411192,-0.020055686822475945,0.010209432697586777,0.048819471316757346,0.11264376846440678,0.0
