,motive_1,motive_2,motive_3,motive_4,motive_5,motive_6,motive_7,motive_8
motive_1,0.0,-0.002717145454971287,0.05013405248608765,-0.05499435199283281,-0.051549158051036645,0.1083222915396812,0.03766462524581262,-0.008843289421751718
motive_2,-0.002717145454971287,0.0,-0.10218279012701043,0.07264121472308999,-0.021218683658032752,-0.053204548584012544,0.03758529793141212,0.0825005026588578
motive_3,0.05013405248608765,-0.10218279012701043,0.0,-0.03132807297259564,0.1020072030916781,-0.007464724238876317,0.08975855958092417,0.01719880302354523
motive_4,-0.05499435199283281,0.07264121472308999,-0.03132807297259564,0.0,-0.002866710205191452,-0.08259569765686656,0.022836359180607117,-0.033119288121562666
motive_5,-0.051549158051036645,-0.021218683658032752,0.1020072030916781,-0.002866710205191452,0.0,-0.03194897084874437,0.046664825904086216,0.014346056677832907
motive_6,0.1083222915396812,-0.053204548584012544,-0.007464724238876317,-0.08259569765686656,-0.03194897084874437,0.0,-0.018519150321629277,-0.1371479598231568
motive_7,0.03766462524581262,0.03758529793141212,0.08975855958092417,0.022836359180607117,0.046664825904086216,-0.018519150321629277,0.0,0.0032371267898393744
motive_8,-0.008843289421751718,0.0825005026588578,0.01719880302354523,-0.033119288121562666,0.014346056677832907,-0.1371479598231568,0.0032371267898393744,0.0
