,motive_1,motive_2,motive_3,motive_4,motive_5,motive_6,motive_7,motive_8
satisfaction,0.36777971266153736,0.03957226759675567,0.066717827370681,-0.1632530346827597,0.5154460859637238,-0.1401731556984266,0.10128578094309146,0.29167212607735027
