,motive_1,motive_2,motive_3,motive_4,motive_5,motive_6,motive_7,motive_8
satisfaction,-0.3501673233286754,0.018014174857512888,0.008451002629643753,-0.36374054376692644,0.21049278258927073,0.019552082664735154,-0.2094973114175018,0.1953199732218996
