,motive_1,motive_2,motive_3,motive_4,motive_5,motive_6,motive_7,motive_8
motive_1,0.0,-0.15226312253473,-0.06813717984954669,0.03304643898290202,-0.059919534771395444,0.07563100097145867,-0.03435558871305806,0.022155655755093553
motive_2,-0.15226312253473,0.0,0.020984140536350938,-0.09967600561021435,0.014788111517399737,-0.0458102694031131,0.022702462855143678,-0.14557453260048941
motive_3,-0.06813717984954669,0.020984140536350938,0.0,-0.09769598157972129,0.03256174506195795,-0.029514915220799316,0.0632895193474428,0.08332348476631231
motive_4,0.03304643898290202,-0.09967600561021435,-0.09769598157972129,0.0,-0.009545800104263757,-0.04095470632804744,0.014107512791766114,-0.13985692538808606
motive_5,-0.059919534771395444,0.014788111517399737,0.03256174506195795,-0.009545800104263757,0.0,-0.0336779710234365,0.03009153053335545,-0.038685651929915396
motive_6,0.07563100097145867,-0.0458102694031131,-0.029514915220799316,-0.04095470632804744,-0.0336779710234365,0.0,-0.0792871332729235,-0.03658689505865671
motive_7,-0.03435558871305806,0.022702462855143678,0.0632895193474428,0.014107512791766114,0.03009153053335545,-0.0792871332729235,0.0,0.010947181660192602
motive_8,0.022155655755093553,-0.14557453260048941,0.08332348476631231,-0.13985692538808606,-0.038685651929915396,-0.03658689505865671,0.010947181660192602,0.0
