,motive_1,motive_2,motive_3,motive_4,motive_5,motive_6,motive_7,motive_8
satisfaction,0.17298772118563047,0.03747605909436283,0.3155455527325278,0.37069526693661853,0.04875087592484628,0.7568227909988314,0.17653984899651182,-0.1692784539537719
