,motive_1,motive_2,motive_3,motive_4,motive_5,motive_6,motive_7,motive_8
motive_1,0.0,0.09315196689126753,0.0004003338907871412,0.09095311356063686,0.07426558790321017,0.11849335169486408,0.05049377543193213,0.030269079735580233
motive_2,0.09315196689126753,0.0,0.07028492648137269,0.09041933520043746,0.06164497425187959,0.09037087939691438,0.10455375470423321,0.11243585930029262
motive_3,0.0004003338907871412,0.07028492648137269,0.0,0.10445688809777466,0.04204468149803913,0.060392268295363406,0.18565370984741697,0.1320149603046854
motive_4,0.09095311356063686,0.09041933520043746,0.10445688809777466,0.0,0.08720203103377674,0.1468698554264657,0.0477594884800464,0.07053656195929975
motive_5,0.07426558790321017,0.06164497425187959,0.04204468149803913,0.08720203103377674,0.0,0.05487266386215485,0.09138608657542246,0.07100990428416701
motive_6,0.11849335169486408,0.09037087939691438,0.060392268295363406,0.1468698554264657,0.05487266386215485,0.0,0.022757237192782043,-0.06245933970071248
motive_7,0.05049377543193213,0.10455375470423321,0.18565370984741697,0.0477594884800464,0.09138608657542246,0.022757237192782043,0.0,0.18346215097875831
motive_8,0.030269079735580233,0.11243585930029262,0.1320149603046854,0.07053656195929975,0.07100990428416701,-0.06245933970071248,0.18346215097875831,0.0
