,motive_1,motive_2,motive_3,motive_4,motive_5,motive_6,motive_7,motive_8
motive_1,0.0,0.15609240236105348,0.0949100060279163,0.1741830990662362,0.2267352393807619,-0.17400613738628462,0.47974560750471634,0.21166647694691032
motive_2,0.15609240236105348,0.0,0.28763742786854035,-0.21158028530079803,0.024856573173165968,0.009247502187012244,0.4626458828064285,0.174681622098429
motive_3,0.0949100060279163,0.28763742786854035,0.0,0.2689887482295761,-0.06577979620746104,0.2596348124133165,0.38026415608229347,0.3182122496234191
motive_4,0.1741830990662362,-0.21158028530079803,0.2689887482295761,0.0,0.15791709821826244,0.5334215101648898,0.043413410267175864,0.2732581456122126
motive_5,0.2267352393807619,0.024856573173165968,-0.06577979620746104,0.15791709821826244,0.0,0.24278351788896818,0.27759259686315957,0.19814693293710242
motive_6,-0.17400613738628462,0.009247502187012244,0.2596348124133165,0.5334215101648898,0.24278351788896818,0.0,0.17623591433818828,0.7029684937568195
motive_7,0.47974560750471634,0.4626458828064285,0.38026415608229347,0.043413410267175864,0.27759259686315957,0.17623591433818828,0.0,0.36493295174003093
motive_8,0.21166647694691032,0.174681622098429,0.3182122496234191,0.2732581456122126,0.19814693293710242,0.7029684937568195,0.36493295174003093,0.0
