,motive_1,motive_2,motive_3,motive_4,motive_5,motive_6,motive_7,motive_8
motive_1,0.0,-0.03243560945941655,0.06789028692211109,-0.006187232263187022,-0.053881687702312574,-0.08370167028752641,-0.02002531234975964,0.09112326014883605
motive_2,-0.03243560945941655,0.0,0.021054816859899024,-0.05946819403273097,0.003625130167257091,0.07839093945372773,-0.11017179080962847,0.042114400668705636
motive_3,0.06789028692211109,0.021054816859899024,0.0,-0.08595706268261398,-0.058519080017578926,0.02761006814944657,0.09616656115242625,-0.002559459079478469
motive_4,-0.006187232263187022,-0.05946819403273097,-0.08595706268261398,0.0,0.09877561846919403,-0.1413337042084865,-0.06547056957065346,-0.0617597145079951
motive_5,-0.053881687702312574,0.003625130167257091,-0.058519080017578926,0.09877561846919403,0.0,0.05913177596854572,-0.07913046272483805,-0.004326184929276895
motive_6,-0.08370167028752641,0.07839093945372773,0.02761006814944657,-0.1413337042084865,0.05913177596854572,0.0,-0.012438225476350873,0.1016471137033753
motive_7,-0.02002531234975964,-0.11017179080962847,0.09616656115242625,-0.06547056957065346,-0.07913046272483805,-0.012438225476350873,0.0,-0.04314612862490029
motive_8,0.09112326014883605,0.042114400668705636,-0.002559459079478469,-0.0617597145079951,-0.004326184929276895,0.1016471137033753,-0.04314612862490029,0.0
