,motive_1,motive_2,motive_3,motive_4,motive_5,motive_6,motive_7,motive_8
motive_1,0.0,0.04078813000228776,0.30663444060999184,0.17848861389452494,0.6253110989504341,-0.14283542317633963,0.30820434827073767,0.45685687343329817
motive_2,0.04078813000228776,0.0,0.08812770950609188,-0.08745331662164471,0.22460264417904274,-0.08385693151988613,-0.3659188695600701,0.10485636836280283
motive_3,0.30663444060999184,0.08812770950609188,0.0,0.20910933286942668,0.12291143715439223,0.17974955649910648,-0.06999873290036818,0.1988475230318334
motive_4,0.17848861389452494,-0.08745331662164471,0.20910933286942668,0.0,0.45562793130791535,0.058757824332976466,0.2479657158220576,0.4078153046247445
motive_5,0.6253110989504341,0.22460264417904274,0.12291143715439223,0.45562793130791535,0.0,-0.0030102270022027006,0.48441599317565376,0.31066206066230917
motive_6,-0.14283542317633963,-0.08385693151988613,0.17974955649910648,0.058757824332976466,-0.0030102270022027006,0.0,0.4279544589742852,0.3094224150128515
motive_7,0.30820434827073767,-0.3659188695600701,-0.06999873290036818,0.2479657158220576,0.48441599317565376,0.4279544589742852,0.0,0.47870389497246846
motive_8,0.45685687343329817,0.10485636836280283,0.1988475230318334,0.4078153046247445,0.31066206066230917,0.3094224150128515,0.47870389497246846,0.0
