,motive_1,motive_2,motive_3,motive_4,motive_5,motive_6,motive_7,motive_8
motive_1,0.0,-0.07629273515058665,0.0760434338497383,-0.18806950800986402,0.3177611296407841,0.6531042544611362,0.21828438079617946,-0.09373278192001155
motive_2,-0.07629273515058665,0.0,-0.6561907511471847,1.2151763310819435,-0.38102038498032825,0.3397364489811649,0.5349965904497263,-0.2937084038154606
motive_3,0.0760434338497383,-0.6561907511471847,0.0,0.44912935501401435,0.06287972618741536,0.7302800027660199,0.5904295508569678,-0.40953748095096904
motive_4,-0.18806950800986402,1.2151763310819435,0.44912935501401435,0.0,0.3213466561998046,0.4131175086643005,-0.07237374147711062,-0.17722909433012862
motive_5,0.3177611296407841,-0.38102038498032825,0.06287972618741536,0.3213466561998046,0.0,0.6797878944760115,0.05352530834032147,0.734135847775351
motive_6,0.6531042544611362,0.3397364489811649,0.7302800027660199,0.4131175086643005,0.6797878944760115,0.0,0.3166371318237403,0.21341774034022598
motive_7,0.21828438079617946,0.5349965904497263,0.5904295508569678,-0.07237374147711062,0.05352530834032147,0.3166371318237403,0.0,-0.11995076070488292
motive_8,-0.09373278192001155,-0.2937084038154606,-0.40953748095096904,-0.17722909433012862,0.734135847775351,0.21341774034022598,-0.11995076070488292,0.0
