,motive_1,motive_2,motive_3,motive_4,motive_5,motive_6,motive_7,motive_8
satisfaction,0.5681596691362332,0.5027980042209867,0.2293400143317153,-0.029730402641596626,-0.06060819034759396,-0.00034417481553158935,0.3132863270054708,0.34284778356981116
