,motive_1,motive_2,motive_3,motive_4,motive_5,motive_6,motive_7,motive_8
motive_1,0.0,0.6663976784459631,0.1911934097646375,-0.5228462471426776,0.5995718182605276,-0.11751594719959363,0.4844572409453812,-0.6209956510061652
motive_2,0.6663976784459631,0.0,0.12247346685515399,0.7412620596789032,0.3293453616285049,0.27194210121961715,0.39534698968854204,0.3382910610557852
motive_3,0.1911934097646375,0.12247346685515399,0.0,0.23652039568078437,0.17491057866327067,0.44530875613125387,-0.19490792989416378,0.5654603429207952
motive_4,-0.5228462471426776,0.7412620596789032,0.23652039568078437,0.0,0.48789986957584897,0.30945868662003995,0.05927217336649089,-0.09652657670856757
motive_5,0.5995718182605276,0.3293453616285049,0.17491057866327067,0.48789986957584897,0.0,0.33347586989293254,-0.46397738414949463,-0.06641636321778835
motive_6,-0.11751594719959363,0.27194210121961715,0.44530875613125387,0.30945868662003995,0.33347586989293254,0.0,0.6495827189513428,-0.13071023125782016
motive_7,0.4844572409453812,0.39534698968854204,-0.19490792989416378,0.05927217336649089,-0.46397738414949463,0.6495827189513428,0.0,0.4420061216331769
motive_8,-0.6209956510061652,0.3382910610557852,0.5654603429207952,-0.09652657670856757,-0.06641636321778835,-0.13071023125782016,0.4420061216331769,0.0
