,motive_1,motive_2,motive_3,motive_4,motive_5,motive_6,motive_7,motive_8
satisfaction,0.4595809135591497,0.2776303987386232,0.33753785453876234,-0.2998484825175073,0.1496395658631141,0.570655293255392,-0.1488656813391247,0.15063888917441928
