,motive_1,motive_2,motive_3,motive_4,motive_5,motive_6,motive_7,motive_8
motive_1,0.0,-0.13923874700066297,0.3310516570777316,0.48414188073241604,-0.08035416736823071,0.05104502122534754,0.15174666381262072,0.1936808411839709
motive_2,-0.13923874700066297,0.0,0.38593929492144513,0.4007784374457513,0.39863553266486657,0.6422841919354035,0.5373735618309243,0.07843919760647827
motive_3,0.3310516570777316,0.38593929492144513,0.0,0.3553624629333841,0.08295545674968377,0.3548460420674054,0.0776767057993884,0.1588478176519862
motive_4,0.48414188073241604,0.4007784374457513,0.3553624629333841,0.0,0.04576211358396329,0.7553949939127473,0.36709254477529885,0.13093548025200757
motive_5,-0.08035416736823071,0.39863553266486657,0.08295545674968377,0.04576211358396329,0.0,0.414766652181364,0.2279234275511059,-0.0814437646746717
motive_6,0.05104502122534754,0.6422841919354035,0.3548460420674054,0.7553949939127473,0.414766652181364,0.0,0.252869144446229,0.4657055611682182
motive_7,0.15174666381262072,0.5373735618309243,0.0776767057993884,0.36709254477529885,0.2279234275511059,0.252869144446229,0.0,-0.14479344257975946
motive_8,0.1936808411839709,0.07843919760647827,0.1588478176519862,0.13093548025200757,-0.0814437646746717,0.4657055611682182,-0.14479344257975946,0.0
