,motive_1,motive_2,motive_3,motive_4,motive_5,motive_6,motive_7,motive_8
motive_1,0.0,0.1754099448082685,0.1148286916542087,0.13595998148845814,0.07990032628029747,0.22725558237247923,0.03696258978195975,0.028048513117449228
motive_2,0.1754099448082685,0.0,0.10128422387982004,0.14443211746899287,0.12498521104374205,0.1115657506242499,0.13415054979957408,0.14858387416751448
motive_3,0.1148286916542087,0.10128422387982004,0.0,0.06636904172526595,0.13254226904005725,0.12465323585086566,0.1672079228347691,0.011064632650804145
motive_4,0.13595998148845814,0.14443211746899287,0.06636904172526595,0.0,0.15277979834366212,0.14129616247626753,0.11450331501121795,0.14565283785032013
motive_5,0.07990032628029747,0.12498521104374205,0.13254226904005725,0.15277979834366212,0.0,0.21951738263323115,0.09325782406522984,0.014833535958657398
motive_6,0.22725558237247923,0.1115657506242499,0.12465323585086566,0.14129616247626753,0.21951738263323115,0.0,0.1335934385392873,0.1021493785841712
motive_7,0.03696258978195975,0.13415054979957408,0.1672079228347691,0.11450331501121795,0.09325782406522984,0.1335934385392873,0.0,0.16698922799457144
motive_8,0.028048513117449228,0.14858387416751448,0.011064632650804145,0.14565283785032013,0.014833535958657398,0.1021493785841712,0.16698922799457144,0.0
