,motive_1,motive_2,motive_3,motive_4,motive_5,motive_6,motive_7,motive_8
motive_1,0.0,0.1327837208799602,0.10400878669101427,0.12934834049898578,0.11659265444583225,0.07717241314495105,0.1407250058932323,0.04462948670782086
motive_2,0.1327837208799602,0.0,0.19721495000669267,0.06738701510622105,0.1379500511721559,0.17589504071980794,0.0828635235184081,0.1986352903844551
motive_3,0.10400878669101427,0.19721495000669267,0.0,0.026903438543670333,0.07693314773974946,0.19752080018267443,0.14899982067177875,0.18250683954816638
motive_4,0.12934834049898578,0.06738701510622105,0.026903438543670333,0.0,0.13985592658747903,0.156319861846158,0.1027829166954661,0.1822418009934384
motive_5,0.11659265444583225,0.1379500511721559,0.07693314773974946,0.13985592658747903,0.0,0.06658103722714975,0.09570500954445348,0.11759194888297156
motive_6,0.07717241314495105,0.17589504071980794,0.19752080018267443,0.156319861846158,0.06658103722714975,0.0,0.18161057847909007,0.10992048002220478
motive_7,0.1407250058932323,0.0828635235184081,0.14899982067177875,0.1027829166954661,0.09570500954445348,0.18161057847909007,0.0,0.05635295697209373
motive_8,0.04462948670782086,0.1986352903844551,0.18250683954816638,0.1822418009934384,0.11759194888297156,0.10992048002220478,0.05635295697209373,0.0
