,motive_1,motive_2,motive_3,motive_4,motive_5,motive_6,motive_7,motive_8
satisfaction,-0.07545631298142147,0.0806461009706708,0.028062595187443237,-0.1289313202090818,0.04368996041235517,0.1310016835901306,-0.148641799986701,0.15687097333209674
