,motive_1,motive_2,motive_3,motive_4,motive_5,motive_6,motive_7,motive_8
motive_1,0.0,-0.016478777057406156,0.03953033195805834,0.15933459001075234,0.004410212483802231,0.08037633052110195,0.09467036504619868,0.06396075890400821
motive_2,-0.016478777057406156,0.0,0.1303350304176349,0.07011856855394914,0.16157164707585647,0.19703707247691626,0.09951125699355663,0.1073808314712898
motive_3,0.03953033195805834,0.1303350304176349,0.0,0.10235911914265007,0.157748274054138,0.11943694178450776,0.05798841102712034,0.03983425735655156
motive_4,0.15933459001075234,0.07011856855394914,0.10235911914265007,0.0,0.18167812164910357,0.15400766860617196,0.05777897476264349,0.2407692899020128
motive_5,0.004410212483802231,0.16157164707585647,0.157748274054138,0.18167812164910357,0.0,0.14374706669335313,0.1022856332186553,0.09288162548158853
motive_6,0.08037633052110195,0.19703707247691626,0.11943694178450776,0.15400766860617196,0.14374706669335313,0.0,0.1288610161730223,0.10231365807427911
motive_7,0.09467036504619868,0.09951125699355663,0.05798841102712034,0.05777897476264349,0.1022856332186553,0.1288610161730223,0.0,0.00644665523281239
motive_8,0.06396075890400821,0.1073808314712898,0.03983425735655156,0.2407692899020128,0.09288162548158853,0.10231365807427911,0.00644665523281239,0.0
