,motive_1,motive_2,motive_3,motive_4,motive_5,motive_6,motive_7,motive_8
motive_1,0.0,0.37773028232915085,0.29161988144925394,0.36694883955155844,0.25202552241502574,0.5003089738184266,0.14853231299769165,0.6150883171669101
motive_2,0.37773028232915085,0.0,0.46206115659444486,0.29692580509671285,0.5093553302748267,0.6868404682433638,0.20814034514499324,0.4202183039511308
motive_3,0.29161988144925394,0.46206115659444486,0.0,0.7152619986464228,0.44396179357362237,0.1820140670575898,0.3848955287171213,0.3768178629393697
motive_4,0.36694883955155844,0.29692580509671285,0.7152619986464228,0.0,0.4652711455023111,0.5071758120735561,0.6196279106090834,0.18730209485988336
motive_5,0.25202552241502574,0.5093553302748267,0.44396179357362237,0.4652711455023111,0.0,0.06330602112718825,0.2183641128218647,0.37628447688116773
motive_6,0.5003089738184266,0.6868404682433638,0.1820140670575898,0.5071758120735561,0.06330602112718825,0.0,0.463228188376825,0.6649114572710366
motive_7,0.14853231299769165,0.20814034514499324,0.3848955287171213,0.6196279106090834,0.2183641128218647,0.463228188376825,0.0,0.15010826135146954
motive_8,0.6150883171669101,0.4202183039511308,0.3768178629393697,0.18730209485988336,0.37628447688116773,0.6649114572710366,0.15010826135146954,0.0
