,motive_1,motive_2,motive_3,motive_4,motive_5,motive_6,motive_7,motive_8
satisfaction,0.08638811652290183,0.16365223194988396,0.0893413663591046,-0.16442255848749948,0.12912782760450864,0.5784762568047968,0.10135171952993376,0.208652951871821
