,motive_1,motive_2,motive_3,motive_4,motive_5,motive_6,motive_7,motive_8
motive_1,0.0,0.04415465307296448,-0.051627298821634485,0.06116317281610503,0.3322784280145019,0.08767832118818555,0.2934954995154418,0.5119482888549454
motive_2,0.04415465307296448,0.0,0.2508576156743999,0.1488573105901212,0.03877164358204338,0.04880427505937575,0.28647588080715153,0.18737600430879578
motive_3,-0.051627298821634485,0.2508576156743999,0.0,-0.020112429320569863,-0.0027662871539802236,0.328887423739851,0.5546026497612095,0.10207851186727308
motive_4,0.06116317281610503,0.1488573105901212,-0.020112429320569863,0.0,0.2587940046216415,0.3988700162651326,0.3629470314302198,0.22545242533182386
motive_5,0.3322784280145019,0.03877164358204338,-0.0027662871539802236,0.2587940046216415,0.0,-0.04567607279361256,-0.17683765709220006,0.31074829157975026
motive_6,0.08767832118818555,0.04880427505937575,0.328887423739851,0.3988700162651326,-0.04567607279361256,0.0,-0.17867675396229937,0.2560970010503521
motive_7,0.2934954995154418,0.28647588080715153,0.5546026497612095,0.3629470314302198,-0.17683765709220006,-0.17867675396229937,0.0,0.6015828889708346
motive_8,0.5119482888549454,0.18737600430879578,0.10207851186727308,0.22545242533182386,0.31074829157975026,0.2560970010503521,0.6015828889708346,0.0
