,motive_1,motive_2,motive_3,motive_4,motive_5,motive_6,motive_7,motive_8
satisfaction,0.21096352561770745,0.1359514614683979,-0.09825005693687669,0.09797366261230346,-0.0072252331773167144,0.2467706943256769,0.26792927372803693,-0.04050597707848291
