,motive_1,motive_2,motive_3,motive_4,motive_5,motive_6,motive_7,motive_8
motive_1,0.0,-0.03748896523806535,-0.005588347129891396,0.013444510478869943,-0.11168046403249451,0.04069944828388955,-0.04831202924340122,-0.02227667844891429
motive_2,-0.03748896523806535,0.0,0.045426265675661215,-0.0009843411005232838,-0.0863054687668961,0.0891735885966921,-0.030020855420152176,0.04132981123128992
motive_3,-0.005588347129891396,0.045426265675661215,0.0,0.042250063616181395,0.017701559332766705,0.09250133213850986,0.0013810255528784732,-0.015153531907436832
motive_4,0.013444510478869943,-0.0009843411005232838,0.042250063616181395,0.0,-0.07804993428796811,-0.06912873036739274,0.04405470682334503,-0.06575244394302746
motive_5,-0.11168046403249451,-0.0863054687668961,0.017701559332766705,-0.07804993428796811,0.0,-0.07220184051001925,-0.03619336859084716,-0.006382422798611089
motive_6,0.04069944828388955,0.0891735885966921,0.09250133213850986,-0.06912873036739274,-0.07220184051001925,0.0,0.0700749574558768,0.0688300556213957
motive_7,-0.04831202924340122,-0.030020855420152176,0.0013810255528784732,0.04405470682334503,-0.03619336859084716,0.0700749574558768,0.0,0.02934320624285651
motive_8,-0.02227667844891429,0.04132981123128992,-0.015153531907436832,-0.06575244394302746,-0.006382422798611089,0.0688300556213957,0.02934320624285651,0.0
