,motive_1,motive_2,motive_3,motive_4,motive_5,motive_6,motive_7,motive_8
satisfaction,0.14553756420370229,-0.4025233467339142,0.6405425011937241,0.21673011615269402,0.16775634971842224,0.23780028165363715,0.44006973509168323,0.011746551501099795
