,motive_1,motive_2,motive_3,motive_4,motive_5,motive_6,motive_7,motive_8
motive_1,0.0,-0.0016667314764202343,0.10013790762716086,-0.13497176712654413,-0.04038306311378022,-0.14891863861732044,-0.022807301325087737,0.12876742838952188
motive_2,-0.0016667314764202343,0.0,0.08438824486650395,0.10916003420676167,9.80254845140173e-05,0.027616687405327283,0.07375533466145226,0.0010509792771375478
motive_3,0.10013790762716086,0.08438824486650395,0.0,-0.1281275703669554,-8.649536989374651e-05,0.018421523864020184,-0.08651911421464345,-0.032208371814819586
motive_4,-0.13497176712654413,0.10916003420676167,-0.1281275703669554,0.0,0.06478580115391573,-0.03634319352295703,-0.12439864410875773,0.03078720500883926
motive_5,-0.04038306311378022,9.80254845140173e-05,-8.649536989374651e-05,0.06478580115391573,0.0,0.06286369073276642,-0.032778469018327025,0.15580829118369377
motive_6,-0.14891863861732044,0.027616687405327283,0.018421523864020184,-0.03634319352295703,0.06286369073276642,0.0,0.0018400289565328404,-0.05776877427526154
motive_7,-0.022807301325087737,0.07375533466145226,-0.08651911421464345,-0.12439864410875773,-0.032778469018327025,0.0018400289565328404,0.0,-0.13902122435918637
motive_8,0.12876742838952188,0.0010509792771375478,-0.032208371814819586,0.03078720500883926,0.15580829118369377,-0.05776877427526154,-0.13902122435918637,0.0
