,motive_1,motive_2,motive_3,motive_4,motive_5,motive_6,motive_7,motive_8
satisfaction,0.1657325272887044,-0.24530813516621036,-0.07531324035634707,-0.22180903381381611,-0.005830284871949587,0.37109962708288213,0.20599507148559454,0.31179125895136806
