,motive_1,motive_2,motive_3,motive_4,motive_5,motive_6,motive_7,motive_8
satisfaction,-0.06307161766282707,0.6261799923098261,0.26117754275261096,0.2326954827292469,0.38202857878036434,-0.04718648630715691,0.4910250959444027,0.23542584799620803
