,motive_1,motive_2,motive_3,motive_4,motive_5,motive_6,motive_7,motive_8
motive_1,0.0,0.6370177650343273,-0.49845818890019755,-0.14164404910243092,-0.18457198851389206,0.22138453003978786,-0.3063316472614031,0.45768594228301285
motive_2,0.6370177650343273,0.0,0.4182375263644053,0.34388741092887176,-0.4465005283891404,-0.657117138481321,-0.10892697841209151,-0.09614630069125613
motive_3,-0.49845818890019755,0.4182375263644053,0.0,-0.4319519346912677,-0.44211480115616286,-0.5649854359486364,0.3660628264604403,-0.9954433931380005
motive_4,-0.14164404910243092,0.34388741092887176,-0.4319519346912677,0.0,0.6594165064566964,-0.011023545723008031,-0.4133292673335716,0.021025046367716904
motive_5,-0.18457198851389206,-0.4465005283891404,-0.44211480115616286,0.6594165064566964,0.0,0.30251147284255847,-0.4789095158750686,0.6704675537636782
motive_6,0.22138453003978786,-0.657117138481321,-0.5649854359486364,-0.011023545723008031,0.30251147284255847,0.0,0.7424689850096149,0.5470187976961725
motive_7,-0.3063316472614031,-0.10892697841209151,0.3660628264604403,-0.4133292673335716,-0.4789095158750686,0.7424689850096149,0.0,0.665570216860024
motive_8,0.45768594228301285,-0.09614630069125613,-0.9954433931380005,0.021025046367716904,0.6704675537636782,0.5470187976961725,0.665570216860024,0.0
