,motive_1,motive_2,motive_3,motive_4,motive_5,motive_6,motive_7,motive_8
motive_1,0.0,0.5301122888188311,0.23257276320371612,0.5024815161247662,0.6089210490804484,0.8538414921157451,0.05269638669820545,0.20208326274578775
motive_2,0.5301122888188311,0.0,0.5336752907791122,0.8095108844601635,0.27103651268141693,0.4130436988570321,0.6691221949832311,0.27374390041706814
motive_3,0.23257276320371612,0.5336752907791122,0.0,0.7017769495040131,0.2726876257656947,0.31643879215304815,0.021655473551628973,0.4949777808601098
motive_4,0.5024815161247662,0.8095108844601635,0.7017769495040131,0.0,0.416160807479222,0.6743528124072748,0.10433114562495724,0.11956213800810317
motive_5,0.6089210490804484,0.27103651268141693,0.2726876257656947,0.416160807479222,0.0,0.13974937714323116,0.19793476038519925,0.21115524135451852
motive_6,0.8538414921157451,0.4130436988570321,0.31643879215304815,0.6743528124072748,0.13974937714323116,0.0,0.3966984263987643,0.4659029955905436
motive_7,0.05269638669820545,0.6691221949832311,0.021655473551628973,0.10433114562495724,0.19793476038519925,0.3966984263987643,0.0,0.8961556513816145
motive_8,0.20208326274578775,0.27374390041706814,0.4949777808601098,0.11956213800810317,0.21115524135451852,0.4659029955905436,0.8961556513816145,0.0
