,motive_1,motive_2,motive_3,motive_4,motive_5,motive_6,motive_7,motive_8
satisfaction,0.46584349858118074,0.1827475550087966,0.32553807403380525,-0.13370409544262518,0.0962646915372369,0.41998993589230804,0.08299543623549974,0.6720249947942043
