,motive_1,motive_2,motive_3,motive_4,motive_5,motive_6,motive_7,motive_8
motive_1,0.0,0.05706408835111819,0.09490288890643567,0.11403825176915103,0.2064310287988645,0.11571415227245357,0.17343888742887772,0.09250768019074555
motive_2,0.05706408835111819,0.0,0.11737227636615509,0.040829197669946346,0.08167911624086673,0.04699917924392774,0.15613312230625664,0.1412768632406667
motive_3,0.09490288890643567,0.11737227636615509,0.0,0.011787710017641492,0.12475256370565709,0.1287040659829162,-0.09301181882012347,0.08494148314896537
motive_4,0.11403825176915103,0.040829197669946346,0.011787710017641492,0.0,0.15065308712271888,0.17487753909612527,0.11973489039553385,0.1116571890377394
motive_5,0.2064310287988645,0.08167911624086673,0.12475256370565709,0.15065308712271888,0.0,0.10687003636618798,0.09390474745067627,0.036030449230822284
motive_6,0.11571415227245357,0.04699917924392774,0.1287040659829162,0.17487753909612527,0.10687003636618798,0.0,0.09927088362681544,0.098101393431495
motive_7,0.17343888742887772,0.15613312230625664,-0.09301181882012347,0.11973489039553385,0.09390474745067627,0.09927088362681544,0.0,0.0810815443923536
motive_8,0.09250768019074555,0.1412768632406667,0.08494148314896537,0.1116571890377394,0.036030449230822284,0.098101393431495,0.0810815443923536,0.0
