,motive_1,motive_2,motive_3,motive_4,motive_5,motive_6,motive_7,motive_8
motive_1,0.0,0.1510343896470003,0.12665109900563448,0.09512598249964722,-0.0026010488616628052,0.034760814028530915,0.14733214179309317,0.16941643570108783
motive_2,0.1510343896470003,0.0,0.20693986022247943,0.017626407367219807,0.2137930951476369,0.00391734435715714,0.08376521674651405,-0.04221311303092751
motive_3,0.12665109900563448,0.20693986022247943,0.0,0.06457133743065566,0.1799016209802733,0.08483986584291849,0.0890253024543763,0.18634605644049373
motive_4,0.09512598249964722,0.017626407367219807,0.06457133743065566,0.0,0.12202432194969098,-0.014836389147740423,0.0504169461010352,0.21770811896349462
motive_5,-0.0026010488616628052,0.2137930951476369,0.1799016209802733,0.12202432194969098,0.0,0.18609501283736185,0.01121288725124701,-0.0012439110960270963
motive_6,0.034760814028530915,0.00391734435715714,0.08483986584291849,-0.014836389147740423,0.18609501283736185,0.0,0.254333621392613,0.14724379646122682
motive_7,0.14733214179309317,0.08376521674651405,0.0890253024543763,0.0504169461010352,0.01121288725124701,0.254333621392613,0.0,0.12181341098864987
motive_8,0.16941643570108783,-0.04221311303092751,0.18634605644049373,0.21770811896349462,-0.0012439110960270963,0.14724379646122682,0.12181341098864987,0.0
