,motive_1,motive_2,motive_3,motive_4,motive_5,motive_6,motive_7,motive_8
satisfaction,0.08199181412375363,-0.008349293937091454,0.17703036848835188,0.21379684462441237,-0.0008327493834358324,0.47121519399922096,0.08435989933100788,-0.1461856359691813
