,motive_1,motive_2,motive_3,motive_4,motive_5,motive_6,motive_7,motive_8
motive_1,0.0,-0.31004248298854437,0.31494765104405753,0.8243950665140144,0.12818381885023755,0.26815158806569783,-0.006114228310023784,0.24240604730795168
motive_2,-0.31004248298854437,0.0,1.0397184311547725,0.19521995580213286,0.17677452241369562,0.5090760257585005,0.07942639367897814,-0.07615474387822045
motive_3,0.31494765104405753,1.0397184311547725,0.0,0.17820469608477918,-0.6651771459375143,-0.25390311489531486,0.06644589444067622,0.045862867158079634
motive_4,0.8243950665140144,0.19521995580213286,0.17820469608477918,0.0,0.34681701635976503,0.24002063869773113,-0.022135088656951407,0.060888223590266535
motive_5,0.12818381885023755,0.17677452241369562,-0.6651771459375143,0.34681701635976503,0.0,0.3333672306299506,0.9711440478549098,0.5816332042834407
motive_6,0.26815158806569783,0.5090760257585005,-0.25390311489531486,0.24002063869773113,0.3333672306299506,0.0,-0.0031171367906356884,-0.03928538000195064
motive_7,-0.006114228310023784,0.07942639367897814,0.06644589444067622,-0.022135088656951407,0.9711440478549098,-0.0031171367906356884,0.0,0.016922499873704533
motive_8,0.24240604730795168,-0.07615474387822045,0.045862867158079634,0.060888223590266535,0.5816332042834407,-0.03928538000195064,0.016922499873704533,0.0
