,motive_1,motive_2,motive_3,motive_4,motive_5,motive_6,motive_7,motive_8
motive_1,0.0,0.25045604763841156,0.5972034650836014,0.511965186044987,-0.08722262399060343,0.28713533659695467,0.48882491799348765,0.29850844172317026
motive_2,0.25045604763841156,0.0,0.19071953661237706,0.2332561835154981,0.18246024668633123,0.7618184408552968,0.7213398586807738,0.39380893807330775
motive_3,0.5972034650836014,0.19071953661237706,0.0,0.5089000129781083,0.7758210247938162,0.511265212402384,0.297277818290795,0.12573405952169503
motive_4,0.511965186044987,0.2332561835154981,0.5089000129781083,0.0,0.020417412322294798,0.4773646427370531,0.46465615010878814,0.11748979952293828
motive_5,-0.08722262399060343,0.18246024668633123,0.7758210247938162,0.020417412322294798,0.0,0.6553828365909216,0.4881374114267838,0.21383143298638607
motive_6,0.28713533659695467,0.7618184408552968,0.511265212402384,0.4773646427370531,0.6553828365909216,0.0,0.40580669009978465,0.11256005977952793
motive_7,0.48882491799348765,0.7213398586807738,0.297277818290795,0.46465615010878814,0.4881374114267838,0.40580669009978465,0.0,0.2725325669115688
motive_8,0.29850844172317026,0.39380893807330775,0.12573405952169503,0.11748979952293828,0.21383143298638607,0.11256005977952793,0.2725325669115688,0.0
