,motive_1,motive_2,motive_3,motive_4,motive_5,motive_6,motive_7,motive_8
motive_1,0.0,0.03198209770170733,-0.04285440057457614,0.11974828929493976,0.02726802679034028,0.10201977420340663,0.21827044416770722,0.15278634529810953
motive_2,0.03198209770170733,0.0,0.10920545162844017,0.14796165111281226,0.11927828864374312,0.1195028040684552,0.09366767976253018,0.05706806159691853
motive_3,-0.04285440057457614,0.10920545162844017,0.0,0.1334218622198862,0.11581090627887829,0.13012257967749438,0.11266383878182787,0.08475339677892461
motive_4,0.11974828929493976,0.14796165111281226,0.1334218622198862,0.0,0.07892455955199626,0.030891797806103335,0.1376571048844059,0.17292136198497848
motive_5,0.02726802679034028,0.11927828864374312,0.11581090627887829,0.07892455955199626,0.0,0.15434979325063056,0.09700434793793955,0.02256932511358648
motive_6,0.10201977420340663,0.1195028040684552,0.13012257967749438,0.030891797806103335,0.15434979325063056,0.0,0.10139292710301437,0.03100038335522584
motive_7,0.21827044416770722,0.09366767976253018,0.11266383878182787,0.1376571048844059,0.09700434793793955,0.10139292710301437,0.0,0.17753273421408938
motive_8,0.15278634529810953,0.05706806159691853,0.08475339677892461,0.17292136198497848,0.02256932511358648,0.03100038335522584,0.17753273421408938,0.0
