,motive_1,motive_2,motive_3,motive_4,motive_5,motive_6,motive_7,motive_8
motive_1,0.0,0.3957356468577661,0.10989935596546277,0.3284546342430008,0.2844661152832658,0.045943489282365274,0.1140902419767075,0.3022565825435615
motive_2,0.3957356468577661,0.0,0.48208848375238245,0.3246474563818138,0.31822350885961087,0.5405329435187375,0.7376636341623275,0.3050874999430636
motive_3,0.10989935596546277,0.48208848375238245,0.0,0.5666653975885582,0.3475370856132429,0.39107649944747636,0.32018444892242487,0.42944695457844617
motive_4,0.3284546342430008,0.3246474563818138,0.5666653975885582,0.0,0.4588073891637613,0.5353024536969759,0.22596982976644228,0.3568552579592112
motive_5,0.2844661152832658,0.31822350885961087,0.3475370856132429,0.4588073891637613,0.0,0.4754868413741111,0.34175526687099694,-0.057257851896656886
motive_6,0.045943489282365274,0.5405329435187375,0.39107649944747636,0.5353024536969759,0.4754868413741111,0.0,0.5957339029065746,0.7110425994107569
motive_7,0.1140902419767075,0.7376636341623275,0.32018444892242487,0.22596982976644228,0.34175526687099694,0.5957339029065746,0.0,0.5973415666507385
motive_8,0.3022565825435615,0.3050874999430636,0.42944695457844617,0.3568552579592112,-0.057257851896656886,0.7110425994107569,0.5973415666507385,0.0
