,motive_1,motive_2,motive_3,motive_4,motive_5,motive_6,motive_7,motive_8
motive_1,0.0,-0.30786749563784727,0.654756680812658,0.7942408397027232,0.04085153674279965,-0.34760913142648786,0.10906328370616566,1.1484218600128875
motive_2,-0.30786749563784727,0.0,-0.4442199359091728,0.1962845952829393,0.0427416927493649,0.2984956940881118,0.520098441323025,-0.7999284617215247
motive_3,0.654756680812658,-0.4442199359091728,0.0,-0.014131341401052433,0.014589785112188336,0.03215511074894771,0.10028853147776723,-0.014342617817078351
motive_4,0.7942408397027232,0.1962845952829393,-0.014131341401052433,0.0,0.7716153103977024,0.0068159516194023495,0.02391148961329137,-1.005985542143528
motive_5,0.04085153674279965,0.0427416927493649,0.014589785112188336,0.7716153103977024,0.0,-0.17363364309241502,0.9349296180195441,-0.2608522611371911
motive_6,-0.34760913142648786,0.2984956940881118,0.03215511074894771,0.0068159516194023495,-0.17363364309241502,0.0,-0.3759136404363058,-0.8695430006795649
motive_7,0.10906328370616566,0.520098441323025,0.10028853147776723,0.02391148961329137,0.9349296180195441,-0.3759136404363058,0.0,-0.028850711931468077
motive_8,1.1484218600128875,-0.7999284617215247,-0.014342617817078351,-1.005985542143528,-0.2608522611371911,-0.8695430006795649,-0.028850711931468077,0.0
