,motive_1,motive_2,motive_3,motive_4,motive_5,motive_6,motive_7,motive_8
motive_1,0.0,0.008174604562673743,-0.05943350672104432,0.0081649264633651,0.077009909500477,0.10806811887504775,-0.02799227743924374,0.02333560460213876
motive_2,0.008174604562673743,0.0,0.05952333436921565,0.002495346279451416,0.12431150283325768,0.1351668141707606,0.07734029220038557,0.016493617467151042
motive_3,-0.05943350672104432,0.05952333436921565,0.0,0.024584079148722297,-0.0691887506158376,-0.04883914543425047,-0.09758226685654466,0.02705945267745396
motive_4,0.0081649264633651,0.002495346279451416,0.024584079148722297,0.0,-0.001755017303881442,0.1252860482656199,0.022080873390597642,0.1444211581236656
motive_5,0.077009909500477,0.12431150283325768,-0.0691887506158376,-0.001755017303881442,0.0,-0.05965148492347448,-0.024456289992404647,-0.04804932357581897
motive_6,0.10806811887504775,0.1351668141707606,-0.04883914543425047,0.1252860482656199,-0.05965148492347448,0.0,0.007265057278462283,0.029637712110172538
motive_7,-0.02799227743924374,0.07734029220038557,-0.09758226685654466,0.022080873390597642,-0.024456289992404647,0.007265057278462283,0.0,-0.11267390946952237
motive_8,0.02333560460213876,0.016493617467151042,0.02705945267745396,0.1444211581236656,-0.04804932357581897,0.029637712110172538,-0.11267390946952237,0.0
