,motive_1,motive_2,motive_3,motive_4,motive_5,motive_6,motive_7,motive_8
motive_1,0.0,-0.17628603890699923,0.5005806311165909,0.15745065526590485,-0.08451261288352074,0.4038322114927645,0.43614157926903235,0.28780219877050295
motive_2,-0.17628603890699923,0.0,-0.3584381129609596,0.36372210179075,0.3461337541535854,0.36949706288538675,0.5232139041480985,0.3372959146447483
motive_3,0.5005806311165909,-0.3584381129609596,0.0,0.3399300617147408,0.424860644297305,0.11023680645403465,0.47148779040883937,0.13113788026727652
motive_4,0.15745065526590485,0.36372210179075,0.3399300617147408,0.0,0.08416669319528816,0.13179662002123962,0.4226740917502827,0.33957365551475893
motive_5,-0.08451261288352074,0.3461337541535854,0.424860644297305,0.08416669319528816,0.0,-0.20369330685847295,0.3340511678117542,0.2373384140315472
motive_6,0.4038322114927645,0.36949706288538675,0.11023680645403465,0.13179662002123962,-0.20369330685847295,0.0,0.3695741634177214,0.21678587032812552
motive_7,0.43614157926903235,0.5232139041480985,0.47148779040883937,0.4226740917502827,0.3340511678117542,0.3695741634177214,0.0,-0.07866725389495398
motive_8,0.28780219877050295,0.3372959146447483,0.13113788026727652,0.33957365551475893,0.2373384140315472,0.21678587032812552,-0.07866725389495398,0.0
