,motive_1,motive_2,motive_3,motive_4,motive_5,motive_6,motive_7,motive_8
satisfaction,-0.014706062410448986,0.41880094155348613,-0.07653139312500784,0.02334229905698787,0.06807877805578469,-0.12471923084536338,0.475146589821666,-0.14146110093219258
