,motive_1,motive_2,motive_3,motive_4,motive_5,motive_6,motive_7,motive_8
motive_1,0.0,0.12701705414393571,0.12960768461052802,8.461592517984215e-05,0.009203785129306849,0.13313459097710148,0.16101706222129913,0.1510139270179217
motive_2,0.12701705414393571,0.0,0.17587172774707868,0.08789014665069085,0.14456337585474463,0.14988905874968775,-0.005620895416539623,0.002681218314129888
motive_3,0.12960768461052802,0.17587172774707868,0.0,0.05438094238991242,0.03836244490941161,0.16221937138122253,0.019793395269469105,0.1298860801868395
motive_4,8.461592517984215e-05,0.08789014665069085,0.05438094238991242,0.0,0.3038369463206785,0.17392609546088597,0.07713662110873667,0.09498400616132184
motive_5,0.009203785129306849,0.14456337585474463,0.03836244490941161,0.3038369463206785,0.0,0.09054598591688726,0.13936274694942974,0.0008618372438059935
motive_6,0.13313459097710148,0.14988905874968775,0.16221937138122253,0.17392609546088597,0.09054598591688726,0.0,0.15568011116412017,0.06430029442056012
motive_7,0.16101706222129913,-0.005620895416539623,0.019793395269469105,0.07713662110873667,0.13936274694942974,0.15568011116412017,0.0,0.18662281171772166
motive_8,0.1510139270179217,0.002681218314129888,0.1298860801868395,0.09498400616132184,0.0008618372438059935,0.06430029442056012,0.18662281171772166,0.0
