,motive_1,motive_2,motive_3,motive_4,motive_5,motive_6,motive_7,motive_8
satisfaction,0.39406987003269983,0.09775146229751466,0.09482958405480219,-0.0489138260450494,-0.314317378097776,0.07598850360654713,0.38719711017008174,0.3486994374449468
