,motive_1,motive_2,motive_3,motive_4,motive_5,motive_6,motive_7,motive_8
motive_1,0.0,0.09833326852357976,0.20013790762716088,-0.034971767126544116,0.05961693688621979,-0.04891863861732043,0.07719269867491227,0.22876742838952188
motive_2,0.09833326852357976,0.0,0.18438824486650396,0.20916003420676166,0.10009802548451402,0.12761668740532728,0.17375533466145227,0.10105097927713755
motive_3,0.20013790762716088,0.18438824486650396,0.0,-0.028127570366955394,0.09991350463010626,0.11842152386402019,0.013480885785356556,0.06779162818518042
motive_4,-0.034971767126544116,0.20916003420676166,-0.028127570366955394,0.0,0.16478580115391572,0.06365680647704297,-0.024398644108757715,0.13078720500883928
motive_5,0.05961693688621979,0.10009802548451402,0.09991350463010626,0.16478580115391572,0.0,0.1628636907327664,0.06722153098167298,0.2558082911836938
motive_6,-0.04891863861732043,0.12761668740532728,0.11842152386402019,0.06365680647704297,0.1628636907327664,0.0,0.10184002895653285,0.04223122572473847
motive_7,0.07719269867491227,0.17375533466145227,0.013480885785356556,-0.024398644108757715,0.06722153098167298,0.10184002895653285,0.0,-0.03902122435918637
motive_8,0.22876742838952188,0.10105097927713755,0.06779162818518042,0.13078720500883928,0.2558082911836938,0.04223122572473847,-0.03902122435918637,0.0
