,motive_1,motive_2,motive_3,motive_4,motive_5,motive_6,motive_7,motive_8
motive_1,0.0,0.11023439616750745,0.00434654827184653,0.05416387138276639,-0.26437229786336547,-0.2481259454794318,-0.3212529516267416,-0.30039490569259525
motive_2,0.11023439616750745,0.0,0.519885989173128,-0.3509949163116725,-0.20131677144778326,-0.07628372078788243,0.4494128777337313,0.3825825317653148
motive_3,0.00434654827184653,0.519885989173128,0.0,-0.24569053539699448,0.14184531862000285,0.16987711316317755,0.7299888541040007,-0.1744160732396491
motive_4,0.05416387138276639,-0.3509949163116725,-0.24569053539699448,0.0,0.4020491954474054,0.2867246693149171,-0.37761717061478517,-0.14501405125306233
motive_5,-0.26437229786336547,-0.20131677144778326,0.14184531862000285,0.4020491954474054,0.0,-0.12882751816697235,0.43048312835923547,0.790104294584836
motive_6,-0.2481259454794318,-0.07628372078788243,0.16987711316317755,0.2867246693149171,-0.12882751816697235,0.0,-0.5452125183767684,-0.4196508906730238
motive_7,-0.3212529516267416,0.4494128777337313,0.7299888541040007,-0.37761717061478517,0.43048312835923547,-0.5452125183767684,0.0,0.3701307274517694
motive_8,-0.30039490569259525,0.3825825317653148,-0.1744160732396491,-0.14501405125306233,0.790104294584836,-0.4196508906730238,0.3701307274517694,0.0
