,motive_1,motive_2,motive_3,motive_4,motive_5,motive_6,motive_7,motive_8
motive_1,0.0,0.12587515853478862,0.11717962890802623,0.13861123192824082,0.23976367128389003,0.14712420686111147,0.18150260575450655,0.046200617048577385
motive_2,0.12587515853478862,0.0,0.11341026567283977,0.05816841041535581,0.06227403964955453,-0.007762283333865853,0.21196191817030915,0.1977522272833738
motive_3,0.11717962890802623,0.11341026567283977,0.0,0.09547849837656291,0.07678290148312966,0.17577035192390467,0.16677232347862073,0.07732277118096947
motive_4,0.13861123192824082,0.05816841041535581,0.09547849837656291,0.0,0.15896941871002257,0.058070037778838866,0.13080499516153646,0.17780792703870624
motive_5,0.23976367128389003,0.06227403964955453,0.07678290148312966,0.15896941871002257,0.0,0.1753065293393869,0.11284405736209696,0.07925218448275287
motive_6,0.14712420686111147,-0.007762283333865853,0.17577035192390467,0.058070037778838866,0.1753065293393869,0.0,0.038690964122515076,0.09963374241341545
motive_7,0.18150260575450655,0.21196191817030915,0.16677232347862073,0.13080499516153646,0.11284405736209696,0.038690964122515076,0.0,0.13158868347338742
motive_8,0.046200617048577385,0.1977522272833738,0.07732277118096947,0.17780792703870624,0.07925218448275287,0.09963374241341545,0.13158868347338742,0.0
