,motive_1,motive_2,motive_3,motive_4,motive_5,motive_6,motive_7,motive_8
satisfaction,0.2727175851834011,0.2527320350950285,-0.015195881320470422,0.05977047282549337,-0.2243939815245993,0.062218303436951346,0.6454321650652316,0.36761197745884366
