,motive_1,motive_2,motive_3,motive_4,motive_5,motive_6,motive_7,motive_8
motive_1,0.0,0.18697351824814212,0.1781949542339667,0.10814271510451555,0.0013507547425393729,0.07798854212582668,0.14753377088205755,-0.01727569983069918
motive_2,0.18697351824814212,0.0,0.07563211215122792,0.09401746287424342,0.1314515293589383,0.17225054373373766,0.13635877363263513,0.08641555922636941
motive_3,0.1781949542339667,0.07563211215122792,0.0,0.05641155424558293,0.10423267978470169,0.12405122598039049,0.1400516348445931,0.14216939653250246
motive_4,0.10814271510451555,0.09401746287424342,0.05641155424558293,0.0,0.04734311079433839,0.2775492687501118,0.1199480535597593,0.12146594274430926
motive_5,0.0013507547425393729,0.1314515293589383,0.10423267978470169,0.04734311079433839,0.0,0.1428715895582111,0.0001685104726954073,0.20675238048216743
motive_6,0.07798854212582668,0.17225054373373766,0.12405122598039049,0.2775492687501118,0.1428715895582111,0.0,-0.012928072919641778,0.07230254703149644
motive_7,0.14753377088205755,0.13635877363263513,0.1400516348445931,0.1199480535597593,0.0001685104726954073,-0.012928072919641778,0.0,-0.04927532044945222
motive_8,-0.01727569983069918,0.08641555922636941,0.14216939653250246,0.12146594274430926,0.20675238048216743,0.07230254703149644,-0.04927532044945222,0.0
