,motive_1,motive_2,motive_3,motive_4,motive_5,motive_6,motive_7,motive_8
satisfaction,-0.08062968908455523,0.02596975697309338,0.5593953620864934,0.015655085629101256,0.03381948526771862,0.4199409800848636,0.027335196684164814,-0.3165320952656445
