,motive_1,motive_2,motive_3,motive_4,motive_5,motive_6,motive_7,motive_8
motive_1,0.0,0.03445898764404983,0.0642335683835792,0.0989124967087585,0.10806466987267074,0.1224085435921399,0.17505999941289957,0.07458630963450996
motive_2,0.03445898764404983,0.0,0.014578325816873454,0.11134070365399146,0.013327336488478475,0.16025431479192254,0.15956666595242916,0.05546782081751049
motive_3,0.0642335683835792,0.014578325816873454,0.0,0.07992956805489068,0.10085857799848123,0.038090945644221705,0.1573948893765018,0.09955396024871255
motive_4,0.0989124967087585,0.11134070365399146,0.07992956805489068,0.0,0.046870415919965845,0.20319483063512928,0.06109951698547837,0.2185554876192007
motive_5,0.10806466987267074,0.013327336488478475,0.10085857799848123,0.046870415919965845,0.0,0.07540069029844013,0.08410424278826437,0.23029344171096322
motive_6,0.1224085435921399,0.16025431479192254,0.038090945644221705,0.20319483063512928,0.07540069029844013,0.0,0.09311781110141382,0.1083402474588531
motive_7,0.17505999941289957,0.15956666595242916,0.1573948893765018,0.06109951698547837,0.08410424278826437,0.09311781110141382,0.0,0.15665234592705626
motive_8,0.07458630963450996,0.05546782081751049,0.09955396024871255,0.2185554876192007,0.23029344171096322,0.1083402474588531,0.15665234592705626,0.0
