,motive_1,motive_2,motive_3,motive_4,motive_5,motive_6,motive_7,motive_8
motive_1,0.0,-0.11885760151605065,-0.09559808212624099,-0.09993807752016938,0.05931732223315947,0.02189231337574216,0.002995905903054947,-0.008163678268991875
motive_2,-0.11885760151605065,0.0,0.08556584551733128,0.033094919769995484,-0.046872605910938406,-0.07015632551678765,0.1525287569402919,-0.029929114381684236
motive_3,-0.09559808212624099,0.08556584551733128,0.0,-0.03074011298404733,0.07835279327290884,-0.045243505775244997,-0.0817908531901,0.06322330087442687
motive_4,-0.09993807752016938,0.033094919769995484,-0.03074011298404733,0.0,0.10871884662991628,-0.08562010792449334,-0.015581720551547948,0.04898619775198225
motive_5,0.05931732223315947,-0.046872605910938406,0.07835279327290884,0.10871884662991628,0.0,0.0906037630109252,-0.003097489148562102,0.015839487254183417
motive_6,0.02189231337574216,-0.07015632551678765,-0.045243505775244997,-0.08562010792449334,0.0906037630109252,0.0,0.01200749067737946,-0.104043050388614
motive_7,0.002995905903054947,0.1525287569402919,-0.0817908531901,-0.015581720551547948,-0.003097489148562102,0.01200749067737946,0.0,-0.020273068205331243
motive_8,-0.008163678268991875,-0.029929114381684236,0.06322330087442687,0.04898619775198225,0.015839487254183417,-0.104043050388614,-0.020273068205331243,0.0
