,motive_1,motive_2,motive_3,motive_4,motive_5,motive_6,motive_7,motive_8
satisfaction,-0.058849637208737704,-0.13586789848338277,-0.24519138261967352,-0.0077746675465469595,0.004272950204841169,0.38591747859159475,-0.03766963911822441,0.10586361987460216
