,motive_1,motive_2,motive_3,motive_4,motive_5,motive_6,motive_7,motive_8
satisfaction,0.0929106087616985,0.1792386968278526,-0.12495077454401393,0.11486536789990992,0.38582531656189767,0.07296383712809684,-0.1583836024851107,-0.0656466151109287
