,motive_1,motive_2,motive_3,motive_4,motive_5,motive_6,motive_7,motive_8
motive_1,0.0,0.14930412600181883,-0.05641912593245333,0.06728662344237762,0.19701503349278135,0.14992977178598044,0.06229898843979388,0.010428294527636425
motive_2,0.14930412600181883,0.0,0.07915560411603342,0.12754356238497122,-0.024032444822509477,0.06189657770003448,0.022179411085784136,0.1280922477522662
motive_3,-0.05641912593245333,0.07915560411603342,0.0,0.0417242557200521,0.1537722210138851,0.09527969782423257,0.03028503514116116,0.13234529908388032
motive_4,0.06728662344237762,0.12754356238497122,0.0417242557200521,0.0,0.1488040406297549,-0.030944026212078708,0.015236009270169076,0.06865225496381513
motive_5,0.19701503349278135,-0.024032444822509477,0.1537722210138851,0.1488040406297549,0.0,0.03356728344779447,0.06109258584801813,0.23174572496656407
motive_6,0.14992977178598044,0.06189657770003448,0.09527969782423257,-0.030944026212078708,0.03356728344779447,0.0,0.06562556707852488,0.22412409930636287
motive_7,0.06229898843979388,0.022179411085784136,0.03028503514116116,0.015236009270169076,0.06109258584801813,0.06562556707852488,0.0,0.028718262852494507
motive_8,0.010428294527636425,0.1280922477522662,0.13234529908388032,0.06865225496381513,0.23174572496656407,0.22412409930636287,0.028718262852494507,0.0
