,motive_1,motive_2,motive_3,motive_4,motive_5,motive_6,motive_7,motive_8
satisfaction,0.24795893723588427,-0.08873617489695812,0.6247288657094279,0.5363310185473336,-0.034273454627370414,0.1527837289526386,0.1309364640454485,0.3340749981838457
