,motive_1,motive_2,motive_3,motive_4,motive_5,motive_6,motive_7,motive_8
motive_1,0.0,-0.29324607413570103,-0.11459858969852485,0.09347498025255092,0.1483880192360244,0.23445126155283944,0.5503599964773975,-0.0524821421929402
motive_2,-0.29324607413570103,0.0,-0.41253004509875923,0.16804422192394874,-0.42003598106912915,0.46152588875153516,0.4573999957145749,-0.16719307509493708
motive_3,-0.11459858969852485,-0.41253004509875923,0.0,-0.020422591670655965,0.10515146799088737,-0.27145432613466974,0.44436933625901076,0.09732376149227522
motive_4,0.09347498025255092,0.16804422192394874,-0.020422591670655965,0.0,-0.21877750448020494,0.7191689838107757,-0.1334028980871298,0.8113329257152043
motive_5,0.1483880192360244,-0.42003598106912915,0.10515146799088737,-0.21877750448020494,0.0,-0.04759585820935924,0.004625456729586155,0.8817606502657793
motive_6,0.23445126155283944,0.46152588875153516,-0.27145432613466974,0.7191689838107757,-0.04759585820935924,0.0,0.058706866608482844,0.1500414847531185
motive_7,0.5503599964773975,0.4573999957145749,0.44436933625901076,-0.1334028980871298,0.004625456729586155,0.058706866608482844,0.0,0.4399140755623376
motive_8,-0.0524821421929402,-0.16719307509493708,0.09732376149227522,0.8113329257152043,0.8817606502657793,0.1500414847531185,0.4399140755623376,0.0
