,motive_1,motive_2,motive_3,motive_4,motive_5,motive_6,motive_7,motive_8
motive_1,0.0,0.21605855461041415,0.5751956659536603,0.575599092134386,0.24508884883911952,0.6454905112076408,0.4118281482563595,0.2996070632084872
motive_2,0.21605855461041415,0.0,0.5612505158168835,0.3792491893858579,0.7701199439246664,0.45146043721817153,0.4425433772903038,0.09866583163526728
motive_3,0.5751956659536603,0.5612505158168835,0.0,0.5329471282685707,0.37683500898519184,0.3186418171176625,1.1456819372682885,0.45037543558127746
motive_4,0.575599092134386,0.3792491893858579,0.5329471282685707,0.0,0.4806399356606037,0.6657337384502426,0.48209635299439846,0.5352415727728741
motive_5,0.24508884883911952,0.7701199439246664,0.37683500898519184,0.4806399356606037,0.0,0.5382310505574317,0.3020561717612983,0.470159143548504
motive_6,0.6454905112076408,0.45146043721817153,0.3186418171176625,0.6657337384502426,0.5382310505574317,0.0,0.4866282397035486,-0.04735657397193421
motive_7,0.4118281482563595,0.4425433772903038,1.1456819372682885,0.48209635299439846,0.3020561717612983,0.4866282397035486,0.0,0.3043153813708385
motive_8,0.2996070632084872,0.09866583163526728,0.45037543558127746,0.5352415727728741,0.470159143548504,-0.04735657397193421,0.3043153813708385,0.0
