,motive_1,motive_2,motive_3,motive_4,motive_5,motive_6,motive_7,motive_8
satisfaction,-0.1676107299069019,0.11168988737048315,0.1876438739449394,0.25166503034083687,0.34822240643195923,0.5578622987401471,0.3621135298047946,0.39678090439112323
