,motive_1,motive_2,motive_3,motive_4,motive_5,motive_6,motive_7,motive_8
motive_1,0.0,-0.228978477463062,-0.2905566441208395,0.168263572728579,0.9366375082227751,0.17286781001860463,0.13704732922177779,0.508301268655085
motive_2,-0.228978477463062,0.0,-0.34310456569863795,-0.269723727174289,0.7738115282698681,0.3601463740186536,-0.36106283689414237,-0.7917017162688684
motive_3,-0.2905566441208395,-0.34310456569863795,0.0,-0.3213140593175186,-0.09041277441666606,-0.09867716929980802,0.596612303225885,0.3146116460035333
motive_4,0.168263572728579,-0.269723727174289,-0.3213140593175186,0.0,-0.11340475481532164,-0.2900633562478312,-0.2094173067885255,-0.6423211229071659
motive_5,0.9366375082227751,0.7738115282698681,-0.09041277441666606,-0.11340475481532164,0.0,-0.029888692039933162,0.10302053511987877,0.1886516511293234
motive_6,0.17286781001860463,0.3601463740186536,-0.09867716929980802,-0.2900633562478312,-0.029888692039933162,0.0,0.7215027448352457,-0.3629697618560164
motive_7,0.13704732922177779,-0.36106283689414237,0.596612303225885,-0.2094173067885255,0.10302053511987877,0.7215027448352457,0.0,-0.32344579289167524
motive_8,0.508301268655085,-0.7917017162688684,0.3146116460035333,-0.6423211229071659,0.1886516511293234,-0.3629697618560164,-0.32344579289167524,0.0
