,motive_1,motive_2,motive_3,motive_4,motive_5,motive_6,motive_7,motive_8
motive_1,0.0,0.006748885971959216,0.012613612950418823,-0.10116193683840319,-0.009702997666597208,-0.02784409047555655,-0.111037012759903,0.07622521552595193
motive_2,0.006748885971959216,0.0,0.034419720157440534,-0.02011201278407529,0.01545729467213721,-0.03355770152844952,-0.12456518875655727,-0.09812706813399694
motive_3,0.012613612950418823,0.034419720157440534,0.0,0.002441236321000892,0.059230366692086776,-0.024099820219903575,0.06629271152132851,0.07035890261777875
motive_4,-0.10116193683840319,-0.02011201278407529,0.002441236321000892,0.0,-0.005721075694382611,-0.02410580922404118,0.024559596985634632,-0.00505704810051669
motive_5,-0.009702997666597208,0.01545729467213721,0.059230366692086776,-0.005721075694382611,0.0,0.12351647882658198,-0.022957585375276243,-0.014093786189448468
motive_6,-0.02784409047555655,-0.03355770152844952,-0.024099820219903575,-0.02410580922404118,0.12351647882658198,0.0,0.037558496180876394,0.07143815722842507
motive_7,-0.111037012759903,-0.12456518875655727,0.06629271152132851,0.024559596985634632,-0.022957585375276243,0.037558496180876394,0.0,-0.033499873920697615
motive_8,0.07622521552595193,-0.09812706813399694,0.07035890261777875,-0.00505704810051669,-0.014093786189448468,0.07143815722842507,-0.033499873920697615,0.0
