,motive_1,motive_2,motive_3,motive_4,motive_5,motive_6,motive_7,motive_8
motive_1,0.0,0.24317338099089184,0.014196045147391784,0.08598732761695443,-0.0050444258351718535,0.02221994522179513,0.28034108843227634,0.10938214216635289
motive_2,0.24317338099089184,0.0,0.16040415010351733,-0.10496782064061665,0.16137716086577703,-0.06382568942137437,0.11186171365755626,0.13138612409526595
motive_3,0.014196045147391784,0.16040415010351733,0.0,0.016444590864298073,0.7225079738827442,0.19008315011836274,0.14550792367725138,0.16722389672709365
motive_4,0.08598732761695443,-0.10496782064061665,0.016444590864298073,0.0,0.1154218062584191,0.1582959903020857,0.3474866143979801,0.14054569283484344
motive_5,-0.0050444258351718535,0.16137716086577703,0.7225079738827442,0.1154218062584191,0.0,0.0842249616191646,0.21846026135323218,-0.0015216459479530792
motive_6,0.02221994522179513,-0.06382568942137437,0.19008315011836274,0.1582959903020857,0.0842249616191646,0.0,0.04204557226075725,0.1723776041580682
motive_7,0.28034108843227634,0.11186171365755626,0.14550792367725138,0.3474866143979801,0.21846026135323218,0.04204557226075725,0.0,-0.35025051350797193
motive_8,0.10938214216635289,0.13138612409526595,0.16722389672709365,0.14054569283484344,-0.0015216459479530792,0.1723776041580682,-0.35025051350797193,0.0
