,motive_1,motive_2,motive_3,motive_4,motive_5,motive_6,motive_7,motive_8
motive_1,0.0,0.7869201789433754,0.35449971916118916,0.2512962799706791,0.2952927009391283,0.2805203519589125,0.22899074500378525,0.16642852376626266
motive_2,0.7869201789433754,0.0,0.07900111474097227,0.28521257855256543,0.43764215768894077,0.4696106432899445,0.658410752129369,0.24703633247097592
motive_3,0.35449971916118916,0.07900111474097227,0.0,0.1549330220760241,0.4194470640431418,0.5596679385875036,0.41488714223426526,0.2482402696380039
motive_4,0.2512962799706791,0.28521257855256543,0.1549330220760241,0.0,0.715020598596326,0.3312858006118883,0.462665294014531,0.41990406982641726
motive_5,0.2952927009391283,0.43764215768894077,0.4194470640431418,0.715020598596326,0.0,0.5524304173633039,0.22093745380332838,0.49022262164733177
motive_6,0.2805203519589125,0.4696106432899445,0.5596679385875036,0.3312858006118883,0.5524304173633039,0.0,-0.26339092759240557,0.8118285706423322
motive_7,0.22899074500378525,0.658410752129369,0.41488714223426526,0.462665294014531,0.22093745380332838,-0.26339092759240557,0.0,0.3498108185737762
motive_8,0.16642852376626266,0.24703633247097592,0.2482402696380039,0.41990406982641726,0.49022262164733177,0.8118285706423322,0.3498108185737762,0.0
