,motive_1,motive_2,motive_3,motive_4,motive_5,motive_6,motive_7,motive_8
motive_1,0.0,0.4486021220720047,0.24070899857927516,-0.10479639386654302,0.634093564109429,0.06471023140950105,0.4283667682784484,0.037606865836980405
motive_2,0.4486021220720047,0.0,0.03340258012919643,0.3076513122887138,-0.11409685094495456,0.4167007759890192,0.02785103962293553,0.40829316484851186
motive_3,0.24070899857927516,0.03340258012919643,0.0,0.26695518171639865,0.6797946745356047,0.23281108917110033,-0.15889135566933354,0.1286116569975377
motive_4,-0.10479639386654302,0.3076513122887138,0.26695518171639865,0.0,0.22736800711714383,0.436504079939264,0.3334306820126325,0.3802116917131865
motive_5,0.634093564109429,-0.11409685094495456,0.6797946745356047,0.22736800711714383,0.0,0.2939290277276885,0.46984632062749787,0.019653243467379178
motive_6,0.06471023140950105,0.4167007759890192,0.23281108917110033,0.436504079939264,0.2939290277276885,0.0,0.23989416006620218,0.09662893837015883
motive_7,0.4283667682784484,0.02785103962293553,-0.15889135566933354,0.3334306820126325,0.46984632062749787,0.23989416006620218,0.0,-0.04151946270151084
motive_8,0.037606865836980405,0.40829316484851186,0.1286116569975377,0.3802116917131865,0.019653243467379178,0.09662893837015883,-0.04151946270151084,0.0
