,motive_1,motive_2,motive_3,motive_4,motive_5,motive_6,motive_7,motive_8
motive_1,0.0,0.20337696293214952,0.2927007051507376,0.39673749012627546,0.42419400961801224,0.46722563077641976,0.6251799982386987,0.3237589289035299
motive_2,0.20337696293214952,0.0,0.14373497745062042,0.43402211096197435,0.13998200946543546,0.5807629443757676,0.5786999978572874,0.2664034624525315
motive_3,0.2927007051507376,0.14373497745062042,0.0,0.33978870416467205,0.4025757339954438,0.21427283693266516,0.5721846681295054,0.3986618807461376
motive_4,0.39673749012627546,0.43402211096197435,0.33978870416467205,0.0,0.24061124775989756,0.7095844919053879,0.28329855095643514,0.7556664628576022
motive_5,0.42419400961801224,0.13998200946543546,0.4025757339954438,0.24061124775989756,0.0,0.3262020708953204,0.3523127283647931,0.7908803251328897
motive_6,0.46722563077641976,0.5807629443757676,0.21427283693266516,0.7095844919053879,0.3262020708953204,0.0,0.3793534333042414,0.4250207423765593
motive_7,0.6251799982386987,0.5786999978572874,0.5721846681295054,0.28329855095643514,0.3523127283647931,0.3793534333042414,0.0,0.5699570377811688
motive_8,0.3237589289035299,0.2664034624525315,0.3986618807461376,0.7556664628576022,0.7908803251328897,0.4250207423765593,0.5699570377811688,0.0
