,motive_1,motive_2,motive_3,motive_4,motive_5,motive_6,motive_7,motive_8
motive_1,0.0,0.029721538967882412,-0.031107570674921963,0.15117072596692402,-0.02427389481315726,-0.03117042320370903,0.03598133185887313,0.05311948825833103
motive_2,0.029721538967882412,0.0,-0.13096372567138503,-0.0487757339286328,0.0025049388606208298,-0.08597524994700309,-0.036922402720608365,0.03047886494654889
motive_3,-0.031107570674921963,-0.13096372567138503,0.0,-0.0032076397030834543,0.04318975816974063,-0.02317617596038147,-0.09328943927602296,-0.02794882468684095
motive_4,0.15117072596692402,-0.0487757339286328,-0.0032076397030834543,0.0,0.07559680788074441,0.004497374035374674,0.03179481822734364,0.14639806489979307
motive_5,-0.02427389481315726,0.0025049388606208298,0.04318975816974063,0.07559680788074441,0.0,-0.009726180180698752,0.07454249655872476,0.0358334408122706
motive_6,-0.03117042320370903,-0.08597524994700309,-0.02317617596038147,0.004497374035374674,-0.009726180180698752,0.0,0.1035837607466069,-0.07152886448145293
motive_7,0.03598133185887313,-0.036922402720608365,-0.09328943927602296,0.03179481822734364,0.07454249655872476,0.1035837607466069,0.0,0.08315659221567898
motive_8,0.05311948825833103,0.03047886494654889,-0.02794882468684095,0.14639806489979307,0.0358334408122706,-0.07152886448145293,0.08315659221567898,0.0
