,motive_1,motive_2,motive_3,motive_4,motive_5,motive_6,motive_7,motive_8
motive_1,0.0,0.5719723363860321,0.07398543112716388,0.16098393281237466,0.12123186561646848,0.21977386842608515,-0.04606961108088495,0.14839444215756448
motive_2,0.5719723363860321,0.0,0.13176416489756207,-0.3492979114025673,0.3963816026751106,-0.06135519061936235,0.2402919368520202,0.07686064693622088
motive_3,0.07398543112716388,0.13176416489756207,0.0,0.2946213829694768,-0.1795897378282662,0.6768588361543513,0.4310191259501343,0.08373379227725661
motive_4,0.16098393281237466,-0.3492979114025673,0.2946213829694768,0.0,0.40189611104771605,0.13985841815337458,0.34316820012640536,0.3507789305160843
motive_5,0.12123186561646848,0.3963816026751106,-0.1795897378282662,0.40189611104771605,0.0,-0.1604903852167982,0.10627706076286791,0.2061937324190034
motive_6,0.21977386842608515,-0.06135519061936235,0.6768588361543513,0.13985841815337458,-0.1604903852167982,0.0,0.23610655336653139,0.3786444618599283
motive_7,-0.04606961108088495,0.2402919368520202,0.4310191259501343,0.34316820012640536,0.10627706076286791,0.23610655336653139,0.0,0.1552448404757126
motive_8,0.14839444215756448,0.07686064693622088,0.08373379227725661,0.3507789305160843,0.2061937324190034,0.3786444618599283,0.1552448404757126,0.0
