,motive_1,motive_2,motive_3,motive_4,motive_5,motive_6,motive_7,motive_8
motive_1,0.0,0.6390969112455127,0.45903373910118794,0.21181731790659608,0.4001679077276596,1.0508661653482854,0.5956094410268673,-0.15560631794668284
motive_2,0.6390969112455127,0.0,0.2700897649477535,-0.13170767420113416,-0.06935963322750249,-0.06801849492081158,0.4705077390448962,1.4483946128291363
motive_3,0.45903373910118794,0.2700897649477535,0.0,0.49711483102843473,-0.17087798667590606,0.6470503381845556,-1.1779330457255501,0.13907680651067805
motive_4,0.21181731790659608,-0.13170767420113416,0.49711483102843473,0.0,0.9478409382527577,-0.08820531298684428,0.3893017563644098,0.10139915919236664
motive_5,0.4001679077276596,-0.06935963322750249,-0.17087798667590606,0.9478409382527577,0.0,0.07132093447340743,-0.24595553372005785,0.22708731281343852
motive_6,1.0508661653482854,-0.06801849492081158,0.6470503381845556,-0.08820531298684428,0.07132093447340743,0.0,0.041003297674163164,-0.17382432427537658
motive_7,0.5956094410268673,0.4705077390448962,-1.1779330457255501,0.3893017563644098,-0.24595553372005785,0.041003297674163164,0.0,0.35238231535141673
motive_8,-0.15560631794668284,1.4483946128291363,0.13907680651067805,0.10139915919236664,0.22708731281343852,-0.17382432427537658,0.35238231535141673,0.0
