,motive_1,motive_2,motive_3,motive_4,motive_5,motive_6,motive_7,motive_8
satisfaction,0.02520655101758547,0.2163276644961189,0.5032708080040095,-0.01006450728913158,0.1365801313128288,-0.049466210345240014,0.20746779381807062,0.23099560020007828
