,motive_1,motive_2,motive_3,motive_4,motive_5,motive_6,motive_7,motive_8
satisfaction,0.42476868243655663,0.5592820524059766,0.15651403891174698,0.24380238246418737,0.16793683963076503,0.30823490258714936,0.7504344330502086,0.4450876928291437
