,motive_1,motive_2,motive_3,motive_4,motive_5,motive_6,motive_7,motive_8
satisfaction,-0.050625857651090594,0.2524823439228351,-0.14247289736154284,0.0466692992673251,0.13279414413912138,0.47716503666414967,0.5028233172333432,-0.07222153775150505
