,motive_1,motive_2,motive_3,motive_4,motive_5,motive_6,motive_7,motive_8
satisfaction,-0.14413132448822874,0.45617397437703366,0.13131721806357466,0.11466378506838654,0.06613222079337208,0.44406217967953865,0.3672214854099489,0.21835555183629496
