,motive_1,motive_2,motive_3,motive_4,motive_5,motive_6,motive_7,motive_8
motive_1,0.0,0.12400580132768108,0.024939639471480528,0.06098185996408449,0.3088624632010346,0.04822532672451564,0.30611806960278165,-0.18313092585736993
motive_2,0.12400580132768108,0.0,0.3901938168113206,0.36105259765739517,0.26269308309175504,0.3429736276028913,-0.10491448669291066,0.02493849661608391
motive_3,0.024939639471480528,0.3901938168113206,0.0,0.24893273969736862,0.14134012009704708,0.3076950800522167,0.3129563084372473,0.2534306516636771
motive_4,0.06098185996408449,0.36105259765739517,0.24893273969736862,0.0,0.050571707405403746,0.019478415448832123,0.3743262998328363,0.27769377692012115
motive_5,0.3088624632010346,0.26269308309175504,0.14134012009704708,0.050571707405403746,0.0,0.5406326321002688,0.1461379092807928,-0.2729396277740289
motive_6,0.04822532672451564,0.3429736276028913,0.3076950800522167,0.019478415448832123,0.5406326321002688,0.0,0.3795640856390313,0.04136911861535808
motive_7,0.30611806960278165,-0.10491448669291066,0.3129563084372473,0.3743262998328363,0.1461379092807928,0.3795640856390313,0.0,0.3145810849346525
motive_8,-0.18313092585736993,0.02493849661608391,0.2534306516636771,0.27769377692012115,-0.2729396277740289,0.04136911861535808,0.3145810849346525,0.0
