,motive_1,motive_2,motive_3,motive_4,motive_5,motive_6,motive_7,motive_8
satisfaction,0.27004214875738486,0.293232175868968,0.3722002011997665,0.5127047279335084,0.5874033959317312,-0.08968127549853128,-0.03618991098445451,0.27608951609125476
