,motive_1,motive_2,motive_3,motive_4,motive_5,motive_6,motive_7,motive_8
motive_1,0.0,0.02340730532048977,-0.061003952140931,0.08704719418177756,-0.02313549687491724,-0.00546198466544285,0.07728802138360272,-0.005900594105608094
motive_2,0.02340730532048977,0.0,-0.0657195960209319,-0.09092599098917585,0.05008168431178447,0.05548661731990161,0.02935938023133562,-0.028322996230595046
motive_3,-0.061003952140931,-0.0657195960209319,0.0,-0.07711774589552345,-0.052689266411111976,-0.061333523233732624,-0.009056357405304956,-0.07690291132067673
motive_4,0.08704719418177756,-0.09092599098917585,-0.07711774589552345,0.0,-0.11254027511839028,-0.09312155913849438,-0.040895533552753466,-0.05213649448312421
motive_5,-0.02313549687491724,0.05008168431178447,-0.052689266411111976,-0.11254027511839028,0.0,0.12723927293621173,0.027693625389787906,-0.11685572383891066
motive_6,-0.00546198466544285,0.05548661731990161,-0.061333523233732624,-0.09312155913849438,0.12723927293621173,0.0,0.06311565254239428,-0.09229499225438881
motive_7,0.07728802138360272,0.02935938023133562,-0.009056357405304956,-0.040895533552753466,0.027693625389787906,0.06311565254239428,0.0,-0.09633413152731819
motive_8,-0.005900594105608094,-0.028322996230595046,-0.07690291132067673,-0.05213649448312421,-0.11685572383891066,-0.09229499225438881,-0.09633413152731819,0.0
