,motive_1,motive_2,motive_3,motive_4,motive_5,motive_6,motive_7,motive_8
motive_1,0.0,0.004837410519716414,0.06399912143385639,-0.0006803450396038468,-0.1427343482419778,0.1360688486612141,0.020709393013196062,0.020133280951194658
motive_2,0.004837410519716414,0.0,0.024898712547459123,0.030722556125854762,-0.06013898214931383,0.011995075390348322,-0.06256486395259059,-0.048556967472905735
motive_3,0.06399912143385639,0.024898712547459123,0.0,-0.06453550822257209,0.032172787890504165,0.04894172430413761,-0.09196741797203516,-0.08911635870972726
motive_4,-0.0006803450396038468,0.030722556125854762,-0.06453550822257209,0.0,-0.008695207134352359,-0.02057654316487443,0.055244328477407005,0.09378201592328342
motive_5,-0.1427343482419778,-0.06013898214931383,0.032172787890504165,-0.008695207134352359,0.0,-0.015082217344798247,-0.14307528592630614,-0.020398529537994668
motive_6,0.1360688486612141,0.011995075390348322,0.04894172430413761,-0.02057654316487443,-0.015082217344798247,0.0,-0.09739162919953046,-0.008459166737717249
motive_7,0.020709393013196062,-0.06256486395259059,-0.09196741797203516,0.055244328477407005,-0.14307528592630614,-0.09739162919953046,0.0,0.014752689197604104
motive_8,0.020133280951194658,-0.048556967472905735,-0.08911635870972726,0.09378201592328342,-0.020398529537994668,-0.008459166737717249,0.014752689197604104,0.0
