,motive_1,motive_2,motive_3,motive_4,motive_5,motive_6,motive_7,motive_8
motive_1,0.0,-0.03187625506298869,-0.01238643958736012,-0.12531116402070497,0.06426513518262501,-0.026476285988279773,-0.1128714081471727,-0.03483178978136123
motive_2,-0.03187625506298869,0.0,-0.0006212509019620366,-0.012973307581802575,-0.09775227437297991,0.03268186950716137,0.031931016366257926,0.021658573572860666
motive_3,-0.01238643958736012,-0.0006212509019620366,0.0,-0.12094360141843333,-0.027141844940701335,-0.013697064744606753,-0.028739548899757876,0.061307931187556314
motive_4,-0.12531116402070497,-0.012973307581802575,-0.12094360141843333,0.0,0.08340317647836126,0.05148393655169692,-0.22531969310425798,-0.0710336485596634
motive_5,0.06426513518262501,-0.09775227437297991,-0.027141844940701335,0.08340317647836126,0.0,-0.028167224008238317,-0.06250384471096129,0.10588387417871117
motive_6,-0.026476285988279773,0.03268186950716137,-0.013697064744606753,0.05148393655169692,-0.028167224008238317,0.0,0.027086900673181435,0.07591480896752874
motive_7,-0.1128714081471727,0.031931016366257926,-0.028739548899757876,-0.22531969310425798,-0.06250384471096129,0.027086900673181435,0.0,-0.0533535516468495
motive_8,-0.03483178978136123,0.021658573572860666,0.061307931187556314,-0.0710336485596634,0.10588387417871117,0.07591480896752874,-0.0533535516468495,0.0
