,motive_1,motive_2,motive_3,motive_4,motive_5,motive_6,motive_7,motive_8
motive_1,0.0,0.2190509497774661,0.20663595939463966,0.2037602951360926,0.6600399707184137,0.37006645499004176,0.0911794471901757,0.7394980984074468
motive_2,0.2190509497774661,0.0,0.9320008600992399,0.33606636861240236,0.4341570580733497,0.3277148884619622,0.3079134096467078,0.41076725962137933
motive_3,0.20663595939463966,0.9320008600992399,0.0,0.590080309161881,0.25001664584836303,0.43166061637736425,0.6221819091029376,0.4635824519495763
motive_4,0.2037602951360926,0.33606636861240236,0.590080309161881,0.0,0.2673637455543756,0.25378246163066953,0.46638405045725784,0.6155977559332176
motive_5,0.6600399707184137,0.4341570580733497,0.25001664584836303,0.2673637455543756,0.0,0.3357732555726004,0.6608590777152485,0.30500028686355307
motive_6,0.37006645499004176,0.3277148884619622,0.43166061637736425,0.25378246163066953,0.3357732555726004,0.0,0.5168730487729166,0.37767408840174377
motive_7,0.0911794471901757,0.3079134096467078,0.6221819091029376,0.46638405045725784,0.6608590777152485,0.5168730487729166,0.0,0.36860299983300604
motive_8,0.7394980984074468,0.41076725962137933,0.4635824519495763,0.6155977559332176,0.30500028686355307,0.37767408840174377,0.36860299983300604,0.0
