,motive_1,motive_2,motive_3,motive_4,motive_5,motive_6,motive_7,motive_8
motive_1,0.0,0.47590024280526516,0.08376746225169673,0.4766917753682988,0.16046043290968115,0.3073974391210238,-0.11785442416158395,0.1562386256324861
motive_2,0.47590024280526516,0.0,0.3352316708173195,0.3690931083051822,0.12747086293438262,0.11105547217358162,0.02064124649752551,0.17659247576296483
motive_3,0.08376746225169673,0.3352316708173195,0.0,0.10534631546970002,-0.06177884561214633,0.4024074103272116,0.2666725833871506,0.42099029604313476
motive_4,0.4766917753682988,0.3690931083051822,0.10534631546970002,0.0,0.4371286605750334,-0.09372771588202822,0.4765835794703966,-0.15313969300268288
motive_5,0.16046043290968115,0.12747086293438262,-0.06177884561214633,0.4371286605750334,0.0,0.45235566095553337,0.07069852915262768,0.19235778479474896
motive_6,0.3073974391210238,0.11105547217358162,0.4024074103272116,-0.09372771588202822,0.45235566095553337,0.0,0.28027429218911126,0.41312705602851374
motive_7,-0.11785442416158395,0.02064124649752551,0.2666725833871506,0.4765835794703966,0.07069852915262768,0.28027429218911126,0.0,0.21779372692967341
motive_8,0.1562386256324861,0.17659247576296483,0.42099029604313476,-0.15313969300268288,0.19235778479474896,0.41312705602851374,0.21779372692967341,0.0
