,motive_1,motive_2,motive_3,motive_4,motive_5,motive_6,motive_7,motive_8
motive_1,0.0,-0.037639291790883135,-0.1535482208389076,-0.04057677186972263,0.006275463056171628,0.08006336496926802,-0.07417282692909442,-0.14637925387137604
motive_2,-0.037639291790883135,0.0,0.03736849488880341,-0.08289419520219901,0.05257835204207443,0.04500731569814984,0.0013814305869951637,0.04425358113211752
motive_3,-0.1535482208389076,0.03736849488880341,0.0,-0.053669776326507275,-0.10462591726391687,0.1198777376865742,-0.04449894011663666,0.003697786327548122
motive_4,-0.04057677186972263,-0.08289419520219901,-0.053669776326507275,0.0,-0.06522055257781964,0.030847131809027234,0.009988655918768453,0.030892244351113644
motive_5,0.006275463056171628,0.05257835204207443,-0.10462591726391687,-0.06522055257781964,0.0,0.014328929941736106,0.04319969174299746,-0.024213341363333286
motive_6,0.08006336496926802,0.04500731569814984,0.1198777376865742,0.030847131809027234,0.014328929941736106,0.0,0.053304385948500586,0.007468519037261281
motive_7,-0.07417282692909442,0.0013814305869951637,-0.04449894011663666,0.009988655918768453,0.04319969174299746,0.053304385948500586,0.0,0.027106282113672484
motive_8,-0.14637925387137604,0.04425358113211752,0.003697786327548122,0.030892244351113644,-0.024213341363333286,0.007468519037261281,0.027106282113672484,0.0
