,motive_1,motive_2,motive_3,motive_4,motive_5,motive_6,motive_7,motive_8
motive_1,0.0,0.21440059627966812,0.36166716571120744,0.15075185170284916,0.2556550194665355,-0.05051447568502672,0.6508622329740561,0.4704594833533484
motive_2,0.21440059627966812,0.0,0.29866975512580723,0.14406747979244994,0.2409838442623516,-0.04074112860684334,0.38916316327316763,0.019187226803770302
motive_3,0.36166716571120744,0.29866975512580723,0.0,0.28540024578515005,0.08779795275916852,0.3738991854636003,0.17012859989434245,0.35664368650663514
motive_4,0.15075185170284916,0.14406747979244994,0.28540024578515005,0.0,0.026514663091469076,0.2901314062626291,0.018017835675477906,0.36747772935126577
motive_5,0.2556550194665355,0.2409838442623516,0.08779795275916852,0.026514663091469076,0.0,0.0059514725066890095,0.2842383696591374,0.3245005111771281
motive_6,-0.05051447568502672,-0.04074112860684334,0.3738991854636003,0.2901314062626291,0.0059514725066890095,0.0,0.09810953450970158,0.2584056475844532
motive_7,0.6508622329740561,0.38916316327316763,0.17012859989434245,0.018017835675477906,0.2842383696591374,0.09810953450970158,0.0,-0.006670284281116323
motive_8,0.4704594833533484,0.019187226803770302,0.35664368650663514,0.36747772935126577,0.3245005111771281,0.2584056475844532,-0.006670284281116323,0.0
