,motive_1,motive_2,motive_3,motive_4,motive_5,motive_6,motive_7,motive_8
motive_1,0.0,-0.23430933936054077,-0.3112083950387236,0.29759845306184735,-0.4043854553631437,0.18274726095789318,-0.1773274501972567,-0.4286123400009368
motive_2,-0.23430933936054077,0.0,0.7089946224998053,0.06065515768968624,0.5822017177907903,0.3594536973191067,-0.11623111336051978,-0.25549920444911156
motive_3,-0.3112083950387236,0.7089946224998053,0.0,0.7836109903344672,-0.17899860092473296,-0.4443127526842187,-0.9324672661034723,-0.6031971555904587
motive_4,0.29759845306184735,0.06065515768968624,0.7836109903344672,0.0,0.9823923904749314,-0.2664169109492246,-0.08258870546295724,-0.26964978150701235
motive_5,-0.4043854553631437,0.5822017177907903,-0.17899860092473296,0.9823923904749314,0.0,0.5174347867785425,0.04564183415654133,0.14756613680500275
motive_6,0.18274726095789318,0.3594536973191067,-0.4443127526842187,-0.2664169109492246,0.5174347867785425,0.0,-0.16170876535294032,-0.1597366944346834
motive_7,-0.1773274501972567,-0.11623111336051978,-0.9324672661034723,-0.08258870546295724,0.04564183415654133,-0.16170876535294032,0.0,0.016822218498985686
motive_8,-0.4286123400009368,-0.25549920444911156,-0.6031971555904587,-0.26964978150701235,0.14756613680500275,-0.1597366944346834,0.016822218498985686,0.0
