,motive_1,motive_2,motive_3,motive_4,motive_5,motive_6,motive_7,motive_8
motive_1,0.0,0.1517317272432909,0.1867287883103561,0.19291940258650916,0.16969015645334284,0.04175951661674308,0.16655336706136448,0.17318619458039322
motive_2,0.1517317272432909,0.0,0.12309002289972074,0.2765309778954699,0.007798391355204326,0.11904764340602311,0.1550730555737994,0.2640306777754927
motive_3,0.1867287883103561,0.12309002289972074,0.0,-0.0016323066707995548,0.12540395203518556,0.30027320972355775,0.191732693372545,0.13790876001022145
motive_4,0.19291940258650916,0.2765309778954699,-0.0016323066707995548,0.0,0.011268304020998758,0.021215135416812567,0.08443912834497536,0.034704617921078616
motive_5,0.16969015645334284,0.007798391355204326,0.12540395203518556,0.011268304020998758,0.0,0.0012542429592272211,0.09728279009209939,0.09367742107683108
motive_6,0.04175951661674308,0.11904764340602311,0.30027320972355775,0.021215135416812567,0.0012542429592272211,0.0,0.16206939052729702,0.20937743313102253
motive_7,0.16655336706136448,0.1550730555737994,0.191732693372545,0.08443912834497536,0.09728279009209939,0.16206939052729702,0.0,0.046961777666112155
motive_8,0.17318619458039322,0.2640306777754927,0.13790876001022145,0.034704617921078616,0.09367742107683108,0.20937743313102253,0.046961777666112155,0.0
