,motive_1,motive_2,motive_3,motive_4,motive_5,motive_6,motive_7,motive_8
motive_1,0.0,-0.003908468152799716,0.5183655108923408,0.493552225425678,0.0629123214633505,0.2425083662466186,0.4984592792454652,0.20915167424358336
motive_2,-0.003908468152799716,0.0,0.10761769112394715,0.5126957842715196,0.5849360296960882,0.33569386844385085,0.5049961737929219,0.6755463140926002
motive_3,0.5183655108923408,0.10761769112394715,0.0,0.2139054562111469,0.20528051515550072,0.23134142218184636,0.4949814736049869,0.6008029467373046
motive_4,0.493552225425678,0.5126957842715196,0.2139054562111469,0.0,0.8613477851504002,0.20805790606564217,0.5709386720200661,0.3306844573881086
motive_5,0.0629123214633505,0.5849360296960882,0.20528051515550072,0.8613477851504002,0.0,0.14635027460696629,0.48123465512891717,-0.09590682662421221
motive_6,0.2425083662466186,0.33569386844385085,0.23134142218184636,0.20805790606564217,0.14635027460696629,0.0,0.3871955906389633,0.3393275069095879
motive_7,0.4984592792454652,0.5049961737929219,0.4949814736049869,0.5709386720200661,0.48123465512891717,0.3871955906389633,0.0,0.5168617600214775
motive_8,0.20915167424358336,0.6755463140926002,0.6008029467373046,0.3306844573881086,-0.09590682662421221,0.3393275069095879,0.5168617600214775,0.0
