,motive_1,motive_2,motive_3,motive_4,motive_5,motive_6,motive_7,motive_8
motive_1,0.0,0.08545362921450012,0.0716059224917781,0.232216667164572,0.1293428425515119,-0.21786417308413303,-0.14503856263654039,0.2597919350404858
motive_2,0.08545362921450012,0.0,0.20211017977920237,0.02917484033344543,0.34208131087311766,-0.025763848867201913,0.05996342153883348,0.37515028342836454
motive_3,0.0716059224917781,0.20211017977920237,0.0,0.423243803265623,0.01889784760632235,0.2798418007486161,0.0822129951908631,-0.0787937614725302
motive_4,0.232216667164572,0.02917484033344543,0.423243803265623,0.0,0.16445758043678865,0.24826453446562213,0.1431625358311089,0.29544139456528423
motive_5,0.1293428425515119,0.34208131087311766,0.01889784760632235,0.16445758043678865,0.0,0.12245929343623677,0.15954552972227343,0.19143134815689347
motive_6,-0.21786417308413303,-0.025763848867201913,0.2798418007486161,0.24826453446562213,0.12245929343623677,0.0,0.27327574817215927,0.14463546569578797
motive_7,-0.14503856263654039,0.05996342153883348,0.0822129951908631,0.1431625358311089,0.15954552972227343,0.27327574817215927,0.0,0.12031523459863766
motive_8,0.2597919350404858,0.37515028342836454,-0.0787937614725302,0.29544139456528423,0.19143134815689347,0.14463546569578797,0.12031523459863766,0.0
