,motive_1,motive_2,motive_3,motive_4,motive_5,motive_6,motive_7,motive_8
motive_1,0.0,0.3945504929223033,0.4733657304869045,-0.27108447160736765,0.2410964934115363,0.2502673879783611,-0.06272818235954462,0.1531010571445114
motive_2,0.3945504929223033,0.0,0.4437815835404028,-0.07798749088100236,-0.06545441819070211,-0.004928533857820119,0.4844688255907903,-0.21665788159214636
motive_3,0.4733657304869045,0.4437815835404028,0.0,0.21586889968766904,0.5454300521956712,0.08884651270561147,0.004464033566821984,-0.03160122338041885
motive_4,-0.27108447160736765,-0.07798749088100236,0.21586889968766904,0.0,0.6601788103030641,0.4949118039692195,0.2520668608612012,0.15693745066194897
motive_5,0.2410964934115363,-0.06545441819070211,0.5454300521956712,0.6601788103030641,0.0,-0.06306252852246488,0.2735165205279318,0.36495488762942163
motive_6,0.2502673879783611,-0.004928533857820119,0.08884651270561147,0.4949118039692195,-0.06306252852246488,0.0,-0.08967082258481227,0.1248313369902938
motive_7,-0.06272818235954462,0.4844688255907903,0.004464033566821984,0.2520668608612012,0.2735165205279318,-0.08967082258481227,0.0,-0.021046592876916403
motive_8,0.1531010571445114,-0.21665788159214636,-0.03160122338041885,0.15693745066194897,0.36495488762942163,0.1248313369902938,-0.021046592876916403,0.0
