,motive_1,motive_2,motive_3,motive_4,motive_5,motive_6,motive_7,motive_8
motive_1,0.0,0.20631403352109795,0.5669899544024557,-0.04414131062329964,0.31593691042918454,0.34246179428162243,-0.1402918279290712,0.9585970336045166
motive_2,0.20631403352109795,0.0,-0.18946416439191172,0.5018504424257098,-0.3444452365038909,0.14587090653186563,0.5512233146003509,0.3503080123383831
motive_3,0.5669899544024557,-0.18946416439191172,0.0,-0.19927944500094094,-0.011785279494880986,0.30019008885517523,0.6825758398195796,-0.2076799302957522
motive_4,-0.04414131062329964,0.5018504424257098,-0.19927944500094094,0.0,0.7161866097226508,1.0310493192572467,-0.642677370725565,0.4347341279531314
motive_5,0.31593691042918454,-0.3444452365038909,-0.011785279494880986,0.7161866097226508,0.0,0.3413083948518236,-0.4269824056275667,0.5602572458594538
motive_6,0.34246179428162243,0.14587090653186563,0.30019008885517523,1.0310493192572467,0.3413083948518236,0.0,-0.3358003727609836,0.5850042282998192
motive_7,-0.1402918279290712,0.5512233146003509,0.6825758398195796,-0.642677370725565,-0.4269824056275667,-0.3358003727609836,0.0,0.3876972774252604
motive_8,0.9585970336045166,0.3503080123383831,-0.2076799302957522,0.4347341279531314,0.5602572458594538,0.5850042282998192,0.3876972774252604,0.0
