,motive_1,motive_2,motive_3,motive_4,motive_5,motive_6,motive_7,motive_8
satisfaction,-0.029882195734413475,0.06418772201280734,0.4862409403815602,0.17053330616349893,0.19591578061949796,0.09414584545980433,-0.11451374301386355,0.3758754349270539
