,motive_1,motive_2,motive_3,motive_4,motive_5,motive_6,motive_7,motive_8
motive_1,0.0,0.6101273681461529,0.8523372537099887,0.5159703166385339,-0.3207488828021564,0.28725727476867985,0.5612443832485854,0.17137706049463583
motive_2,0.6101273681461529,0.0,0.5883829051359966,0.3168389108438402,0.6074062691544132,0.39571524046713946,0.4904974577106222,0.3464697701810294
motive_3,0.8523372537099887,0.5883829051359966,0.0,0.3436701881306712,0.3636876954994561,0.4796313011287765,0.3998461084210226,0.3656153897439896
motive_4,0.5159703166385339,0.3168389108438402,0.3436701881306712,0.0,0.4872423726291958,0.41383786687297874,0.5239137329551588,0.1906291583680688
motive_5,-0.3207488828021564,0.6074062691544132,0.3636876954994561,0.4872423726291958,0.0,0.821127631068282,0.47043304183858675,0.48349030402460913
motive_6,0.28725727476867985,0.39571524046713946,0.4796313011287765,0.41383786687297874,0.821127631068282,0.0,0.4766999831233086,0.21336568679997833
motive_7,0.5612443832485854,0.4904974577106222,0.3998461084210226,0.5239137329551588,0.47043304183858675,0.4766999831233086,0.0,0.050838367300859305
motive_8,0.17137706049463583,0.3464697701810294,0.3656153897439896,0.1906291583680688,0.48349030402460913,0.21336568679997833,0.050838367300859305,0.0
