,motive_1,motive_2,motive_3,motive_4,motive_5,motive_6,motive_7,motive_8
motive_1,0.0,-0.28449963303706527,0.26286998047568316,-0.18281960109427897,-0.1481603175872164,0.12777499335428177,-0.8609427624165213,-0.21685703498954922
motive_2,-0.28449963303706527,0.0,-0.3560259901009717,-0.5368247488893464,0.7488126647304159,0.009492962937302854,-0.23063560468150968,0.059358032547190034
motive_3,0.26286998047568316,-0.3560259901009717,0.0,-0.29816692706075565,0.31298488507257033,-0.00771506838963032,-0.3961721693810588,0.16500054280634374
motive_4,-0.18281960109427897,-0.5368247488893464,-0.29816692706075565,0.0,0.06677630664789036,-0.21368259382981092,0.8954140703425821,-0.346492006296354
motive_5,-0.1481603175872164,0.7488126647304159,0.31298488507257033,0.06677630664789036,0.0,0.13129732742003097,-0.2880643504707498,-0.26557274905314554
motive_6,0.12777499335428177,0.009492962937302854,-0.00771506838963032,-0.21368259382981092,0.13129732742003097,0.0,-0.008590363719331418,0.8139801516639915
motive_7,-0.8609427624165213,-0.23063560468150968,-0.3961721693810588,0.8954140703425821,-0.2880643504707498,-0.008590363719331418,0.0,-0.4905910310223038
motive_8,-0.21685703498954922,0.059358032547190034,0.16500054280634374,-0.346492006296354,-0.26557274905314554,0.8139801516639915,-0.4905910310223038,0.0
