,motive_1,motive_2,motive_3,motive_4,motive_5,motive_6,motive_7,motive_8
motive_1,0.0,-0.028763468899225465,0.03506942565288989,0.0690669190324249,0.12301593591286177,0.22853000972847992,0.11912859523127235,0.017274310650791005
motive_2,-0.028763468899225465,0.0,0.10526529668857124,0.1176174648728673,0.07749198424447062,0.13265771713243127,0.06601036663634774,0.07030920845580235
motive_3,0.03506942565288989,0.10526529668857124,0.0,0.23722052642573938,0.07288992355769358,0.20700467434354455,0.16068876373573868,0.09141868875320187
motive_4,0.0690669190324249,0.1176174648728673,0.23722052642573938,0.0,0.007668261381829744,0.09413128440006535,0.14043536172775167,0.07261064742403765
motive_5,0.12301593591286177,0.07749198424447062,0.07288992355769358,0.007668261381829744,0.0,0.20436622962502698,0.052724104197316,0.11599984761762239
motive_6,0.22853000972847992,0.13265771713243127,0.20700467434354455,0.09413128440006535,0.20436622962502698,0.0,-0.00018930367052550495,0.09754331652312567
motive_7,0.11912859523127235,0.06601036663634774,0.16068876373573868,0.14043536172775167,0.052724104197316,-0.00018930367052550495,0.0,0.1243977857848088
motive_8,0.017274310650791005,0.07030920845580235,0.09141868875320187,0.07261064742403765,0.11599984761762239,0.09754331652312567,0.1243977857848088,0.0
