,motive_1,motive_2,motive_3,motive_4,motive_5,motive_6,motive_7,motive_8
motive_1,0.0,0.112200734999924,0.5496324749690698,0.21055495906292634,-0.20860372652866607,0.6922482420972517,0.061400190943526584,0.3860480701559186
motive_2,0.112200734999924,0.0,0.10052616893078303,0.23345415751566145,0.7101052028975805,0.1595869003538562,0.04383401071082907,0.1378116075595418
motive_3,0.5496324749690698,0.10052616893078303,0.0,0.3346062991778598,0.2976642745919431,0.03618503933362496,0.20008321490678932,-0.12539030856687156
motive_4,0.21055495906292634,0.23345415751566145,0.3346062991778598,0.0,0.04118215068640878,0.41691902217664095,0.31657493355202,-0.314586050403369
motive_5,-0.20860372652866607,0.7101052028975805,0.2976642745919431,0.04118215068640878,0.0,0.4129223778168827,0.35624973092495316,0.48875531660120103
motive_6,0.6922482420972517,0.1595869003538562,0.03618503933362496,0.41691902217664095,0.4129223778168827,0.0,0.12312135539187252,0.12358039663631595
motive_7,0.061400190943526584,0.04383401071082907,0.20008321490678932,0.31657493355202,0.35624973092495316,0.12312135539187252,0.0,0.4641203352171152
motive_8,0.3860480701559186,0.1378116075595418,-0.12539030856687156,-0.314586050403369,0.48875531660120103,0.12358039663631595,0.4641203352171152,0.0
