,motive_1,motive_2,motive_3,motive_4,motive_5,motive_6,motive_7,motive_8
satisfaction,0.36382517448444496,0.35305985384630323,0.0701853480351274,0.2800053486460693,0.015700473725680106,0.06397637288226093,-0.1056370229547107,0.221387905119094
