,motive_1,motive_2,motive_3,motive_4,motive_5,motive_6,motive_7,motive_8
motive_1,0.0,-0.00806286930366628,-0.0053699384418643,0.07475905753248058,0.19101286595203837,0.09753824796673932,0.19349925887985653,0.048633590872520956
motive_2,-0.00806286930366628,0.0,0.09910971140574772,0.06609140223926487,0.14099350053723209,0.024143007053913035,0.04583917942592057,0.16675594446069497
motive_3,-0.0053699384418643,0.09910971140574772,0.0,-0.040332340228900754,0.0707529852157334,0.11227189430514219,-0.03659460572767391,0.09024007852628857
motive_4,0.07475905753248058,0.06609140223926487,-0.040332340228900754,0.0,0.09474363216511086,0.0902841983944942,0.14459930466676973,0.008571640682428452
motive_5,0.19101286595203837,0.14099350053723209,0.0707529852157334,0.09474363216511086,0.0,-0.010169456946090664,0.16077515385751817,-0.0012046742474204203
motive_6,0.09753824796673932,0.024143007053913035,0.11227189430514219,0.0902841983944942,-0.010169456946090664,0.0,0.18540147410776994,0.04290077134575712
motive_7,0.19349925887985653,0.04583917942592057,-0.03659460572767391,0.14459930466676973,0.16077515385751817,0.18540147410776994,0.0,0.020604706787182854
motive_8,0.048633590872520956,0.16675594446069497,0.09024007852628857,0.008571640682428452,-0.0012046742474204203,0.04290077134575712,0.020604706787182854,0.0
