,motive_1,motive_2,motive_3,motive_4,motive_5,motive_6,motive_7,motive_8
motive_1,0.0,0.6556196643707088,0.3531605836728603,0.4070646602271788,0.32011281346029874,0.7505327829451518,0.48937177718181823,0.6418652193916711
motive_2,0.6556196643707088,0.0,0.18629422865437006,0.5692070869012891,0.8233064822194937,0.6069752528722988,0.34878455982746903,0.2891734648313306
motive_3,0.3531605836728603,0.18629422865437006,0.0,-0.17165492121243048,0.6213178447206016,0.6624501630630358,0.40919817492465616,0.3817739848340309
motive_4,0.4070646602271788,0.5692070869012891,-0.17165492121243048,0.0,0.491026912182176,0.13601732507469894,0.4390229087213003,0.3390080656803118
motive_5,0.32011281346029874,0.8233064822194937,0.6213178447206016,0.491026912182176,0.0,0.44736738588512925,0.4110477257286994,0.459783589422634
motive_6,0.7505327829451518,0.6069752528722988,0.6624501630630358,0.13601732507469894,0.44736738588512925,0.0,0.5911579043273525,0.27957663829539786
motive_7,0.48937177718181823,0.34878455982746903,0.40919817492465616,0.4390229087213003,0.4110477257286994,0.5911579043273525,0.0,0.31161683261053075
motive_8,0.6418652193916711,0.2891734648313306,0.3817739848340309,0.3390080656803118,0.459783589422634,0.27957663829539786,0.31161683261053075,0.0
