,motive_1,motive_2,motive_3,motive_4,motive_5,motive_6,motive_7,motive_8
motive_1,0.0,0.8259792439297442,0.5715363751406595,0.3076902769900578,0.5217115267915983,0.45586779509059727,0.4268967092252647,0.48497707351770913
motive_2,0.8259792439297442,0.0,0.05912060370834643,0.5038781023664627,0.404466755415237,0.7227651861120222,0.43463582750485563,0.9250033585159283
motive_3,0.5715363751406595,0.05912060370834643,0.0,0.6230910681818492,0.26449147682207697,0.25691785667646083,0.00930250561554466,0.3626522891412368
motive_4,0.3076902769900578,0.5038781023664627,0.6230910681818492,0.0,0.06645436908197566,0.5446542330053902,0.7754178484506467,-0.02234470890507506
motive_5,0.5217115267915983,0.404466755415237,0.26449147682207697,0.06645436908197566,0.0,0.4010657020358376,0.6544388310005101,0.658435183124779
motive_6,0.45586779509059727,0.7227651861120222,0.25691785667646083,0.5446542330053902,0.4010657020358376,0.0,0.2788582498553781,0.1775192897457844
motive_7,0.4268967092252647,0.43463582750485563,0.00930250561554466,0.7754178484506467,0.6544388310005101,0.2788582498553781,0.0,0.6320812678703642
motive_8,0.48497707351770913,0.9250033585159283,0.3626522891412368,-0.02234470890507506,0.658435183124779,0.1775192897457844,0.6320812678703642,0.0
