,motive_1,motive_2,motive_3,motive_4,motive_5,motive_6,motive_7,motive_8
motive_1,0.0,0.11439112699696395,0.03806534838246393,0.061995775872318144,0.031651858054942715,0.040739981740598355,0.12678036281075877,0.0697940473887843
motive_2,0.11439112699696395,0.0,0.0868013833678391,-0.0016559402135388895,0.08712572028859235,0.012058103526208529,0.07062057121918541,0.07712870803175531
motive_3,0.03806534838246393,0.0868013833678391,0.0,0.03881486362143268,0.2741693246275814,0.09669438337278759,0.0818359745590838,0.08907463224236456
motive_4,0.061995775872318144,-0.0016559402135388895,0.03881486362143268,0.0,0.07180726875280637,0.08609866343402856,0.14916220479932674,0.08018189761161448
motive_5,0.031651858054942715,0.08712572028859235,0.2741693246275814,0.07180726875280637,0.0,0.06140832053972153,0.1061534204510774,0.032826118017348964
motive_6,0.040739981740598355,0.012058103526208529,0.09669438337278759,0.08609866343402856,0.06140832053972153,0.0,0.047348524086919086,0.09079253471935606
motive_7,0.12678036281075877,0.07062057121918541,0.0818359745590838,0.14916220479932674,0.1061534204510774,0.047348524086919086,0.0,-0.08341683783599067
motive_8,0.0697940473887843,0.07712870803175531,0.08907463224236456,0.08018189761161448,0.032826118017348964,0.09079253471935606,-0.08341683783599067,0.0
