,motive_1,motive_2,motive_3,motive_4,motive_5,motive_6,motive_7,motive_8
motive_1,0.0,0.07556934815056009,0.15701252594592457,0.1348656015796967,0.10833798174470509,0.19348062038863942,0.11099015632685622,0.04231040188835513
motive_2,0.07556934815056009,0.0,0.07318081075124848,0.0860406081662777,0.07946030279171747,0.11510787284939397,0.082155114125402,0.1299999502323513
motive_3,0.15701252594592457,0.07318081075124848,0.0,0.238312011649925,-0.006086896981902266,0.04913169824938586,0.08012489138224901,0.10111442433743406
motive_4,0.1348656015796967,0.0860406081662777,0.238312011649925,0.0,0.2484563042152768,0.04480830858195503,0.058549051352545484,0.1296820573887006
motive_5,0.10833798174470509,0.07946030279171747,-0.006086896981902266,0.2484563042152768,0.0,0.2673617745087071,0.032795257062831214,0.0050171559684031725
motive_6,0.19348062038863942,0.11510787284939397,0.04913169824938586,0.04480830858195503,0.2673617745087071,0.0,0.046234569596444834,0.0030578155395558568
motive_7,0.11099015632685622,0.082155114125402,0.08012489138224901,0.058549051352545484,0.032795257062831214,0.046234569596444834,0.0,0.10007008394333267
motive_8,0.04231040188835513,0.1299999502323513,0.10111442433743406,0.1296820573887006,0.0050171559684031725,0.0030578155395558568,0.10007008394333267,0.0
