,motive_1,motive_2,motive_3,motive_4,motive_5,motive_6,motive_7,motive_8
motive_1,0.0,0.11139683912987661,0.08945129143319956,0.10214537998174955,0.15087480067064293,0.12361255705370158,0.15022291098877283,-0.013589295177554327
motive_2,0.11139683912987661,0.0,0.22702711185362323,0.18938223091004794,0.18921665468256174,0.17029429444435373,0.13514452508616379,0.16047325356628925
motive_3,0.08945129143319956,0.22702711185362323,0.0,0.06430900437840734,0.13210405953059906,0.019423383310536474,-0.016979902127107538,0.05808900211552583
motive_4,0.10214537998174955,0.18938223091004794,0.06430900437840734,0.0,0.14555873775495373,0.13298127584681632,0.09798859965871112,0.09863262602600752
motive_5,0.15087480067064293,0.18921665468256174,0.13210405953059906,0.14555873775495373,0.0,0.04286631147202758,0.14713349923345553,0.053366608429631646
motive_6,0.12361255705370158,0.17029429444435373,0.019423383310536474,0.13298127584681632,0.04286631147202758,0.0,-0.013059586178541562,0.11429573535768603
motive_7,0.15022291098877283,0.13514452508616379,-0.016979902127107538,0.09798859965871112,0.14713349923345553,-0.013059586178541562,0.0,0.05940073065654955
motive_8,-0.013589295177554327,0.16047325356628925,0.05808900211552583,0.09863262602600752,0.053366608429631646,0.11429573535768603,0.05940073065654955,0.0
