,motive_1,motive_2,motive_3,motive_4,motive_5,motive_6,motive_7,motive_8
motive_1,0.0,-1.0473663823713033,0.8216411700372672,-0.054063377204873475,-0.15537200518728767,0.09228602167809008,-0.12381110782365495,0.2745474240440277
motive_2,-1.0473663823713033,0.0,-0.04238118760638899,-0.05369707778451305,-0.3554502508961741,-0.13481414041451867,-0.6554043804332247,-0.43660155674344897
motive_3,0.8216411700372672,-0.04238118760638899,0.0,0.44861437475215804,-0.10134432243477406,-0.275141067232575,0.6644196338821092,0.4762224547229248
motive_4,-0.054063377204873475,-0.05369707778451305,0.44861437475215804,0.0,0.4171528038330603,0.4581152898459028,0.5725886014105209,0.37381109814638497
motive_5,-0.15537200518728767,-0.3554502508961741,-0.10134432243477406,0.4171528038330603,0.0,0.6206760805844334,-0.12917471229108085,-0.8414242989220856
motive_6,0.09228602167809008,-0.13481414041451867,-0.275141067232575,0.4581152898459028,0.6206760805844334,0.0,-0.05327607957231999,0.4115599644210933
motive_7,-0.12381110782365495,-0.6554043804332247,0.6644196338821092,0.5725886014105209,-0.12917471229108085,-0.05327607957231999,0.0,0.042436194007301864
motive_8,0.2745474240440277,-0.43660155674344897,0.4762224547229248,0.37381109814638497,-0.8414242989220856,0.4115599644210933,0.042436194007301864,0.0
