,motive_1,motive_2,motive_3,motive_4,motive_5,motive_6,motive_7,motive_8
satisfaction,0.4770998865872567,0.23162290897070756,0.30544327013557965,0.22856856632568606,-0.16336574248074176,0.4285882796791527,0.38732166985452365,0.3458000260474189
