,motive_1,motive_2,motive_3,motive_4,motive_5,motive_6,motive_7,motive_8
motive_1,0.0,0.6002218720962222,0.4712628467339021,0.5882851567899172,0.6592230457221261,0.21627200381397255,0.3513813124009061,-0.07409825679470913
motive_2,0.6002218720962222,0.0,0.518968468904077,0.5175200237646578,0.5618008426252962,0.4971357874194998,0.27866266446833066,0.4332871977632635
motive_3,0.4712628467339021,0.518968468904077,0.0,0.4536864223138032,-0.06063202473245219,0.29112948974396125,0.31030824525527045,0.34122228872126226
motive_4,0.5882851567899172,0.5175200237646578,0.4536864223138032,0.0,0.7322360142274814,0.5842783670985745,0.3555081973189057,0.24293387670135003
motive_5,0.6592230457221261,0.5618008426252962,-0.06063202473245219,0.7322360142274814,0.0,0.0601109258921361,0.3846719095406306,0.39487646630567264
motive_6,0.21627200381397255,0.4971357874194998,0.29112948974396125,0.5842783670985745,0.0601109258921361,0.0,0.5453317432330721,0.42945528148405987
motive_7,0.3513813124009061,0.27866266446833066,0.31030824525527045,0.3555081973189057,0.3846719095406306,0.5453317432330721,0.0,0.7523418063597086
motive_8,-0.07409825679470913,0.4332871977632635,0.34122228872126226,0.24293387670135003,0.39487646630567264,0.42945528148405987,0.7523418063597086,0.0
