,motive_1,motive_2,motive_3,motive_4,motive_5,motive_6,motive_7,motive_8
satisfaction,0.6944941030871936,-0.22995456844979556,-0.0019995175283741007,-0.11463544824669525,0.317486388193501,0.023140568103650228,-0.1229231482341539,0.4229670927747926
