,motive_1,motive_2,motive_3,motive_4,motive_5,motive_6,motive_7,motive_8
motive_1,0.0,0.20805109801058763,0.33384009954151994,-0.11444273980203426,-0.1518368976026409,-0.4011898001733142,-0.1985369158651552,0.6314142845642274
motive_2,0.20805109801058763,0.0,-0.08816318233388348,-0.33548600231131476,0.3551041230447726,-0.20201693136232177,0.2754800750545774,1.3464631729237788
motive_3,0.33384009954151994,-0.08816318233388348,0.0,0.10873576851761076,-0.3803674952308146,0.20913034886270193,0.4867249161426678,-0.58034399176659
motive_4,-0.11444273980203426,-0.33548600231131476,0.10873576851761076,0.0,0.17875267314100002,0.04766389078216876,-0.19662271212871138,0.6099123638447872
motive_5,-0.1518368976026409,0.3551041230447726,-0.3803674952308146,0.17875267314100002,0.0,0.03501438319564652,0.48441695887177455,0.1455545774598076
motive_6,-0.4011898001733142,-0.20201693136232177,0.20913034886270193,0.04766389078216876,0.03501438319564652,0.0,-0.3994697836166441,0.7406980287614471
motive_7,-0.1985369158651552,0.2754800750545774,0.4867249161426678,-0.19662271212871138,0.48441695887177455,-0.3994697836166441,0.0,0.14621212906529346
motive_8,0.6314142845642274,1.3464631729237788,-0.58034399176659,0.6099123638447872,0.1455545774598076,0.7406980287614471,0.14621212906529346,0.0
