,motive_1,motive_2,motive_3,motive_4,motive_5,motive_6,motive_7,motive_8
motive_1,0.0,0.5335966878920837,0.3856828667025229,0.6407615121377568,0.4362902660420944,0.37366485080323575,0.388287465245625,0.263030023064024
motive_2,0.5335966878920837,0.0,0.31389075084725404,0.423144466473927,0.49614376857136877,0.2506873528008333,0.28066921348499163,0.616901041418176
motive_3,0.3856828667025229,0.31389075084725404,0.0,0.45066554474319953,0.2577554512770627,0.6275377202058142,0.06680623652299786,0.45495163033982755
motive_4,0.6407615121377568,0.423144466473927,0.45066554474319953,0.0,0.5416107795119401,0.36021076226535487,0.022346849754932535,0.8547857879241949
motive_5,0.4362902660420944,0.49614376857136877,0.2577554512770627,0.5416107795119401,0.0,0.15124352576736055,0.7091370444202962,0.24948534084050253
motive_6,0.37366485080323575,0.2506873528008333,0.6275377202058142,0.36021076226535487,0.15124352576736055,0.0,0.433258810312904,0.36066814284566295
motive_7,0.388287465245625,0.28066921348499163,0.06680623652299786,0.022346849754932535,0.7091370444202962,0.433258810312904,0.0,0.6061740702936682
motive_8,0.263030023064024,0.616901041418176,0.45495163033982755,0.8547857879241949,0.24948534084050253,0.36066814284566295,0.6061740702936682,0.0
