,motive_1,motive_2,motive_3,motive_4,motive_5,motive_6,motive_7,motive_8
motive_1,0.0,0.1970391954512482,0.5501578713209754,0.20421215922747132,0.5782987789522807,0.20995303519672842,0.4551479075506304,0.5865291748716058
motive_2,0.1970391954512482,0.0,0.46294774723035953,-0.1802492959330694,0.3917119088608052,0.8175924496112406,0.40747809785723743,0.460332947913915
motive_3,0.5501578713209754,0.46294774723035953,0.0,0.261647336622927,0.7661604502735071,0.07603043338671309,0.5653867647147305,0.4533473688120676
motive_4,0.20421215922747132,-0.1802492959330694,0.261647336622927,0.0,0.5138614614214692,0.07613833211196677,0.5493885463621786,0.44970740189614733
motive_5,0.5782987789522807,0.3917119088608052,0.7661604502735071,0.5138614614214692,0.0,0.34390356290678936,0.7184552313139179,0.5401739354602596
motive_6,0.20995303519672842,0.8175924496112406,0.07603043338671309,0.07613833211196677,0.34390356290678936,0.0,0.29854931585614797,0.6846312314463647
motive_7,0.4551479075506304,0.40747809785723743,0.5653867647147305,0.5493885463621786,0.7184552313139179,0.29854931585614797,0.0,0.8130642019687427
motive_8,0.5865291748716058,0.460332947913915,0.4533473688120676,0.44970740189614733,0.5401739354602596,0.6846312314463647,0.8130642019687427,0.0
