,motive_1,motive_2,motive_3,motive_4,motive_5,motive_6,motive_7,motive_8
satisfaction,0.19973984842584444,0.12377120669967916,0.41397800636112847,0.23567531220859161,-0.05395798456143713,0.4392924768026697,-0.3126033211666915,0.2804877255426525
