,motive_1,motive_2,motive_3,motive_4,motive_5,motive_6,motive_7,motive_8
motive_1,0.0,-0.027455838121571177,0.17400514175431078,0.03543939558904893,0.10678457903708008,0.07373671775524765,0.12741568279382914,-0.06925355539775123
motive_2,-0.027455838121571177,0.0,-0.04773907663470658,0.005454834864580734,-0.07606143759378596,-0.06546951068130896,0.11093682365139754,0.10567662230682828
motive_3,0.17400514175431078,-0.04773907663470658,0.0,0.08863893130471484,-0.018583395215439995,0.08206210573785691,0.11515897961443904,-0.04370822026772509
motive_4,0.03543939558904893,0.005454834864580734,0.08863893130471484,0.0,0.08600265642356412,-0.01050230829799569,-0.08021867615826353,-0.07311511699891218
motive_5,0.10678457903708008,-0.07606143759378596,-0.018583395215439995,0.08600265642356412,0.0,0.05616024739421576,-0.05143315976565009,0.0510430628182057
motive_6,0.07373671775524765,-0.06546951068130896,0.08206210573785691,-0.01050230829799569,0.05616024739421576,0.0,0.008156064319131906,0.015006726171817341
motive_7,0.12741568279382914,0.11093682365139754,0.11515897961443904,-0.08021867615826353,-0.05143315976565009,0.008156064319131906,0.0,-0.07772014756020072
motive_8,-0.06925355539775123,0.10567662230682828,-0.04370822026772509,-0.07311511699891218,0.0510430628182057,0.015006726171817341,-0.07772014756020072,0.0
