,motive_1,motive_2,motive_3,motive_4,motive_5,motive_6,motive_7,motive_8
satisfaction,0.15531525990880876,0.21676868027510093,-0.14551396941711323,0.2073842846385319,0.13454454881193495,0.3905677937036319,0.33304024951242983,-0.10035152263269609
