,motive_1,motive_2,motive_3,motive_4,motive_5,motive_6,motive_7,motive_8
satisfaction,0.5282301656268606,0.3990090133526428,0.40526163500742085,-0.21137151272350524,-0.011769558117044138,-0.34455915024956046,0.5990349146701062,-0.21067441590435487
