,motive_1,motive_2,motive_3,motive_4,motive_5,motive_6,motive_7,motive_8
motive_1,0.0,0.029638300187246405,0.4973451224985962,0.14823994279806554,0.08057911201394936,0.11803498297243695,0.38857076052565226,0.5736282718602289
motive_2,0.029638300187246405,0.0,0.27413783180124807,0.11823839836846006,0.30039004800862157,0.2940785510440689,0.009130897701993185,-0.19763274028198613
motive_3,0.4973451224985962,0.27413783180124807,0.0,0.3986450699524947,0.48172146348424494,0.0933016364020672,0.21524719875163162,-0.00818604191784223
motive_4,0.14823994279806554,0.11823839836846006,0.3986450699524947,0.0,0.16031494812564573,0.32231470894124736,0.543770192270723,-0.19956963010141676
motive_5,0.08057911201394936,0.30039004800862157,0.48172146348424494,0.16031494812564573,0.0,-0.11143197466869093,0.2874965634345764,0.3231254758063165
motive_6,0.11803498297243695,0.2940785510440689,0.0933016364020672,0.32231470894124736,-0.11143197466869093,0.0,0.43547473442453655,-0.051571461838946925
motive_7,0.38857076052565226,0.009130897701993185,0.21524719875163162,0.543770192270723,0.2874965634345764,0.43547473442453655,0.0,-0.023637294856297744
motive_8,0.5736282718602289,-0.19763274028198613,-0.00818604191784223,-0.19956963010141676,0.3231254758063165,-0.051571461838946925,-0.023637294856297744,0.0
