,motive_1,motive_2,motive_3,motive_4,motive_5,motive_6,motive_7,motive_8
satisfaction,0.05624019643620165,0.1399859128748509,0.6730404502522946,0.47048357832798976,0.09278668330731714,0.13115057903293337,0.6666150786506654,-0.008345360711793426
