,motive_1,motive_2,motive_3,motive_4,motive_5,motive_6,motive_7,motive_8
motive_1,0.0,-0.038777950498828706,0.3086792136659427,0.41908540019259544,0.179669860632222,0.3995702012042348,0.5489684777506061,0.12253960192678294
motive_2,-0.038777950498828706,0.0,-0.08259312050624583,0.18949764246289985,0.19019880430173777,0.22463798120369854,0.06149748328718785,-0.19425731464856466
motive_3,0.3086792136659427,-0.08259312050624583,0.0,0.27330595694573845,0.1596768284696245,0.3577616316375757,0.4164857233150119,0.32773344356026707
motive_4,0.41908540019259544,0.18949764246289985,0.27330595694573845,0.0,0.4646975349075783,0.22482210177301387,0.22664974060386642,0.4670737521698461
motive_5,0.179669860632222,0.19019880430173777,0.1596768284696245,0.4646975349075783,0.0,0.22956354346532876,0.6094611300273663,0.20260500238082796
motive_6,0.3995702012042348,0.22463798120369854,0.3577616316375757,0.22482210177301387,0.22956354346532876,0.0,0.2820996375158067,0.030585718624748987
motive_7,0.5489684777506061,0.06149748328718785,0.4164857233150119,0.22664974060386642,0.6094611300273663,0.2820996375158067,0.0,0.5749682811785084
motive_8,0.12253960192678294,-0.19425731464856466,0.32773344356026707,0.4670737521698461,0.20260500238082796,0.030585718624748987,0.5749682811785084,0.0
