,motive_1,motive_2,motive_3,motive_4,motive_5,motive_6,motive_7,motive_8
satisfaction,0.15754641774357012,-0.13360685005961442,0.5228886524561306,0.3663137551933259,-0.047928406164159776,-0.08082517915277765,0.40518770778811486,-0.26127563338076865
