,motive_1,motive_2,motive_3,motive_4,motive_5,motive_6,motive_7,motive_8
motive_1,0.0,-0.06449426491172196,0.005815850279167646,0.035356112154946016,-0.05398505660171109,0.033396757878375094,-0.040740296407170376,-0.056911552287993994
motive_2,-0.06449426491172196,0.0,-0.07374967049851817,-0.014699731067692186,-0.027486118055797717,-0.14039147389294804,-0.12197363018649283,-0.011226952104506277
motive_3,0.005815850279167646,-0.07374967049851817,0.0,0.1540542567915064,0.09502245436141146,0.0077052659442876925,-0.07572911932188661,-0.15025769168418676
motive_4,0.035356112154946016,-0.014699731067692186,0.1540542567915064,0.0,-0.013986547069704702,0.026222627900487037,-0.015992236260131278,0.007228809394631285
motive_5,-0.05398505660171109,-0.027486118055797717,0.09502245436141146,-0.013986547069704702,0.0,-0.04371389649071995,-0.06227598473592786,0.01557928128472717
motive_6,0.033396757878375094,-0.14039147389294804,0.0077052659442876925,0.026222627900487037,-0.04371389649071995,0.0,-0.010496369470143714,-0.002101724145947923
motive_7,-0.040740296407170376,-0.12197363018649283,-0.07572911932188661,-0.015992236260131278,-0.06227598473592786,-0.010496369470143714,0.0,-0.011604639880078831
motive_8,-0.056911552287993994,-0.011226952104506277,-0.15025769168418676,0.007228809394631285,0.01557928128472717,-0.002101724145947923,-0.011604639880078831,0.0
