,motive_1,motive_2,motive_3,motive_4,motive_5,motive_6,motive_7,motive_8
motive_1,0.0,0.30309854110675705,-0.125160962236043,0.5067438744213412,0.05796664585215802,0.5374574586204176,0.3312067263360571,0.2933901007062587
motive_2,0.30309854110675705,0.0,0.3581255530691197,0.4063973454667699,0.5149912983242793,0.1210650449846756,0.6480386969264056,0.38858519094000016
motive_3,-0.125160962236043,0.3581255530691197,0.0,0.2905730903949624,0.6970151030468335,-0.08356053194685376,0.4488076567147657,0.5407696179271424
motive_4,0.5067438744213412,0.4063973454667699,0.2905730903949624,0.0,0.2922139254603741,0.35531258334128624,0.357575758923272,0.2283079940497092
motive_5,0.05796664585215802,0.5149912983242793,0.6970151030468335,0.2922139254603741,0.0,0.462100018551186,0.7745437895430415,0.14158807912615523
motive_6,0.5374574586204176,0.1210650449846756,-0.08356053194685376,0.35531258334128624,0.462100018551186,0.0,0.43442416304177756,0.289271632690858
motive_7,0.3312067263360571,0.6480386969264056,0.4488076567147657,0.357575758923272,0.7745437895430415,0.43442416304177756,0.0,0.3688917169074676
motive_8,0.2933901007062587,0.38858519094000016,0.5407696179271424,0.2283079940497092,0.14158807912615523,0.289271632690858,0.3688917169074676,0.0
