,motive_1,motive_2,motive_3,motive_4,motive_5,motive_6,motive_7,motive_8
satisfaction,0.3371246998422345,0.02608167606984879,0.025766011661790683,0.00026282567351246233,0.6807562819135912,-0.35783260530811495,-0.04904441217936967,0.5153026893212224
