,motive_1,motive_2,motive_3,motive_4,motive_5,motive_6,motive_7,motive_8
satisfaction,0.3683267776834641,0.3496141917201522,0.3591837395870572,0.5483346593929693,0.1328755465543483,0.1732091573688,0.4249557159304114,0.2365138044921244
