,motive_1,motive_2,motive_3,motive_4,motive_5,motive_6,motive_7,motive_8
motive_1,0.0,0.2550774101533208,0.3837115614097387,-0.26665604322040326,0.041703950793373135,0.20655881048334504,-0.0887178914142893,0.10126566381986593
motive_2,0.2550774101533208,0.0,0.4838432809293399,0.28292499496838075,0.21806723609324774,0.24586248345827705,0.31673193276336675,0.19356589829409612
motive_3,0.3837115614097387,0.4838432809293399,0.0,0.4888342181990134,0.29033910806511887,0.22271703163220857,0.4550646217419747,0.03536180846152681
motive_4,-0.26665604322040326,0.28292499496838075,0.4888342181990134,0.0,0.07225724326862087,-0.32883201937014706,0.49819586303710006,0.12445671812866227
motive_5,0.041703950793373135,0.21806723609324774,0.29033910806511887,0.07225724326862087,0.0,0.0065722539901104104,0.13151361096658185,-0.027115377280654662
motive_6,0.20655881048334504,0.24586248345827705,0.22271703163220857,-0.32883201937014706,0.0065722539901104104,0.0,0.19337496993976513,0.16252589070390386
motive_7,-0.0887178914142893,0.31673193276336675,0.4550646217419747,0.49819586303710006,0.13151361096658185,0.19337496993976513,0.0,-0.07093547889999849
motive_8,0.10126566381986593,0.19356589829409612,0.03536180846152681,0.12445671812866227,-0.027115377280654662,0.16252589070390386,-0.07093547889999849,0.0
