,motive_1,motive_2,motive_3,motive_4,motive_5,motive_6,motive_7,motive_8
motive_1,0.0,0.164243835283715,0.010923227132287855,0.13910860203268388,0.11475574210023416,0.07274652256195689,0.07698788521793813,0.12235620716837091
motive_2,0.164243835283715,0.0,-0.023818555777473924,0.1306241198649219,0.08257203726952932,0.031139739022906857,0.1732787117566654,0.04969467632063527
motive_3,0.010923227132287855,-0.023818555777473924,0.0,0.12151374181979366,0.09862969251143763,0.05898068729544904,0.09830443223093904,0.1323454370527453
motive_4,0.13910860203268388,0.1306241198649219,0.12151374181979366,0.0,0.08278059090869928,0.07056329121428179,0.12892138020972643,-0.014366658137567066
motive_5,0.11475574210023416,0.08257203726952932,0.09862969251143763,0.08278059090869928,0.0,0.13147474371329368,0.07177248551626259,0.2612195150612319
motive_6,0.07274652256195689,0.031139739022906857,0.05898068729544904,0.07056329121428179,0.13147474371329368,0.0,-0.022350048610418755,0.04599293875875724
motive_7,0.07698788521793813,0.1732787117566654,0.09830443223093904,0.12892138020972643,0.07177248551626259,-0.022350048610418755,0.0,0.06281224941305005
motive_8,0.12235620716837091,0.04969467632063527,0.1323454370527453,-0.014366658137567066,0.2612195150612319,0.04599293875875724,0.06281224941305005,0.0
