,motive_1,motive_2,motive_3,motive_4,motive_5,motive_6,motive_7,motive_8
motive_1,0.0,0.008306328065135975,0.10073264287467511,0.14731018000408533,-0.03528739570189515,0.09194743273234271,0.14841535438576892,0.12913039467776766
motive_2,0.008306328065135975,0.0,0.07248655870979667,0.12778128212810766,0.1324733096091108,0.04106758396763821,0.0801990152217949,0.09018426276942124
motive_3,0.10073264287467511,0.07248655870979667,0.0,0.06493127700420838,0.06161688058230434,0.08151850776839091,0.13561841505182676,-0.03814095994773074
motive_4,0.14731018000408533,0.12778128212810766,0.06493127700420838,0.0,0.14302505552922407,0.02973868751894473,0.13665131452721926,0.112249658780533
motive_5,-0.03528739570189515,0.1324733096091108,0.06161688058230434,0.14302505552922407,0.0,0.09377081686090401,-0.05123445951685168,0.1582744549748836
motive_6,0.09194743273234271,0.04106758396763821,0.08151850776839091,0.02973868751894473,0.09377081686090401,0.0,0.16639262571393393,0.08050404087496982
motive_7,0.14841535438576892,0.0801990152217949,0.13561841505182676,0.13665131452721926,-0.05123445951685168,0.16639262571393393,0.0,0.05087583115447111
motive_8,0.12913039467776766,0.09018426276942124,-0.03814095994773074,0.112249658780533,0.1582744549748836,0.08050404087496982,0.05087583115447111,0.0
