,motive_1,motive_2,motive_3,motive_4,motive_5,motive_6,motive_7,motive_8
satisfaction,0.00010233167913613339,-0.19088959764241523,0.07872909626746923,0.11550314745176397,-0.01030327615235234,0.35902748173826415,0.4061500227199185,-0.038792101594894185
