,motive_1,motive_2,motive_3,motive_4,motive_5,motive_6,motive_7,motive_8
motive_1,0.0,-0.060235528304417835,0.5245293397858183,0.19961058606580426,0.1899258772020652,0.512977298675106,0.30023028058720247,0.577457161803401
motive_2,-0.060235528304417835,0.0,0.0680141688608944,0.2737235910255936,0.25043604780095513,0.15864579521998914,0.4823975506560174,0.5323782386541173
motive_3,0.5245293397858183,0.0680141688608944,0.0,0.4082365637633586,0.21463814890197092,0.664287586670659,0.22164949812684828,0.47712645402084386
motive_4,0.19961058606580426,0.2737235910255936,0.4082365637633586,0.0,0.13962545468429752,0.11040137145307177,0.18586791079658893,0.2569524062095838
motive_5,0.1899258772020652,0.25043604780095513,0.21463814890197092,0.13962545468429752,0.0,0.3059169341063439,0.2280543381299278,0.434926299211188
motive_6,0.512977298675106,0.15864579521998914,0.664287586670659,0.11040137145307177,0.3059169341063439,0.0,0.7450853253694476,0.5169380103086819
motive_7,0.30023028058720247,0.4823975506560174,0.22164949812684828,0.18586791079658893,0.2280543381299278,0.7450853253694476,0.0,0.38364062025412216
motive_8,0.577457161803401,0.5323782386541173,0.47712645402084386,0.2569524062095838,0.434926299211188,0.5169380103086819,0.38364062025412216,0.0
