,motive_1,motive_2,motive_3,motive_4,motive_5,motive_6,motive_7,motive_8
motive_1,0.0,0.011618996007319596,0.3808172901920712,-0.05939438316451903,-0.2976211541942275,0.27962859762349523,0.33420018571976917,-0.5731830698458911
motive_2,0.011618996007319596,0.0,-0.13890676434897892,0.3194363887539775,0.24075485467552338,-0.1771426206692065,-0.22691786429164554,-0.11471549733337558
motive_3,0.3808172901920712,-0.13890676434897892,0.0,0.768167650767868,-0.5409534161058437,-0.32395661500014244,0.2527044692066567,0.21932046423693863
motive_4,-0.05939438316451903,0.3194363887539775,0.768167650767868,0.0,0.02862998842563188,0.21448122098861283,-0.6174729621786472,0.2945747481267241
motive_5,-0.2976211541942275,0.24075485467552338,-0.5409534161058437,0.02862998842563188,0.0,0.5566329103035713,-0.4718971445017525,0.5348456206571047
motive_6,0.27962859762349523,-0.1771426206692065,-0.32395661500014244,0.21448122098861283,0.5566329103035713,0.0,0.4757933157586165,0.1443815369134162
motive_7,0.33420018571976917,-0.22691786429164554,0.2527044692066567,-0.6174729621786472,-0.4718971445017525,0.4757933157586165,0.0,-0.33151992121643487
motive_8,-0.5731830698458911,-0.11471549733337558,0.21932046423693863,0.2945747481267241,0.5348456206571047,0.1443815369134162,-0.33151992121643487,0.0
