,motive_1,motive_2,motive_3,motive_4,motive_5,motive_6,motive_7,motive_8
motive_1,0.0,0.1200119757819364,0.07449128381826281,0.10089957195258775,0.45875824888728184,0.17494139848823265,0.5931246621008497,0.4298070495673557
motive_2,0.1200119757819364,0.0,0.136703064255479,0.3850728060329469,0.03328528909604078,0.10898616825244621,0.18464236954495805,0.06549808249994184
motive_3,0.07449128381826281,0.136703064255479,0.0,0.5748642088003633,0.12877339611258581,0.2405633042879623,0.5076633894256932,0.22150860804308703
motive_4,0.10089957195258775,0.3850728060329469,0.5748642088003633,0.0,0.011237153543160738,0.36391152258587156,0.19040401811643093,0.02306115073652011
motive_5,0.45875824888728184,0.03328528909604078,0.12877339611258581,0.011237153543160738,0.0,0.5840039711390832,0.5181454037826194,-0.003819802971035735
motive_6,0.17494139848823265,0.10898616825244621,0.2405633042879623,0.36391152258587156,0.5840039711390832,0.0,0.518058092169044,0.40175481030927673
motive_7,0.5931246621008497,0.18464236954495805,0.5076633894256932,0.19040401811643093,0.5181454037826194,0.518058092169044,0.0,0.33179474468083153
motive_8,0.4298070495673557,0.06549808249994184,0.22150860804308703,0.02306115073652011,-0.003819802971035735,0.40175481030927673,0.33179474468083153,0.0
