,motive_1,motive_2,motive_3,motive_4,motive_5,motive_6,motive_7,motive_8
satisfaction,0.7246656562215641,0.9083024042509893,0.18429320682441808,-0.09954146764906735,0.5202606601046018,0.32956228676210597,-0.3128617824190702,0.334577420354218
