,motive_1,motive_2,motive_3,motive_4,motive_5,motive_6,motive_7,motive_8
satisfaction,0.2502422003889162,-0.07595469893632328,0.17714921282335308,0.00866191369112726,-0.1415085724119054,0.8696149727512485,-0.054297611299428394,0.2639131040500345
