,motive_1,motive_2,motive_3,motive_4,motive_5,motive_6,motive_7,motive_8
motive_1,0.0,0.8116790875036093,0.6103143831995738,0.3048331387958825,0.018557340586311144,0.5596177620317659,0.6143531107732444,0.1796315433185871
motive_2,0.8116790875036093,0.0,0.4183679801691943,0.4051957968761211,0.35199838272968487,0.7334054274502857,0.484272618250405,0.18086123599771844
motive_3,0.6103143831995738,0.4183679801691943,0.0,0.3431164597155202,0.4510100066719428,0.32744949319136063,0.37594643408532646,0.5681746606813617
motive_4,0.3048331387958825,0.4051957968761211,0.3431164597155202,0.0,0.40917848695957115,0.22895735008376142,0.6522441203661147,0.2632777817056613
motive_5,0.018557340586311144,0.35199838272968487,0.4510100066719428,0.40917848695957115,0.0,0.5658043465340026,0.3056878229894774,0.3887246675781486
motive_6,0.5596177620317659,0.7334054274502857,0.32744949319136063,0.22895735008376142,0.5658043465340026,0.0,0.45650228449724484,0.30402854865930556
motive_7,0.6143531107732444,0.484272618250405,0.37594643408532646,0.6522441203661147,0.3056878229894774,0.45650228449724484,0.0,0.10002610054124117
motive_8,0.1796315433185871,0.18086123599771844,0.5681746606813617,0.2632777817056613,0.3887246675781486,0.30402854865930556,0.10002610054124117,0.0
