,motive_1,motive_2,motive_3,motive_4,motive_5,motive_6,motive_7,motive_8
motive_1,0.0,0.24442357629972056,0.4238035204309365,0.1855675849207945,0.5460435895507731,0.46913014542460224,0.8737681197037378,0.38100099554956274
motive_2,0.24442357629972056,0.0,0.6617574897345756,0.3751562289805587,0.4330193699021761,0.44982159991295834,0.7274606142454723,0.44110485611013045
motive_3,0.4238035204309365,0.6617574897345756,0.0,0.4886560051682392,0.4587005960529983,0.39709526723354927,0.4267553138309398,0.5086719458264735
motive_4,0.1855675849207945,0.3751562289805587,0.4886560051682392,0.0,0.6939319888291764,0.3969059095080154,0.28900579995204867,0.5550708052681917
motive_5,0.5460435895507731,0.4330193699021761,0.4587005960529983,0.6939319888291764,0.0,0.36729562367025304,0.23859753300107236,0.594617678460126
motive_6,0.46913014542460224,0.44982159991295834,0.39709526723354927,0.3969059095080154,0.36729562367025304,0.0,0.5659115848497266,0.4701624653395317
motive_7,0.8737681197037378,0.7274606142454723,0.4267553138309398,0.28900579995204867,0.23859753300107236,0.5659115848497266,0.0,0.3729803156678092
motive_8,0.38100099554956274,0.44110485611013045,0.5086719458264735,0.5550708052681917,0.594617678460126,0.4701624653395317,0.3729803156678092,0.0
