,motive_1,motive_2,motive_3,motive_4,motive_5,motive_6,motive_7,motive_8
motive_1,0.0,0.19585494978196583,0.3465195529326567,0.28574058785593875,-0.4044780843648357,0.08954444621110301,1.0709046663487585,-0.5903618177135257
motive_2,0.19585494978196583,0.0,0.2128745982669566,0.880869692981799,0.46596402789092994,-0.02471474318802272,0.42195479107377765,-0.03383890858597438
motive_3,0.3465195529326567,0.2128745982669566,0.0,0.30643451906465957,-0.5369006912229276,0.34866968114132657,0.3606249794370154,-0.6127274676959322
motive_4,0.28574058785593875,0.880869692981799,0.30643451906465957,0.0,-0.11818861543486932,-0.06541147315446022,-0.3255666945863618,-0.10762332533208467
motive_5,-0.4044780843648357,0.46596402789092994,-0.5369006912229276,-0.11818861543486932,0.0,0.6938818795804549,0.46715375070375265,0.1999591069662129
motive_6,0.08954444621110301,-0.02471474318802272,0.34866968114132657,-0.06541147315446022,0.6938818795804549,0.0,-0.67220290801046,0.23286579079546144
motive_7,1.0709046663487585,0.42195479107377765,0.3606249794370154,-0.3255666945863618,0.46715375070375265,-0.67220290801046,0.0,0.8889083180955042
motive_8,-0.5903618177135257,-0.03383890858597438,-0.6127274676959322,-0.10762332533208467,0.1999591069662129,0.23286579079546144,0.8889083180955042,0.0
