,motive_1,motive_2,motive_3,motive_4,motive_5,motive_6,motive_7,motive_8
motive_1,0.0,0.6777032381144659,0.1983947220648376,-0.9555706577278937,-0.5511772587426552,0.7459856848118508,0.41887487611355495,0.6074790033713371
motive_2,0.6777032381144659,0.0,0.5812527262114675,-0.24120825977577906,0.23892893394936157,0.1249773852257251,-0.6547548739036105,0.13124511674035472
motive_3,0.1983947220648376,0.5812527262114675,0.0,0.038071927920885026,-0.3044664465558432,0.5496292660265555,0.1375605050662423,-0.01370118279543367
motive_4,-0.9555706577278937,-0.24120825977577906,0.038071927920885026,0.0,-0.29597334513286117,0.524622940144043,-0.7135068039319912,0.08043514815608416
motive_5,-0.5511772587426552,0.23892893394936157,-0.3044664465558432,-0.29597334513286117,0.0,-0.17567146945563544,0.37373014787199277,0.8128495860700705
motive_6,0.7459856848118508,0.1249773852257251,0.5496292660265555,0.524622940144043,-0.17567146945563544,0.0,0.022810538057119467,0.4519773189385754
motive_7,0.41887487611355495,-0.6547548739036105,0.1375605050662423,-0.7135068039319912,0.37373014787199277,0.022810538057119467,0.0,0.12642153763781605
motive_8,0.6074790033713371,0.13124511674035472,-0.01370118279543367,0.08043514815608416,0.8128495860700705,0.4519773189385754,0.12642153763781605,0.0
