,motive_1,motive_2,motive_3,motive_4,motive_5,motive_6,motive_7,motive_8
motive_1,0.0,0.3463929265444689,0.12034367301428872,0.22229808748584667,-0.03631156278473173,-0.21841649150126952,0.46095777322147524,0.49727887177831137
motive_2,0.3463929265444689,0.0,0.05068834963375807,1.0347809481178916,0.3500948451095733,0.06370654090866085,-0.5511560287295171,-0.3373567437174752
motive_3,0.12034367301428872,0.05068834963375807,0.0,-0.16373062261650415,0.3339055405607301,0.39558203094861516,0.1249310173726837,0.2879704167157849
motive_4,0.22229808748584667,1.0347809481178916,-0.16373062261650415,0.0,0.04241154194431253,-0.21623089078286473,-0.7162152894532902,0.5387289681821444
motive_5,-0.03631156278473173,0.3500948451095733,0.3339055405607301,0.04241154194431253,0.0,0.3526767593080058,-0.7407058736336372,0.18087868316683403
motive_6,-0.21841649150126952,0.06370654090866085,0.39558203094861516,-0.21623089078286473,0.3526767593080058,0.0,0.1865851973435907,-0.043565406092801025
motive_7,0.46095777322147524,-0.5511560287295171,0.1249310173726837,-0.7162152894532902,-0.7407058736336372,0.1865851973435907,0.0,-0.0959490452853623
motive_8,0.49727887177831137,-0.3373567437174752,0.2879704167157849,0.5387289681821444,0.18087868316683403,-0.043565406092801025,-0.0959490452853623,0.0
