,motive_1,motive_2,motive_3,motive_4,motive_5,motive_6,motive_7,motive_8
satisfaction,-0.4592237797048328,0.441384756104073,0.0004997096885521468,0.36070530578828025,0.17735375558119526,0.15083928736270857,0.1265232036775088,-0.22620046668212068
