,motive_1,motive_2,motive_3,motive_4,motive_5,motive_6,motive_7,motive_8
motive_1,0.0,0.0862310760623673,0.3411489021507541,-0.024919508005691537,-0.7344872797811661,0.08117368570276566,0.054882282413769634,-0.5015119815702348
motive_2,0.0862310760623673,0.0,-0.49796189204248587,0.028208112708786467,0.4080406843672494,0.25751731162116276,-0.4491644916123379,-0.21551728740965664
motive_3,0.3411489021507541,-0.49796189204248587,0.0,0.6082852534695107,0.40801967829579333,0.7035934275744586,0.2586664415580782,0.378285411387097
motive_4,-0.024919508005691537,0.028208112708786467,0.6082852534695107,0.0,0.29157513939839197,-0.5644809501983661,0.2583654593971299,0.22501540096813133
motive_5,-0.7344872797811661,0.4080406843672494,0.40801967829579333,0.29157513939839197,0.0,0.23933810093707114,0.44588240298531095,-0.5081132291064538
motive_6,0.08117368570276566,0.25751731162116276,0.7035934275744586,-0.5644809501983661,0.23933810093707114,0.0,-0.5443183885705347,0.07875057084715355
motive_7,0.054882282413769634,-0.4491644916123379,0.2586664415580782,0.2583654593971299,0.44588240298531095,-0.5443183885705347,0.0,0.043478200251452936
motive_8,-0.5015119815702348,-0.21551728740965664,0.378285411387097,0.22501540096813133,-0.5081132291064538,0.07875057084715355,0.043478200251452936,0.0
