,motive_1,motive_2,motive_3,motive_4,motive_5,motive_6,motive_7,motive_8
motive_1,0.0,-0.027955216546007498,-0.003493088968948708,0.017436412940946416,-0.0886587819163267,-0.09799218007210944,-0.013235917839726094,0.13276090420048786
motive_2,-0.027955216546007498,0.0,0.018965643971566783,-0.06304498109107762,0.07185910902083875,0.005214210791078151,0.05213494308839304,-0.020403900062530976
motive_3,-0.003493088968948708,0.018965643971566783,0.0,-0.0070509795562408075,-0.004694673991918811,0.006288893010706703,-0.1014287974216066,0.017445939978170736
motive_4,0.017436412940946416,-0.06304498109107762,-0.0070509795562408075,0.0,0.10706608111531843,-0.07532248164807342,-0.0799290529992642,0.02056933434000595
motive_5,-0.0886587819163267,0.07185910902083875,-0.004694673991918811,0.10706608111531843,0.0,0.0031590670070111362,0.0818230886249502,0.07647599532807453
motive_6,-0.09799218007210944,0.005214210791078151,0.006288893010706703,-0.07532248164807342,0.0031590670070111362,0.0,0.02682571157829007,-0.02710406615750926
motive_7,-0.013235917839726094,0.05213494308839304,-0.1014287974216066,-0.0799290529992642,0.0818230886249502,0.02682571157829007,0.0,0.1293952579446677
motive_8,0.13276090420048786,-0.020403900062530976,0.017445939978170736,0.02056933434000595,0.07647599532807453,-0.02710406615750926,0.1293952579446677,0.0
