,motive_1,motive_2,motive_3,motive_4,motive_5,motive_6,motive_7,motive_8
motive_1,0.0,-0.16096090022728798,-0.057506909544475536,-0.0038023532184935788,0.003049067826182677,-0.04140736769351573,0.11615290202648634,-0.11531084681468737
motive_2,-0.16096090022728798,0.0,-0.08531069002774136,-0.008610046284504862,-0.08329430462333906,-0.03619486307794112,0.08291436423538766,-0.011286609846453785
motive_3,-0.057506909544475536,-0.08531069002774136,0.0,-0.0251582071284141,-0.020309652362759573,0.07654886407697885,-0.010951841838314746,0.0015313553717113142
motive_4,-0.0038023532184935788,-0.008610046284504862,-0.0251582071284141,0.0,0.15148104300991153,0.06690670557669601,-0.10443082865948572,0.029875813033942933
motive_5,0.003049067826182677,-0.08329430462333906,-0.020309652362759573,0.15148104300991153,0.0,-0.007296507787376116,0.019946122332804104,-0.04417008855958121
motive_6,-0.04140736769351573,-0.03619486307794112,0.07654886407697885,0.06690670557669601,-0.007296507787376116,0.0,0.0657836362568586,0.034817486967137545
motive_7,0.11615290202648634,0.08291436423538766,-0.010951841838314746,-0.10443082865948572,0.019946122332804104,0.0657836362568586,0.0,-0.057772137040370417
motive_8,-0.11531084681468737,-0.011286609846453785,0.0015313553717113142,0.029875813033942933,-0.04417008855958121,0.034817486967137545,-0.057772137040370417,0.0
