,motive_1,motive_2,motive_3,motive_4,motive_5,motive_6,motive_7,motive_8
motive_1,0.0,0.022545404424755146,0.05448101523055868,0.012376896556924956,0.029904091185821356,-0.08797499431246089,-0.021954724945132863,-0.017575413302715774
motive_2,0.022545404424755146,0.0,-0.09397521235376893,0.030425437987802915,-0.01366629301492682,0.16515595083398535,-0.06881047801146842,-0.10366914990474738
motive_3,0.05448101523055868,-0.09397521235376893,0.0,0.0025043694809682646,-0.12253486297533564,0.03641418684396315,0.02335768184104377,0.02056280100506515
motive_4,0.012376896556924956,0.030425437987802915,0.0025043694809682646,0.0,-0.13413055853163425,0.13646777529815501,0.02558118896645298,-0.08901524302627772
motive_5,0.029904091185821356,-0.01366629301492682,-0.12253486297533564,-0.13413055853163425,0.0,-0.05058382065116178,-0.1226798999464857,9.804404096747966e-05
motive_6,-0.08797499431246089,0.16515595083398535,0.03641418684396315,0.13646777529815501,-0.05058382065116178,0.0,0.04166232728953522,-0.0026391398556954646
motive_7,-0.021954724945132863,-0.06881047801146842,0.02335768184104377,0.02558118896645298,-0.1226798999464857,0.04166232728953522,0.0,-0.040060882700385984
motive_8,-0.017575413302715774,-0.10366914990474738,0.02056280100506515,-0.08901524302627772,9.804404096747966e-05,-0.0026391398556954646,-0.040060882700385984,0.0
