,motive_1,motive_2,motive_3,motive_4,motive_5,motive_6,motive_7,motive_8
satisfaction,-0.07507381293051685,0.1113836430019277,-0.08449822256315914,0.11140931088754497,0.36285866088837826,0.6620942785073658,0.1447637211413815,0.2615883389668537
