,motive_1,motive_2,motive_3,motive_4,motive_5,motive_6,motive_7,motive_8
motive_1,0.0,0.18057799407763406,-0.22827706881277426,0.37497266011291847,-0.4136808375105745,0.7878021166202894,-0.40256126859320523,-0.06678427460537739
motive_2,0.18057799407763406,0.0,0.3232587770308186,-0.4527382418803855,-0.06088992427689449,0.08787652160634246,0.24240350725541424,-0.638129474783951
motive_3,-0.22827706881277426,0.3232587770308186,0.0,-0.10809374703516804,0.8238270778316693,0.06352944026852964,0.3947410186736961,0.0680203036342582
motive_4,0.37497266011291847,-0.4527382418803855,-0.10809374703516804,0.0,0.33188086852794557,0.2560022002631789,-0.1067347502202104,1.0564466902515375
motive_5,-0.4136808375105745,-0.06088992427689449,0.8238270778316693,0.33188086852794557,0.0,0.15027802906145413,0.6487405682825533,0.026150925307603434
motive_6,0.7878021166202894,0.08787652160634246,0.06352944026852964,0.2560022002631789,0.15027802906145413,0.0,-0.7800650613430359,0.4609817739669878
motive_7,-0.40256126859320523,0.24240350725541424,0.3947410186736961,-0.1067347502202104,0.6487405682825533,-0.7800650613430359,0.0,0.002354745690684612
motive_8,-0.06678427460537739,-0.638129474783951,0.0680203036342582,1.0564466902515375,0.026150925307603434,0.4609817739669878,0.002354745690684612,0.0
