,motive_1,motive_2,motive_3,motive_4,motive_5,motive_6,motive_7,motive_8
motive_1,0.0,-0.0567618358261391,-0.033055818737516965,0.059685189994029504,-0.06433319400025925,0.01812495798221997,0.05887745922535907,0.09377653294509707
motive_2,-0.0567618358261391,0.0,0.023519406011378585,0.04797609634501801,-0.08306015297323266,-0.011341355032887312,-0.01552244343104588,0.026209939896016814
motive_3,-0.033055818737516965,0.023519406011378585,0.0,0.02357203948433653,0.05982061764415387,0.07595821502995447,-0.04041410489688388,0.005968330827886857
motive_4,0.059685189994029504,0.04797609634501801,0.02357203948433653,0.0,0.005030780000018234,-0.04381444089327758,0.10381711578356256,0.06513124500105387
motive_5,-0.06433319400025925,-0.08306015297323266,0.05982061764415387,0.005030780000018234,0.0,0.05427046756126748,0.09652071434571263,-0.05387038599838537
motive_6,0.01812495798221997,-0.011341355032887312,0.07595821502995447,-0.04381444089327758,0.05427046756126748,0.0,-0.07913733953088439,-0.054898945989254475
motive_7,0.05887745922535907,-0.01552244343104588,-0.04041410489688388,0.10381711578356256,0.09652071434571263,-0.07913733953088439,0.0,0.08166029692488852
motive_8,0.09377653294509707,0.026209939896016814,0.005968330827886857,0.06513124500105387,-0.05387038599838537,-0.054898945989254475,0.08166029692488852,0.0
