,motive_1,motive_2,motive_3,motive_4,motive_5,motive_6,motive_7,motive_8
motive_1,0.0,0.8726672941280073,0.06284864523079342,-0.06683485137608725,-0.3919945188947992,-0.020176619384524197,-0.10597792849221666,-0.3845249708802644
motive_2,0.8726672941280073,0.0,0.2212138614191726,-0.5422440010169468,0.5216274310868287,-0.3585730396580094,-0.05352491938315869,0.3205311928570407
motive_3,0.06284864523079342,0.2212138614191726,0.0,-0.09232927166594812,0.4246044995287158,0.5647076627722517,-0.08459621179509458,-0.07780526966178591
motive_4,-0.06683485137608725,-0.5422440010169468,-0.09232927166594812,0.0,0.2563253195927575,-0.3172255215798192,-0.178342445633127,-0.1402374043379585
motive_5,-0.3919945188947992,0.5216274310868287,0.4246044995287158,0.2563253195927575,0.0,0.11511632039254506,0.31749363513978557,0.6338437239646026
motive_6,-0.020176619384524197,-0.3585730396580094,0.5647076627722517,-0.3172255215798192,0.11511632039254506,0.0,-0.022743915531324155,-0.23898753562996466
motive_7,-0.10597792849221666,-0.05352491938315869,-0.08459621179509458,-0.178342445633127,0.31749363513978557,-0.022743915531324155,0.0,0.028049926486199916
motive_8,-0.3845249708802644,0.3205311928570407,-0.07780526966178591,-0.1402374043379585,0.6338437239646026,-0.23898753562996466,0.028049926486199916,0.0
