,motive_1,motive_2,motive_3,motive_4,motive_5,motive_6,motive_7,motive_8
motive_1,0.0,0.1852065547902363,0.08438686122428679,0.10235488674239293,0.0733709378200996,0.2168442609817173,0.12979059239393942,0.18062173979722373
motive_2,0.1852065547902363,0.0,0.028764742884790008,0.1564023623004297,0.24110216073983123,0.16899175095743293,0.08292818660915635,0.06305782161044353
motive_3,0.08438686122428679,0.028764742884790008,0.0,-0.09055164040414351,0.17377261490686718,0.1874833876876786,0.10306605830821873,0.09392466161134364
motive_4,0.10235488674239293,0.1564023623004297,-0.09055164040414351,0.0,0.13034230406072533,0.012005775024899634,0.11300763624043343,0.0796693552267706
motive_5,0.0733709378200996,0.24110216073983123,0.17377261490686718,0.13034230406072533,0.0,0.11578912862837643,0.10368257524289981,0.119927863140878
motive_6,0.2168442609817173,0.16899175095743293,0.1874833876876786,0.012005775024899634,0.11578912862837643,0.0,0.16371930144245084,0.05985887943179928
motive_7,0.12979059239393942,0.08292818660915635,0.10306605830821873,0.11300763624043343,0.10368257524289981,0.16371930144245084,0.0,0.07053894420351024
motive_8,0.18062173979722373,0.06305782161044353,0.09392466161134364,0.0796693552267706,0.119927863140878,0.05985887943179928,0.07053894420351024,0.0
