,motive_1,motive_2,motive_3,motive_4,motive_5,motive_6,motive_7,motive_8
satisfaction,0.3192286521848254,0.697911085088921,0.051875955828244336,0.08717069469364676,0.14907806910840052,0.9251318970422775,-0.34265214705694275,0.30192534571503504
