,motive_1,motive_2,motive_3,motive_4,motive_5,motive_6,motive_7,motive_8
motive_1,0.0,-0.4362567442811392,-0.22551695725325105,-0.2589655980040001,0.45477627025758216,0.08224905463405835,-0.40704588333449165,-0.38732896993700927
motive_2,-0.4362567442811392,0.0,0.25594985326969744,-0.019455912638311645,-0.016360917758443366,0.07620974438279632,0.7358665169646494,0.5490691123589155
motive_3,-0.22551695725325105,0.25594985326969744,0.0,-0.09970251870040217,-0.1512484753078842,0.7292015123066615,0.4892325781645603,0.35816039650674314
motive_4,-0.2589655980040001,-0.019455912638311645,-0.09970251870040217,0.0,-0.11746219467691472,0.4179189510515064,-0.0357259514776264,0.5145529005757155
motive_5,0.45477627025758216,-0.016360917758443366,-0.1512484753078842,-0.11746219467691472,0.0,0.1748993371869348,-0.14642624319257608,-0.6039925602993044
motive_6,0.08224905463405835,0.07620974438279632,0.7292015123066615,0.4179189510515064,0.1748993371869348,0.0,-0.0613577357141743,0.6003882836360899
motive_7,-0.40704588333449165,0.7358665169646494,0.4892325781645603,-0.0357259514776264,-0.14642624319257608,-0.0613577357141743,0.0,0.604374111917848
motive_8,-0.38732896993700927,0.5490691123589155,0.35816039650674314,0.5145529005757155,-0.6039925602993044,0.6003882836360899,0.604374111917848,0.0
