,motive_1,motive_2,motive_3,motive_4,motive_5,motive_6,motive_7,motive_8
satisfaction,0.37854282580203913,-0.002573186632384733,0.07885978640462721,0.006240559882915261,0.3718247268904906,0.2250497507108158,0.036665063435307496,0.2702229672657067
