,motive_1,motive_2,motive_3,motive_4,motive_5,motive_6,motive_7,motive_8
motive_1,0.0,0.01275694347832497,0.05509589342647535,0.17690383313041602,0.08645263891696325,0.002605606172909159,0.10668597352080268,0.17303341176239934
motive_2,0.01275694347832497,0.0,0.17381970787798134,0.06692170094856337,0.07251959157154308,0.01719275524885433,0.05701938147234944,0.18843729404202714
motive_3,0.05509589342647535,0.17381970787798134,0.0,0.22958854062367842,0.06252567189304256,0.21858826226195588,0.08416207553022172,0.28781177558917315
motive_4,0.17690383313041602,0.06692170094856337,0.22958854062367842,0.0,0.03164119582048229,0.16746464884682735,0.13516542817459576,0.08665104629908693
motive_5,0.08645263891696325,0.07251959157154308,0.06252567189304256,0.03164119582048229,0.0,0.09903965824703634,0.047995318027521654,0.07362124855609456
motive_6,0.002605606172909159,0.01719275524885433,0.21858826226195588,0.16746464884682735,0.09903965824703634,0.0,0.1589244098932605,0.13408941479462727
motive_7,0.10668597352080268,0.05701938147234944,0.08416207553022172,0.13516542817459576,0.047995318027521654,0.1589244098932605,0.0,0.13360810132210632
motive_8,0.17303341176239934,0.18843729404202714,0.28781177558917315,0.08665104629908693,0.07362124855609456,0.13408941479462727,0.13360810132210632,0.0
