,motive_1,motive_2,motive_3,motive_4,motive_5,motive_6,motive_7,motive_8
satisfaction,0.23123059033535245,-0.10894347829582118,-0.3447226303303643,0.14949558032712998,0.09119243911227488,-0.012725014001555013,0.2665638007039084,0.07744522983972338
