,motive_1,motive_2,motive_3,motive_4,motive_5,motive_6,motive_7,motive_8
motive_1,0.0,0.1011671288021045,0.17851296669661923,0.331821512776227,-0.19377763200392986,0.19838155715155542,0.2970774517693089,0.24431642899671574
motive_2,0.1011671288021045,0.0,0.385381501527059,0.3036077942823385,0.052440649139340774,0.10931742930513008,0.07331888023193023,0.44806856911286685
motive_3,0.17851296669661923,0.385381501527059,0.0,0.421085261601365,0.2606321325141169,0.4902148783082733,0.3911024539461576,0.25510241176899834
motive_4,0.331821512776227,0.3036077942823385,0.421085261601365,0.0,0.5000164869847417,0.4891696113213868,0.40274030925489795,-0.048491541108849984
motive_5,-0.19377763200392986,0.052440649139340774,0.2606321325141169,0.5000164869847417,0.0,0.22093991957871734,0.022852141252752534,0.0322720135934316
motive_6,0.19838155715155542,0.10931742930513008,0.4902148783082733,0.4891696113213868,0.22093991957871734,0.0,-0.042370561952241384,-0.22455183936241707
motive_7,0.2970774517693089,0.07331888023193023,0.3911024539461576,0.40274030925489795,0.022852141252752534,-0.042370561952241384,0.0,0.23942432249849133
motive_8,0.24431642899671574,0.44806856911286685,0.25510241176899834,-0.048491541108849984,0.0322720135934316,-0.22455183936241707,0.23942432249849133,0.0
