,motive_1,motive_2,motive_3,motive_4,motive_5,motive_6,motive_7,motive_8
motive_1,0.0,-0.06950177676264661,0.05493818844241294,0.018449251660819063,0.007700696252696856,-0.06562907722831997,0.06533847299279202,-0.015995445465748673
motive_2,-0.06950177676264661,0.0,0.12537854091010936,-0.009923634527642073,-0.028268719579541926,-0.028103627560956305,-0.07717480360618302,0.1408960323878845
motive_3,0.05493818844241294,0.12537854091010936,0.0,0.04252067608158639,-0.03203704773333745,0.02785391657974247,-0.12307056353728178,-0.11464682885661093
motive_4,0.018449251660819063,-0.009923634527642073,0.04252067608158639,0.0,0.06462287807196736,0.003666307746134114,0.014618425499039172,0.0470062103171494
motive_5,0.007700696252696856,-0.028268719579541926,-0.03203704773333745,0.06462287807196736,0.0,0.14638694736710423,0.019257686504657097,0.11913412987415592
motive_6,-0.06562907722831997,-0.028103627560956305,0.02785391657974247,0.003666307746134114,0.14638694736710423,0.0,-0.02555135914746043,0.13669221819149038
motive_7,0.06533847299279202,-0.07717480360618302,-0.12307056353728178,0.014618425499039172,0.019257686504657097,-0.02555135914746043,0.0,0.03241458015439884
motive_8,-0.015995445465748673,0.1408960323878845,-0.11464682885661093,0.0470062103171494,0.11913412987415592,0.13669221819149038,0.03241458015439884,0.0
