,motive_1,motive_2,motive_3,motive_4,motive_5,motive_6,motive_7,motive_8
motive_1,0.0,0.07204478345399251,0.0965069110310513,0.11743641294094641,0.011341218083673305,0.002007819927890557,0.08676408216027393,0.2327609042004879
motive_2,0.07204478345399251,0.0,0.11896564397156678,0.03695501890892239,0.17185910902083876,0.10521421079107816,0.15213494308839304,0.07959609993746902
motive_3,0.0965069110310513,0.11896564397156678,0.0,0.09294902044375919,0.0953053260080812,0.10628889301070671,-0.0014287974216065924,0.11744593997817074
motive_4,0.11743641294094641,0.03695501890892239,0.09294902044375919,0.0,0.20706608111531843,0.024677518351926588,0.020070947000735806,0.12056933434000597
motive_5,0.011341218083673305,0.17185910902083876,0.0953053260080812,0.20706608111531843,0.0,0.10315906700701113,0.18182308862495022,0.17647599532807454
motive_6,0.002007819927890557,0.10521421079107816,0.10628889301070671,0.024677518351926588,0.10315906700701113,0.0,0.1268257115782901,0.07289593384249074
motive_7,0.08676408216027393,0.15213494308839304,-0.0014287974216065924,0.020070947000735806,0.18182308862495022,0.1268257115782901,0.0,0.2293952579446677
motive_8,0.2327609042004879,0.07959609993746902,0.11744593997817074,0.12056933434000597,0.17647599532807454,0.07289593384249074,0.2293952579446677,0.0
