,motive_1,motive_2,motive_3,motive_4,motive_5,motive_6,motive_7,motive_8
satisfaction,0.6446656703300523,0.09200604686372321,0.18273872915621736,0.19997789916095143,-0.10916544055393751,-0.06075729244789935,-0.33636939900803475,0.4197756589752204
