,motive_1,motive_2,motive_3,motive_4,motive_5,motive_6,motive_7,motive_8
motive_1,0.0,0.4111357336531372,0.21651283441860622,0.38280154055099613,-0.08241688057147173,0.38221285356585444,0.14735903694423336,-0.09445419859318518
motive_2,0.4111357336531372,0.0,0.4150202807666027,-0.2973811528445125,-0.024172411418371516,-0.6696493743942009,0.5154264520650014,0.1362131820648187
motive_3,0.21651283441860622,0.4150202807666027,0.0,-0.18688315533406055,-0.17633899421774793,0.0595544852019302,-0.15739585514183824,-0.060901885514888676
motive_4,0.38280154055099613,-0.2973811528445125,-0.18688315533406055,0.0,-0.31780349467893776,0.0049498076287134984,0.7480146117193484,0.012584706676560531
motive_5,-0.08241688057147173,-0.024172411418371516,-0.17633899421774793,-0.31780349467893776,0.0,-0.5851887196128148,-0.7953322790146318,0.38491664208205073
motive_6,0.38221285356585444,-0.6696493743942009,0.0595544852019302,0.0049498076287134984,-0.5851887196128148,0.0,0.30287647308229165,0.5687247845545875
motive_7,0.14735903694423336,0.5154264520650014,-0.15739585514183824,0.7480146117193484,-0.7953322790146318,0.30287647308229165,0.0,0.17505746772951203
motive_8,-0.09445419859318518,0.1362131820648187,-0.060901885514888676,0.012584706676560531,0.38491664208205073,0.5687247845545875,0.17505746772951203,0.0
