,motive_1,motive_2,motive_3,motive_4,motive_5,motive_6,motive_7,motive_8
satisfaction,-0.09398961012438983,-0.22189058814843066,0.43223505222828584,0.2723326627923325,0.05220603068159749,0.561425068461864,0.519846314143761,0.9192498883868565
