,motive_1,motive_2,motive_3,motive_4,motive_5,motive_6,motive_7,motive_8
motive_1,0.0,-0.15791180197555793,0.01789953422757245,-0.020150282150730035,-0.03267344517608638,0.018940413234145942,-0.030164504580051307,0.019259197869149834
motive_2,-0.15791180197555793,0.0,-0.007591536207091028,0.07996773643214547,-0.0015577829343962207,0.07076193644101197,-0.024038731143597992,-0.0806957865817001
motive_3,0.01789953422757245,-0.007591536207091028,0.0,0.15340654511352028,-0.08856111601222483,0.05763440272763015,0.014210204869639871,-0.023323238551688275
motive_4,-0.020150282150730035,0.07996773643214547,0.15340654511352028,0.0,0.05866698836317987,-0.08501163401674537,0.020666969991313712,-0.09190862882126256
motive_5,-0.03267344517608638,-0.0015577829343962207,-0.08856111601222483,0.05866698836317987,0.0,-0.031252451905611295,-0.1406963177354238,0.007375575934443634
motive_6,0.018940413234145942,0.07076193644101197,0.05763440272763015,-0.08501163401674537,-0.031252451905611295,0.0,-0.03713111937930254,0.03528110858879072
motive_7,-0.030164504580051307,-0.024038731143597992,0.014210204869639871,0.020666969991313712,-0.1406963177354238,-0.03713111937930254,0.0,0.02284691712479932
motive_8,0.019259197869149834,-0.0806957865817001,-0.023323238551688275,-0.09190862882126256,0.007375575934443634,0.03528110858879072,0.02284691712479932,0.0
