,motive_1,motive_2,motive_3,motive_4,motive_5,motive_6,motive_7,motive_8
motive_1,0.0,0.06064230267753875,0.13086848175569082,0.11017678258488298,0.15069244413219038,0.02195487661694409,0.06301990369423874,0.06185023565889618
motive_2,0.06064230267753875,0.0,0.1887835693124852,0.10631294403911822,0.1983051923855108,0.22970798678315268,0.06641528615976033,0.08992484708142079
motive_3,0.13086848175569082,0.1887835693124852,0.0,0.12976206347879357,0.19726753865737667,0.06291545089118156,0.10989667256295585,0.13809293012223592
motive_4,0.11017678258488298,0.10631294403911822,0.12976206347879357,0.0,0.16916828726716626,0.13157933936101207,0.13804148649946169,0.07919409538935199
motive_5,0.15069244413219038,0.1983051923855108,0.19726753865737667,0.16916828726716626,0.0,0.17760449133499123,0.125947437287358,0.05061681206516126
motive_6,0.02195487661694409,0.22970798678315268,0.06291545089118156,0.13157933936101207,0.17760449133499123,0.0,0.004293607486344261,0.12125082347150165
motive_7,0.06301990369423874,0.06641528615976033,0.10989667256295585,0.13804148649946169,0.125947437287358,0.004293607486344261,0.0,0.15208265525575335
motive_8,0.06185023565889618,0.08992484708142079,0.13809293012223592,0.07919409538935199,0.05061681206516126,0.12125082347150165,0.15208265525575335,0.0
