,motive_1,motive_2,motive_3,motive_4,motive_5,motive_6,motive_7,motive_8
motive_1,0.0,0.44112119300059977,-0.007904166562651124,-0.0904075671902887,-0.2281968388322744,0.5299572562463793,-0.048049103515860225,0.45413829289138546
motive_2,0.44112119300059977,0.0,0.25605046039216506,-0.17095380822387485,0.3933165925797918,0.21437219014058725,-0.3144440550320461,-0.14021258149120555
motive_3,-0.007904166562651124,0.25605046039216506,0.0,-0.030797763165701597,-0.13036051862665848,0.125809606389996,0.0060881900683962265,-0.5067620563555051
motive_4,-0.0904075671902887,-0.17095380822387485,-0.030797763165701597,0.0,-0.039820792547917594,0.47072093063022596,-0.6298916745141974,0.03447798218890154
motive_5,-0.2281968388322744,0.3933165925797918,-0.13036051862665848,-0.039820792547917594,0.0,-0.11277356617274487,-0.015418701768834642,-0.37020124577462643
motive_6,0.5299572562463793,0.21437219014058725,0.125809606389996,0.47072093063022596,-0.11277356617274487,0.0,0.2030895457858639,0.25556153821372246
motive_7,-0.048049103515860225,-0.3144440550320461,0.0060881900683962265,-0.6298916745141974,-0.015418701768834642,0.2030895457858639,0.0,-0.11515685167388484
motive_8,0.45413829289138546,-0.14021258149120555,-0.5067620563555051,0.03447798218890154,-0.37020124577462643,0.25556153821372246,-0.11515685167388484,0.0
