,motive_1,motive_2,motive_3,motive_4,motive_5,motive_6,motive_7,motive_8
motive_1,0.0,0.07692060312800897,3.8923012927433165e-05,0.06552025127473218,0.090781709991129,0.05056123682044511,0.05129405224451787,0.09082801154350768
motive_2,0.07692060312800897,0.0,0.2569112803928724,0.001729379231333976,0.15296022312942267,0.1345871670027135,0.19377566237509153,0.07933500658200203
motive_3,3.8923012927433165e-05,0.2569112803928724,0.0,0.11115953800560882,0.13840977901229312,0.04242185407319028,0.03684884955468538,0.11226690990924662
motive_4,0.06552025127473218,0.001729379231333976,0.11115953800560882,0.0,0.09230083435682362,-0.05295679664777084,0.17409403376709892,0.09382883261509496
motive_5,0.090781709991129,0.15296022312942267,0.13840977901229312,0.09230083435682362,0.0,0.13685412073214479,-0.07300039422520525,0.0706236948326965
motive_6,0.05056123682044511,0.1345871670027135,0.04242185407319028,-0.05295679664777084,0.13685412073214479,0.0,0.08675506415047997,-0.03418393579673263
motive_7,0.05129405224451787,0.19377566237509153,0.03684884955468538,0.17409403376709892,-0.07300039422520525,0.08675506415047997,0.0,0.028445732095133694
motive_8,0.09082801154350768,0.07933500658200203,0.11226690990924662,0.09382883261509496,0.0706236948326965,-0.03418393579673263,0.028445732095133694,0.0
