,motive_1,motive_2,motive_3,motive_4,motive_5,motive_6,motive_7,motive_8
motive_1,0.0,0.18540586842627144,0.15504767097254507,0.20632145895513154,0.05671033640029283,0.17731844544170428,0.17189522712103003,0.35635857653516123
motive_2,0.18540586842627144,0.0,0.21242492675932143,0.02238858426590897,0.18414483274894927,0.06404811187423715,-0.11973101568759195,0.5519149186919218
motive_3,0.15504767097254507,0.21242492675932143,0.0,0.208939118998766,0.4288459093210137,0.4387994054801838,-0.06663588636652198,0.3328516332198907
motive_4,0.20632145895513154,0.02238858426590897,0.208939118998766,0.0,0.5794397644357043,0.06157166455930842,-0.2294923681922348,0.4750242958081718
motive_5,0.05671033640029283,0.18414483274894927,0.4288459093210137,0.5794397644357043,0.0,0.6211599318823435,0.19448332768694104,0.16929987900692028
motive_6,0.17731844544170428,0.06404811187423715,0.4387994054801838,0.06157166455930842,0.6211599318823435,0.0,0.24335078999078302,0.0724477230512503
motive_7,0.17189522712103003,-0.11973101568759195,-0.06663588636652198,-0.2294923681922348,0.19448332768694104,0.24335078999078302,0.0,0.4571134113827534
motive_8,0.35635857653516123,0.5519149186919218,0.3328516332198907,0.4750242958081718,0.16929987900692028,0.0724477230512503,0.4571134113827534,0.0
