,motive_1,motive_2,motive_3,motive_4,motive_5,motive_6,motive_7,motive_8
motive_1,0.0,-0.02961745016777187,-0.0613077756640679,0.002824879750277908,0.048941365665057225,0.16127374774665001,-0.060946558857717825,-0.03778696238553493
motive_2,-0.02961745016777187,0.0,-0.0029606020748296283,-0.12376574915432781,-0.12278507682869828,-0.05249791677575546,0.026637142205499436,-0.03276144778462918
motive_3,-0.0613077756640679,-0.0029606020748296283,0.0,0.14372165420085378,0.04435377895458595,-0.09251697723707647,-0.13007519019588398,-0.09315376954103285
motive_4,0.002824879750277908,-0.12376574915432781,0.14372165420085378,0.0,-0.04371738584852604,0.09174167296213653,-0.01796384805345168,-0.026873969706057793
motive_5,0.048941365665057225,-0.12278507682869828,0.04435377895458595,-0.04371738584852604,0.0,0.02673911174787393,-0.0463868898317055,0.13678284072546268
motive_6,0.16127374774665001,-0.05249791677575546,-0.09251697723707647,0.09174167296213653,0.02673911174787393,0.0,-0.13865118024769568,-0.11723356704532527
motive_7,-0.060946558857717825,0.026637142205499436,-0.13007519019588398,-0.01796384805345168,-0.0463868898317055,-0.13865118024769568,0.0,0.012892082356060208
motive_8,-0.03778696238553493,-0.03276144778462918,-0.09315376954103285,-0.026873969706057793,0.13678284072546268,-0.11723356704532527,0.012892082356060208,0.0
