,motive_1,motive_2,motive_3,motive_4,motive_5,motive_6,motive_7,motive_8
motive_1,0.0,0.09713512502962948,0.04478726144448007,-0.037192744302596545,-0.04117799689104919,-0.036127913843938285,-0.10841451987623572,-0.07486364647302611
motive_2,0.09713512502962948,0.0,0.13615583031170006,-0.04131316900543773,-0.03837414607183561,-0.023372760299865313,-0.007717086388857991,0.04529065413490602
motive_3,0.04478726144448007,0.13615583031170006,0.0,0.09339275602045186,-0.0053773636320665705,-0.02767704203510326,-0.02679094493994061,-0.03283061572412911
motive_4,-0.037192744302596545,-0.04131316900543773,0.09339275602045186,0.0,0.07801450727986875,0.014282654450675093,-0.02291901979764937,0.12437185114917551
motive_5,-0.04117799689104919,-0.03837414607183561,-0.0053773636320665705,0.07801450727986875,0.0,0.09378108105859445,-0.00182348009564174,0.05120708607784947
motive_6,-0.036127913843938285,-0.023372760299865313,-0.02767704203510326,0.014282654450675093,0.09378108105859445,0.0,0.08602713383974406,0.029227632879619023
motive_7,-0.10841451987623572,-0.007717086388857991,-0.02679094493994061,-0.02291901979764937,-0.00182348009564174,0.08602713383974406,0.0,-0.04914736493532196
motive_8,-0.07486364647302611,0.04529065413490602,-0.03283061572412911,0.12437185114917551,0.05120708607784947,0.029227632879619023,-0.04914736493532196,0.0
