,motive_1,motive_2,motive_3,motive_4,motive_5,motive_6,motive_7,motive_8
satisfaction,-0.07566303156887191,0.383384535275494,0.2771004403110082,0.425635923086501,0.21765158821228367,-0.22737379932844362,0.41537973902438796,0.04148994182365842
