,motive_1,motive_2,motive_3,motive_4,motive_5,motive_6,motive_7,motive_8
motive_1,0.0,-0.016882279977217543,-0.06120732765031678,0.06217152121100365,0.2071157702573067,-0.023548241924228323,0.021266108984354614,0.0331597254431306
motive_2,-0.016882279977217543,0.0,-0.06621141346790566,0.03148298427639831,0.03096370639316211,-0.01973045524803101,0.005682470043446294,0.10639856253738002
motive_3,-0.06120732765031678,-0.06621141346790566,0.0,0.008449655078610945,0.14923117411965603,-0.1068707213160384,0.03012719220376766,-0.03824070937409123
motive_4,0.06217152121100365,0.03148298427639831,0.008449655078610945,0.0,-0.0008382257752297881,0.007091695737578962,0.01026191075994045,-0.0628193676912481
motive_5,0.2071157702573067,0.03096370639316211,0.14923117411965603,-0.0008382257752297881,0.0,-0.08959786678775036,0.19323058058779008,-0.1390199262378346
motive_6,-0.023548241924228323,-0.01973045524803101,-0.1068707213160384,0.007091695737578962,-0.08959786678775036,0.0,-0.09850827405322828,0.03083413101415361
motive_7,0.021266108984354614,0.005682470043446294,0.03012719220376766,0.01026191075994045,0.19323058058779008,-0.09850827405322828,0.0,0.05758397022315613
motive_8,0.0331597254431306,0.10639856253738002,-0.03824070937409123,-0.0628193676912481,-0.1390199262378346,0.03083413101415361,0.05758397022315613,0.0
