,motive_1,motive_2,motive_3,motive_4,motive_5,motive_6,motive_7,motive_8
satisfaction,-0.047371520536998696,0.008530780070669305,-0.027931795973359153,-0.05800309989560626,-0.09645649223305552,0.05530380120353801,0.004109785876140665,0.030054280492863156
