,motive_1,motive_2,motive_3,motive_4,motive_5,motive_6,motive_7,motive_8
motive_1,0.0,0.2625101206234756,-0.5260502799338551,0.22543705311605677,0.323505404192815,0.02551534487712004,-0.36019918806663065,-0.006547103996985229
motive_2,0.2625101206234756,0.0,0.9029063586702426,0.2654783855735158,0.9255349795391868,-0.18254400007483682,-0.031061231015146296,0.47310473422912924
motive_3,-0.5260502799338551,0.9029063586702426,0.0,0.28011538252916063,0.3751804524284079,0.039596288365591883,0.36060888193461627,0.13056776035928036
motive_4,0.22543705311605677,0.2654783855735158,0.28011538252916063,0.0,-0.3541110471139434,0.4055613140105502,-0.33702582663794756,0.04749844700982353
motive_5,0.323505404192815,0.9255349795391868,0.3751804524284079,-0.3541110471139434,0.0,0.15869380587096563,0.24153035831332859,0.33133589858381934
motive_6,0.02551534487712004,-0.18254400007483682,0.039596288365591883,0.4055613140105502,0.15869380587096563,0.0,0.5464618862363392,0.034491026285350834
motive_7,-0.36019918806663065,-0.031061231015146296,0.36060888193461627,-0.33702582663794756,0.24153035831332859,0.5464618862363392,0.0,0.22885376186851691
motive_8,-0.006547103996985229,0.47310473422912924,0.13056776035928036,0.04749844700982353,0.33133589858381934,0.034491026285350834,0.22885376186851691,0.0
