,motive_1,motive_2,motive_3,motive_4,motive_5,motive_6,motive_7,motive_8
satisfaction,0.282052874924151,0.24307403262645286,0.29120505046418066,0.14479925685237205,0.38016442853719645,-0.0441443252184483,0.34615868297102576,0.3029096684056045
