,motive_1,motive_2,motive_3,motive_4,motive_5,motive_6,motive_7,motive_8
satisfaction,-0.045409031819290235,-0.15279602233145484,0.1157418515879631,-0.3947595310148954,0.17933247073415623,0.3135155922127526,0.2210453828883671,0.26335515972417034
