,motive_1,motive_2,motive_3,motive_4,motive_5,motive_6,motive_7,motive_8
satisfaction,0.20185976630068606,0.15607382794635427,0.26102986091904623,0.18640534452861068,0.22870386617129757,0.3779956983443217,0.22110528089654657,0.2458947931194191
