,motive_1,motive_2,motive_3,motive_4,motive_5,motive_6,motive_7,motive_8
motive_1,0.0,0.4045913336029956,0.5598322758807457,0.4412694058079704,0.485105625587825,0.5789476880245544,0.19878884839754124,0.18288760104783533
motive_2,0.4045913336029956,0.0,0.46795650383224885,0.4201654405001485,0.44181118069223346,0.5656187564270642,0.24006936297687284,0.4334465361707962
motive_3,0.5598322758807457,0.46795650383224885,0.0,0.29549426300115317,0.4720875335729801,0.5312168728006056,0.5647505148082346,0.13922260458505262
motive_4,0.4412694058079704,0.4201654405001485,0.29549426300115317,0.0,0.029628165108202487,0.40700417566932656,0.5138090933715389,0.44810208012770086
motive_5,0.485105625587825,0.44181118069223346,0.4720875335729801,0.029628165108202487,0.0,0.675509165574651,0.12340041729227305,0.3065062089720062
motive_6,0.5789476880245544,0.5656187564270642,0.5312168728006056,0.40700417566932656,0.675509165574651,0.0,0.31073912249638624,0.33526044149897216
motive_7,0.19878884839754124,0.24006936297687284,0.5647505148082346,0.5138090933715389,0.12340041729227305,0.31073912249638624,0.0,0.739847906362211
motive_8,0.18288760104783533,0.4334465361707962,0.13922260458505262,0.44810208012770086,0.3065062089720062,0.33526044149897216,0.739847906362211,0.0
