,motive_1,motive_2,motive_3,motive_4,motive_5,motive_6,motive_7,motive_8
satisfaction,-0.21917648833707118,0.006911336347396879,0.04775153745438715,0.31216997457916174,0.1212697024422635,0.25530570196582836,-0.06527447569437192,0.3744593873211639
