,motive_1,motive_2,motive_3,motive_4,motive_5,motive_6,motive_7,motive_8
motive_1,0.0,-0.38912479086798696,0.4294151430687405,0.06733536660138749,-0.9094981716699038,-0.5167975946762519,0.3470263119675786,0.25404512149478825
motive_2,-0.38912479086798696,0.0,-0.37677911233384037,0.556586897864382,0.6547328855044803,0.2937278016332677,0.7614290937884435,0.4306979144505445
motive_3,0.4294151430687405,-0.37677911233384037,0.0,0.2900726768160401,0.6497070968260643,0.7522672316081597,-0.15561001885334996,-0.05776172078573226
motive_4,0.06733536660138749,0.556586897864382,0.2900726768160401,0.0,0.9736738696482183,0.30607163914996727,0.36351444875998895,0.6811248128421741
motive_5,-0.9094981716699038,0.6547328855044803,0.6497070968260643,0.9736738696482183,0.0,0.3746011276859259,0.47592577672253783,0.5521108122696012
motive_6,-0.5167975946762519,0.2937278016332677,0.7522672316081597,0.30607163914996727,0.3746011276859259,0.0,-0.3279967549657729,-0.0799964082343313
motive_7,0.3470263119675786,0.7614290937884435,-0.15561001885334996,0.36351444875998895,0.47592577672253783,-0.3279967549657729,0.0,0.7892413071981697
motive_8,0.25404512149478825,0.4306979144505445,-0.05776172078573226,0.6811248128421741,0.5521108122696012,-0.0799964082343313,0.7892413071981697,0.0
