,motive_1,motive_2,motive_3,motive_4,motive_5,motive_6,motive_7,motive_8
motive_1,0.0,0.8834183075528074,0.569016698526567,0.6781848301932111,0.5801761870990204,0.2552372494889499,0.26405327641301446,0.42868650481269144
motive_2,0.8834183075528074,0.0,0.2960223095256529,0.3138747051998519,0.6574049929770847,0.33560854729558653,0.3850611103878504,0.4750582291106862
motive_3,0.569016698526567,0.2960223095256529,0.0,0.6592385784584012,0.6039523118113169,0.3323128020849623,0.4579114864689917,0.6238526829732123
motive_4,0.6781848301932111,0.3138747051998519,0.6592385784584012,0.0,0.4614809024712725,0.06684023640723555,0.43290610358652115,0.11556158975800074
motive_5,0.5801761870990204,0.6574049929770847,0.6039523118113169,0.4614809024712725,0.0,0.46422676409401054,0.26847040121662935,0.41767825760007443
motive_6,0.2552372494889499,0.33560854729558653,0.3323128020849623,0.06684023640723555,0.46422676409401054,0.0,0.5205023252070937,0.27006811827566657
motive_7,0.26405327641301446,0.3850611103878504,0.4579114864689917,0.43290610358652115,0.26847040121662935,0.5205023252070937,0.0,0.5885553831463413
motive_8,0.42868650481269144,0.4750582291106862,0.6238526829732123,0.11556158975800074,0.41767825760007443,0.27006811827566657,0.5885553831463413,0.0
