,motive_1,motive_2,motive_3,motive_4,motive_5,motive_6,motive_7,motive_8
satisfaction,-0.05723192444880951,-0.022483465226621854,0.010206772764700806,0.18061129996262817,0.2336660374374427,0.26490358210369386,-0.38854610296796555,0.2634228823901513
