,motive_1,motive_2,motive_3,motive_4,motive_5,motive_6,motive_7,motive_8
motive_1,0.0,0.15275934092841575,0.21223744105049647,0.03768171014857033,0.24382872037378692,0.03396677729366378,0.0681971877787164,0.09227741779405593
motive_2,0.15275934092841575,0.0,0.12212205297015069,0.11960059419600207,0.04774976630167783,0.1093605592589372,0.08170109805570118,0.027641545226098088
motive_3,0.21223744105049647,0.12212205297015069,0.0,0.1511652485053161,0.2250835175618205,0.1169501408524734,0.1174618151829734,0.16395834231725395
motive_4,0.03768171014857033,0.11960059419600207,0.1511652485053161,0.0,0.00898646686307343,0.019565115997492957,0.1174504909117638,0.1095782281355901
motive_5,0.24382872037378692,0.04774976630167783,0.2250835175618205,0.00898646686307343,0.0,-0.04787022993547868,0.2153577553419247,0.06829412630361266
motive_6,0.03396677729366378,0.1093605592589372,0.1169501408524734,0.019565115997492957,-0.04787022993547868,0.0,0.13525381881924986,0.08987761119733945
motive_7,0.0681971877787164,0.08170109805570118,0.1174618151829734,0.1174504909117638,0.2153577553419247,0.13525381881924986,0.0,-0.04752611733249437
motive_8,0.09227741779405593,0.027641545226098088,0.16395834231725395,0.1095782281355901,0.06829412630361266,0.08987761119733945,-0.04752611733249437,0.0
