,motive_1,motive_2,motive_3,motive_4,motive_5,motive_6,motive_7,motive_8
motive_1,0.0,-0.031597073662657196,0.0638085466515872,-0.031875310872332405,0.04261826038919701,0.010473343295080172,0.06329024318103751,-0.06593485988127773
motive_2,-0.031597073662657196,0.0,-0.044151968780267885,0.035336977183285434,0.12950378075408053,-0.0608271210302114,0.08586174683622962,0.14856944543167255
motive_3,0.0638085466515872,-0.044151968780267885,0.0,0.22108883767061976,-0.034287455143917143,-0.025898448508900634,-0.06975544277041762,0.042336310013490815
motive_4,-0.031875310872332405,0.035336977183285434,0.22108883767061976,0.0,0.040197233681275486,-0.0070170911264123,0.004326348606163502,0.04918462820830591
motive_5,0.04261826038919701,0.12950378075408053,-0.034287455143917143,0.040197233681275486,0.0,-0.022283072896954588,-0.0514429793981654,-0.02104319292456573
motive_6,0.010473343295080172,-0.0608271210302114,-0.025898448508900634,-0.0070170911264123,-0.022283072896954588,0.0,0.02267888677146439,0.01827413219618806
motive_7,0.06329024318103751,0.08586174683622962,-0.06975544277041762,0.004326348606163502,-0.0514429793981654,0.02267888677146439,0.0,-0.04054020150846698
motive_8,-0.06593485988127773,0.14856944543167255,0.042336310013490815,0.04918462820830591,-0.02104319292456573,0.01827413219618806,-0.04054020150846698,0.0
