,motive_1,motive_2,motive_3,motive_4,motive_5,motive_6,motive_7,motive_8
motive_1,0.0,0.9609415075618466,0.2675605018034364,0.15455535531595505,0.3879595757915374,0.552916749435763,0.49483371240657736,0.14499846022699261
motive_2,0.9609415075618466,0.0,0.6597661831643292,0.1502234715064612,0.19819465683717982,0.17067732779704706,0.2145201241605948,0.5665681224420992
motive_3,0.2675605018034364,0.6597661831643292,0.0,0.5854070996266088,0.5228097320678938,0.08762338204146103,0.31648954918156613,0.14295090185050138
motive_4,0.15455535531595505,0.1502234715064612,0.5854070996266088,0.0,0.46090911314244676,0.5104596935671804,0.6533990473354364,0.5153155249661063
motive_5,0.3879595757915374,0.19819465683717982,0.5228097320678938,0.46090911314244676,0.0,0.30602886622550185,0.43776793612707005,0.31247135234036216
motive_6,0.552916749435763,0.17067732779704706,0.08762338204146103,0.5104596935671804,0.30602886622550185,0.0,0.3494372493993031,0.6712970057473152
motive_7,0.49483371240657736,0.2145201241605948,0.31648954918156613,0.6533990473354364,0.43776793612707005,0.3494372493993031,0.0,0.711993721865902
motive_8,0.14499846022699261,0.5665681224420992,0.14295090185050138,0.5153155249661063,0.31247135234036216,0.6712970057473152,0.711993721865902,0.0
