,motive_1,motive_2,motive_3,motive_4,motive_5,motive_6,motive_7,motive_8
motive_1,0.0,0.03699720599511039,0.05428091017841895,0.134932390762097,0.06803528884003257,0.1846618843581963,0.1881833303889945,0.06641032501301858
motive_2,0.03699720599511039,0.0,0.15137163340648224,0.02161071840677763,0.2047008917400383,0.12201166556125514,0.0032889623919794622,0.1976790515893056
motive_3,0.05428091017841895,0.15137163340648224,0.0,-0.08554595387512937,0.1083216199343297,0.1349112095581476,0.23161694886755052,0.05283512920052129
motive_4,0.134932390762097,0.02161071840677763,-0.08554595387512937,0.0,0.12715621738084235,0.09051263840691087,0.21378555622517476,0.08411797598112973
motive_5,0.06803528884003257,0.2047008917400383,0.1083216199343297,0.12715621738084235,0.0,0.11381622175322734,0.20390167975446732,0.11999702832638508
motive_6,0.1846618843581963,0.12201166556125514,0.1349112095581476,0.09051263840691087,0.11381622175322734,0.0,0.11571683544673833,0.15828633525239158
motive_7,0.1881833303889945,0.0032889623919794622,0.23161694886755052,0.21378555622517476,0.20390167975446732,0.11571683544673833,0.0,0.1711243362702436
motive_8,0.06641032501301858,0.1976790515893056,0.05283512920052129,0.08411797598112973,0.11999702832638508,0.15828633525239158,0.1711243362702436,0.0
