,motive_1,motive_2,motive_3,motive_4,motive_5,motive_6,motive_7,motive_8
satisfaction,0.16473183034426864,0.8578052434827792,0.41852658442033225,0.24348378414387667,-0.20235087032656895,-0.4067439179132201,0.2069156753456786,0.1932758399551441
