,motive_1,motive_2,motive_3,motive_4,motive_5,motive_6,motive_7,motive_8
satisfaction,0.1932667069093001,0.10236472613968549,-0.018485827408681765,-0.18955107991073475,0.16647951840428454,0.23682272473435162,0.06458450354217485,0.24133342069624658
