,motive_1,motive_2,motive_3,motive_4,motive_5,motive_6,motive_7,motive_8
satisfaction,0.10682313263616869,0.2675146949603751,0.45998266721477704,0.005661732786981399,0.7249159824231661,-0.17621163319430588,0.4138238360668296,-0.04661941482414425
