,motive_1,motive_2,motive_3,motive_4,motive_5,motive_6,motive_7,motive_8
motive_1,0.0,0.07422293543778546,0.15096897976339163,-0.3241076260197673,-0.3287715715843826,-0.04341996771244318,-0.17099588083966066,-0.21558685918967097
motive_2,0.07422293543778546,0.0,0.03607913047391814,0.2559229212478118,-0.019208905664398812,-0.5864806374003482,-0.36774702146413873,0.629481598764731
motive_3,0.15096897976339163,0.03607913047391814,0.0,-0.26339946353898774,-0.2888649644175638,0.16706593053172733,-0.5591775366480028,0.05643161679706432
motive_4,-0.3241076260197673,0.2559229212478118,-0.26339946353898774,0.0,-0.08340153758374694,-0.11781587854896147,-0.17411197199607634,0.45823266272826957
motive_5,-0.3287715715843826,-0.019208905664398812,-0.2888649644175638,-0.08340153758374694,0.0,0.17723828564667246,0.4926170773099977,-0.4587698868738244
motive_6,-0.04341996771244318,-0.5864806374003482,0.16706593053172733,-0.11781587854896147,0.17723828564667246,0.0,-0.34890618525193545,0.3189532099935184
motive_7,-0.17099588083966066,-0.36774702146413873,-0.5591775366480028,-0.17411197199607634,0.4926170773099977,-0.34890618525193545,0.0,0.003953536076216166
motive_8,-0.21558685918967097,0.629481598764731,0.05643161679706432,0.45823266272826957,-0.4587698868738244,0.3189532099935184,0.003953536076216166,0.0
