,motive_1,motive_2,motive_3,motive_4,motive_5,motive_6,motive_7,motive_8
motive_1,0.0,0.23863645515229834,0.07453945600492373,0.1970559953518753,0.06547426338584175,-0.11449637896148424,-0.3309695700470646,0.7374919320366403
motive_2,0.23863645515229834,0.0,0.16806966200590304,0.37294759384827564,-0.005961060320516187,0.2950732493791706,0.18737042944791216,0.5341159227645873
motive_3,0.07453945600492373,0.16806966200590304,0.0,0.184394751338246,0.565817015148709,1.135708769266412,0.3649609760458248,-0.127126989794105
motive_4,0.1970559953518753,0.37294759384827564,0.184394751338246,0.0,-0.0006822605082406619,-0.3342765465586766,0.3501415362115905,-0.5241539573019622
motive_5,0.06547426338584175,-0.005961060320516187,0.565817015148709,-0.0006822605082406619,0.0,0.3123314083458987,0.9406008364578592,-0.5408387802812238
motive_6,-0.11449637896148424,0.2950732493791706,1.135708769266412,-0.3342765465586766,0.3123314083458987,0.0,0.5855828886514596,0.5752431859635608
motive_7,-0.3309695700470646,0.18737042944791216,0.3649609760458248,0.3501415362115905,0.9406008364578592,0.5855828886514596,0.0,-0.03469457599184572
motive_8,0.7374919320366403,0.5341159227645873,-0.127126989794105,-0.5241539573019622,-0.5408387802812238,0.5752431859635608,-0.03469457599184572,0.0
