,motive_1,motive_2,motive_3,motive_4,motive_5,motive_6,motive_7,motive_8
motive_1,0.0,-0.09380291778648597,-0.950321924472086,0.3134877488426822,-0.5840667082956841,0.37491491724083514,-0.037586547327885855,-0.11321979858748263
motive_2,-0.09380291778648597,0.0,0.016251106138239352,0.11279469093353983,0.32998259664855834,-0.4578699100306488,0.596077393852811,0.07717038188000025
motive_3,-0.950321924472086,0.016251106138239352,0.0,-0.11885381921007537,0.6940302060936668,-0.8671210638937075,0.19761531342953137,0.38153923585428473
motive_4,0.3134877488426822,0.11279469093353983,-0.11885381921007537,0.0,-0.11557214907925178,0.010625166682572365,0.015151517846543894,-0.24338401190058168
motive_5,-0.5840667082956841,0.32998259664855834,0.6940302060936668,-0.11557214907925178,0.0,0.2242000371023719,0.849087579086083,-0.4168238417476896
motive_6,0.37491491724083514,-0.4578699100306488,-0.8671210638937075,0.010625166682572365,0.2242000371023719,0.0,0.16884832608355504,-0.1214567346182841
motive_7,-0.037586547327885855,0.596077393852811,0.19761531342953137,0.015151517846543894,0.849087579086083,0.16884832608355504,0.0,0.03778343381493521
motive_8,-0.11321979858748263,0.07717038188000025,0.38153923585428473,-0.24338401190058168,-0.4168238417476896,-0.1214567346182841,0.03778343381493521,0.0
