,motive_1,motive_2,motive_3,motive_4,motive_5,motive_6,motive_7,motive_8
satisfaction,-0.43524346796217617,0.3705684503323894,0.10776695423390319,0.1091492935011218,0.19742208943531744,0.4069663006297185,0.17576854364368347,0.025464450005560316
