,motive_1,motive_2,motive_3,motive_4,motive_5,motive_6,motive_7,motive_8
motive_1,0.0,0.0189758245217736,0.08846941067543238,0.10191472767195398,0.12380891373781415,0.07597313856407292,0.18260818942334198,-0.04377751329861365
motive_2,0.0189758245217736,0.0,0.13447059562212624,0.0091375622922856,0.19871734312188336,-0.0045158395655619105,0.06487503918703369,0.1774276289359199
motive_3,0.08846941067543238,0.13447059562212624,0.0,0.045744867779399706,0.14137811533597133,0.021083057846673303,0.07093751700399202,0.1667202647483349
motive_4,0.10191472767195398,0.0091375622922856,0.045744867779399706,0.0,-0.024801791883521634,0.08538297351258167,-0.004967430745919592,0.17065491776195255
motive_5,0.12380891373781415,0.19871734312188336,0.14137811533597133,-0.024801791883521634,0.0,0.14701356198281434,0.10952295116054186,0.05794106435070306
motive_6,0.07597313856407292,-0.0045158395655619105,0.021083057846673303,0.08538297351258167,0.14701356198281434,0.0,-0.018802262735396636,0.24129432972095718
motive_7,0.18260818942334198,0.06487503918703369,0.07093751700399202,-0.004967430745919592,0.10952295116054186,-0.018802262735396636,0.0,0.09944573647305266
motive_8,-0.04377751329861365,0.1774276289359199,0.1667202647483349,0.17065491776195255,0.05794106435070306,0.24129432972095718,0.09944573647305266,0.0
