,motive_1,motive_2,motive_3,motive_4,motive_5,motive_6,motive_7,motive_8
motive_1,0.0,0.38643355906887955,-0.4125867505551412,0.34282619088859406,0.6563315711189263,0.7106517756297273,0.11640420097242014,0.6006081238346535
motive_2,0.38643355906887955,0.0,0.03196078546724862,-0.018665450155525343,0.8465412577780433,0.2982165121724508,-0.009397485223845203,0.5657399550599937
motive_3,-0.4125867505551412,0.03196078546724862,0.0,-0.6106014030855532,-0.6395314961117207,-0.2606347003526493,-0.6773056372688111,0.0890920696181071
motive_4,0.34282619088859406,-0.018665450155525343,-0.6106014030855532,0.0,-0.11530124727579832,-0.4269450538053621,-0.24709935603048083,0.6025144067332562
motive_5,0.6563315711189263,0.8465412577780433,-0.6395314961117207,-0.11530124727579832,0.0,-0.039647880270071933,-0.2651977868563596,0.16085308436736745
motive_6,0.7106517756297273,0.2982165121724508,-0.2606347003526493,-0.4269450538053621,-0.039647880270071933,0.0,0.009953775005262136,0.35973351223637573
motive_7,0.11640420097242014,-0.009397485223845203,-0.6773056372688111,-0.24709935603048083,-0.2651977868563596,0.009953775005262136,0.0,0.2165845318750349
motive_8,0.6006081238346535,0.5657399550599937,0.0890920696181071,0.6025144067332562,0.16085308436736745,0.35973351223637573,0.2165845318750349,0.0
