,motive_1,motive_2,motive_3,motive_4,motive_5,motive_6,motive_7,motive_8
motive_1,0.0,0.2835857437612047,0.277927781621188,0.3230142130587936,0.291593628897608,0.41229351736928316,0.32987267056293634,0.5804001224008611
motive_2,0.2835857437612047,0.0,0.17618727356793124,0.4943644267884732,0.2848484746173967,-0.11660063714051275,0.41892899317968313,-0.10354712799080669
motive_3,0.277927781621188,0.17618727356793124,0.0,0.6968021433767478,0.01881149251056663,0.046251366371757946,0.4360286046565446,0.08202527948928859
motive_4,0.3230142130587936,0.4943644267884732,0.6968021433767478,0.0,-0.10887053093261803,0.2816809357488359,0.3026010139851001,0.39447224946805715
motive_5,0.291593628897608,0.2848484746173967,0.01881149251056663,-0.10887053093261803,0.0,0.4661179032876474,0.32652946884425965,0.18641047947293177
motive_6,0.41229351736928316,-0.11660063714051275,0.046251366371757946,0.2816809357488359,0.4661179032876474,0.0,0.5995822868096031,0.2940586800262266
motive_7,0.32987267056293634,0.41892899317968313,0.4360286046565446,0.3026010139851001,0.32652946884425965,0.5995822868096031,0.0,-0.009147819634677062
motive_8,0.5804001224008611,-0.10354712799080669,0.08202527948928859,0.39447224946805715,0.18641047947293177,0.2940586800262266,-0.009147819634677062,0.0
