,motive_1,motive_2,motive_3,motive_4,motive_5,motive_6,motive_7,motive_8
motive_1,0.0,0.7348678174143399,0.41242003028033913,0.44599015092396554,0.5086183009203252,0.4322607875937754,0.5676643041542597,0.5205518479443674
motive_2,0.7348678174143399,0.0,0.6042090913644346,0.24643778394489124,0.41636416060591186,0.5342510193409884,0.6437073249576735,0.5323007816235
motive_3,0.41242003028033913,0.6042090913644346,0.0,0.15012024082174666,0.2849936316516419,0.530287242329286,0.6108983836426016,0.2908526057150582
motive_4,0.44599015092396554,0.24643778394489124,0.15012024082174666,0.0,0.6870350912969465,0.10221639379646197,0.4237294085835431,0.607116568687375
motive_5,0.5086183009203252,0.41636416060591186,0.2849936316516419,0.6870350912969465,0.0,0.45051511764175334,0.22772625180078415,0.3367158356119697
motive_6,0.4322607875937754,0.5342510193409884,0.530287242329286,0.10221639379646197,0.45051511764175334,0.0,0.17340974108371104,0.32743593379071045
motive_7,0.5676643041542597,0.6437073249576735,0.6108983836426016,0.4237294085835431,0.22772625180078415,0.17340974108371104,0.0,0.4136592063927092
motive_8,0.5205518479443674,0.5323007816235,0.2908526057150582,0.607116568687375,0.3367158356119697,0.32743593379071045,0.4136592063927092,0.0
