,motive_1,motive_2,motive_3,motive_4,motive_5,motive_6,motive_7,motive_8
motive_1,0.0,0.022281590697410994,0.3343691019103603,0.25359097125747887,0.3766025275781315,0.5035304736022317,0.45953968309945187,0.23012954106746952
motive_2,0.022281590697410994,0.0,0.4291387967689163,0.2879363958177309,0.9642779620177957,0.8214097511454024,0.005485584985762876,-0.005168948221037556
motive_3,0.3343691019103603,0.4291387967689163,0.0,0.4875021253127341,0.2742313025018497,0.34127508674620066,0.37784773816430584,0.5588023236287619
motive_4,0.25359097125747887,0.2879363958177309,0.4875021253127341,0.0,0.5104505772820269,0.5257081743609414,0.5219626377671678,0.29256320315100015
motive_5,0.3766025275781315,0.9642779620177957,0.2742313025018497,0.5104505772820269,0.0,0.46533339787016814,0.48782734545483447,0.4668210474417578
motive_6,0.5035304736022317,0.8214097511454024,0.34127508674620066,0.5257081743609414,0.46533339787016814,0.0,0.2819848851431831,0.532138483737971
motive_7,0.45953968309945187,0.005485584985762876,0.37784773816430584,0.5219626377671678,0.48782734545483447,0.2819848851431831,0.0,0.35774414543354527
motive_8,0.23012954106746952,-0.005168948221037556,0.5588023236287619,0.29256320315100015,0.4668210474417578,0.532138483737971,0.35774414543354527,0.0
