,motive_1,motive_2,motive_3,motive_4,motive_5,motive_6,motive_7,motive_8
motive_1,0.5,0.25,0.0,0.25,0.0,0.0,0.0,0.0
motive_2,0.0,0.5161290322580645,0.0967741935483871,0.06451612903225806,0.12903225806451613,0.12903225806451613,0.06451612903225806,0.0
motive_3,0.0,0.05555555555555555,0.5,0.027777777777777776,0.0,0.1388888888888889,0.2222222222222222,0.05555555555555555
motive_4,0.03571428571428571,0.14285714285714285,0.03571428571428571,0.5,0.0,0.0,0.03571428571428571,0.25
motive_5,0.0,0.07142857142857142,0.21428571428571427,0.14285714285714285,0.5,0.0,0.0,0.07142857142857142
motive_6,0.1111111111111111,0.1111111111111111,0.16666666666666666,0.1111111111111111,0.0,0.5,0.0,0.0
motive_7,0.045454545454545456,0.045454545454545456,0.13636363636363635,0.18181818181818182,0.09090909090909091,0.0,0.5,0.0
motive_8,0.0,0.2,0.25,0.05,0.0,0.0,0.0,0.5
