,motive_1,motive_2,motive_3,motive_4,motive_5,motive_6,motive_7,motive_8
motive_1,0.0,-0.030868608080149844,-0.03190626451036676,-0.035642383253908436,-0.1860391547252191,-0.014291325953017076,0.1198075170333419,-0.03260530809595931
motive_2,-0.030868608080149844,0.0,0.009262070386208687,0.030545199122256065,0.10064466002007982,-0.00894756885285064,-0.021529924621719165,0.09792401995190445
motive_3,-0.03190626451036676,0.009262070386208687,0.0,-0.005493033292190025,-0.08799058321716649,-0.026698454460013878,0.08065478625128722,-0.09862075960899794
motive_4,-0.035642383253908436,0.030545199122256065,-0.005493033292190025,0.0,0.018994041871815186,0.03974247171780616,0.020398515155238578,-0.05626711132489712
motive_5,-0.1860391547252191,0.10064466002007982,-0.08799058321716649,0.018994041871815186,0.0,-0.042802063816233867,0.08541243194236284,0.0687398089746272
motive_6,-0.014291325953017076,-0.00894756885285064,-0.026698454460013878,0.03974247171780616,-0.042802063816233867,0.0,0.013160846405282256,0.01998867475101314
motive_7,0.1198075170333419,-0.021529924621719165,0.08065478625128722,0.020398515155238578,0.08541243194236284,0.013160846405282256,0.0,-0.019395017713970033
motive_8,-0.03260530809595931,0.09792401995190445,-0.09862075960899794,-0.05626711132489712,0.0687398089746272,0.01998867475101314,-0.019395017713970033,0.0
