,motive_1,motive_2,motive_3,motive_4,motive_5,motive_6,motive_7,motive_8
motive_1,0.0,0.689317168479652,-0.09293738301641286,-0.05286825144253837,0.26067909841982706,-0.12548620614032818,-0.07120100638352886,-0.5249626620512458
motive_2,0.689317168479652,0.0,0.5118109593927813,-0.23491813365434733,-0.3909077696196785,0.3179814782933259,0.01101039563185785,0.09094357715727841
motive_3,-0.09293738301641286,0.5118109593927813,0.0,-0.4290617068733374,0.21107041925027242,-0.7353884592852808,0.47245873798665095,0.21167465706081878
motive_4,-0.05286825144253837,-0.23491813365434733,-0.4290617068733374,0.0,0.5436532735039242,0.5800578740064682,-0.08580013863399802,-0.2809355360395533
motive_5,0.26067909841982706,-0.3909077696196785,0.21107041925027242,0.5436532735039242,0.0,0.12031776295809765,0.29119982022118895,-0.10076810514229234
motive_6,-0.12548620614032818,0.3179814782933259,-0.7353884592852808,0.5800578740064682,0.12031776295809765,0.0,0.644484764183319,-0.01728370517767175
motive_7,-0.07120100638352886,0.01101039563185785,0.47245873798665095,-0.08580013863399802,0.29119982022118895,0.644484764183319,0.0,-0.5080951600410328
motive_8,-0.5249626620512458,0.09094357715727841,0.21167465706081878,-0.2809355360395533,-0.10076810514229234,-0.01728370517767175,-0.5080951600410328,0.0
