,motive_1,motive_2,motive_3,motive_4,motive_5,motive_6,motive_7,motive_8
satisfaction,0.025626008571600245,0.25995308497758085,0.23444447628827586,-0.18280563644977843,0.11392221270930314,0.11651056343088012,0.5228834081756664,0.08334550409397448
