,motive_1,motive_2,motive_3,motive_4,motive_5,motive_6,motive_7,motive_8
motive_1,0.0,-0.1384007740456972,-0.010547657324495393,0.014054556877905293,-0.1056969947213122,-0.036412222091614814,-0.010881424527997702,-0.018104442915426042
motive_2,-0.1384007740456972,0.0,0.05936163853419531,-0.0241632336564514,-0.044727547761353015,-0.07148010351600509,0.08980423328342862,0.15700430184279118
motive_3,-0.010547657324495393,0.05936163853419531,0.0,-0.09263267343575217,0.022365005146071322,0.0015248108565518864,0.03320208577016915,0.08436181477011133
motive_4,0.014054556877905293,-0.0241632336564514,-0.09263267343575217,0.0,-0.03767987209750842,-0.00230553494608559,0.11948482105461519,0.13521827294479682
motive_5,-0.1056969947213122,-0.044727547761353015,0.022365005146071322,-0.03767987209750842,0.0,-0.0016887038582307917,0.06916702370970546,-0.028282941929817382
motive_6,-0.036412222091614814,-0.07148010351600509,0.0015248108565518864,-0.00230553494608559,-0.0016887038582307917,0.0,0.07331547080895336,-0.0610362167514443
motive_7,-0.010881424527997702,0.08980423328342862,0.03320208577016915,0.11948482105461519,0.06916702370970546,0.07331547080895336,0.0,0.17378839391556303
motive_8,-0.018104442915426042,0.15700430184279118,0.08436181477011133,0.13521827294479682,-0.028282941929817382,-0.0610362167514443,0.17378839391556303,0.0
