,motive_1,motive_2,motive_3,motive_4,motive_5,motive_6,motive_7,motive_8
motive_1,0.0,0.20496444058883906,0.49066340094900895,0.41721741399856843,0.37703124900503127,0.888329448318499,-0.9484485271222195,0.40904717442954
motive_2,0.20496444058883906,0.0,0.09540534456480315,0.6380712299929929,-0.020068210374919827,0.7534397223805329,0.5113551025577969,-0.3932900365391929
motive_3,0.49066340094900895,0.09540534456480315,0.0,0.012074285524504347,0.887704558643877,-0.3105803009145691,0.10116657242151413,0.04014569694987788
motive_4,0.41721741399856843,0.6380712299929929,0.012074285524504347,0.0,0.1207808233698786,0.8164213000024294,0.16261679344006608,0.5729985072407686
motive_5,0.37703124900503127,-0.020068210374919827,0.887704558643877,0.1207808233698786,0.0,0.6983297418919088,0.4798764275856723,0.02098316045120091
motive_6,0.888329448318499,0.7534397223805329,-0.3105803009145691,0.8164213000024294,0.6983297418919088,0.0,-0.8224538035962354,0.06170669305208892
motive_7,-0.9484485271222195,0.5113551025577969,0.10116657242151413,0.16261679344006608,0.4798764275856723,-0.8224538035962354,0.0,0.4585140309722411
motive_8,0.40904717442954,-0.3932900365391929,0.04014569694987788,0.5729985072407686,0.02098316045120091,0.06170669305208892,0.4585140309722411,0.0
