,motive_1,motive_2,motive_3,motive_4,motive_5,motive_6,motive_7,motive_8
motive_1,0.0,-0.06812837214056958,0.0372415213733745,0.020517200997999946,0.3773881351287911,0.19112452731702917,-0.053522941667245826,-0.04366448496850463
motive_2,-0.06812837214056958,0.0,0.2779749266348487,0.1402720436808442,0.14181954112077833,0.18810487219139815,0.5179332584823247,0.4245345561794578
motive_3,0.0372415213733745,0.2779749266348487,0.0,0.10014874064979892,0.07437576234605789,0.5146007561533308,0.3946162890822802,0.3290801982533716
motive_4,0.020517200997999946,0.1402720436808442,0.10014874064979892,0.0,0.09126890266154265,0.3589594755257532,0.1321370242611868,0.40727645028785775
motive_5,0.3773881351287911,0.14181954112077833,0.07437576234605789,0.09126890266154265,0.0,0.2374496685934674,0.07678687840371198,-0.15199628014965222
motive_6,0.19112452731702917,0.18810487219139815,0.5146007561533308,0.3589594755257532,0.2374496685934674,0.0,0.11932113214291287,0.45019414181804496
motive_7,-0.053522941667245826,0.5179332584823247,0.3946162890822802,0.1321370242611868,0.07678687840371198,0.11932113214291287,0.0,0.452187055958924
motive_8,-0.04366448496850463,0.4245345561794578,0.3290801982533716,0.40727645028785775,-0.15199628014965222,0.45019414181804496,0.452187055958924,0.0
