,motive_1,motive_2,motive_3,motive_4,motive_5,motive_6,motive_7,motive_8
satisfaction,0.24426497706247982,0.17541600500026647,0.10514481866172982,-0.06622057188539293,-0.1904453708091151,0.235840042330307,0.1704617265338133,0.3025998258459198
