,motive_1,motive_2,motive_3,motive_4,motive_5,motive_6,motive_7,motive_8
satisfaction,0.1046833384461781,-0.008798238255202914,0.4509267067041425,0.22273814311493362,-0.14453039124912578,-0.1909690169076402,0.3448176024859183,0.11704972115362625
