,motive_1,motive_2,motive_3,motive_4,motive_5,motive_6,motive_7,motive_8
motive_1,0.0,0.9378693795422943,0.19865937690722352,0.6206766185488989,0.24932523228689824,0.1455522374306225,-0.28549629927851194,0.18975813210918602
motive_2,0.9378693795422943,0.0,0.5728258706855477,-0.05217004417228638,0.2320964776428618,-0.5688979080376334,0.2669547156434794,0.2902114760998128
motive_3,0.19865937690722352,0.5728258706855477,0.0,-0.019719884431498066,0.5986654893617213,-0.06382573673461776,0.12122480717282835,0.5136629596135923
motive_4,0.6206766185488989,-0.05217004417228638,-0.019719884431498066,0.0,0.5070761380414133,-0.04124858997892834,0.4781448824904377,0.4549980955116615
motive_5,0.24932523228689824,0.2320964776428618,0.5986654893617213,0.5070761380414133,0.0,-0.1577327252676796,0.47310185829943086,-0.05479912601337812
motive_6,0.1455522374306225,-0.5688979080376334,-0.06382573673461776,-0.04124858997892834,-0.1577327252676796,0.0,-0.6664355334657994,-0.5250298791018178
motive_7,-0.28549629927851194,0.2669547156434794,0.12122480717282835,0.4781448824904377,0.47310185829943086,-0.6664355334657994,0.0,0.40314757046695804
motive_8,0.18975813210918602,0.2902114760998128,0.5136629596135923,0.4549980955116615,-0.05479912601337812,-0.5250298791018178,0.40314757046695804,0.0
