,motive_1,motive_2,motive_3,motive_4,motive_5,motive_6,motive_7,motive_8
motive_1,0.0,0.36108673503402366,0.7559383289193305,0.29510124259587084,0.032746996971217135,0.4288757323499728,0.12864970470874262,0.5228059796895086
motive_2,0.36108673503402366,0.0,0.3016702108431925,0.2493633120668664,0.3951883888200796,0.3652388627427835,0.3577691104425227,0.20662818447829062
motive_3,0.7559383289193305,0.3016702108431925,0.0,0.698992095557015,0.26388512292522703,0.4775431196800729,0.6260969987290484,0.5096479819107659
motive_4,0.29510124259587084,0.2493633120668664,0.698992095557015,0.0,0.8556432692093514,0.27183398932248515,0.41882865936480823,0.7002270306453491
motive_5,0.032746996971217135,0.3951883888200796,0.26388512292522703,0.8556432692093514,0.0,0.6118121992818335,0.3433238760915631,0.21725844681334497
motive_6,0.4288757323499728,0.3652388627427835,0.4775431196800729,0.27183398932248515,0.6118121992818335,0.0,0.41279745021283487,0.22161054346216358
motive_7,0.12864970470874262,0.3577691104425227,0.6260969987290484,0.41882865936480823,0.3433238760915631,0.41279745021283487,0.0,0.09144159801709999
motive_8,0.5228059796895086,0.20662818447829062,0.5096479819107659,0.7002270306453491,0.21725844681334497,0.22161054346216358,0.09144159801709999,0.0
