,motive_1,motive_2,motive_3,motive_4,motive_5,motive_6,motive_7,motive_8
satisfaction,0.09897783343077912,0.35796509617593675,-0.08991820108736218,0.23589177410109186,0.009913584068594855,-0.1468197729441846,0.05163811165978742,-0.32335446158112713
