,motive_1,motive_2,motive_3,motive_4,motive_5,motive_6,motive_7,motive_8
motive_1,0.0,-0.06491462176913029,-0.03896266724342131,-0.035100041500735285,-0.02295534278694929,-0.030970768203641284,0.154513392411161,0.03185691269493474
motive_2,-0.06491462176913029,0.0,-0.043759880512150615,-0.022185475125774984,-0.00439181284745219,0.14610346497731186,-0.05613108069283424,0.02748329282527692
motive_3,-0.03896266724342131,-0.043759880512150615,0.0,-0.05626283248172666,-0.14536585288171266,0.036164038183985954,-0.09392438983994668,0.13546890373192538
motive_4,-0.035100041500735285,-0.022185475125774984,-0.05626283248172666,0.0,-0.07630848320567397,0.1052564593016434,-0.05894884702462894,-0.009225080770309431
motive_5,-0.02295534278694929,-0.00439181284745219,-0.14536585288171266,-0.07630848320567397,0.0,0.056716885250408224,0.04785055634616561,0.0066617634044249426
motive_6,-0.030970768203641284,0.14610346497731186,0.036164038183985954,0.1052564593016434,0.056716885250408224,0.0,0.14865412084105553,-0.04840062770909244
motive_7,0.154513392411161,-0.05613108069283424,-0.09392438983994668,-0.05894884702462894,0.04785055634616561,0.14865412084105553,0.0,0.111718038943435
motive_8,0.03185691269493474,0.02748329282527692,0.13546890373192538,-0.009225080770309431,0.0066617634044249426,-0.04840062770909244,0.111718038943435,0.0
