,motive_1,motive_2,motive_3,motive_4,motive_5,motive_6,motive_7,motive_8
motive_1,0.0,0.19497875850572785,0.5074738255220288,0.7621975332570072,0.4140919094251188,0.48407579403284895,0.3469428858449881,0.47120302365397587
motive_2,0.19497875850572785,0.0,0.8698592155773863,0.4476099779010665,0.43838726120684784,0.6045380128792504,0.38971319683948913,0.3119226280608898
motive_3,0.5074738255220288,0.8698592155773863,0.0,0.4391023480423896,0.017411427031242835,0.22304844255234257,0.3832229472203381,0.3729314335790398
motive_4,0.7621975332570072,0.4476099779010665,0.4391023480423896,0.0,0.5234085081798826,0.4700103193488656,0.33893245567152436,0.3804441117951333
motive_5,0.4140919094251188,0.43838726120684784,0.017411427031242835,0.5234085081798826,0.0,0.5166836153149753,0.835572023927455,0.6408166021417203
motive_6,0.48407579403284895,0.6045380128792504,0.22304844255234257,0.4700103193488656,0.5166836153149753,0.0,0.34844143160468216,0.3303573099990247
motive_7,0.3469428858449881,0.38971319683948913,0.3832229472203381,0.33893245567152436,0.835572023927455,0.34844143160468216,0.0,0.35846124993685236
motive_8,0.47120302365397587,0.3119226280608898,0.3729314335790398,0.3804441117951333,0.6408166021417203,0.3303573099990247,0.35846124993685236,0.0
