,motive_1,motive_2,motive_3,motive_4,motive_5,motive_6,motive_7,motive_8
motive_1,0.0,0.06571322370181715,0.11973068165171144,-0.09118506472364107,0.02495172231626769,-0.053688253299906216,0.034686662129120936,-0.012156365498021321
motive_2,0.06571322370181715,0.0,-0.0034930862034021452,0.07492670759494434,-0.05229905866035508,-0.04386751906681068,-0.012340349229385053,-0.09128913812333764
motive_3,0.11973068165171144,-0.0034930862034021452,0.0,0.038217733975875454,0.021403286854512107,0.12727469742081898,-0.08213970179926668,0.1309579178669293
motive_4,-0.09118506472364107,0.07492670759494434,0.038217733975875454,0.0,-0.07071935890635972,0.07334202443197183,-0.0017618267062443063,-0.01870809290507329
motive_5,0.02495172231626769,-0.05229905866035508,0.021403286854512107,-0.07071935890635972,0.0,-0.048956734485964756,-0.053686842002199114,0.049068583678471105
motive_6,-0.053688253299906216,-0.04386751906681068,0.12727469742081898,0.07334202443197183,-0.048956734485964756,0.0,-0.0917628337336526,-0.008714437392722176
motive_7,0.034686662129120936,-0.012340349229385053,-0.08213970179926668,-0.0017618267062443063,-0.053686842002199114,-0.0917628337336526,0.0,0.001983253083533469
motive_8,-0.012156365498021321,-0.09128913812333764,0.1309579178669293,-0.01870809290507329,0.049068583678471105,-0.008714437392722176,0.001983253083533469,0.0
