,motive_1,motive_2,motive_3,motive_4,motive_5,motive_6,motive_7,motive_8
motive_1,0.0,0.10154176296002079,0.1569216848957595,0.24681095058105965,0.31043942691592563,0.29603422256797807,0.1032896527544982,0.11648335195098214
motive_2,0.10154176296002079,0.0,0.0377803699675614,0.0044675842088110485,-0.2208806884429574,0.6454326312975941,0.041073075619950467,-0.5186684195988306
motive_3,0.1569216848957595,0.0377803699675614,0.0,-0.030422495502512623,0.15562099873208846,-0.06105972417841052,0.2397344190698695,-0.21351586394376942
motive_4,0.24681095058105965,0.0044675842088110485,-0.030422495502512623,0.0,0.21398919853370682,0.36515476919979173,0.2855756177497287,0.32493552427809125
motive_5,0.31043942691592563,-0.2208806884429574,0.15562099873208846,0.21398919853370682,0.0,-0.017288913224894648,0.04606558036251612,0.38420822313432784
motive_6,0.29603422256797807,0.6454326312975941,-0.06105972417841052,0.36515476919979173,-0.017288913224894648,0.0,0.18988808957931297,-0.16446372889460775
motive_7,0.1032896527544982,0.041073075619950467,0.2397344190698695,0.2855756177497287,0.04606558036251612,0.18988808957931297,0.0,-0.005359145993544395
motive_8,0.11648335195098214,-0.5186684195988306,-0.21351586394376942,0.32493552427809125,0.38420822313432784,-0.16446372889460775,-0.005359145993544395,0.0
