,motive_1,motive_2,motive_3,motive_4,motive_5,motive_6,motive_7,motive_8
motive_1,0.0,0.06091913298420269,0.0014788710506853028,0.01872481389840524,0.058289104145060215,0.008256377880866236,0.0043118214081466905,-0.052586563068847354
motive_2,0.06091913298420269,0.0,-0.02908635995794173,0.05906758994326415,-0.1250043257066795,0.0031731859813527432,0.060087540475933336,-0.004883264178137482
motive_3,0.0014788710506853028,-0.02908635995794173,0.0,-0.02577121524768112,-0.11344771724410102,-0.07184418960915621,0.029736210717111668,-0.021584056582783395
motive_4,0.01872481389840524,0.05906758994326415,-0.02577121524768112,0.0,0.06179723057294183,-0.10941999331698965,0.05275802236746632,0.07645233216812919
motive_5,0.058289104145060215,-0.1250043257066795,-0.11344771724410102,0.06179723057294183,0.0,-0.012379604931703297,-0.010227816319635648,-0.05460023371822857
motive_6,0.008256377880866236,0.0031731859813527432,-0.07184418960915621,-0.10941999331698965,-0.012379604931703297,0.0,-0.06511204839543161,-0.03507639644724577
motive_7,0.0043118214081466905,0.060087540475933336,0.029736210717111668,0.05275802236746632,-0.010227816319635648,-0.06511204839543161,0.0,0.00299103997513199
motive_8,-0.052586563068847354,-0.004883264178137482,-0.021584056582783395,0.07645233216812919,-0.05460023371822857,-0.03507639644724577,0.00299103997513199,0.0
