,motive_1,motive_2,motive_3,motive_4,motive_5,motive_6,motive_7,motive_8
motive_1,0.0,0.5800986262647219,0.2605880728098374,0.06564974686448682,0.633961162273956,-0.5811720798374607,0.12662175310876578,0.13752410738973603
motive_2,0.5800986262647219,0.0,0.7731117321119254,-0.2884177371876912,-0.006517665247233961,0.7541888432786916,-0.5523866456094139,0.3664709680673566
motive_3,0.2605880728098374,0.7731117321119254,0.0,0.013678504248778409,0.49803883955481354,-0.44124304452821406,-0.3277421765561496,0.7478236600085418
motive_4,0.06564974686448682,-0.2884177371876912,0.013678504248778409,0.0,-0.5377445398166085,-0.3017262201006327,0.4836680969196927,-0.04605840563789179
motive_5,0.633961162273956,-0.006517665247233961,0.49803883955481354,-0.5377445398166085,0.0,-0.05513332886490019,-0.03232997139848559,-0.7208154390922116
motive_6,-0.5811720798374607,0.7541888432786916,-0.44124304452821406,-0.3017262201006327,-0.05513332886490019,0.0,0.38090066131532985,-0.49001450326739776
motive_7,0.12662175310876578,-0.5523866456094139,-0.3277421765561496,0.4836680969196927,-0.03232997139848559,0.38090066131532985,0.0,-0.42775337588340273
motive_8,0.13752410738973603,0.3664709680673566,0.7478236600085418,-0.04605840563789179,-0.7208154390922116,-0.49001450326739776,-0.42775337588340273,0.0
