,motive_1,motive_2,motive_3,motive_4,motive_5,motive_6,motive_7,motive_8
motive_1,0.0,0.12697518502906563,0.13075610243850197,-0.12309337869885446,-0.17746205276488966,-0.006571629965782162,0.0109205241679458,0.07170585319681773
motive_2,0.12697518502906563,0.0,-0.13749213839127086,-0.06733508302022774,0.11566635829224015,0.04229650541770309,-0.047746808720281204,-0.15106597136715502
motive_3,0.13075610243850197,-0.13749213839127086,0.0,0.03744777240576343,-0.025075266133931018,0.05861630042148522,0.08909163673579601,-0.02669664869168104
motive_4,-0.12309337869885446,-0.06733508302022774,0.03744777240576343,0.0,-0.020026204218639158,-0.04255469291478145,0.06249537696390547,-0.037604695386804755
motive_5,-0.17746205276488966,0.11566635829224015,-0.025075266133931018,-0.020026204218639158,0.0,0.11662487792817797,0.1345325263767118,0.0355932215312715
motive_6,-0.006571629965782162,0.04229650541770309,0.05861630042148522,-0.04255469291478145,0.11662487792817797,0.0,0.029649752244901666,-0.07299485172906517
motive_7,0.0109205241679458,-0.047746808720281204,0.08909163673579601,0.06249537696390547,0.1345325263767118,0.029649752244901666,0.0,0.03624906241362264
motive_8,0.07170585319681773,-0.15106597136715502,-0.02669664869168104,-0.037604695386804755,0.0355932215312715,-0.07299485172906517,0.03624906241362264,0.0
