,motive_1,motive_2,motive_3,motive_4,motive_5,motive_6,motive_7,motive_8
motive_1,0.0,-0.0827029382477591,0.043583929994809575,0.1450822663677944,0.001316622912739436,0.03921708139164033,0.018904125031045084,0.14066257078406763
motive_2,-0.0827029382477591,0.0,0.03809690298804149,-0.09258824602737557,0.01413044393389038,0.020927798242608858,-0.014080440626731167,-0.044033980736312456
motive_3,0.043583929994809575,0.03809690298804149,0.0,0.08988759048540335,-0.014177390429678756,-0.004819010632507347,0.015641695525091794,-0.007374192210559344
motive_4,0.1450822663677944,-0.09258824602737557,0.08988759048540335,0.0,0.09744717129883482,0.0027941331928951554,0.13195514526938387,0.03606341698533681
motive_5,0.001316622912739436,0.01413044393389038,-0.014177390429678756,0.09744717129883482,0.0,-0.0077923504646777685,0.07122604012372047,0.04965870889624019
motive_6,0.03921708139164033,0.020927798242608858,-0.004819010632507347,0.0027941331928951554,-0.0077923504646777685,0.0,0.040991610898748046,-0.005320826165349012
motive_7,0.018904125031045084,-0.014080440626731167,0.015641695525091794,0.13195514526938387,0.07122604012372047,0.040991610898748046,0.0,-0.03100711627862987
motive_8,0.14066257078406763,-0.044033980736312456,-0.007374192210559344,0.03606341698533681,0.04965870889624019,-0.005320826165349012,-0.03100711627862987,0.0
