,motive_1,motive_2,motive_3,motive_4,motive_5,motive_6,motive_7,motive_8
satisfaction,-0.13231671030418118,-0.18101664710829352,0.14740811141199714,0.25014748908895373,0.4148612902183504,-0.10558823723216881,-0.08021037196107311,0.1255277633051096
