,motive_1,motive_2,motive_3,motive_4,motive_5,motive_6,motive_7,motive_8
satisfaction,-0.3864574099874119,0.19476670000249166,0.4871368779566586,-0.20667143412323297,0.3433665645832211,1.0,-0.377658156384261,-0.14769723666612605
