,motive_1,motive_2,motive_3,motive_4,motive_5,motive_6,motive_7,motive_8
motive_1,0.0,0.45054255040112123,0.5061135304672897,0.858654066593542,0.17439765994602752,0.38054538860630116,0.7014351131091263,0.5250037376928064
motive_2,0.45054255040112123,0.0,0.42729889822169215,0.559112970957242,0.10459978743517104,0.8379315814378405,0.10708144928302943,0.3747101283873001
motive_3,0.5061135304672897,0.42729889822169215,0.0,0.534344374465278,0.6744921735865496,0.46366266730876193,0.4599891835825163,0.4778391886653717
motive_4,0.858654066593542,0.559112970957242,0.534344374465278,0.0,0.44619069999022215,0.3082496197269791,0.5863237165310484,0.7065545000269136
motive_5,0.17439765994602752,0.10459978743517104,0.6744921735865496,0.44619069999022215,0.0,0.2687413212164713,0.354499512345805,0.5710510012876926
motive_6,0.38054538860630116,0.8379315814378405,0.46366266730876193,0.3082496197269791,0.2687413212164713,0.0,0.6843867635183718,-0.03165241037085029
motive_7,0.7014351131091263,0.10708144928302943,0.4599891835825163,0.5863237165310484,0.354499512345805,0.6843867635183718,0.0,0.2778698340503712
motive_8,0.5250037376928064,0.3747101283873001,0.4778391886653717,0.7065545000269136,0.5710510012876926,-0.03165241037085029,0.2778698340503712,0.0
