,motive_1,motive_2,motive_3,motive_4,motive_5,motive_6,motive_7,motive_8
satisfaction,0.28699290232204144,0.19813097434563998,0.17997639328740436,-0.09261533471551059,0.017607072989281214,0.26008913867475675,-0.18701246862779033,0.31948122506690324
