,motive_1,motive_2,motive_3,motive_4,motive_5,motive_6,motive_7,motive_8
motive_1,0.0,0.029980298721675493,0.07409606622703137,-0.04451100027481973,-0.027039094672339704,0.09075396261747445,-0.009500918453775693,-0.07157991235575387
motive_2,0.029980298721675493,0.0,-0.08752743117992146,-0.17955881793480472,0.09080189699978056,-0.005458222453863459,0.05058878096313349,0.05219635745435191
motive_3,0.07409606622703137,-0.08752743117992146,0.0,-0.046629310385729664,0.048338938914411815,-0.035254280236013256,0.025640008500111958,-0.0902862524503604
motive_4,-0.04451100027481973,-0.17955881793480472,-0.046629310385729664,0.0,0.002614217080495522,0.08064816607527861,-0.11233942462470574,-0.044172824287767073
motive_5,-0.027039094672339704,0.09080189699978056,0.048338938914411815,0.002614217080495522,0.0,0.12666977932112297,0.14307430425273013,-0.03830853613868912
motive_6,0.09075396261747445,-0.005458222453863459,-0.035254280236013256,0.08064816607527861,0.12666977932112297,0.0,-0.07127534254423569,0.051477306048035146
motive_7,-0.009500918453775693,0.05058878096313349,0.025640008500111958,-0.11233942462470574,0.14307430425273013,-0.07127534254423569,0.0,-0.07483858209370657
motive_8,-0.07157991235575387,0.05219635745435191,-0.0902862524503604,-0.044172824287767073,-0.03830853613868912,0.051477306048035146,-0.07483858209370657,0.0
