,motive_1,motive_2,motive_3,motive_4,motive_5,motive_6,motive_7,motive_8
motive_1,0.0,0.3091938379900676,0.5106356394255279,0.036715686126153696,0.20072607365893308,0.24178854785463919,0.131263122868377,0.4015776915263548
motive_2,0.3091938379900676,0.0,0.4085187185611975,0.24139326225070545,0.3177303890524466,0.556853762288448,0.43754097870751807,0.06295310693820436
motive_3,0.5106356394255279,0.4085187185611975,0.0,0.6082199573638911,0.3119858928254353,0.43080822005234976,0.45616325592432855,-0.05820432971120984
motive_4,0.036715686126153696,0.24139326225070545,0.6082199573638911,0.0,0.46081939825365176,0.6913318501149388,0.4334891658282898,0.35509384638261265
motive_5,0.20072607365893308,0.3177303890524466,0.3119858928254353,0.46081939825365176,0.0,0.25518576387035774,0.3480032238430568,0.320765684887676
motive_6,0.24178854785463919,0.556853762288448,0.43080822005234976,0.6913318501149388,0.25518576387035774,0.0,0.6314931467753774,0.33766724052539776
motive_7,0.131263122868377,0.43754097870751807,0.45616325592432855,0.4334891658282898,0.3480032238430568,0.6314931467753774,0.0,0.2840171182918483
motive_8,0.4015776915263548,0.06295310693820436,-0.05820432971120984,0.35509384638261265,0.320765684887676,0.33766724052539776,0.2840171182918483,0.0
