,motive_1,motive_2,motive_3,motive_4,motive_5,motive_6,motive_7,motive_8
motive_1,0.0,0.09701223264679182,0.360723733052471,0.1323785701219652,-0.14191113181095721,-0.04863540719800321,0.05299975370272174,0.1795450061702456
motive_2,0.09701223264679182,0.0,0.1724817694323003,-0.38808749281374927,0.3599334527689636,-0.15105158630033244,0.28480222088113527,0.2539870162879558
motive_3,0.360723733052471,0.1724817694323003,0.0,0.12184751615128107,-0.4599200013290713,-0.121300896586429,0.5365346537244213,0.6194818355660999
motive_4,0.1323785701219652,-0.38808749281374927,0.12184751615128107,0.0,0.31897476684779313,0.16129243393935078,0.14672191760969766,0.09681083119974804
motive_5,-0.14191113181095721,0.3599334527689636,-0.4599200013290713,0.31897476684779313,0.0,0.21618467980043304,-0.4042199189782458,0.4207810446551313
motive_6,-0.04863540719800321,-0.15105158630033244,-0.121300896586429,0.16129243393935078,0.21618467980043304,0.0,0.15956668880956743,0.16273602598490067
motive_7,0.05299975370272174,0.28480222088113527,0.5365346537244213,0.14672191760969766,-0.4042199189782458,0.15956668880956743,0.0,0.05905161039136471
motive_8,0.1795450061702456,0.2539870162879558,0.6194818355660999,0.09681083119974804,0.4207810446551313,0.16273602598490067,0.05905161039136471,0.0
