,motive_1,motive_2,motive_3,motive_4,motive_5,motive_6,motive_7,motive_8
motive_1,0.0,0.1266822876999573,0.017260623894044376,0.0641939689259082,-0.0703820502105996,-0.07437614575342408,-0.08187565920533704,0.0970334322161808
motive_2,0.1266822876999573,0.0,0.057990841014379325,0.008747601281904584,0.11738619910375978,-0.009927077540010862,-0.0028769581635823653,0.08596573611686882
motive_3,0.017260623894044376,0.057990841014379325,0.0,-0.030994633274517628,-0.12615380234560586,-0.00399634925651772,0.08391423074997342,-0.08624758410951418
motive_4,0.0641939689259082,0.008747601281904584,-0.030994633274517628,0.0,0.16142318921816493,-0.20845161552090358,0.01976974708592467,0.05516032993274558
motive_5,-0.0703820502105996,0.11738619910375978,-0.12615380234560586,0.16142318921816493,0.0,0.1159422430009216,-0.025702134102216646,0.025328106671528412
motive_6,-0.07437614575342408,-0.009927077540010862,-0.00399634925651772,-0.20845161552090358,0.1159422430009216,0.0,0.028278134361594084,0.04275455883314037
motive_7,-0.08187565920533704,-0.0028769581635823653,0.08391423074997342,0.01976974708592467,-0.025702134102216646,0.028278134361594084,0.0,-0.05018528442824678
motive_8,0.0970334322161808,0.08596573611686882,-0.08624758410951418,0.05516032993274558,0.025328106671528412,0.04275455883314037,-0.05018528442824678,0.0
