,motive_1,motive_2,motive_3,motive_4,motive_5,motive_6,motive_7,motive_8
motive_1,0.0,-0.04821471415562331,-0.13281495336607824,0.035125952678180264,-0.11163391719766702,-0.07749152034125764,0.05853298049900983,-0.03129639628414049
motive_2,-0.04821471415562331,0.0,0.04522943037970545,-0.008568107741556849,0.022771673213798596,-0.021839218883435263,0.07532813943894397,-0.031423284035852345
motive_3,-0.13281495336607824,0.04522943037970545,0.0,0.021753099511038213,0.05628044325938873,0.02072159069106374,0.041679580732964246,0.062088290405140356
motive_4,0.035125952678180264,-0.008568107741556849,0.021753099511038213,0.0,-0.037282262990575334,0.11413113093341834,-0.09430016023455047,-0.08508215042279561
motive_5,-0.11163391719766702,0.022771673213798596,0.05628044325938873,-0.037282262990575334,0.0,-0.04594212999698338,-0.05118262584257518,-0.03507012340350143
motive_6,-0.07749152034125764,-0.021839218883435263,0.02072159069106374,0.11413113093341834,-0.04594212999698338,0.0,-0.01580367164701338,-0.134429567200072
motive_7,0.05853298049900983,0.07532813943894397,0.041679580732964246,-0.09430016023455047,-0.05118262584257518,-0.01580367164701338,0.0,-0.021237943185234406
motive_8,-0.03129639628414049,-0.031423284035852345,0.062088290405140356,-0.08508215042279561,-0.03507012340350143,-0.134429567200072,-0.021237943185234406,0.0
