,motive_1,motive_2,motive_3,motive_4,motive_5,motive_6,motive_7,motive_8
motive_1,0.0,0.0852698326678866,0.14680288169867856,0.07343426947258017,0.03372980763429542,0.1299380996039159,0.1390333642866282,-0.012197178307648507
motive_2,0.0852698326678866,0.0,0.06018220594183685,0.13657273145899626,0.12345914244592057,0.05380956322179892,0.04551368928472575,0.06421408377777074
motive_3,0.14680288169867856,0.06018220594183685,0.0,0.21136127512797803,-0.006825569350973958,0.029340564166642928,0.12545074486777613,0.11988674403948979
motive_4,0.07343426947258017,0.13657273145899626,0.21136127512797803,0.0,0.08810499807093866,0.11908020349810214,-0.019578827029774537,0.13242912468778734
motive_5,0.03372980763429542,0.12345914244592057,-0.006825569350973958,0.08810499807093866,0.0,0.1761054850505952,0.004683809249707904,0.17247427010951746
motive_6,0.1299380996039159,0.05380956322179892,0.029340564166642928,0.11908020349810214,0.1761054850505952,0.0,0.16263221929310276,0.1073969228189027
motive_7,0.1390333642866282,0.04551368928472575,0.12545074486777613,-0.019578827029774537,0.004683809249707904,0.16263221929310276,0.0,0.028080013130594182
motive_8,-0.012197178307648507,0.06421408377777074,0.11988674403948979,0.13242912468778734,0.17247427010951746,0.1073969228189027,0.028080013130594182,0.0
