,motive_1,motive_2,motive_3,motive_4,motive_5,motive_6,motive_7,motive_8
motive_1,0.0,-0.005362556574885331,0.21902649157886253,0.07190966073791662,0.133253147828133,0.09098225692891201,0.15415088424696147,-0.0014036819291483385
motive_2,-0.005362556574885331,0.0,0.054681099381515025,0.13268489528225416,0.23562028201577462,0.1072072004975707,-0.073842848721518,0.11724556106606751
motive_3,0.21902649157886253,0.054681099381515025,0.0,0.047147714078342534,0.14330085277328017,0.035400995630271284,0.10195312528438463,0.02025703815663861
motive_4,0.07190966073791662,0.13268489528225416,0.047147714078342534,0.0,0.04041747993198816,0.08752912356768694,0.09080095610921761,0.11250739370814498
motive_5,0.133253147828133,0.23562028201577462,0.14330085277328017,0.04041747993198816,0.0,0.08051842584592278,0.1933563698472997,0.11679801576788498
motive_6,0.09098225692891201,0.1072072004975707,0.035400995630271284,0.08752912356768694,0.08051842584592278,0.0,0.13459125199796804,0.07041251633896935
motive_7,0.15415088424696147,-0.073842848721518,0.10195312528438463,0.09080095610921761,0.1933563698472997,0.13459125199796804,0.0,0.1135014429476202
motive_8,-0.0014036819291483385,0.11724556106606751,0.02025703815663861,0.11250739370814498,0.11679801576788498,0.07041251633896935,0.1135014429476202,0.0
