,motive_1,motive_2,motive_3,motive_4,motive_5,motive_6,motive_7,motive_8
motive_1,0.0,0.30269317162175036,0.6036708607663333,0.381438303210439,0.2383549368930623,0.14889498913742083,0.3399240629507211,0.6733697804465082
motive_2,0.30269317162175036,0.0,0.4631644505796971,0.22159541790180712,0.4108753905017713,0.6351728183611831,0.06948462757111468,0.526343202006117
motive_3,0.6036708607663333,0.4631644505796971,0.0,0.1421288119521581,0.2244427599472632,0.48283020444833974,0.6884996834572787,0.39232162276156457
motive_4,0.381438303210439,0.22159541790180712,0.1421288119521581,0.0,0.6963268554075821,-0.02400111262545948,0.20358829128803965,0.21472085647601477
motive_5,0.2383549368930623,0.4108753905017713,0.2244427599472632,0.6963268554075821,0.0,0.5773953279056372,0.16260861182548586,0.3870214452121693
motive_6,0.14889498913742083,0.6351728183611831,0.48283020444833974,-0.02400111262545948,0.5773953279056372,0.0,0.3626853235709474,0.704941341110126
motive_7,0.3399240629507211,0.06948462757111468,0.6884996834572787,0.20358829128803965,0.16260861182548586,0.3626853235709474,0.0,0.27056161412529917
motive_8,0.6733697804465082,0.526343202006117,0.39232162276156457,0.21472085647601477,0.3870214452121693,0.704941341110126,0.27056161412529917,0.0
