,motive_1,motive_2,motive_3,motive_4,motive_5,motive_6,motive_7,motive_8
motive_1,0.0,0.034074767875454215,0.23245150950991283,0.5057123473297609,0.5985273775440022,0.16812902959151904,0.2866535680310991,0.41714637104588487
motive_2,0.034074767875454215,0.0,-0.0037427636471509818,-0.1347068436554397,0.3251374765846953,0.2930582808108264,-0.08504371282746293,0.057354898735346854
motive_3,0.23245150950991283,-0.0037427636471509818,0.0,0.6375010977423319,0.4249951658663424,0.48913107670687084,0.061968405144934874,0.4363271505426744
motive_4,0.5057123473297609,-0.1347068436554397,0.6375010977423319,0.0,0.022001149108130225,0.35964835686228636,0.9424774810979333,0.11877650301870815
motive_5,0.5985273775440022,0.3251374765846953,0.4249951658663424,0.022001149108130225,0.0,0.04403808938103029,0.4629080320507024,0.04925030666662464
motive_6,0.16812902959151904,0.2930582808108264,0.48913107670687084,0.35964835686228636,0.04403808938103029,0.0,0.36574826745380473,0.22028255717312079
motive_7,0.2866535680310991,-0.08504371282746293,0.061968405144934874,0.9424774810979333,0.4629080320507024,0.36574826745380473,0.0,0.5311173906933546
motive_8,0.41714637104588487,0.057354898735346854,0.4363271505426744,0.11877650301870815,0.04925030666662464,0.22028255717312079,0.5311173906933546,0.0
