,motive_1,motive_2,motive_3,motive_4,motive_5,motive_6,motive_7,motive_8
motive_1,0.0,0.10461726258992612,-0.31989022385740196,0.8391681890300526,0.5402002555219354,0.639783348513763,-0.9479841609169523,-0.05878017726302631
motive_2,0.10461726258992612,0.0,-0.1586043762149007,0.026348569966186453,0.2865889010061179,0.0759008744880611,0.717177558789317,0.8940248875316283
motive_3,-0.31989022385740196,-0.1586043762149007,0.0,0.06100541228444629,0.3254632309907141,0.2618727677583908,1.014687433280472,-0.3627950799438653
motive_4,0.8391681890300526,0.026348569966186453,0.06100541228444629,0.0,-1.0471901966380488,-1.0713664099263496,-0.0869384362964229,0.1109245567068124
motive_5,0.5402002555219354,0.2865889010061179,0.3254632309907141,-1.0471901966380488,0.0,-0.18715240314724157,0.04638315627240297,-0.317598788491231
motive_6,0.639783348513763,0.0759008744880611,0.2618727677583908,-1.0713664099263496,-0.18715240314724157,0.0,0.6100433968390153,-0.33526953495133327
motive_7,-0.9479841609169523,0.717177558789317,1.014687433280472,-0.0869384362964229,0.04638315627240297,0.6100433968390153,0.0,0.5718433889178827
motive_8,-0.05878017726302631,0.8940248875316283,-0.3627950799438653,0.1109245567068124,-0.317598788491231,-0.33526953495133327,0.5718433889178827,0.0
