,motive_1,motive_2,motive_3,motive_4,motive_5,motive_6,motive_7,motive_8
motive_1,0.0,-0.0020186865105544655,0.04755375034797629,0.10615170537288088,0.03153751173754793,0.0056923265982594465,0.00032949797815854526,0.042425896110623085
motive_2,-0.0020186865105544655,0.0,-0.05143466870099172,-0.0345019444264142,-0.1100894287005846,0.17623714430592619,0.04505874444437892,-0.10752491702781156
motive_3,0.04755375034797629,-0.05143466870099172,0.0,-0.09175653306943049,0.015264615581864113,0.0053323610492400685,-0.04337514276380128,-0.044859422953529224
motive_4,0.10615170537288088,-0.0345019444264142,-0.09175653306943049,0.0,-0.008338043418638327,0.06923481856419321,0.11900453224795665,-0.050445213818957314
motive_5,0.03153751173754793,-0.1100894287005846,0.015264615581864113,-0.008338043418638327,0.0,-0.04475844283137305,0.11358583101768846,0.11593291638806555
motive_6,0.0056923265982594465,0.17623714430592619,0.0053323610492400685,0.06923481856419321,-0.04475844283137305,0.0,0.11469284604444457,0.019014756293334753
motive_7,0.00032949797815854526,0.04505874444437892,-0.04337514276380128,0.11900453224795665,0.11358583101768846,0.11469284604444457,0.0,0.059806376220716814
motive_8,0.042425896110623085,-0.10752491702781156,-0.044859422953529224,-0.050445213818957314,0.11593291638806555,0.019014756293334753,0.059806376220716814,0.0
