,motive_1,motive_2,motive_3,motive_4,motive_5,motive_6,motive_7,motive_8
motive_1,0.0,0.04692818340731614,0.05307218081943643,0.022478426297529344,0.18617467789093245,0.2447792998072937,0.1935700614737911,0.07881086113523308
motive_2,0.04692818340731614,0.0,0.11705241280425244,0.0648546757989425,0.12285864499325645,-0.04502838689596799,0.13274345910390575,0.1273072558860471
motive_3,0.05307218081943643,0.11705241280425244,0.0,0.028989582848156427,0.12127781791381995,0.05568261656208448,0.14216293860883075,0.03658727668912492
motive_4,0.022478426297529344,0.0648546757989425,0.028989582848156427,0.0,0.20863313776570408,0.08027784139770455,0.11394297776301354,0.1389189195169897
motive_5,0.18617467789093245,0.12285864499325645,0.12127781791381995,0.20863313776570408,0.0,0.02413081650750691,0.149806547524365,0.115488201729513
motive_6,0.2447792998072937,-0.04502838689596799,0.05568261656208448,0.08027784139770455,0.02413081650750691,0.0,-0.06442663735113388,0.07417442216890481
motive_7,0.1935700614737911,0.13274345910390575,0.14216293860883075,0.11394297776301354,0.149806547524365,-0.06442663735113388,0.0,0.1553944112129062
motive_8,0.07881086113523308,0.1273072558860471,0.03658727668912492,0.1389189195169897,0.115488201729513,0.07417442216890481,0.1553944112129062,0.0
