,motive_1,motive_2,motive_3,motive_4,motive_5,motive_6,motive_7,motive_8
motive_1,0.0,0.3525560124321283,0.3791078387081036,0.5771979798502704,0.5529369201287642,0.6136928237577834,0.24277652255663434,0.49428838423356014
motive_2,0.3525560124321283,0.0,0.6040013262654107,0.05868488588611753,0.4435561558591624,0.39825079368019756,0.46447294730070116,0.1995429835407474
motive_3,0.3791078387081036,0.6040013262654107,0.0,0.4022841338025879,0.3221808863006954,0.7537110063314048,0.45693682595327356,0.4731047189078297
motive_4,0.5771979798502704,0.05868488588611753,0.4022841338025879,0.0,0.49481952262188966,0.8994865396168419,0.3943526794977076,0.6515992755314317
motive_5,0.5529369201287642,0.4435561558591624,0.3221808863006954,0.49481952262188966,0.0,0.6430454216797975,0.4982265236434351,0.34300732846664284
motive_6,0.6136928237577834,0.39825079368019756,0.7537110063314048,0.8994865396168419,0.6430454216797975,0.0,0.4127581110301661,0.5028162246634257
motive_7,0.24277652255663434,0.46447294730070116,0.45693682595327356,0.3943526794977076,0.4982265236434351,0.4127581110301661,0.0,0.34404306689520936
motive_8,0.49428838423356014,0.1995429835407474,0.4731047189078297,0.6515992755314317,0.34300732846664284,0.5028162246634257,0.34404306689520936,0.0
