,motive_1,motive_2,motive_3,motive_4,motive_5,motive_6,motive_7,motive_8
satisfaction,0.22677358373851705,-0.1063617879507682,0.09074190839296617,0.08209040542784511,-0.07225520534103844,0.004241456939194671,-0.10826099456255675,0.23142373701272656
