,motive_1,motive_2,motive_3,motive_4,motive_5,motive_6,motive_7,motive_8
satisfaction,-0.1467901455389943,-0.0015139527074482795,0.3814342996314287,-0.08821941054205679,0.27470094656459676,0.32702003875023544,0.33319688019742255,0.10984289846672535
