,motive_1,motive_2,motive_3,motive_4,motive_5,motive_6,motive_7,motive_8
motive_1,0.0,0.16233458329032296,0.441311296378162,-0.1968536201382063,0.2963516254722062,0.38152769748543014,-0.024506848220721494,0.14960656299989203
motive_2,0.16233458329032296,0.0,-0.09413201588079698,0.1693280500085685,0.42498116047710843,0.1042796220711057,0.22277582561671572,0.27617283796471487
motive_3,0.441311296378162,-0.09413201588079698,0.0,0.2755815826119544,0.23456181641849255,0.3437481675025583,0.12374415046916792,0.020718696732025393
motive_4,-0.1968536201382063,0.1693280500085685,0.2755815826119544,0.0,0.14749377723431678,0.18939269050896784,0.20692700222256455,-0.16131743089408582
motive_5,0.2963516254722062,0.42498116047710843,0.23456181641849255,0.14749377723431678,0.0,0.11240993347834402,0.5668965394008513,0.0371666223261444
motive_6,0.38152769748543014,0.1042796220711057,0.3437481675025583,0.18939269050896784,0.11240993347834402,0.0,0.012553430014073691,0.16605547804981724
motive_7,-0.024506848220721494,0.22277582561671572,0.12374415046916792,0.20692700222256455,0.5668965394008513,0.012553430014073691,0.0,-0.24375965817730158
motive_8,0.14960656299989203,0.27617283796471487,0.020718696732025393,-0.16131743089408582,0.0371666223261444,0.16605547804981724,-0.24375965817730158,0.0
