,motive_1,motive_2,motive_3,motive_4,motive_5,motive_6,motive_7,motive_8
motive_1,0.0,0.33666744277975313,0.4437991702423906,0.2947154036749471,0.5172894880666254,0.5161641435623846,0.3294644280944228,0.4707585243782279
motive_2,0.33666744277975313,0.0,0.1701900078221556,0.3893662086046763,0.5201033190913744,0.548644803838122,0.39018568297373113,0.5089964765066328
motive_3,0.4437991702423906,0.1701900078221556,0.0,0.05846874525089962,0.44163288973571907,0.2412577589512849,0.6160941775898112,0.30171060889144474
motive_4,0.2947154036749471,0.3893662086046763,0.05846874525089962,0.0,0.26150403929212174,0.5314418123546033,0.3936737591705183,0.8771885702840244
motive_5,0.5172894880666254,0.5201033190913744,0.44163288973571907,0.26150403929212174,0.0,0.24543376422855342,0.07042612871577313,0.5256754826162069
motive_6,0.5161641435623846,0.548644803838122,0.2412577589512849,0.5314418123546033,0.24543376422855342,0.0,0.2538630542750232,0.34364828648627
motive_7,0.3294644280944228,0.39018568297373113,0.6160941775898112,0.3936737591705183,0.07042612871577313,0.2538630542750232,0.0,0.7224805071798814
motive_8,0.4707585243782279,0.5089964765066328,0.30171060889144474,0.8771885702840244,0.5256754826162069,0.34364828648627,0.7224805071798814,0.0
