,motive_1,motive_2,motive_3,motive_4,motive_5,motive_6,motive_7,motive_8
motive_1,0.0,0.2713590761550352,0.4832292027956855,0.06700017624833823,0.5197218177133194,0.19191317968831223,0.209069229858907,0.606975784717739
motive_2,0.2713590761550352,0.0,0.40433680998071275,0.5256447560071464,0.2573296800501384,0.4004991824234313,0.6668493537211413,0.3816551098190062
motive_3,0.4832292027956855,0.40433680998071275,0.0,0.2580419695996869,0.27996150463519953,0.18136963191235903,0.6830280690887641,0.6622443208258402
motive_4,0.06700017624833823,0.5256447560071464,0.2580419695996869,0.0,-0.10827287531813518,0.18052895120530216,0.2887629504717425,0.3414867528917646
motive_5,0.5197218177133194,0.2573296800501384,0.27996150463519953,-0.10827287531813518,0.0,0.1796962503029817,0.414202183096411,0.5443457475022815
motive_6,0.19191317968831223,0.4004991824234313,0.18136963191235903,0.18052895120530216,0.1796962503029817,0.0,0.37501454250773075,0.49864469980131576
motive_7,0.209069229858907,0.6668493537211413,0.6830280690887641,0.2887629504717425,0.414202183096411,0.37501454250773075,0.0,-0.11245972032562426
motive_8,0.606975784717739,0.3816551098190062,0.6622443208258402,0.3414867528917646,0.5443457475022815,0.49864469980131576,-0.11245972032562426,0.0
