,motive_1,motive_2,motive_3,motive_4,motive_5,motive_6,motive_7,motive_8
motive_1,0.0,0.44564078616339886,0.13710535844832944,0.5098268277517586,0.6971760409499063,0.5849761964096172,0.295043570355497,0.46491141311088846
motive_2,0.44564078616339886,0.0,0.15989412622211435,0.390662407238853,0.4222556295668329,0.6676995636008209,0.0673241656523191,0.20036902592632108
motive_3,0.13710535844832944,0.15989412622211435,0.0,0.36518932750018895,0.6986277903671196,0.6280203967155862,0.3153500700911537,0.3866269488088262
motive_4,0.5098268277517586,0.390662407238853,0.36518932750018895,0.0,0.61476924980225,0.8822860607907466,0.13809219205369716,-0.025499082546817764
motive_5,0.6971760409499063,0.4222556295668329,0.6986277903671196,0.61476924980225,0.0,0.6306933655347654,0.5028987211143178,0.3901862483026828
motive_6,0.5849761964096172,0.6676995636008209,0.6280203967155862,0.8822860607907466,0.6306933655347654,0.0,0.3566454250825747,0.5464292410285227
motive_7,0.295043570355497,0.0673241656523191,0.3153500700911537,0.13809219205369716,0.5028987211143178,0.3566454250825747,0.0,0.6202052334479007
motive_8,0.46491141311088846,0.20036902592632108,0.3866269488088262,-0.025499082546817764,0.3901862483026828,0.5464292410285227,0.6202052334479007,0.0
