,motive_1,motive_2,motive_3,motive_4,motive_5,motive_6,motive_7,motive_8
motive_1,0.0,0.08311772002278246,0.03879267234968323,0.16217152121100364,0.30711577025730674,0.07645175807577168,0.12126610898435462,0.1331597254431306
motive_2,0.08311772002278246,0.0,0.03378858653209435,0.13148298427639832,0.1309637063931621,0.080269544751969,0.1056824700434463,0.20639856253738004
motive_3,0.03879267234968323,0.03378858653209435,0.0,0.10844965507861096,0.249231174119656,-0.0068707213160384,0.13012719220376767,0.061759290625908785
motive_4,0.16217152121100364,0.13148298427639832,0.10844965507861096,0.0,0.09916177422477021,0.10709169573757897,0.11026191075994046,0.037180632308751904
motive_5,0.30711577025730674,0.1309637063931621,0.249231174119656,0.09916177422477021,0.0,0.010402133212249642,0.2932305805877901,-0.03901992623783461
motive_6,0.07645175807577168,0.080269544751969,-0.0068707213160384,0.10709169573757897,0.010402133212249642,0.0,0.0014917259467717298,0.13083413101415362
motive_7,0.12126610898435462,0.1056824700434463,0.13012719220376767,0.11026191075994046,0.2932305805877901,0.0014917259467717298,0.0,0.15758397022315612
motive_8,0.1331597254431306,0.20639856253738004,0.061759290625908785,0.037180632308751904,-0.03901992623783461,0.13083413101415362,0.15758397022315612,0.0
