,motive_1,motive_2,motive_3,motive_4,motive_5,motive_6,motive_7,motive_8
motive_1,0.0,0.3121932955793456,0.695173400840279,0.505728795968044,0.3519175168334217,0.6259448857996641,0.6056589254386383,0.6048250445465304
motive_2,0.3121932955793456,0.0,0.4519952813387442,0.4842935755698876,0.13219265154714388,0.4130953374024823,0.5194796944052958,0.10282909490290396
motive_3,0.695173400840279,0.4519952813387442,0.0,0.17669353991487557,0.4275509891506306,0.5264836188930622,0.3293235241040338,0.40386353622094273
motive_4,0.505728795968044,0.4842935755698876,0.17669353991487557,0.0,0.2989280117608628,0.4581108036843067,0.4794230729053086,0.5080227717293213
motive_5,0.3519175168334217,0.13219265154714388,0.4275509891506306,0.2989280117608628,0.0,0.5229335985192093,0.029826613314545947,0.6963944207021526
motive_6,0.6259448857996641,0.4130953374024823,0.5264836188930622,0.4581108036843067,0.5229335985192093,0.0,0.5173520898324362,0.7960592598544439
motive_7,0.6056589254386383,0.5194796944052958,0.3293235241040338,0.4794230729053086,0.029826613314545947,0.5173520898324362,0.0,0.2640781048896032
motive_8,0.6048250445465304,0.10282909490290396,0.40386353622094273,0.5080227717293213,0.6963944207021526,0.7960592598544439,0.2640781048896032,0.0
