,motive_1,motive_2,motive_3,motive_4,motive_5,motive_6,motive_7,motive_8
motive_1,0.0,-0.03794819385722928,0.08272568249712225,0.0552745004699329,-0.015234668283885797,0.05153633350123768,-0.10071767570778983,0.005753164037542013
motive_2,-0.03794819385722928,0.0,-0.07760552588318831,0.1560779854064736,0.03799378502480362,-0.022997050438068448,-0.08436102546198859,-0.034140698620281275
motive_3,0.08272568249712225,-0.07760552588318831,0.0,0.11062462256261435,-0.08415237911096099,0.04648852600559532,0.01158190290413632,0.010814291291886349
motive_4,0.0552745004699329,0.1560779854064736,0.11062462256261435,0.0,-0.033554259213013055,-0.11327952565075479,-0.01884763730683913,0.026130777968797952
motive_5,-0.015234668283885797,0.03799378502480362,-0.08415237911096099,-0.033554259213013055,0.0,-0.08907283787961168,0.012640642844155905,-0.10683364000527867
motive_6,0.05153633350123768,-0.022997050438068448,0.04648852600559532,-0.11327952565075479,-0.08907283787961168,0.0,-0.020446141589769956,-0.12259294956612729
motive_7,-0.10071767570778983,-0.08436102546198859,0.01158190290413632,-0.01884763730683913,0.012640642844155905,-0.020446141589769956,0.0,0.0168338895850732
motive_8,0.005753164037542013,-0.034140698620281275,0.010814291291886349,0.026130777968797952,-0.10683364000527867,-0.12259294956612729,0.0168338895850732,0.0
