,motive_1,motive_2,motive_3,motive_4,motive_5,motive_6,motive_7,motive_8
motive_1,0.0,0.1331092685466756,-0.22048961081992866,1.1231324995065202,0.6042018231151547,0.10327096352074919,0.5007476169312677,0.07602866989477858
motive_2,0.1331092685466756,0.0,0.4821411027034783,-0.09571303840415787,-0.11816331968771804,0.5239701904198091,0.23507832801366196,0.34796704545348406
motive_3,-0.22048961081992866,0.4821411027034783,0.0,-0.2706177399987768,0.8807640500931173,0.40231399354769937,0.41051698047824864,0.17790673129967793
motive_4,1.1231324995065202,-0.09571303840415787,-0.2706177399987768,0.0,-0.21709354848707035,0.10749924412168847,-0.16657690608915643,0.4190748796471606
motive_5,0.6042018231151547,-0.11816331968771804,0.8807640500931173,-0.21709354848707035,0.0,-0.422324509102968,-0.2110440531745052,0.3551256643264204
motive_6,0.10327096352074919,0.5239701904198091,0.40231399354769937,0.10749924412168847,-0.422324509102968,0.0,0.08566192645251991,0.565484356127359
motive_7,0.5007476169312677,0.23507832801366196,0.41051698047824864,-0.16657690608915643,-0.2110440531745052,0.08566192645251991,0.0,0.47995309358677596
motive_8,0.07602866989477858,0.34796704545348406,0.17790673129967793,0.4190748796471606,0.3551256643264204,0.565484356127359,0.47995309358677596,0.0
