,motive_1,motive_2,motive_3,motive_4,motive_5,motive_6,motive_7,motive_8
motive_1,0.0,0.3984501586782525,0.4754792535144315,0.18364273625063868,0.669637905458039,0.17117386596799405,0.23334142387608345,0.3138357428840855
motive_2,0.3984501586782525,0.0,0.261995578836432,0.23174100363030303,0.11167872052147926,0.6953399279800853,0.3913962449346641,-0.1578241345987056
motive_3,0.4754792535144315,0.261995578836432,0.0,0.4979898979043378,0.41532218657860936,0.11201749815684556,0.3824937103603401,0.29724707877293804
motive_4,0.18364273625063868,0.23174100363030303,0.4979898979043378,0.0,0.3859137114966782,0.46512543288196373,0.6839992790686287,0.3780331016086921
motive_5,0.669637905458039,0.11167872052147926,0.41532218657860936,0.3859137114966782,0.0,0.21366592383830751,0.24534402629276364,0.4100983361880082
motive_6,0.17117386596799405,0.6953399279800853,0.11201749815684556,0.46512543288196373,0.21366592383830751,0.0,0.0021585186479421703,0.6916931418981225
motive_7,0.23334142387608345,0.3913962449346641,0.3824937103603401,0.6839992790686287,0.24534402629276364,0.0021585186479421703,0.0,0.668772835711062
motive_8,0.3138357428840855,-0.1578241345987056,0.29724707877293804,0.3780331016086921,0.4100983361880082,0.6916931418981225,0.668772835711062,0.0
