,motive_1,motive_2,motive_3,motive_4,motive_5,motive_6,motive_7,motive_8
motive_1,0.0,0.3737471933957133,-0.3357796636003245,-0.2054510772637585,0.09071472090124039,0.26797540530510394,0.08504500987199459,0.673425226312788
motive_2,0.3737471933957133,0.0,-0.059380776488881126,-0.13032534921769298,-1.2586842822389663,-0.49214155186942266,0.041580938161610626,0.49140183690363887
motive_3,-0.3357796636003245,-0.059380776488881126,0.0,0.40072924600281074,-0.12871246819269688,-0.03271662315210558,0.49672782707450025,0.21280883572232545
motive_4,-0.2054510772637585,-0.13032534921769298,0.40072924600281074,0.0,0.30779635631105856,-0.026289201065567994,-0.6433284106298569,-0.7862039053791723
motive_5,0.09071472090124039,-1.2586842822389663,-0.12871246819269688,0.30779635631105856,0.0,0.3526485609636257,0.05749660997662048,0.07223829376485835
motive_6,0.26797540530510394,-0.49214155186942266,-0.03271662315210558,-0.026289201065567994,0.3526485609636257,0.0,0.41202583806713694,1.1035202362772707
motive_7,0.08504500987199459,0.041580938161610626,0.49672782707450025,-0.6433284106298569,0.05749660997662048,0.41202583806713694,0.0,0.19026844456901243
motive_8,0.673425226312788,0.49140183690363887,0.21280883572232545,-0.7862039053791723,0.07223829376485835,1.1035202362772707,0.19026844456901243,0.0
