,motive_1,motive_2,motive_3,motive_4,motive_5,motive_6,motive_7,motive_8
motive_1,0.0,0.9376981627841988,-0.1314967866133541,-0.1569962883500849,0.4677380165981838,0.3783293075568457,0.24311889971058998,0.39313519197357805
motive_2,0.9376981627841988,0.0,0.518990406323349,0.47611229309633574,0.3616571872679689,0.4605378479898211,0.6978410940476552,0.21107625987920117
motive_3,-0.1314967866133541,0.518990406323349,0.0,0.12497122140792674,0.42433872027772557,0.49237386166709873,0.6841323447224658,0.5097319580307128
motive_4,-0.1569962883500849,0.47611229309633574,0.12497122140792674,0.0,0.6227540993691378,0.35249459798716026,0.41412072988877435,0.49325129062225537
motive_5,0.4677380165981838,0.3616571872679689,0.42433872027772557,0.6227540993691378,0.0,0.525405402422569,0.1481760162001881,0.5732684663568752
motive_6,0.3783293075568457,0.4605378479898211,0.49237386166709873,0.35249459798716026,0.525405402422569,0.0,0.5731611211251925,0.1657979490595715
motive_7,0.24311889971058998,0.6978410940476552,0.6841323447224658,0.41412072988877435,0.1481760162001881,0.5731611211251925,0.0,0.48433619863346966
motive_8,0.39313519197357805,0.21107625987920117,0.5097319580307128,0.49325129062225537,0.5732684663568752,0.1657979490595715,0.48433619863346966,0.0
