,motive_1,motive_2,motive_3,motive_4,motive_5,motive_6,motive_7,motive_8
motive_1,0.0,-0.1534118427681393,0.041509779928606085,-0.0667964713113986,-0.07002470759931162,0.03765909955836867,-0.033256573137599194,0.05915238726780034
motive_2,-0.1534118427681393,0.0,-0.11066194371303521,-0.042092136324802125,-0.04985465073301497,-0.08045140159333697,0.02746585021867247,0.04412607955137243
motive_3,0.041509779928606085,-0.11066194371303521,0.0,0.002745521254452866,-0.06178728369934304,0.088095862223553,-0.059450167291050585,0.025708818006947944
motive_4,-0.0667964713113986,-0.042092136324802125,0.002745521254452866,0.0,-0.08679151510523417,-0.09653287618230944,-0.0713773630678037,-0.04768253126347206
motive_5,-0.07002470759931162,-0.04985465073301497,-0.06178728369934304,-0.08679151510523417,0.0,-0.03136102196455205,-0.057315220623357414,0.011642099737062664
motive_6,0.03765909955836867,-0.08045140159333697,0.088095862223553,-0.09653287618230944,-0.03136102196455205,0.0,0.11502844178981589,0.038979336769560655
motive_7,-0.033256573137599194,0.02746585021867247,-0.059450167291050585,-0.0713773630678037,-0.057315220623357414,0.11502844178981589,0.0,-0.005453126581959285
motive_8,0.05915238726780034,0.04412607955137243,0.025708818006947944,-0.04768253126347206,0.011642099737062664,0.038979336769560655,-0.005453126581959285,0.0
