,motive_1,motive_2,motive_3,motive_4,motive_5,motive_6,motive_7,motive_8
motive_1,0.0,0.3245717371148521,0.06280786448459608,0.16538318916981234,0.3489944403154678,0.3532260774839162,0.240000090766269,0.23020206769786747
motive_2,0.3245717371148521,0.0,0.19809394068189423,-0.06862620157347457,0.32126783999561215,0.024959256892144455,0.5019511764440726,0.05445693955764411
motive_3,0.06280786448459608,0.19809394068189423,0.0,0.14078152974528055,-0.051124516379344453,0.13165371271680643,0.16604290614126674,0.2597971972593943
motive_4,0.16538318916981234,-0.06862620157347457,0.14078152974528055,0.0,0.35882051590286157,0.04611789678805387,0.1020150949195614,-0.12271968046126619
motive_5,0.3489944403154678,0.32126783999561215,-0.051124516379344453,0.35882051590286157,0.0,0.42001114516592775,0.34954106327260775,0.4168279478558836
motive_6,0.3532260774839162,0.024959256892144455,0.13165371271680643,0.04611789678805387,0.42001114516592775,0.0,0.2671846728319073,0.27972143759918927
motive_7,0.240000090766269,0.5019511764440726,0.16604290614126674,0.1020150949195614,0.34954106327260775,0.2671846728319073,0.0,-0.14071859510391116
motive_8,0.23020206769786747,0.05445693955764411,0.2597971972593943,-0.12271968046126619,0.4168279478558836,0.27972143759918927,-0.14071859510391116,0.0
