,motive_1,motive_2,motive_3,motive_4,motive_5,motive_6,motive_7,motive_8
motive_1,0.0,0.21655463427333782,0.03975519459003568,0.71156624975326,0.45210091155757737,0.2016354817603746,0.40037380846563386,0.1880143349473893
motive_2,0.21655463427333782,0.0,0.3910705513517392,0.10214348079792107,0.09091834015614099,0.41198509520990456,0.26753916400683103,0.323983522726742
motive_3,0.03975519459003568,0.3910705513517392,0.0,0.01469113000061159,0.5903820250465586,0.3511569967738497,0.35525849023912437,0.238953365649839
motive_4,0.71156624975326,0.10214348079792107,0.01469113000061159,0.0,0.04145322575646483,0.20374962206084424,0.0667115469554218,0.35953743982358033
motive_5,0.45210091155757737,0.09091834015614099,0.5903820250465586,0.04145322575646483,0.0,-0.06116225455148398,0.04447797341274737,0.3275628321632102
motive_6,0.2016354817603746,0.41198509520990456,0.3511569967738497,0.20374962206084424,-0.06116225455148398,0.0,0.19283096322625998,0.43274217806367954
motive_7,0.40037380846563386,0.26753916400683103,0.35525849023912437,0.0667115469554218,0.04447797341274737,0.19283096322625998,0.0,0.38997654679338795
motive_8,0.1880143349473893,0.323983522726742,0.238953365649839,0.35953743982358033,0.3275628321632102,0.43274217806367954,0.38997654679338795,0.0
