,motive_1,motive_2,motive_3,motive_4,motive_5,motive_6,motive_7,motive_8
motive_1,0.0,0.06629632873607695,0.04726821136093717,0.8161072549214837,-0.003829558990076143,0.25331104656200143,-0.10929645278140548,0.8220679456373494
motive_2,0.06629632873607695,0.0,0.19676502561697845,0.19213066156375852,0.7502104695950158,-0.03542126329076628,0.06728181750265876,-0.08715831775466432
motive_3,0.04726821136093717,0.19676502561697845,0.0,0.16674729857260032,-0.12801909346108448,0.8639526956387378,-0.7329300946638899,0.7652046201708615
motive_4,0.8161072549214837,0.19213066156375852,0.16674729857260032,0.0,0.028941544277496956,-0.06494128466513532,-0.5066260497408245,0.18245511017656613
motive_5,-0.003829558990076143,0.7502104695950158,-0.12801909346108448,0.028941544277496956,0.0,-0.1285091746371362,0.17458036232707924,-0.3278452307018211
motive_6,0.25331104656200143,-0.03542126329076628,0.8639526956387378,-0.06494128466513532,-0.1285091746371362,0.0,-0.43348523978997655,-0.16053133892632526
motive_7,-0.10929645278140548,0.06728181750265876,-0.7329300946638899,-0.5066260497408245,0.17458036232707924,-0.43348523978997655,0.0,0.6172590006248799
motive_8,0.8220679456373494,-0.08715831775466432,0.7652046201708615,0.18245511017656613,-0.3278452307018211,-0.16053133892632526,0.6172590006248799,0.0
