,motive_1,motive_2,motive_3,motive_4,motive_5,motive_6,motive_7,motive_8
motive_1,0.0,0.070844396146552,0.12821765044397898,-0.02687209994274649,0.06251699370998051,0.011714091183759934,0.07132966660483205,0.06419777377984713
motive_2,0.070844396146552,0.0,0.19895684823198226,0.07570720952072907,0.053612348960416584,0.2340259003686729,0.12543298180493923,0.13725495370484692
motive_3,0.12821765044397898,0.19895684823198226,0.0,0.15907922965985305,0.012021890780316867,0.14325002067722314,0.10673319071937883,0.08993560530678409
motive_4,-0.02687209994274649,0.07570720952072907,0.15907922965985305,0.0,0.18270209746076405,0.11007317264291204,0.1301023472389995,0.10120716382018469
motive_5,0.06251699370998051,0.053612348960416584,0.012021890780316867,0.18270209746076405,0.0,0.10408167588030114,0.16636384497246434,0.09356186319161805
motive_6,0.011714091183759934,0.2340259003686729,0.14325002067722314,0.11007317264291204,0.10408167588030114,0.0,0.026587202922416633,0.10277468076136241
motive_7,0.07132966660483205,0.12543298180493923,0.10673319071937883,0.1301023472389995,0.16636384497246434,0.026587202922416633,0.0,0.12567002277794162
motive_8,0.06419777377984713,0.13725495370484692,0.08993560530678409,0.10120716382018469,0.09356186319161805,0.10277468076136241,0.12567002277794162,0.0
