,motive_1,motive_2,motive_3,motive_4,motive_5,motive_6,motive_7,motive_8
satisfaction,0.20620692866901852,0.2062657128696098,-0.04017377059478397,0.3873744913915784,0.18530142663693855,0.4644942939796801,-0.2842916414333996,0.05655902160494286
