,motive_1,motive_2,motive_3,motive_4,motive_5,motive_6,motive_7,motive_8
satisfaction,0.18937657107509387,0.2964612522406019,0.1437885339188605,0.02464020767851713,0.36900645125454345,0.36492283592508873,-0.07043921258629826,-0.0419613301328714
