,motive_1,motive_2,motive_3,motive_4,motive_5,motive_6,motive_7,motive_8
motive_1,0.0,0.41762360004119703,-0.7214844461745054,-0.2732177420286621,-0.1627775788874097,0.6999863853122197,-0.02023256043172139,0.46817824758952825
motive_2,0.41762360004119703,0.0,-0.21115227122513847,-0.19325587480779338,0.5175209028777004,0.09218904705951869,0.003006796893066266,-0.2692223287730976
motive_3,-0.7214844461745054,-0.21115227122513847,0.0,0.8461053851772866,0.6284520166703658,-0.023948595637101278,0.06915548074552531,-0.3464907404104461
motive_4,-0.2732177420286621,-0.19325587480779338,0.8461053851772866,0.0,0.5772873019101903,0.006939565874115407,0.3708795408261265,0.23439009916410117
motive_5,-0.1627775788874097,0.5175209028777004,0.6284520166703658,0.5772873019101903,0.0,0.14046594470456625,-0.8962366979518575,0.03302998475811714
motive_6,0.6999863853122197,0.09218904705951869,-0.023948595637101278,0.006939565874115407,0.14046594470456625,0.0,0.1587349212361386,0.33872722987976256
motive_7,-0.02023256043172139,0.003006796893066266,0.06915548074552531,0.3708795408261265,-0.8962366979518575,0.1587349212361386,0.0,0.19681280849128466
motive_8,0.46817824758952825,-0.2692223287730976,-0.3464907404104461,0.23439009916410117,0.03302998475811714,0.33872722987976256,0.19681280849128466,0.0
