,motive_1,motive_2,motive_3,motive_4,motive_5,motive_6,motive_7,motive_8
motive_1,0.0,0.013712270879617211,-0.010379358877896594,0.022007192150222503,0.2418423875482422,0.11351209634865053,0.5406235736365254,0.14698501774303635
motive_2,0.013712270879617211,0.0,0.037826129803266204,0.24544123627586822,-0.8263146288037191,0.032318212835281246,0.47403689362516566,0.4692199176975132
motive_3,-0.010379358877896594,0.037826129803266204,0.0,0.09186306612789194,-0.25300576358195614,-0.3085008896817138,-0.10914378809814801,0.34927023679870334
motive_4,0.022007192150222503,0.24544123627586822,0.09186306612789194,0.0,-0.28484381009798304,0.8739752863674491,0.1784174128610639,-0.8825525858237977
motive_5,0.2418423875482422,-0.8263146288037191,-0.25300576358195614,-0.28484381009798304,0.0,-0.05038849467164429,0.21935733471730165,0.33796052955159134
motive_6,0.11351209634865053,0.032318212835281246,-0.3085008896817138,0.8739752863674491,-0.05038849467164429,0.0,0.5765158609940457,0.03699176604568498
motive_7,0.5406235736365254,0.47403689362516566,-0.10914378809814801,0.1784174128610639,0.21935733471730165,0.5765158609940457,0.0,0.33874306672374654
motive_8,0.14698501774303635,0.4692199176975132,0.34927023679870334,-0.8825525858237977,0.33796052955159134,0.03699176604568498,0.33874306672374654,0.0
