,motive_1,motive_2,motive_3,motive_4,motive_5,motive_6,motive_7,motive_8
motive_1,0.0,0.6185769491579324,-0.023501641362892553,0.3866200288134767,-0.22961611777345806,0.1781797743500859,0.3474808658625308,0.28288501417067197
motive_2,0.6185769491579324,0.0,0.17206009796021096,0.00012126678780588485,-0.09435880481714269,-0.1009863530772349,0.34101527982805546,0.06420189729673495
motive_3,-0.023501641362892553,0.17206009796021096,0.0,0.2191207606654793,0.4414430587364311,0.3544999902350465,0.4646758627422812,0.3068982398109603
motive_4,0.3866200288134767,0.00012126678780588485,0.2191207606654793,0.0,-0.11481537393688052,0.24643711720917422,0.48500849847495475,0.2635298074652667
motive_5,-0.22961611777345806,-0.09435880481714269,0.4414430587364311,-0.11481537393688052,0.0,-0.054491332268524206,-0.12234213318627082,0.21281400853006635
motive_6,0.1781797743500859,-0.1009863530772349,0.3544999902350465,0.24643711720917422,-0.054491332268524206,0.0,-0.0466420135345019,0.4619182312058047
motive_7,0.3474808658625308,0.34101527982805546,0.4646758627422812,0.48500849847495475,-0.12234213318627082,-0.0466420135345019,0.0,0.25207609199788206
motive_8,0.28288501417067197,0.06420189729673495,0.3068982398109603,0.2635298074652667,0.21281400853006635,0.4619182312058047,0.25207609199788206,0.0
