,motive_1,motive_2,motive_3,motive_4,motive_5,motive_6,motive_7,motive_8
motive_1,0.0,-0.0925156223132385,-0.16380591108095216,-0.07617439421995548,0.020239111244165053,-0.008628945474645842,-0.03186563590164937,-0.033042666244183075
motive_2,-0.0925156223132385,0.0,0.15363703397794476,-0.06170272709422933,-0.045853411555416106,-0.051504579242693575,0.08084961613742422,-0.04264652439396216
motive_3,-0.16380591108095216,0.15363703397794476,0.0,0.0024224492955888938,-0.07869121800374346,-0.07603463669588933,-0.020819894465555905,-0.003913155893053251
motive_4,-0.07617439421995548,-0.06170272709422933,0.0024224492955888938,0.0,-0.09079626954093045,0.06685332736102864,-0.06220165546641982,0.0009171507057887246
motive_5,0.020239111244165053,-0.045853411555416106,-0.07869121800374346,-0.09079626954093045,0.0,-0.025955758492939688,0.08029068936263589,0.0012843969151801193
motive_6,-0.008628945474645842,-0.051504579242693575,-0.07603463669588933,0.06685332736102864,-0.025955758492939688,0.0,-0.05728962789660228,-0.03996047689708433
motive_7,-0.03186563590164937,0.08084961613742422,-0.020819894465555905,-0.06220165546641982,0.08029068936263589,-0.05728962789660228,0.0,0.07658948725009895
motive_8,-0.033042666244183075,-0.04264652439396216,-0.003913155893053251,0.0009171507057887246,0.0012843969151801193,-0.03996047689708433,0.07658948725009895,0.0
