,motive_1,motive_2,motive_3,motive_4,motive_5,motive_6,motive_7,motive_8
motive_1,0.0,-0.15005143862439096,-0.10537803708867158,0.05045149012894655,-0.010169500988489406,-0.10701428619708947,0.004607813320786802,-0.021977429583461543
motive_2,-0.15005143862439096,0.0,0.10454727353170397,-0.09893205683083976,0.046137803966383686,0.006903522386148223,-0.035731970342124414,-0.047744071973449695
motive_3,-0.10537803708867158,0.10454727353170397,0.0,-0.00699509861489276,-0.03957809798823897,0.0523968857714193,0.04485295834908061,0.03480202647642989
motive_4,0.05045149012894655,-0.09893205683083976,-0.00699509861489276,0.0,0.06736230118272177,0.04328360690237737,0.03161083339914525,-0.03982313060832952
motive_5,-0.010169500988489406,0.046137803966383686,-0.03957809798823897,0.06736230118272177,0.0,0.031476554182804144,0.03194651724024408,0.015010575284905597
motive_6,-0.10701428619708947,0.006903522386148223,0.0523968857714193,0.04328360690237737,0.031476554182804144,0.0,-0.024132223214681947,0.04624673611621577
motive_7,0.004607813320786802,-0.035731970342124414,0.04485295834908061,0.03161083339914525,0.03194651724024408,-0.024132223214681947,0.0,0.054027331140354545
motive_8,-0.021977429583461543,-0.047744071973449695,0.03480202647642989,-0.03982313060832952,0.015010575284905597,0.04624673611621577,0.054027331140354545,0.0
