,motive_1,motive_2,motive_3,motive_4,motive_5,motive_6,motive_7,motive_8
satisfaction,-0.2192669112530532,0.172343907337893,0.2558882390412574,0.3963701498071882,0.7773005501081083,-0.13952695687531935,0.30987213008751374,0.1935854811499927
