,motive_1,motive_2,motive_3,motive_4,motive_5,motive_6,motive_7,motive_8
motive_1,0.0,0.4318282858056481,-0.08755604609190257,0.17675705944144088,0.6103368256929651,0.5919273739827697,-0.11172155506794385,0.3624210887881169
motive_2,0.4318282858056481,0.0,0.09527894532380624,0.15032587366638622,0.1911715452171628,0.16022247768429243,0.12153887209312256,0.06166760436462371
motive_3,-0.08755604609190257,0.09527894532380624,0.0,0.2143624012646525,0.6263317673525806,0.22679483141932333,0.6413375143243022,0.030929703409187964
motive_4,0.17675705944144088,0.15032587366638622,0.2143624012646525,0.0,0.4705834540980157,0.17556261740290224,-0.13548393567140565,0.3175141115280088
motive_5,0.6103368256929651,0.1911715452171628,0.6263317673525806,0.4705834540980157,0.0,0.18053463616138674,-0.07819065796566196,-0.2289595424163696
motive_6,0.5919273739827697,0.16022247768429243,0.22679483141932333,0.17556261740290224,0.18053463616138674,0.0,0.4187502711189458,-0.2330332729265027
motive_7,-0.11172155506794385,0.12153887209312256,0.6413375143243022,-0.13548393567140565,-0.07819065796566196,0.4187502711189458,0.0,0.34485778784982946
motive_8,0.3624210887881169,0.06166760436462371,0.030929703409187964,0.3175141115280088,-0.2289595424163696,-0.2330332729265027,0.34485778784982946,0.0
