,motive_1,motive_2,motive_3,motive_4,motive_5,motive_6,motive_7,motive_8
motive_1,0.0,0.08805551742519913,0.10317292441191514,0.12339130448327655,0.1258708388463878,0.11573327105985451,0.0234066523390718,0.03537131681890467
motive_2,0.08805551742519913,0.0,0.02430616459922636,0.12490515432086821,0.07223226566259909,0.10930662121094242,0.05720033379661532,0.0961440436066826
motive_3,0.10317292441191514,0.02430616459922636,0.0,0.11414908414541729,0.19124553470631234,0.1307325114261565,0.15816175036993468,0.1609924729686787
motive_4,0.12339130448327655,0.12490515432086821,0.11414908414541729,0.0,0.02296345701737186,0.06391513083540694,-0.009601748104296343,0.11658699943783132
motive_5,0.1258708388463878,0.07223226566259909,0.19124553470631234,0.02296345701737186,0.0,0.09936149314916293,0.13810047608910553,0.04566704957548139
motive_6,0.11573327105985451,0.10930662121094242,0.1307325114261565,0.06391513083540694,0.09936149314916293,0.0,0.07459671536264345,0.08308812973688173
motive_7,0.0234066523390718,0.05720033379661532,0.15816175036993468,-0.009601748104296343,0.13810047608910553,0.07459671536264345,0.0,0.058266702862724055
motive_8,0.03537131681890467,0.0961440436066826,0.1609924729686787,0.11658699943783132,0.04566704957548139,0.08308812973688173,0.058266702862724055,0.0
