,motive_1,motive_2,motive_3,motive_4,motive_5,motive_6,motive_7,motive_8
satisfaction,-0.6202803808597905,0.034960067643124815,0.0925014657885857,0.09131086726510393,0.2742364537095141,0.2290188289925988,0.051242618175449006,-0.08380678457242599
