,motive_1,motive_2,motive_3,motive_4,motive_5,motive_6,motive_7,motive_8
motive_1,0.0,0.6179092487216915,0.48085101779702233,0.45586725206685974,-0.06803571197046304,0.16005108186211783,0.49082749908010337,0.015774795165421962
motive_2,0.6179092487216915,0.0,0.07342262052568865,0.6297376577614483,0.5493493920378552,0.6830398945090284,0.5167291457684493,0.284912317771671
motive_3,0.48085101779702233,0.07342262052568865,0.0,0.44604806353725646,0.15971812841638505,0.5247673621418116,0.36408099637064584,0.4355523628906022
motive_4,0.45586725206685974,0.6297376577614483,0.44604806353725646,0.0,0.33869377466858874,0.40260897244989247,-0.011166936660549465,0.34849382545043134
motive_5,-0.06803571197046304,0.5493493920378552,0.15971812841638505,0.33869377466858874,0.0,0.38410215916097135,0.20351486405477393,0.15819023464784415
motive_6,0.16005108186211783,0.6830398945090284,0.5247673621418116,0.40260897244989247,0.38410215916097135,0.0,0.22641766492853574,0.7606759865907926
motive_7,0.49082749908010337,0.5167291457684493,0.36408099637064584,-0.011166936660549465,0.20351486405477393,0.22641766492853574,0.0,0.6143831182321515
motive_8,0.015774795165421962,0.284912317771671,0.4355523628906022,0.34849382545043134,0.15819023464784415,0.7606759865907926,0.6143831182321515,0.0
