,motive_1,motive_2,motive_3,motive_4,motive_5,motive_6,motive_7,motive_8
satisfaction,-0.2385825402665616,0.016551186876346588,-0.03660078586393617,0.044968521852894155,0.3242599395076018,0.28190741990089946,0.1401584217362263,-0.4101411229084222
