,motive_1,motive_2,motive_3,motive_4,motive_5,motive_6,motive_7,motive_8
motive_1,0.0,0.04321276672908213,0.1991150408328654,0.0827466475993552,0.06019303733798312,0.07267832765747897,0.1628569201752174,0.224542757286743
motive_2,0.04321276672908213,0.0,0.12471261060041602,0.07274613278948669,0.1334633493362072,0.13135951701468962,0.0363769659006644,-0.03254424676066206
motive_3,0.1991150408328654,0.12471261060041602,0.0,0.1662150233174982,0.19390715449474832,0.06443387880068907,0.1050823995838772,0.030604652694052582
motive_4,0.0827466475993552,0.07274613278948669,0.1662150233174982,0.0,0.08677164937521524,0.14077156964708248,0.214590064090241,-0.03318987670047227
motive_5,0.06019303733798312,0.1334633493362072,0.19390715449474832,0.08677164937521524,0.0,-0.003810658222896973,0.1291655211448588,0.14104182526877218
motive_6,0.07267832765747897,0.13135951701468962,0.06443387880068907,0.14077156964708248,-0.003810658222896973,0.0,0.1784915781415122,0.016142846053684337
motive_7,0.1628569201752174,0.0363769659006644,0.1050823995838772,0.214590064090241,0.1291655211448588,0.1784915781415122,0.0,0.02545423504790075
motive_8,0.224542757286743,-0.03254424676066206,0.030604652694052582,-0.03318987670047227,0.14104182526877218,0.016142846053684337,0.02545423504790075,0.0
