,motive_1,motive_2,motive_3,motive_4,motive_5,motive_6,motive_7,motive_8
motive_1,0.0,-0.06201713816932536,0.07190694055376004,-0.02907194420554541,-0.10164504487472618,0.14964326078077123,0.002675088048192137,-0.00132856754988658
motive_2,-0.06201713816932536,0.0,0.02692942934808858,-0.047098199581599234,-0.043221703682650145,0.16460432695999863,-0.16502984031669107,-0.04562455124187573
motive_3,0.07190694055376004,0.02692942934808858,0.0,0.019152359654058995,0.1047019354924065,-0.03522845427438154,0.0005675787503038252,0.024438951479755805
motive_4,-0.02907194420554541,-0.047098199581599234,0.019152359654058995,0.0,-0.0676495047683629,0.007002688411586741,-0.08531753195120187,0.023569444343504928
motive_5,-0.10164504487472618,-0.043221703682650145,0.1047019354924065,-0.0676495047683629,0.0,-0.03886111767412003,-0.12317871919303743,0.03803878919625037
motive_6,0.14964326078077123,0.16460432695999863,-0.03522845427438154,0.007002688411586741,-0.03886111767412003,0.0,-0.007866469420142658,0.07035801984951798
motive_7,0.002675088048192137,-0.16502984031669107,0.0005675787503038252,-0.08531753195120187,-0.12317871919303743,-0.007866469420142658,0.0,-0.03259932431158193
motive_8,-0.00132856754988658,-0.04562455124187573,0.024438951479755805,0.023569444343504928,0.03803878919625037,0.07035801984951798,-0.03259932431158193,0.0
