,motive_1,motive_2,motive_3,motive_4,motive_5,motive_6,motive_7,motive_8
motive_1,0.0,-0.08944694937107447,-0.06814191822545723,0.12805308144973818,0.5512031151901626,0.12772553333811912,0.2259667415873692,0.8458948725051753
motive_2,-0.08944694937107447,0.0,-0.079466547269559,0.08497943399827565,0.4161995714635747,0.29598910620721447,-0.11663184251329453,0.5295532012131456
motive_3,-0.06814191822545723,-0.079466547269559,0.0,0.24469437032384644,0.23846073646270138,0.07194170555984797,0.5306740273912164,0.36411290589988443
motive_4,0.12805308144973818,0.08497943399827565,0.24469437032384644,0.0,0.35122300512648486,0.7611949292541639,0.16991945361795346,0.6098056336560642
motive_5,0.5512031151901626,0.4161995714635747,0.23846073646270138,0.35122300512648486,0.0,-0.011890920246833428,0.15947175986281265,0.2697441766006577
motive_6,0.12772553333811912,0.29598910620721447,0.07194170555984797,0.7611949292541639,-0.011890920246833428,0.0,0.31536478600828244,0.16061424272081815
motive_7,0.2259667415873692,-0.11663184251329453,0.5306740273912164,0.16991945361795346,0.15947175986281265,0.31536478600828244,0.0,-0.11072710634391272
motive_8,0.8458948725051753,0.5295532012131456,0.36411290589988443,0.6098056336560642,0.2697441766006577,0.16061424272081815,-0.11072710634391272,0.0
