,motive_1,motive_2,motive_3,motive_4,motive_5,motive_6,motive_7,motive_8
motive_1,0.0,0.47511704412213807,0.66084947827918,0.02409864257240857,0.2692423977284724,0.7527362602623345,0.21846759797311233,0.2262431470816921
motive_2,0.47511704412213807,0.0,0.6318950062528172,0.21916480941015765,0.7944967519890641,0.07691275931464814,0.49886146107467133,0.34655499104821513
motive_3,0.66084947827918,0.6318950062528172,0.0,0.08626430577593013,0.3394138870741208,0.3662812332813721,0.41402758224201525,0.2013674309565188
motive_4,0.02409864257240857,0.21916480941015765,0.08626430577593013,0.0,0.4410723894960967,0.2991075758380075,0.05134778366362813,0.10588526376671298
motive_5,0.2692423977284724,0.7944967519890641,0.3394138870741208,0.4410723894960967,0.0,0.3673584091210915,0.29787129217272945,0.4305234838437081
motive_6,0.7527362602623345,0.07691275931464814,0.3662812332813721,0.2991075758380075,0.3673584091210915,0.0,0.4118501441481122,0.08995283713556032
motive_7,0.21846759797311233,0.49886146107467133,0.41402758224201525,0.05134778366362813,0.29787129217272945,0.4118501441481122,0.0,0.42722616765400667
motive_8,0.2262431470816921,0.34655499104821513,0.2013674309565188,0.10588526376671298,0.4305234838437081,0.08995283713556032,0.42722616765400667,0.0
