,motive_1,motive_2,motive_3,motive_4,motive_5,motive_6,motive_7,motive_8
motive_1,0.0,0.5299504440315146,0.09268055232783153,0.3247231073663145,0.4552892058076192,0.13310590864704103,0.5956804918699776,-0.06615468492624454
motive_2,0.5299504440315146,0.0,0.15494357366640435,0.5789136441619331,-0.8442275308441182,0.329974039039428,0.2622225745023645,-0.25376078670591984
motive_3,0.09268055232783153,0.15494357366640435,0.0,-0.5275444867097799,0.3320002444504022,-0.16514766715947427,-0.15926032797923717,-0.567443949095552
motive_4,0.3247231073663145,0.5789136441619331,-0.5275444867097799,0.0,-0.3928086808639059,0.3971772774706466,-0.23745790242466996,0.2337310505945947
motive_5,0.4552892058076192,-0.8442275308441182,0.3320002444504022,-0.3928086808639059,0.0,0.8789756670993472,0.9032110827133983,-0.09393313105136411
motive_6,0.13310590864704103,0.329974039039428,-0.16514766715947427,0.3971772774706466,0.8789756670993472,0.0,-0.23276439626231593,-0.22157656928237535
motive_7,0.5956804918699776,0.2622225745023645,-0.15926032797923717,-0.23745790242466996,0.9032110827133983,-0.23276439626231593,0.0,0.04435339350432152
motive_8,-0.06615468492624454,-0.25376078670591984,-0.567443949095552,0.2337310505945947,-0.09393313105136411,-0.22157656928237535,0.04435339350432152,0.0
