,motive_1,motive_2,motive_3,motive_4,motive_5,motive_6,motive_7,motive_8
motive_1,0.0,0.4426668539784088,0.5875979120383217,-0.057263817260455596,0.4377231722921071,0.6040751111579256,0.34742457404665583,0.743923833996484
motive_2,0.4426668539784088,0.0,0.27375286837779456,0.3181413163127811,0.4394478896780704,0.3910411363193017,0.3696239594897242,0.7393651270234993
motive_3,0.5875979120383217,0.27375286837779456,0.0,0.41185127823085965,0.3190325351445517,0.46826162450497105,0.5089203400441027,0.37799125537842315
motive_4,-0.057263817260455596,0.3181413163127811,0.41185127823085965,0.0,0.3062723512224308,0.46380921597447844,0.7833412708122489,0.12130626997929976
motive_5,0.4377231722921071,0.4394478896780704,0.3190325351445517,0.3062723512224308,0.0,0.4204944240560855,0.5477247957638924,0.4556178412991806
motive_6,0.6040751111579256,0.3910411363193017,0.46826162450497105,0.46380921597447844,0.4204944240560855,0.0,0.6475130791069784,0.708844284171279
motive_7,0.34742457404665583,0.3696239594897242,0.5089203400441027,0.7833412708122489,0.5477247957638924,0.6475130791069784,0.0,0.33921740740636264
motive_8,0.743923833996484,0.7393651270234993,0.37799125537842315,0.12130626997929976,0.4556178412991806,0.708844284171279,0.33921740740636264,0.0
