,motive_1,motive_2,motive_3,motive_4,motive_5,motive_6,motive_7,motive_8
satisfaction,0.30038512060476985,-0.03800091802589839,-0.055536807887334255,-0.18253353331361263,0.29799575328730954,0.3362113067270155,0.2579767072499709,0.2642963674713459
