,motive_1,motive_2,motive_3,motive_4,motive_5,motive_6,motive_7,motive_8
satisfaction,-0.6028652019432641,0.605852675498584,0.2116504313508548,0.21372394025168273,0.34613313415297614,0.6604494509445777,0.3136528154655252,0.08819667500834048
