,motive_1,motive_2,motive_3,motive_4,motive_5,motive_6,motive_7,motive_8
satisfaction,0.12035344309989363,0.10258850205946313,-0.040182016963989875,0.10046776322363492,-0.26944366654452534,-0.10289441330690546,-0.11138060146848416,0.03133852682061829
