,motive_1,motive_2,motive_3,motive_4,motive_5,motive_6,motive_7,motive_8
motive_1,0.0,0.0943020354778655,0.03004322402869085,0.19968648588008464,0.09297515955985468,0.17562552580842508,0.22355317660831686,0.1002805898467698
motive_2,0.0943020354778655,0.0,0.03126286298911762,0.25629945644614466,0.09815362650799925,0.11466300312862157,0.03830290344006517,-0.02418980186242451
motive_3,0.03004322402869085,0.03126286298911762,0.0,0.0005606710160592776,0.17453330929802277,0.05079591814548373,0.12553255026173757,0.07703342625638995
motive_4,0.19968648588008464,0.25629945644614466,0.0005606710160592776,0.0,0.18943134474718826,0.05079938672837776,0.07844965218047842,0.14207227109644505
motive_5,0.09297515955985468,0.09815362650799925,0.17453330929802277,0.18943134474718826,0.0,0.11924417360824302,0.03485228409367645,-0.004872023741385539
motive_6,0.17562552580842508,0.11466300312862157,0.05079591814548373,0.05079938672837776,0.11924417360824302,0.0,0.18443337216816202,0.012795294865441995
motive_7,0.22355317660831686,0.03830290344006517,0.12553255026173757,0.07844965218047842,0.03485228409367645,0.18443337216816202,0.0,0.08053045982616107
motive_8,0.1002805898467698,-0.02418980186242451,0.07703342625638995,0.14207227109644505,-0.004872023741385539,0.012795294865441995,0.08053045982616107,0.0
