,motive_1,motive_2,motive_3,motive_4,motive_5,motive_6,motive_7,motive_8
motive_1,0.0,0.09340187605739181,-0.05136758999703987,0.0202375920313788,0.04901493867311746,0.08058267968617572,-0.10714075604035742,0.01575461759483901
motive_2,0.09340187605739181,0.0,0.120512862654793,0.004707049255338207,-0.07198093428924883,0.033583874355429755,0.08457386518480514,-0.11377857570057187
motive_3,-0.05136758999703987,0.120512862654793,0.0,0.013211981542117135,0.09258385391452112,-0.10911270722267105,-0.0023248689839356317,-0.039654810362459145
motive_4,0.0202375920313788,0.004707049255338207,0.013211981542117135,0.0,-0.008646468007784772,-0.031900677486301154,-0.027434675411276116,-0.07550505272515935
motive_5,0.04901493867311746,-0.07198093428924883,0.09258385391452112,-0.008646468007784772,0.0,0.030436786169263808,-0.0370026080717433,0.05137639592154751
motive_6,0.08058267968617572,0.033583874355429755,-0.10911270722267105,-0.031900677486301154,0.030436786169263808,0.0,-0.01593969210347808,0.02234915879608102
motive_7,-0.10714075604035742,0.08457386518480514,-0.0023248689839356317,-0.027434675411276116,-0.0370026080717433,-0.01593969210347808,0.0,0.11318131660720229
motive_8,0.01575461759483901,-0.11377857570057187,-0.039654810362459145,-0.07550505272515935,0.05137639592154751,0.02234915879608102,0.11318131660720229,0.0
