,motive_1,motive_2,motive_3,motive_4,motive_5,motive_6,motive_7,motive_8
motive_1,0.0,0.5914539294444876,0.1663138926565126,0.5756188443536598,0.3005448982265315,0.16521081823661155,0.20133041824346315,0.867832770339009
motive_2,0.5914539294444876,0.0,0.37138509606018394,0.5713183058668422,0.3745908055650162,0.5010619291209755,-0.3513403687937465,0.3030546864715838
motive_3,0.1663138926565126,0.37138509606018394,0.0,0.33207089093358005,0.5649090773967944,0.29572734946811297,0.6914108806805561,0.4561338716416844
motive_4,0.5756188443536598,0.5713183058668422,0.33207089093358005,0.0,0.5280362909530802,0.3020201710759802,0.3171569072072559,0.5256852236298576
motive_5,0.3005448982265315,0.3745908055650162,0.5649090773967944,0.5280362909530802,0.0,0.5608383316780486,0.42913958062726243,0.380882488428613
motive_6,0.16521081823661155,0.5010619291209755,0.29572734946811297,0.3020201710759802,0.5608383316780486,0.0,0.4406756175523184,0.3652604072276413
motive_7,0.20133041824346315,-0.3513403687937465,0.6914108806805561,0.3171569072072559,0.42913958062726243,0.4406756175523184,0.0,0.3354845401350569
motive_8,0.867832770339009,0.3030546864715838,0.4561338716416844,0.5256852236298576,0.380882488428613,0.3652604072276413,0.3354845401350569,0.0
