,motive_1,motive_2,motive_3,motive_4,motive_5,motive_6,motive_7,motive_8
motive_1,0.0,0.297091454388713,-0.0010677856482047415,-0.0390604385325707,0.19306202080956422,0.1643316428591164,0.08368035932753085,0.13646360949575848
motive_2,0.297091454388713,0.0,0.015013274386579269,0.21508222021253157,0.029611094289521994,0.22674708925497722,0.07119288585311065,0.05160557569522598
motive_3,-0.0010677856482047415,0.015013274386579269,0.0,0.08858019870870938,0.11867719761218223,0.08914252155715777,0.10200032477538337,0.2390664733799694
motive_4,-0.0390604385325707,0.21508222021253157,0.08858019870870938,0.0,-0.03482521362967132,0.1395197235712883,0.05755770921602768,0.2021433268294683
motive_5,0.19306202080956422,0.029611094289521994,0.11867719761218223,-0.03482521362967132,0.0,0.1318562251071218,0.10559535788004104,0.13335531924906718
motive_6,0.1643316428591164,0.22674708925497722,0.08914252155715777,0.1395197235712883,0.1318562251071218,0.0,0.23644797234463705,0.1385549643379489
motive_7,0.08368035932753085,0.07119288585311065,0.10200032477538337,0.05755770921602768,0.10559535788004104,0.23644797234463705,0.0,-0.0075904298614732045
motive_8,0.13646360949575848,0.05160557569522598,0.2390664733799694,0.2021433268294683,0.13335531924906718,0.1385549643379489,-0.0075904298614732045,0.0
