,motive_1,motive_2,motive_3,motive_4,motive_5,motive_6,motive_7,motive_8
motive_1,0.0,0.04206771451192699,0.12743714113864582,0.12081531245667608,0.14168323839311692,0.07231585776867516,0.1461447038755861,0.08891481531021772
motive_2,0.04206771451192699,0.0,0.21012773662244086,0.02083337796792145,0.14827465880940272,0.030942518083166747,0.09372876831699922,0.012714309489298838
motive_3,0.12743714113864582,0.21012773662244086,0.0,0.013974206362419167,0.09677315229983538,0.08369482115005555,0.12342205931279437,0.1099827891222849
motive_4,0.12081531245667608,0.02083337796792145,0.013974206362419167,0.0,0.13902355021144377,0.0560192417816405,0.2369035565494041,0.10406297114297039
motive_5,0.14168323839311692,0.14827465880940272,0.09677315229983538,0.13902355021144377,0.0,0.14105469565270773,0.19782896473773479,0.14591681442802146
motive_6,0.07231585776867516,0.030942518083166747,0.08369482115005555,0.0560192417816405,0.14105469565270773,0.0,0.12342927347447996,0.18126767638321403
motive_7,0.1461447038755861,0.09372876831699922,0.12342205931279437,0.2369035565494041,0.19782896473773479,0.12342927347447996,0.0,0.22196746889868565
motive_8,0.08891481531021772,0.012714309489298838,0.1099827891222849,0.10406297114297039,0.14591681442802146,0.18126767638321403,0.22196746889868565,0.0
