,motive_1,motive_2,motive_3,motive_4,motive_5,motive_6,motive_7,motive_8
motive_1,0.0,0.004945385667924646,0.015677884362883178,0.05957116984407651,-0.11126581218527137,0.1021558336420953,-0.008619988305695242,-0.05421058957093553
motive_2,0.004945385667924646,0.0,-0.024181044985623637,-0.02313421009349423,0.056293265831617395,0.029592265142897707,0.07987089209341354,0.038003643423669665
motive_3,0.015677884362883178,-0.024181044985623637,0.0,-0.20849789867031304,-0.02622419359461253,-0.1478161116409375,-0.05467083712080793,0.10242098472465383
motive_4,0.05957116984407651,-0.02313421009349423,-0.20849789867031304,0.0,0.07551795343818994,0.03796059716357889,-0.03170546050739075,-0.08743617575978341
motive_5,-0.11126581218527137,0.056293265831617395,-0.02622419359461253,0.07551795343818994,0.0,-0.1691753127194709,0.06552116199815752,-0.12553998209483536
motive_6,0.1021558336420953,0.029592265142897707,-0.1478161116409375,0.03796059716357889,-0.1691753127194709,0.0,0.015506079048115629,-0.01521352728219952
motive_7,-0.008619988305695242,0.07987089209341354,-0.05467083712080793,-0.03170546050739075,0.06552116199815752,0.015506079048115629,0.0,-0.0914842398792793
motive_8,-0.05421058957093553,0.038003643423669665,0.10242098472465383,-0.08743617575978341,-0.12553998209483536,-0.01521352728219952,-0.0914842398792793,0.0
