,motive_1,motive_2,motive_3,motive_4,motive_5,motive_6,motive_7,motive_8
motive_1,0.0,-0.17973237636293715,-0.5563708495334556,0.5129852243337266,-0.005249967844622172,-0.4986366053631415,-0.12937710325362944,0.6951246520233103
motive_2,-0.17973237636293715,0.0,0.39382625612293554,0.4030466164865692,0.4262281795598194,0.4566139502267179,0.3249534573251847,-0.16110358046871615
motive_3,-0.5563708495334556,0.39382625612293554,0.0,-0.0812379204595212,0.8239323609480189,-0.21558201021060835,0.1031928367571346,0.7094578095140113
motive_4,0.5129852243337266,0.4030466164865692,-0.0812379204595212,0.0,-0.06565198892227425,0.608909761479727,0.22891838297498898,0.7373230549484545
motive_5,-0.005249967844622172,0.4262281795598194,0.8239323609480189,-0.06565198892227425,0.0,0.0955394824722718,0.22295977832183525,0.250158988863095
motive_6,-0.4986366053631415,0.4566139502267179,-0.21558201021060835,0.608909761479727,0.0955394824722718,0.0,-0.8518175644245806,0.13086920148948145
motive_7,-0.12937710325362944,0.3249534573251847,0.1031928367571346,0.22891838297498898,0.22295977832183525,-0.8518175644245806,0.0,-0.24314249888962658
motive_8,0.6951246520233103,-0.16110358046871615,0.7094578095140113,0.7373230549484545,0.250158988863095,0.13086920148948145,-0.24314249888962658,0.0
