,motive_1,motive_2,motive_3,motive_4,motive_5,motive_6,motive_7,motive_8
motive_1,0.0,-0.023581199636925954,0.4012352377342163,0.2383738082048407,0.43582764150012737,0.15055189513687237,-0.27660013375556575,0.04288577574979335
motive_2,-0.023581199636925954,0.0,-1.2185805043450357,-0.09120764049862529,-0.29357147844307685,0.06782887350330735,0.5210577639059719,-0.12403743627769005
motive_3,0.4012352377342163,-1.2185805043450357,0.0,0.3170363435413779,0.4135220740943662,0.684452097217157,0.480022253766033,-0.11816175107844329
motive_4,0.2383738082048407,-0.09120764049862529,0.3170363435413779,0.0,-0.19821528238807837,-0.09838966703019358,0.9964001406304093,-0.6444123612646422
motive_5,0.43582764150012737,-0.29357147844307685,0.4135220740943662,-0.19821528238807837,0.0,1.3988753663250244,-0.11979253634234421,0.8295088067494955
motive_6,0.15055189513687237,0.06782887350330735,0.684452097217157,-0.09838966703019358,1.3988753663250244,0.0,0.791511439744533,0.948362166205377
motive_7,-0.27660013375556575,0.5210577639059719,0.480022253766033,0.9964001406304093,-0.11979253634234421,0.791511439744533,0.0,0.7868480232715402
motive_8,0.04288577574979335,-0.12403743627769005,-0.11816175107844329,-0.6444123612646422,0.8295088067494955,0.948362166205377,0.7868480232715402,0.0
