,motive_1,motive_2,motive_3,motive_4,motive_5,motive_6,motive_7,motive_8
satisfaction,-0.35411946913483056,-0.4051650710922266,0.27208796975361693,-0.06124700397343097,0.4150528470124151,0.08527351941895903,-0.25836327441523016,0.3695114579496984
