,motive_1,motive_2,motive_3,motive_4,motive_5,motive_6,motive_7,motive_8
satisfaction,-0.15882399417939944,0.15173811418602234,-0.09276933986382979,0.39862942559760073,0.15779738744687397,-0.15153699474826057,0.15666888060162965,0.04714662766145577
