,motive_1,motive_2,motive_3,motive_4,motive_5,motive_6,motive_7,motive_8
satisfaction,0.25705757439327603,0.1657783315112555,0.5143342362657409,-0.07645369051016332,0.2880088506216828,0.2782920709868006,0.24715917250212027,0.4607479103431572
