,motive_1,motive_2,motive_3,motive_4,motive_5,motive_6,motive_7,motive_8
motive_1,0.0,0.3786977293213477,0.7126454676042491,0.8431921293160205,0.040014846712218693,0.22846366895915216,0.22894889900241217,0.3664000011647491
motive_2,0.3786977293213477,0.0,0.47283533379867426,0.9222187965976585,0.4754589642621941,0.5657264220347412,0.44394678240576657,0.6419403712691801
motive_3,0.7126454676042491,0.47283533379867426,0.0,0.3374057374259363,0.4665790282759886,0.037476847767540844,0.6724594495749064,0.8049891881791541
motive_4,0.8431921293160205,0.9222187965976585,0.3374057374259363,0.0,0.5695791263869873,-0.051477136273475096,0.35949962607926744,0.21354279684080563
motive_5,0.040014846712218693,0.4754589642621941,0.4665790282759886,0.5695791263869873,0.0,0.8489195492622328,0.027143066531151228,0.5893390517303336
motive_6,0.22846366895915216,0.5657264220347412,0.037476847767540844,-0.051477136273475096,0.8489195492622328,0.0,0.010650418531971101,0.5724129094020852
motive_7,0.22894889900241217,0.44394678240576657,0.6724594495749064,0.35949962607926744,0.027143066531151228,0.010650418531971101,0.0,0.15222060835896692
motive_8,0.3664000011647491,0.6419403712691801,0.8049891881791541,0.21354279684080563,0.5893390517303336,0.5724129094020852,0.15222060835896692,0.0
