,motive_1,motive_2,motive_3,motive_4,motive_5,motive_6,motive_7,motive_8
motive_1,0.0,0.11446793674874092,0.3396107650716307,0.15051465709572354,-0.09677528078735666,0.35778197162147257,0.6359388000243582,0.12054977962741226
motive_2,0.11446793674874092,0.0,0.13314687936647673,0.4922334584262861,0.4092955871911534,0.29151797655617645,0.3413603161850407,0.25416252830691066
motive_3,0.3396107650716307,0.13314687936647673,0.0,-0.0932300878837721,0.29072081819335177,0.2361698869138309,0.5661795209216851,0.19423675071513327
motive_4,0.15051465709572354,0.4922334584262861,-0.0932300878837721,0.0,0.056092227021456595,-0.11090697547336315,0.22380772242161012,-0.24022452923492202
motive_5,-0.09677528078735666,0.4092955871911534,0.29072081819335177,0.056092227021456595,0.0,0.058729565219028404,0.2801877015393847,0.30088984309501365
motive_6,0.35778197162147257,0.29151797655617645,0.2361698869138309,-0.11090697547336315,0.058729565219028404,0.0,0.07581568713088724,0.45674599592533527
motive_7,0.6359388000243582,0.3413603161850407,0.5661795209216851,0.22380772242161012,0.2801877015393847,0.07581568713088724,0.0,0.2162836473305206
motive_8,0.12054977962741226,0.25416252830691066,0.19423675071513327,-0.24022452923492202,0.30088984309501365,0.45674599592533527,0.2162836473305206,0.0
