,motive_1,motive_2,motive_3,motive_4,motive_5,motive_6,motive_7,motive_8
satisfaction,0.12872369990521595,-0.08969875400199331,0.04035758452575186,0.031777474084484114,0.13773095581855999,-0.15375910067655998,0.10926069225225835,0.10183709490289214
