,motive_1,motive_2,motive_3,motive_4,motive_5,motive_6,motive_7,motive_8
motive_1,0.0,0.18119543913000893,0.1595775280656725,0.118387825056259,0.026059400412307927,0.04995489522915076,0.07560838651943208,0.02834077308924969
motive_2,0.18119543913000893,0.0,0.11525393148369342,0.20883324729932667,0.18747804679632118,0.09305725547382274,0.11086305717193307,0.27918260982674026
motive_3,0.1595775280656725,0.11525393148369342,0.0,0.027840777796687165,0.11700531749190783,0.10778160211765406,0.26228693054820046,-0.04635573996144471
motive_4,0.118387825056259,0.20883324729932667,0.027840777796687165,0.0,0.14775531420106175,0.13895896583486822,0.19159284863340803,0.08323565206337508
motive_5,0.026059400412307927,0.18747804679632118,0.11700531749190783,0.14775531420106175,0.0,0.14480414129485955,0.25432506983878367,-0.08582336594730011
motive_6,0.04995489522915076,0.09305725547382274,0.10778160211765406,0.13895896583486822,0.14480414129485955,0.0,0.032906419456030775,0.1121166005984324
motive_7,0.07560838651943208,0.11086305717193307,0.26228693054820046,0.19159284863340803,0.25432506983878367,0.032906419456030775,0.0,0.012000298960631706
motive_8,0.02834077308924969,0.27918260982674026,-0.04635573996144471,0.08323565206337508,-0.08582336594730011,0.1121166005984324,0.012000298960631706,0.0
