,motive_1,motive_2,motive_3,motive_4,motive_5,motive_6,motive_7,motive_8
motive_1,0.0,0.3971919143978595,-0.030361804002132814,0.35908630646433787,0.23270176859665867,1.0598226289821633,0.3143507601147192,0.6640613040429403
motive_2,0.3971919143978595,0.0,0.1708468592448737,0.5324625095354791,0.6693044984140626,0.2776988393456549,0.49439760018174295,0.2984037122979208
motive_3,-0.030361804002132814,0.1708468592448737,0.0,0.35988010072570287,0.27683342112336157,0.1809030965393125,0.498503166701845,0.17509575418334306
motive_4,0.35908630646433787,0.5324625095354791,0.35988010072570287,0.0,0.3510064045316617,0.5733730062245246,0.8678887775191402,0.34128781037920775
motive_5,0.23270176859665867,0.6693044984140626,0.27683342112336157,0.3510064045316617,0.0,0.30608081473918647,0.6897617367472509,0.14654615408739496
motive_6,1.0598226289821633,0.2776988393456549,0.1809030965393125,0.5733730062245246,0.30608081473918647,0.0,0.4923483095307558,0.25854681305984734
motive_7,0.3143507601147192,0.49439760018174295,0.498503166701845,0.8678887775191402,0.6897617367472509,0.4923483095307558,0.0,0.4376051102526968
motive_8,0.6640613040429403,0.2984037122979208,0.17509575418334306,0.34128781037920775,0.14654615408739496,0.25854681305984734,0.4376051102526968,0.0
