,motive_1,motive_2,motive_3,motive_4,motive_5,motive_6,motive_7,motive_8
motive_1,0.0,0.5660658936084579,0.22745110928476364,0.5014185593643867,0.04120041702350086,0.09099781134208942,0.8788838996571389,0.33007601320125646
motive_2,0.5660658936084579,0.0,0.14803944977114433,0.21204075880811385,0.5664319696402472,0.40581358099012127,0.7919577015556164,0.2061023527841039
motive_3,0.22745110928476364,0.14803944977114433,0.0,0.39332934750439635,0.47717025231716614,0.4624173054356844,0.5744675812277978,0.39410759599990475
motive_4,0.5014185593643867,0.21204075880811385,0.39332934750439635,0.0,0.3203645227672104,0.29208683496452814,0.274908826681199,0.2544412960976056
motive_5,0.04120041702350086,0.5664319696402472,0.47717025231716614,0.3203645227672104,0.0,0.2997789233372574,0.3906242329488593,0.4456386449420376
motive_6,0.09099781134208942,0.40581358099012127,0.4624173054356844,0.29208683496452814,0.2997789233372574,0.0,0.7159717267017351,0.6350459328225779
motive_7,0.8788838996571389,0.7919577015556164,0.5744675812277978,0.274908826681199,0.3906242329488593,0.7159717267017351,0.0,0.48459551718707405
motive_8,0.33007601320125646,0.2061023527841039,0.39410759599990475,0.2544412960976056,0.4456386449420376,0.6350459328225779,0.48459551718707405,0.0
