,motive_1,motive_2,motive_3,motive_4,motive_5,motive_6,motive_7,motive_8
motive_1,0.0,0.07506143163207499,-0.04169650123609868,-0.00345380819821986,-0.1593489463579844,0.007762446725564746,-0.057458190993141076,0.007345404818334837
motive_2,0.07506143163207499,0.0,-0.03701430152826891,-0.026244975533109144,-0.033436484554137544,0.06623163991726237,-0.09350145725094024,0.0054645366170084295
motive_3,-0.04169650123609868,-0.03701430152826891,0.0,-0.0008840814979604733,0.013300835063779048,-0.06321452432910975,-0.001457578229767281,0.12205866654492037
motive_4,-0.00345380819821986,-0.026244975533109144,-0.0008840814979604733,0.0,-0.05954801943839944,-0.05770282913495294,0.04090099071779229,-0.02603764046590014
motive_5,-0.1593489463579844,-0.033436484554137544,0.013300835063779048,-0.05954801943839944,0.0,-0.02503131290151628,0.07143160236877898,0.100695710852432
motive_6,0.007762446725564746,0.06623163991726237,-0.06321452432910975,-0.05770282913495294,-0.02503131290151628,0.0,-0.06357380631969797,-0.03304767351504237
motive_7,-0.057458190993141076,-0.09350145725094024,-0.001457578229767281,0.04090099071779229,0.07143160236877898,-0.06357380631969797,0.0,0.020992120211856875
motive_8,0.007345404818334837,0.0054645366170084295,0.12205866654492037,-0.02603764046590014,0.100695710852432,-0.03304767351504237,0.020992120211856875,0.0
