,motive_1,motive_2,motive_3,motive_4,motive_5,motive_6,motive_7,motive_8
motive_1,0.0,-0.016827703153427395,0.06721465365845374,0.0014942019401403828,-0.039585391926382135,0.005475368940028251,0.001112971071034502,-0.031957917669516625
motive_2,-0.016827703153427395,0.0,0.06836500190461589,-0.015491411635339774,0.013441369228350993,-0.08105114221717362,-0.05441738207630266,-0.06422338903649914
motive_3,0.06721465365845374,0.06836500190461589,0.0,-0.014370704956066575,-0.03419026832507007,0.09553416406511314,-0.005718721796037621,0.12421878671821177
motive_4,0.0014942019401403828,-0.015491411635339774,-0.014370704956066575,0.0,0.12192924329239534,-0.08300771175441779,0.03679946426065102,-0.03026154095526367
motive_5,-0.039585391926382135,0.013441369228350993,-0.03419026832507007,0.12192924329239534,0.0,0.03312717409054047,-0.015317285721013707,-0.04169778702850187
motive_6,0.005475368940028251,-0.08105114221717362,0.09553416406511314,-0.08300771175441779,0.03312717409054047,0.0,-0.04798911225946863,-0.024538202657922226
motive_7,0.001112971071034502,-0.05441738207630266,-0.005718721796037621,0.03679946426065102,-0.015317285721013707,-0.04798911225946863,0.0,-0.08168173004247412
motive_8,-0.031957917669516625,-0.06422338903649914,0.12421878671821177,-0.03026154095526367,-0.04169778702850187,-0.024538202657922226,-0.08168173004247412,0.0
