,motive_1,motive_2,motive_3,motive_4,motive_5,motive_6,motive_7,motive_8
motive_1,0.0,0.5094929500631986,0.4196272530605577,0.7140386208513976,0.16920515015231574,0.29248165702595935,0.5709441070461111,0.5872820643114939
motive_2,0.5094929500631986,0.0,0.3180895589074318,0.7987814207658974,0.42782846287870946,0.14298650392057163,0.13139244743274156,0.01561563301800531
motive_3,0.4196272530605577,0.3180895589074318,0.0,0.2869115772082519,0.1749683717515369,0.37809587295582314,0.28686165535145347,0.35372751388246837
motive_4,0.7140386208513976,0.7987814207658974,0.2869115772082519,0.0,0.2513052559358453,0.15120306304374126,0.28687267878508255,0.0674751691783354
motive_5,0.16920515015231574,0.42782846287870946,0.1749683717515369,0.2513052559358453,0.0,0.5190948594355772,0.3666827557918091,0.5121322701357891
motive_6,0.29248165702595935,0.14298650392057163,0.37809587295582314,0.15120306304374126,0.5190948594355772,0.0,0.19312722829127232,0.268571622187402
motive_7,0.5709441070461111,0.13139244743274156,0.28686165535145347,0.28687267878508255,0.3666827557918091,0.19312722829127232,0.0,0.35481117687444225
motive_8,0.5872820643114939,0.01561563301800531,0.35372751388246837,0.0674751691783354,0.5121322701357891,0.268571622187402,0.35481117687444225,0.0
