,motive_1,motive_2,motive_3,motive_4,motive_5,motive_6,motive_7,motive_8
motive_1,0.0,0.6098165319007406,0.5028695555717793,0.5640072482220406,0.4430172876627534,0.15573836587039078,0.08506432164051494,0.39056668243361004
motive_2,0.6098165319007406,0.0,0.5817390398672801,0.18961303352456088,0.533562461970684,0.3888887661498866,0.5455522316390025,0.4002565362542486
motive_3,0.5028695555717793,0.5817390398672801,0.0,0.7316257338434262,0.18400530487386088,0.6432043627754557,0.19170522841664614,0.35813144980231437
motive_4,0.5640072482220406,0.18961303352456088,0.7316257338434262,0.0,0.1465477343770397,0.5427855739189482,0.5419495924885573,0.3163357728580686
motive_5,0.4430172876627534,0.533562461970684,0.18400530487386088,0.1465477343770397,0.0,0.2438386135258593,0.012330206512148445,0.4071734620679569
motive_6,0.15573836587039078,0.3888887661498866,0.6432043627754557,0.5427855739189482,0.2438386135258593,0.0,0.3917720059201907,0.17791674128148438
motive_7,0.08506432164051494,0.5455522316390025,0.19170522841664614,0.5419495924885573,0.012330206512148445,0.3917720059201907,0.0,0.6515092458562636
motive_8,0.39056668243361004,0.4002565362542486,0.35813144980231437,0.3163357728580686,0.4071734620679569,0.17791674128148438,0.6515092458562636,0.0
