,motive_1,motive_2,motive_3,motive_4,motive_5,motive_6,motive_7,motive_8
satisfaction,0.14241664864540315,-0.11830737830408544,-0.4631001758793361,0.35056927267394844,-0.09883939953119697,0.6954925979443307,0.09416018987787207,-0.10979568592411126
