,motive_1,motive_2,motive_3,motive_4,motive_5,motive_6,motive_7,motive_8
motive_1,0.0,-0.09086464278078527,-0.0341869661185295,0.010212473904504265,0.02578449783700959,0.07280032468279929,0.061136340416237514,-0.0020512524174635515
motive_2,-0.09086464278078527,0.0,0.05851779756360764,-0.11156396243417493,0.07812179538887203,0.05807432490219379,-0.044005048273215525,0.028933254382042375
motive_3,-0.0341869661185295,0.05851779756360764,0.0,0.036114493101536534,-0.030484702851220152,0.029757173121069777,-0.051017240734111624,0.13456447034051208
motive_4,0.010212473904504265,-0.11156396243417493,0.036114493101536534,0.0,0.00440523370232351,-0.0017766574967927051,0.009602758849976176,0.08894167798018507
motive_5,0.02578449783700959,0.07812179538887203,-0.030484702851220152,0.00440523370232351,0.0,0.010793713016096655,0.06308197012184139,0.18565436508345148
motive_6,0.07280032468279929,0.05807432490219379,0.029757173121069777,-0.0017766574967927051,0.010793713016096655,0.0,-0.11927003549141182,-0.006150149376291833
motive_7,0.061136340416237514,-0.044005048273215525,-0.051017240734111624,0.009602758849976176,0.06308197012184139,-0.11927003549141182,0.0,-0.07815203088199033
motive_8,-0.0020512524174635515,0.028933254382042375,0.13456447034051208,0.08894167798018507,0.18565436508345148,-0.006150149376291833,-0.07815203088199033,0.0
