,motive_1,motive_2,motive_3,motive_4,motive_5,motive_6,motive_7,motive_8
motive_1,0.0,0.3794467872074399,-0.13620393024351718,0.5451975861395022,-0.23745459844579414,0.4563153966353307,0.22545514171320413,-0.09861912975909515
motive_2,0.3794467872074399,0.0,0.4231763187091137,0.3583926133784322,0.45161110369175383,-0.7616030710291857,0.32592397468973466,0.28986195543317295
motive_3,-0.13620393024351718,0.4231763187091137,0.0,-0.4500571269888835,-1.30500222241405,-0.013247754664525713,-0.2966084587306913,0.28425106017452306
motive_4,0.5451975861395022,0.3583926133784322,-0.4500571269888835,0.0,0.16932032692683896,0.6565340288392115,-0.2996406548914387,-0.0463214883927473
motive_5,-0.23745459844579414,0.45161110369175383,-1.30500222241405,0.16932032692683896,0.0,0.1736119434011708,0.1087350858803357,0.00725195871414791
motive_6,0.4563153966353307,-0.7616030710291857,-0.013247754664525713,0.6565340288392115,0.1736119434011708,0.0,-0.4084070167406398,0.24033610189361015
motive_7,0.22545514171320413,0.32592397468973466,-0.2966084587306913,-0.2996406548914387,0.1087350858803357,-0.4084070167406398,0.0,0.38558196215085366
motive_8,-0.09861912975909515,0.28986195543317295,0.28425106017452306,-0.0463214883927473,0.00725195871414791,0.24033610189361015,0.38558196215085366,0.0
