,motive_1,motive_2,motive_3,motive_4,motive_5,motive_6,motive_7,motive_8
motive_1,0.0,-0.875315915416712,0.23080927314368904,0.8817620451697321,0.44701477674947243,-0.3197459508632206,0.5240316578622309,-0.00046096127778672
motive_2,-0.875315915416712,0.0,-0.32849436033802515,-0.10311946518284132,-0.2756070170390973,1.116581948081787,-0.6104595149902439,-0.3435543293195142
motive_3,0.23080927314368904,-0.32849436033802515,0.0,-0.8376861860545074,0.6907113902668249,-0.15386943241898107,0.40891468453347923,-0.2545102195949691
motive_4,0.8817620451697321,-0.10311946518284132,-0.8376861860545074,0.0,0.14336483979203565,-0.4265149391697071,0.6637219387408441,0.7655100609977677
motive_5,0.44701477674947243,-0.2756070170390973,0.6907113902668249,0.14336483979203565,0.0,0.17255146841969804,0.6574279245761374,0.005871120025680063
motive_6,-0.3197459508632206,1.116581948081787,-0.15386943241898107,-0.4265149391697071,0.17255146841969804,0.0,0.4051258585789198,-0.11541507711710347
motive_7,0.5240316578622309,-0.6104595149902439,0.40891468453347923,0.6637219387408441,0.6574279245761374,0.4051258585789198,0.0,-0.3122790079962348
motive_8,-0.00046096127778672,-0.3435543293195142,-0.2545102195949691,0.7655100609977677,0.005871120025680063,-0.11541507711710347,-0.3122790079962348,0.0
