,motive_1,motive_2,motive_3,motive_4,motive_5,motive_6,motive_7,motive_8
motive_1,0.0,-0.1970752514464246,-0.13796833973951592,-0.39102249394155003,-0.2793580541603401,1.0030232697627222,0.20581584613448317,0.3124098136764642
motive_2,-0.1970752514464246,0.0,-0.18002751911281,0.5145990074547572,0.08441809873770938,0.4813216313443525,1.0396133099574714,0.4541954503589501
motive_3,-0.13796833973951592,-0.18002751911281,0.0,0.10559663227137414,0.3100914197230437,0.34867412928773767,0.5952878130872221,-0.4200700196162485
motive_4,-0.39102249394155003,0.5145990074547572,0.10559663227137414,0.0,-0.15908936340640212,0.5084190220414673,-0.07538011814650983,0.8038661676026571
motive_5,-0.2793580541603401,0.08441809873770938,0.3100914197230437,-0.15908936340640212,0.0,0.362206472566687,0.757305673493647,-0.2590802990648013
motive_6,1.0030232697627222,0.4813216313443525,0.34867412928773767,0.5084190220414673,0.362206472566687,0.0,0.873441930760894,-0.14530806503794363
motive_7,0.20581584613448317,1.0396133099574714,0.5952878130872221,-0.07538011814650983,0.757305673493647,0.873441930760894,0.0,0.8298909802290245
motive_8,0.3124098136764642,0.4541954503589501,-0.4200700196162485,0.8038661676026571,-0.2590802990648013,-0.14530806503794363,0.8298909802290245,0.0
