,motive_1,motive_2,motive_3,motive_4,motive_5,motive_6,motive_7,motive_8
satisfaction,0.8621238203527672,-0.2841734969580926,0.25186018378500313,0.3687763081479484,-0.16522062099926627,0.3695648588851126,-0.25653988839720593,-0.19161450612055475
