,motive_1,motive_2,motive_3,motive_4,motive_5,motive_6,motive_7,motive_8
satisfaction,0.9616906431538588,0.29667380523054576,0.1772320567626397,0.3011166560032826,0.07033644304462194,0.17496967232040073,-0.28905981650272244,-0.08811555057543491
