,motive_1,motive_2,motive_3,motive_4,motive_5,motive_6,motive_7,motive_8
satisfaction,0.40900720550096936,0.32960830357569915,-0.0649708014621527,0.13063195861723237,0.06521259595555402,0.07858115414223045,0.021036626321974533,0.23320814926053213
