,motive_1,motive_2,motive_3,motive_4,motive_5,motive_6,motive_7,motive_8
satisfaction,-0.04302448790679464,0.0082205991303827,0.5353265388610758,0.344717969916283,0.05824445911785162,-0.13240417588652417,0.07040299108083206,0.15016740837868411
