,motive_1,motive_2,motive_3,motive_4,motive_5,motive_6,motive_7,motive_8
satisfaction,0.09982656561722963,0.04918080446645277,0.2426520042407523,0.12378354147239441,-0.0693053230409581,0.2595283178684465,-0.241735547444461,0.15365848369510166
