,motive_1,motive_2,motive_3,motive_4,motive_5,motive_6,motive_7,motive_8
motive_1,0.0,-0.08238664451040356,-0.1257699483139188,0.6132366171070889,-0.4190974973181468,0.15376195881578592,-0.04627778545630762,-0.16140072198741695
motive_2,-0.08238664451040356,0.0,0.1974491416962143,0.011603213895769626,0.08890710988485281,-0.35659232256963824,0.02112146852495589,0.3214005409712791
motive_3,-0.1257699483139188,0.1974491416962143,0.0,-0.1832767599844518,0.2789114455237971,-0.6062218035217045,-0.21655984320046476,-0.8016207367710526
motive_4,0.6132366171070889,0.011603213895769626,-0.1832767599844518,0.0,-0.64205580637414,0.1974187973247991,0.2527519168629404,-0.3435007682760601
motive_5,-0.4190974973181468,0.08890710988485281,0.2789114455237971,-0.64205580637414,0.0,-0.3465732799410433,0.17336194050201986,0.3752342365933994
motive_6,0.15376195881578592,-0.35659232256963824,-0.6062218035217045,0.1974187973247991,-0.3465732799410433,0.0,0.0485322384579816,0.21100541718153415
motive_7,-0.04627778545630762,0.02112146852495589,-0.21655984320046476,0.2527519168629404,0.17336194050201986,0.0485322384579816,0.0,0.05017284280852339
motive_8,-0.16140072198741695,0.3214005409712791,-0.8016207367710526,-0.3435007682760601,0.3752342365933994,0.21100541718153415,0.05017284280852339,0.0
