,motive_1,motive_2,motive_3,motive_4,motive_5,motive_6,motive_7,motive_8
satisfaction,0.1579182532145984,0.1626696813621875,0.4950239188188513,0.09484542911394382,0.05330696621288045,0.28860405672578493,-0.12389830600635296,-0.18944963485912683
