,motive_1,motive_2,motive_3,motive_4,motive_5,motive_6,motive_7,motive_8
satisfaction,0.5482998867988619,0.48844687089581507,0.010282520387522559,0.3208355777575044,0.014912870673736728,0.022005962341951915,0.2526600653526997,0.14914586516546366
