,motive_1,motive_2,motive_3,motive_4,motive_5,motive_6,motive_7,motive_8
motive_1,0.0,0.8588085195216544,0.21421021450718808,0.1625425152141997,0.85419399884494,0.16234649977125154,-0.10093969002523875,0.8015869518236046
motive_2,0.8588085195216544,0.0,0.15139375213552975,-0.5428408204101012,-0.18092688610071306,0.5426166376258512,0.32894090094027856,-1.033316498474859
motive_3,0.21421021450718808,0.15139375213552975,0.0,-0.12551629819675048,0.2941306048783564,-0.1293807163033308,1.0717582218301565,0.3879464941145171
motive_4,0.1625425152141997,-0.5428408204101012,-0.12551629819675048,0.0,-0.4131037235168182,0.42861275543800087,-0.1964632566660205,0.817060376713918
motive_5,0.85419399884494,-0.18092688610071306,0.2941306048783564,-0.4131037235168182,0.0,-0.25912129604381084,-0.3725909087311546,0.37781794288527437
motive_6,0.16234649977125154,0.5426166376258512,-0.1293807163033308,0.42861275543800087,-0.25912129604381084,0.0,0.13692400973439578,-0.5272446683485343
motive_7,-0.10093969002523875,0.32894090094027856,1.0717582218301565,-0.1964632566660205,-0.3725909087311546,0.13692400973439578,0.0,0.3067690640194947
motive_8,0.8015869518236046,-1.033316498474859,0.3879464941145171,0.817060376713918,0.37781794288527437,-0.5272446683485343,0.3067690640194947,0.0
