,motive_1,motive_2,motive_3,motive_4,motive_5,motive_6,motive_7,motive_8
motive_1,0.0,0.16828613135086112,0.09616370277385713,0.17170446966672476,0.0665171484770677,0.1518879454715365,0.18097202346367508,0.07655444568011578
motive_2,0.16828613135086112,0.0,0.06363352309093669,0.10454068921106462,0.029273067829747146,0.03746636073924974,0.14740735509239988,0.14759203508707355
motive_3,0.09616370277385713,0.06363352309093669,0.0,0.22104747000796593,0.12170895288263234,0.07311809222625816,0.18351761248867934,0.013073832999107318
motive_4,0.17170446966672476,0.10454068921106462,0.22104747000796593,0.0,0.1871215788172767,0.15150725243247248,0.15996796369448685,0.02075847514813465
motive_5,0.0665171484770677,0.029273067829747146,0.12170895288263234,0.1871215788172767,0.0,0.024996553536358816,0.1469153493681297,0.11393495302128964
motive_6,0.1518879454715365,0.03746636073924974,0.07311809222625816,0.15150725243247248,0.024996553536358816,0.0,0.12857462612481052,0.06827909168179877
motive_7,0.18097202346367508,0.14740735509239988,0.18351761248867934,0.15996796369448685,0.1469153493681297,0.12857462612481052,0.0,0.0659723148954724
motive_8,0.07655444568011578,0.14759203508707355,0.013073832999107318,0.02075847514813465,0.11393495302128964,0.06827909168179877,0.0659723148954724,0.0
