,motive_1,motive_2,motive_3,motive_4,motive_5,motive_6,motive_7,motive_8
motive_1,0.0,-0.01885760151605064,0.004401917873759015,6.192247983063254e-05,0.15931732223315948,0.12189231337574216,0.10299590590305496,0.09183632173100814
motive_2,-0.01885760151605064,0.0,0.1855658455173313,0.1330949197699955,0.0531273940890616,0.02984367448321236,0.25252875694029187,0.07007088561831577
motive_3,0.004401917873759015,0.1855658455173313,0.0,0.06925988701595268,0.17835279327290882,0.054756494224755,0.018209146809900004,0.16322330087442688
motive_4,6.192247983063254e-05,0.1330949197699955,0.06925988701595268,0.0,0.2087188466299163,0.014379892075506669,0.08441827944845207,0.14898619775198224
motive_5,0.15931732223315948,0.0531273940890616,0.17835279327290882,0.2087188466299163,0.0,0.1906037630109252,0.0969025108514379,0.11583948725418342
motive_6,0.12189231337574216,0.02984367448321236,0.054756494224755,0.014379892075506669,0.1906037630109252,0.0,0.11200749067737947,-0.004043050388613995
motive_7,0.10299590590305496,0.25252875694029187,0.018209146809900004,0.08441827944845207,0.0969025108514379,0.11200749067737947,0.0,0.07972693179466876
motive_8,0.09183632173100814,0.07007088561831577,0.16322330087442688,0.14898619775198224,0.11583948725418342,-0.004043050388613995,0.07972693179466876,0.0
