,motive_1,motive_2,motive_3,motive_4,motive_5,motive_6,motive_7,motive_8
motive_1,0.0,0.2120422904765017,0.003186358080498733,0.16100092477102879,0.1605804686527839,0.12489181555793326,0.07885274483500834,0.2031961009067921
motive_2,0.2120422904765017,0.0,-0.025482214971920672,-0.0014906121291459462,0.05254971089554002,0.10648957597869746,0.10944535599663373,0.15933393483311245
motive_3,0.003186358080498733,-0.025482214971920672,0.0,0.08023283332284978,-0.01040292374764172,0.11963844109089043,0.1184014044045943,0.05060656780858813
motive_4,0.16100092477102879,-0.0014906121291459462,0.08023283332284978,0.0,0.06821022000274138,0.2762979244133251,0.013890203429437989,0.09757363192592981
motive_5,0.1605804686527839,0.05254971089554002,-0.01040292374764172,0.06821022000274138,0.0,0.05553861947221879,0.20229922609778012,-0.01361300740884138
motive_6,0.12489181555793326,0.10648957597869746,0.11963844109089043,0.2762979244133251,0.05553861947221879,0.0,0.0784343749279191,0.05903728642884433
motive_7,0.07885274483500834,0.10944535599663373,0.1184014044045943,0.013890203429437989,0.20229922609778012,0.0784343749279191,0.0,0.06751010420552132
motive_8,0.2031961009067921,0.15933393483311245,0.05060656780858813,0.09757363192592981,-0.01361300740884138,0.05903728642884433,0.06751010420552132,0.0
