,motive_1,motive_2,motive_3,motive_4,motive_5,motive_6,motive_7,motive_8
motive_1,0.0,0.09180573837016416,0.049565453735030046,0.08082107937825536,0.06253333096252134,0.09209126548815524,0.01782985385837916,0.25447223292906984
motive_2,0.09180573837016416,0.0,0.2644721866571586,0.0831047377939769,0.052239560529555466,0.08926498491595122,0.18871931487843174,0.17051980299194858
motive_3,0.049565453735030046,0.2644721866571586,0.0,0.1804105473354075,0.006533046333215192,0.06206552574262832,0.16543797994016243,0.15153586365186703
motive_4,0.08082107937825536,0.0831047377939769,0.1804105473354075,0.0,0.21852140104241702,0.13429707359834647,0.10117613200272735,0.10331155894482877
motive_5,0.06253333096252134,0.052239560529555466,0.006533046333215192,0.21852140104241702,0.0,0.027985850778810432,0.14522518002762855,0.02872818018319628
motive_6,0.09209126548815524,0.08926498491595122,0.06206552574262832,0.13429707359834647,0.027985850778810432,0.0,0.0784753799940972,0.04614668238415587
motive_7,0.01782985385837916,0.18871931487843174,0.16543797994016243,0.10117613200272735,0.14522518002762855,0.0784753799940972,0.0,0.051142885736883165
motive_8,0.25447223292906984,0.17051980299194858,0.15153586365186703,0.10331155894482877,0.02872818018319628,0.04614668238415587,0.051142885736883165,0.0
