,motive_1,motive_2,motive_3,motive_4,motive_5,motive_6,motive_7,motive_8
motive_1,0.0,0.48113504088711573,0.2821023317193259,0.5151543786771122,0.32800094250170897,0.5895890728194568,-0.0005031282723261671,0.2389679710498226
motive_2,0.48113504088711573,0.0,0.5779613356000872,0.3101091701826821,0.4506615013506662,0.2664121825266933,0.08972564788656712,0.3797115978727119
motive_3,0.2821023317193259,0.5779613356000872,0.0,0.16043027306064872,0.30656057977077367,0.008751905712060637,0.3973369705455786,0.5323707253500569
motive_4,0.5151543786771122,0.3101091701826821,0.16043027306064872,0.0,0.274285604340763,0.40077811279475817,0.16408436824380693,0.46557262040756564
motive_5,0.32800094250170897,0.4506615013506662,0.30656057977077367,0.274285604340763,0.0,0.1828451018478129,0.15942358793420758,0.448280068599591
motive_6,0.5895890728194568,0.2664121825266933,0.008751905712060637,0.40077811279475817,0.1828451018478129,0.0,0.23311520771998812,0.3978831719245747
motive_7,-0.0005031282723261671,0.08972564788656712,0.3973369705455786,0.16408436824380693,0.15942358793420758,0.23311520771998812,0.0,0.2189570479308342
motive_8,0.2389679710498226,0.3797115978727119,0.5323707253500569,0.46557262040756564,0.448280068599591,0.3978831719245747,0.2189570479308342,0.0
