,motive_1,motive_2,motive_3,motive_4,motive_5,motive_6,motive_7,motive_8
motive_1,0.0,0.21583804824803357,0.529995535093744,0.5815730693849959,0.19736740728706592,0.41857722091280636,0.4961336257553616,0.19314481303292913
motive_2,0.21583804824803357,0.0,0.18468990388347406,0.7120472429559397,0.6759799501917326,0.4464046378279991,0.4289896714756706,0.5220164277215676
motive_3,0.529995535093744,0.18468990388347406,0.0,0.3504765789453834,0.71680938155843,0.6692981401896865,0.38094413684228073,0.26148069294455967
motive_4,0.5815730693849959,0.7120472429559397,0.3504765789453834,0.0,0.08885859289958382,0.6760708099043367,0.36415706839148154,0.5117918411114858
motive_5,0.19736740728706592,0.6759799501917326,0.71680938155843,0.08885859289958382,0.0,0.5059089744631368,0.4032834741156187,0.16073020010399724
motive_6,0.41857722091280636,0.4464046378279991,0.6692981401896865,0.6760708099043367,0.5059089744631368,0.0,0.5339796649013271,0.23768753873639475
motive_7,0.4961336257553616,0.4289896714756706,0.38094413684228073,0.36415706839148154,0.4032834741156187,0.5339796649013271,0.0,0.6896571974285944
motive_8,0.19314481303292913,0.5220164277215676,0.26148069294455967,0.5117918411114858,0.16073020010399724,0.23768753873639475,0.6896571974285944,0.0
