,motive_1,motive_2,motive_3,motive_4,motive_5,motive_6,motive_7,motive_8
satisfaction,0.491383895804227,0.14190047298092154,0.3883379466058339,-0.006439797585377799,0.12845282615332854,0.2231498222674421,-0.12917544050183966,0.3911295758988343
