,motive_1,motive_2,motive_3,motive_4,motive_5,motive_6,motive_7,motive_8
motive_1,0.0,-0.30810741378975603,-0.757126403447457,0.2184897357696385,-0.33639183925795835,0.11211864522043974,0.8096226650062434,0.4167180717886571
motive_2,-0.30810741378975603,0.0,0.15523270977064105,0.3877699066768735,0.21566973186245875,0.2170168244107312,0.06200607857518098,-0.1575916304184888
motive_3,-0.757126403447457,0.15523270977064105,0.0,0.30053117331931717,0.19486543767326964,0.28073547806496624,0.17598303269096716,0.00852038067354767
motive_4,0.2184897357696385,0.3877699066768735,0.30053117331931717,0.0,-0.026452642688022443,-0.31464921316338,0.32594262930643536,0.537528171909871
motive_5,-0.33639183925795835,0.21566973186245875,0.19486543767326964,-0.026452642688022443,0.0,0.42609875950378323,0.0820260876276373,-0.3645840493184811
motive_6,0.11211864522043974,0.2170168244107312,0.28073547806496624,-0.31464921316338,0.42609875950378323,0.0,0.10835756261808618,-0.31399769986864495
motive_7,0.8096226650062434,0.06200607857518098,0.17598303269096716,0.32594262930643536,0.0820260876276373,0.10835756261808618,0.0,0.5651964052845362
motive_8,0.4167180717886571,-0.1575916304184888,0.00852038067354767,0.537528171909871,-0.3645840493184811,-0.31399769986864495,0.5651964052845362,0.0
