,motive_1,motive_2,motive_3,motive_4,motive_5,motive_6,motive_7,motive_8
satisfaction,0.36642050234710255,0.7730066292106101,-0.07571800203747686,0.21876193134123276,-0.23056815478806036,0.6146151816192333,0.5703744358255673,0.47724508500445745
