,motive_1,motive_2,motive_3,motive_4,motive_5,motive_6,motive_7,motive_8
satisfaction,-0.061887156515565644,0.6375514318888513,0.17580858860925574,0.2711709276226205,0.2750164251839661,0.5505276092469971,0.6857077724273622,0.34561501784311666
