,motive_1,motive_2,motive_3,motive_4,motive_5,motive_6,motive_7,motive_8
motive_1,0.0,0.775717415560617,0.5610176955705122,0.7010091852675351,0.17689842029064623,0.04936839512377511,0.46532151149444984,0.5325315447149734
motive_2,0.775717415560617,0.0,0.8649640493115764,0.493147579089484,-0.04664767984965425,0.5237455137244684,0.7446841864683214,0.42197150075036904
motive_3,0.5610176955705122,0.8649640493115764,0.0,0.6092169282638875,0.5877713402998228,0.2898528433160418,0.597086996691468,0.7715418603946254
motive_4,0.7010091852675351,0.493147579089484,0.6092169282638875,0.0,0.1575764392976578,0.7700860697731086,0.11156885415613854,0.5737411429592046
motive_5,0.17689842029064623,-0.04664767984965425,0.5877713402998228,0.1575764392976578,0.0,0.3713109499614481,0.3156259432106281,0.3682268049398998
motive_6,0.04936839512377511,0.5237455137244684,0.2898528433160418,0.7700860697731086,0.3713109499614481,0.0,0.6660217110894233,0.641848964148668
motive_7,0.46532151149444984,0.7446841864683214,0.597086996691468,0.11156885415613854,0.3156259432106281,0.6660217110894233,0.0,0.39384239611956307
motive_8,0.5325315447149734,0.42197150075036904,0.7715418603946254,0.5737411429592046,0.3682268049398998,0.641848964148668,0.39384239611956307,0.0
