,motive_1,motive_2,motive_3,motive_4,motive_5,motive_6,motive_7,motive_8
satisfaction,0.4416573003276542,0.35966919715862977,0.35269483815722014,-0.16698405831020097,0.0839896557863806,-0.39027087923361853,0.3449478443376943,-0.14458117577745527
