,motive_1,motive_2,motive_3,motive_4,motive_5,motive_6,motive_7,motive_8
motive_1,0.0,-0.21842373999542453,0.31326888121998375,0.056977227789049845,0.9506221979008682,-0.5856708463526793,0.3164086965414753,0.6137137468665964
motive_2,-0.21842373999542453,0.0,-0.1237445809878163,-0.47490663324328947,0.1492052883580855,-0.4677138630397723,-1.03183773912014,-0.09028726327439435
motive_3,0.31326888121998375,-0.1237445809878163,0.0,0.11821866573885337,-0.054177125691215536,0.05949911299821298,-0.4399974658007363,0.09769504606366684
motive_4,0.056977227789049845,-0.47490663324328947,0.11821866573885337,0.0,0.6112558626158306,-0.1824843513340471,0.19593143164411517,0.515630609249489
motive_5,0.9506221979008682,0.1492052883580855,-0.054177125691215536,0.6112558626158306,0.0,-0.3060204540044054,0.6688319863513075,0.32132412132461824
motive_6,-0.5856708463526793,-0.4677138630397723,0.05949911299821298,-0.1824843513340471,-0.3060204540044054,0.0,0.5559089179485703,0.31884483002570296
motive_7,0.3164086965414753,-1.03183773912014,-0.4399974658007363,0.19593143164411517,0.6688319863513075,0.5559089179485703,0.0,0.6574077899449369
motive_8,0.6137137468665964,-0.09028726327439435,0.09769504606366684,0.515630609249489,0.32132412132461824,0.31884483002570296,0.6574077899449369,0.0
