,motive_1,motive_2,motive_3,motive_4,motive_5,motive_6,motive_7,motive_8
motive_1,0.0,-0.07493362312068802,0.26930590266387394,-0.6612325996564788,-0.12489803774011692,-0.4297154528974404,-0.07202200037100773,-0.1148133573209173
motive_2,-0.07493362312068802,0.0,0.6937410893918934,-0.04575674287562562,-0.17832590623750047,0.9041554022120374,0.25259789082963524,0.3235297222290815
motive_3,0.26930590266387394,0.6937410893918934,0.0,0.4544753779591183,-0.42786865531809876,0.3595001240633388,0.14039914431627293,0.03961363184070443
motive_4,-0.6612325996564788,-0.04575674287562562,0.4544753779591183,0.0,0.5962125847645843,0.1604390358574722,0.28061408343399696,0.10724298292110801
motive_5,-0.12489803774011692,-0.17832590623750047,-0.42786865531809876,0.5962125847645843,0.0,0.12449005528180676,0.49818306983478616,0.061371179149708285
motive_6,-0.4297154528974404,0.9041554022120374,0.3595001240633388,0.1604390358574722,0.12449005528180676,0.0,-0.34047678246550017,0.11664808456817438
motive_7,-0.07202200037100773,0.25259789082963524,0.14039914431627293,0.28061408343399696,0.49818306983478616,-0.34047678246550017,0.0,0.2540201366676496
motive_8,-0.1148133573209173,0.3235297222290815,0.03961363184070443,0.10724298292110801,0.061371179149708285,0.11664808456817438,0.2540201366676496,0.0
