,motive_1,motive_2,motive_3,motive_4,motive_5,motive_6,motive_7,motive_8
satisfaction,0.1726739232944795,0.22538743086183888,0.11643557715750633,0.3011596477244998,0.2557568750254828,0.24911713056026996,0.742739719670541,0.28600854930999314
