,motive_1,motive_2,motive_3,motive_4,motive_5,motive_6,motive_7,motive_8
satisfaction,0.007585845338844946,0.5026659750546626,-0.1795648844741005,0.1937269701828063,-0.017172079652415698,0.2861599322770062,-0.1716928900064816,-0.21480530776497345
