,motive_1,motive_2,motive_3,motive_4,motive_5,motive_6,motive_7,motive_8
motive_1,0.0,0.5704861813788402,0.24772036648821846,0.3952896433644091,-0.08845287106853189,0.5259607498505755,0.7122203136444097,0.3866721889493612
motive_2,0.5704861813788402,0.0,0.04058959979143148,0.7914140964447047,0.43834647147166367,0.5520260452888118,0.38198699110714646,0.39502432374907154
motive_3,0.24772036648821846,0.04058959979143148,0.0,0.31472067714979035,-0.2345226944597186,0.7372438377704222,0.440950259646045,0.24841907213653297
motive_4,0.3952896433644091,0.7914140964447047,0.31472067714979035,0.0,0.1949689265259686,0.7675639163213428,0.16845845288712094,0.4987128171991531
motive_5,-0.08845287106853189,0.43834647147166367,-0.2345226944597186,0.1949689265259686,0.0,0.4888633917012006,0.5868992275091525,0.2833952893009053
motive_6,0.5259607498505755,0.5520260452888118,0.7372438377704222,0.7675639163213428,0.4888633917012006,0.0,0.5141749563387827,0.38941199118248526
motive_7,0.7122203136444097,0.38198699110714646,0.440950259646045,0.16845845288712094,0.5868992275091525,0.5141749563387827,0.0,0.21938394582750353
motive_8,0.3866721889493612,0.39502432374907154,0.24841907213653297,0.4987128171991531,0.2833952893009053,0.38941199118248526,0.21938394582750353,0.0
