,motive_1,motive_2,motive_3,motive_4,motive_5,motive_6,motive_7,motive_8
motive_1,0.0,-0.32441932151004993,0.2438688424504108,-0.2661748395420599,0.3834038577193158,0.20058018576280123,0.08170812741779221,-0.09691761431755112
motive_2,-0.32441932151004993,0.0,0.12191730883345303,-0.49860775951262754,0.7808297018984973,-0.21759611535251633,0.8435998494290093,0.3781437116368088
motive_3,0.2438688424504108,0.12191730883345303,0.0,0.5474014896826971,0.10631533847062352,-0.2529223716466237,0.3587474713860453,0.5445935691332291
motive_4,-0.2661748395420599,-0.49860775951262754,0.5474014896826971,0.0,0.8637936982010768,-0.623087070580257,0.009123117739097852,-0.10891478583679057
motive_5,0.3834038577193158,0.7808297018984973,0.10631533847062352,0.8637936982010768,0.0,0.6906041737645436,0.3387382522494779,-0.8099898412449309
motive_6,0.20058018576280123,-0.21759611535251633,-0.2529223716466237,-0.623087070580257,0.6906041737645436,0.0,0.28910330363044356,0.18449663649448544
motive_7,0.08170812741779221,0.8435998494290093,0.3587474713860453,0.009123117739097852,0.3387382522494779,0.28910330363044356,0.0,0.6614813915472726
motive_8,-0.09691761431755112,0.3781437116368088,0.5445935691332291,-0.10891478583679057,-0.8099898412449309,0.18449663649448544,0.6614813915472726,0.0
