,motive_1,motive_2,motive_3,motive_4,motive_5,motive_6,motive_7,motive_8
motive_1,0.0,0.25402554900529384,0.31692004977076,0.09277863009898288,0.07408155119867955,-0.050594900086657096,0.05073154206742242,0.46570714228211374
motive_2,0.25402554900529384,0.0,0.10591840883305827,-0.01774300115565737,0.32755206152238636,0.048991534318839125,0.2877400375272887,0.8232315864618893
motive_3,0.31692004977076,0.10591840883305827,0.0,0.20436788425880537,-0.04018374761540727,0.25456517443135096,0.39336245807133385,-0.14017199588329501
motive_4,0.09277863009898288,-0.01774300115565737,0.20436788425880537,0.0,0.2393763365705,0.17383194539108437,0.05168864393564432,0.4549561819223936
motive_5,0.07408155119867955,0.32755206152238636,-0.04018374761540727,0.2393763365705,0.0,0.16750719159782324,0.3922084794358873,0.22277728872990382
motive_6,-0.050594900086657096,0.048991534318839125,0.25456517443135096,0.17383194539108437,0.16750719159782324,0.0,-0.04973489180832204,0.5203490143807236
motive_7,0.05073154206742242,0.2877400375272887,0.39336245807133385,0.05168864393564432,0.3922084794358873,-0.04973489180832204,0.0,0.22310606453264673
motive_8,0.46570714228211374,0.8232315864618893,-0.14017199588329501,0.4549561819223936,0.22277728872990382,0.5203490143807236,0.22310606453264673,0.0
