,motive_1,motive_2,motive_3,motive_4,motive_5,motive_6,motive_7,motive_8
motive_1,0.0,-0.0027913246956779575,0.047470579118143647,0.011873650821566287,-0.12433024422883698,-0.024351692162044438,-0.04000300420214867,-0.02666756544540326
motive_2,-0.0027913246956779575,0.0,0.13370346732316768,0.022462950670449955,0.186969320237901,0.09527692805634441,0.08074947231884738,-0.012683669924816317
motive_3,0.047470579118143647,0.13370346732316768,0.0,0.17738189322917955,0.013512130109204101,-0.10852736876154867,0.05105706253797856,-0.08119153185209887
motive_4,0.011873650821566287,0.022462950670449955,0.17738189322917955,0.0,0.0018369391332550902,0.058521195970462486,-0.13058404931872566,-0.12625015258289243
motive_5,-0.12433024422883698,0.186969320237901,0.013512130109204101,0.0018369391332550902,0.0,0.01528430050424414,-0.0835890429548476,-0.16504489006356204
motive_6,-0.024351692162044438,0.09527692805634441,-0.10852736876154867,0.058521195970462486,0.01528430050424414,0.0,-0.16909015137757857,-0.14871286529376357
motive_7,-0.04000300420214867,0.08074947231884738,0.05105706253797856,-0.13058404931872566,-0.0835890429548476,-0.16909015137757857,0.0,0.08878220483047422
motive_8,-0.02666756544540326,-0.012683669924816317,-0.08119153185209887,-0.12625015258289243,-0.16504489006356204,-0.14871286529376357,0.08878220483047422,0.0
