,motive_1,motive_2,motive_3,motive_4,motive_5,motive_6,motive_7,motive_8
motive_1,0.0,0.18460301035289697,0.10980829342783843,0.19987810493694927,0.1450324917632136,0.0246322749908389,0.13297496867295702,0.10685929924904868
motive_2,0.18460301035289697,0.0,0.10717943200304866,-0.07301408116086411,0.135236475165609,-0.03394809189808419,0.12368872811925995,0.09845351182868249
motive_3,0.10980829342783843,0.10717943200304866,0.0,0.2065182589142618,0.0513591675479981,0.1719168343006255,0.1647641394516495,0.1572043389766669
motive_4,0.19987810493694927,-0.07301408116086411,0.2065182589142618,0.0,0.14394061284788665,0.026580412954195186,0.1333574122838675,0.1349515023797719
motive_5,0.1450324917632136,0.135236475165609,0.0513591675479981,0.14394061284788665,0.0,0.03388706437446908,0.0875498053043147,0.01732671178103715
motive_6,0.0246322749908389,-0.03394809189808419,0.1719168343006255,0.026580412954195186,0.03388706437446908,0.0,0.053988076665754024,0.13745963073481232
motive_7,0.13297496867295702,0.12368872811925995,0.1647641394516495,0.1333574122838675,0.0875498053043147,0.053988076665754024,0.0,0.1334901171862716
motive_8,0.10685929924904868,0.09845351182868249,0.1572043389766669,0.1349515023797719,0.01732671178103715,0.13745963073481232,0.1334901171862716,0.0
