,motive_1,motive_2,motive_3,motive_4,motive_5,motive_6,motive_7,motive_8
satisfaction,-0.03449555963714107,0.18006332850899065,-0.16027306381254827,0.38242953136924407,0.1829701194756067,0.14890366918024417,0.033898937629088424,0.10704985795244447
