,motive_1,motive_2,motive_3,motive_4,motive_5,motive_6,motive_7,motive_8
satisfaction,-0.08701014209525215,0.25100800334004336,0.3174597794284121,-0.0281571244457543,0.2228469994845866,0.2276412205994461,0.1591228269023665,0.09188338039494647
