,motive_1,motive_2,motive_3,motive_4,motive_5,motive_6,motive_7,motive_8
motive_1,0.0,-0.05810917370282239,0.03514331822843478,0.004375630188442503,-0.03299304445084663,-0.023629698148772135,-0.04877534719395997,0.04657644520618995
motive_2,-0.05810917370282239,0.0,-0.0950943585661598,0.15225585040886838,-0.04559069001793049,-0.10303488012097725,-0.040918836717202416,-0.05951933223256581
motive_3,0.03514331822843478,-0.0950943585661598,0.0,0.07233703189015397,0.07887138693679253,-0.04405963508534702,0.01548982712008859,0.09644702996955318
motive_4,0.004375630188442503,0.15225585040886838,0.07233703189015397,0.0,-0.05975268044188166,0.04623202574760288,0.018569542299400794,0.05796522848781672
motive_5,-0.03299304445084663,-0.04559069001793049,0.07887138693679253,-0.05975268044188166,0.0,0.014481148942034956,0.1229134032057519,-0.18928852408528057
motive_6,-0.023629698148772135,-0.10303488012097725,-0.04405963508534702,0.04623202574760288,0.014481148942034956,0.0,-0.15850793149685846,-0.03573163587350338
motive_7,-0.04877534719395997,-0.040918836717202416,0.01548982712008859,0.018569542299400794,0.1229134032057519,-0.15850793149685846,0.0,0.08612226821758123
motive_8,0.04657644520618995,-0.05951933223256581,0.09644702996955318,0.05796522848781672,-0.18928852408528057,-0.03573163587350338,0.08612226821758123,0.0
