,motive_1,motive_2,motive_3,motive_4,motive_5,motive_6,motive_7,motive_8
motive_1,0.0,-0.08288849506895103,0.07677120514793728,0.1340762781271208,-0.004980770563018242,-0.040632190555661835,-0.0069037662270166,0.021021558102949863
motive_2,-0.08288849506895103,0.0,-0.03696253740827296,-0.024381202336717506,-0.05779740791834546,0.10067368429240164,0.03712404809359323,0.09541555584947557
motive_3,0.07677120514793728,-0.03696253740827296,0.0,-0.03529618711728988,0.13414005549534017,-0.1215286334522169,-0.11162055282961707,-0.1388482614229299
motive_4,0.1340762781271208,-0.024381202336717506,-0.03529618711728988,0.0,0.022067754932212216,-0.0003503644008249554,-0.01766275630087604,0.024585666687616387
motive_5,-0.004980770563018242,-0.05779740791834546,0.13414005549534017,0.022067754932212216,0.0,0.044458756845032595,-0.03752703602232547,-0.0840479090344288
motive_6,-0.040632190555661835,0.10067368429240164,-0.1215286334522169,-0.0003503644008249554,0.044458756845032595,0.0,0.1204348595106233,-0.1412192279105392
motive_7,-0.0069037662270166,0.03712404809359323,-0.11162055282961707,-0.01766275630087604,-0.03752703602232547,0.1204348595106233,0.0,0.029922105633114524
motive_8,0.021021558102949863,0.09541555584947557,-0.1388482614229299,0.024585666687616387,-0.0840479090344288,-0.1412192279105392,0.029922105633114524,0.0
