,motive_1,motive_2,motive_3,motive_4,motive_5,motive_6,motive_7,motive_8
motive_1,0.0,0.06560616213634848,0.009684953527171955,0.032369888835589514,0.0987997683967412,0.11403077101347805,0.01723243570125118,-0.09488397387840253
motive_2,0.06560616213634848,0.0,-0.09124300730209155,0.023544425638989206,-0.08845487248696371,0.04783308234732686,-0.09303308301857988,-0.020386078155497363
motive_3,0.009684953527171955,-0.09124300730209155,0.0,-0.005194965086684487,0.020622000005514576,0.022516538536222992,0.04424679998854909,-0.05732551941994185
motive_4,0.032369888835589514,0.023544425638989206,-0.005194965086684487,0.0,0.08324004197571283,0.014624598929462135,0.054171755888700074,-0.04971672333422053
motive_5,0.0987997683967412,-0.08845487248696371,0.020622000005514576,0.08324004197571283,0.0,-0.0748242858660169,-0.013203171224965643,0.13224052402733122
motive_6,0.11403077101347805,0.04783308234732686,0.022516538536222992,0.014624598929462135,-0.0748242858660169,0.0,-0.00024652403489108105,-0.00749937470318564
motive_7,0.01723243570125118,-0.09303308301857988,0.04424679998854909,0.054171755888700074,-0.013203171224965643,-0.00024652403489108105,0.0,-0.01178101135987892
motive_8,-0.09488397387840253,-0.020386078155497363,-0.05732551941994185,-0.04971672333422053,0.13224052402733122,-0.00749937470318564,-0.01178101135987892,0.0
