,motive_1,motive_2,motive_3,motive_4,motive_5,motive_6,motive_7,motive_8
satisfaction,-0.20792632916869483,0.19759533665934143,0.26956989738442905,0.12076506040419283,-0.16646188793324754,-0.01902835594761594,-0.19202403341589683,-0.18085456272033737
