,motive_1,motive_2,motive_3,motive_4,motive_5,motive_6,motive_7,motive_8
satisfaction,0.03878783579202286,0.19665418957885283,0.18498261316168108,0.5956491702634858,0.308310034911402,0.30507981872210727,0.2216710181807893,0.43267993397905946
