,motive_1,motive_2,motive_3,motive_4,motive_5,motive_6,motive_7,motive_8
motive_1,0.0,0.2312977867773789,0.12641681556494916,0.12495525202392006,0.04376560266423371,0.09949698408256039,0.05490694919688857,0.10003678167735697
motive_2,0.2312977867773789,0.0,0.07496113589107095,0.12547229046744462,0.08502813620219717,0.13605769046653882,-0.013715826997973905,0.06673070691729123
motive_3,0.12641681556494916,0.07496113589107095,0.0,0.08185661567790072,0.19898946701969716,0.08693799965726937,0.07596327447774173,0.08078060404634985
motive_4,0.12495525202392006,0.12547229046744462,0.08185661567790072,0.0,0.007956585358108545,0.10911228168267872,0.0021551492246535686,0.06876512743373073
motive_5,0.04376560266423371,0.08502813620219717,0.19898946701969716,0.007956585358108545,0.0,0.0514752055474342,0.15693078680749545,0.19760945534671362
motive_6,0.09949698408256039,0.13605769046653882,0.08693799965726937,0.10911228168267872,0.0514752055474342,0.0,0.0736816880556487,0.1254645593486413
motive_7,0.05490694919688857,-0.013715826997973905,0.07596327447774173,0.0021551492246535686,0.15693078680749545,0.0736816880556487,0.0,0.14385801577349805
motive_8,0.10003678167735697,0.06673070691729123,0.08078060404634985,0.06876512743373073,0.19760945534671362,0.1254645593486413,0.14385801577349805,0.0
