,motive_1,motive_2,motive_3,motive_4,motive_5,motive_6,motive_7,motive_8
motive_1,0.0,-0.029266421666692008,0.11654415832302326,0.0035183196876421297,-0.13620124217622204,0.16408274736575057,-0.046199936352157835,0.06201602338530619
motive_2,-0.029266421666692008,0.0,-0.033157943689739,0.011151385838553816,0.17003506763252685,-0.013471033215381274,-0.05205532976305698,-0.020729464146819396
motive_3,0.11654415832302326,-0.033157943689739,0.0,0.04486876639261991,0.032554758197314376,-0.0546049868887917,2.773830226309869e-05,-0.10846343618895721
motive_4,0.0035183196876421297,0.011151385838553816,0.04486876639261991,0.0,-0.052939283104530416,0.07230634072554698,0.03885831118400667,-0.1715286834677897
motive_5,-0.13620124217622204,0.17003506763252685,0.032554758197314376,-0.052939283104530416,0.0,0.0709741259389609,0.052083243641651046,0.09625177220040035
motive_6,0.16408274736575057,-0.013471033215381274,-0.0546049868887917,0.07230634072554698,0.0709741259389609,0.0,-0.025626214869375826,-0.02547320112122803
motive_7,-0.046199936352157835,-0.05205532976305698,2.773830226309869e-05,0.03885831118400667,0.052083243641651046,-0.025626214869375826,0.0,0.08804011173903839
motive_8,0.06201602338530619,-0.020729464146819396,-0.10846343618895721,-0.1715286834677897,0.09625177220040035,-0.02547320112122803,0.08804011173903839,0.0
