,motive_1,motive_2,motive_3,motive_4,motive_5,motive_6,motive_7,motive_8
motive_1,0.0,0.08385127657994977,0.16159484107915723,0.0855423025792805,0.12411194116894864,0.09865923505612424,-0.053230929182295675,0.10398558414033965
motive_2,0.08385127657994977,0.0,-0.07061486287617479,0.014282041543552677,0.08558877270846926,0.049188960595029946,0.1466840084584301,0.07262221465340989
motive_3,0.16159484107915723,-0.07061486287617479,0.0,0.06790686134309395,0.16636205474292004,0.15751460803759454,0.03648497515872269,0.12769064446612957
motive_4,0.0855423025792805,0.014282041543552677,0.06790686134309395,0.0,0.1324961722601613,0.035402053283892496,0.24680472729143965,0.07582412342683294
motive_5,0.12411194116894864,0.08558877270846926,0.16636205474292004,0.1324961722601613,0.0,0.13988474302643428,0.1728276272788048,0.05484715658625519
motive_6,0.09865923505612424,0.049188960595029946,0.15751460803759454,0.035402053283892496,0.13988474302643428,0.0,0.09426224315462828,-0.011083668234306995
motive_7,-0.053230929182295675,0.1466840084584301,0.03648497515872269,0.24680472729143965,0.1728276272788048,0.09426224315462828,0.0,0.06542982686460845
motive_8,0.10398558414033965,0.07262221465340989,0.12769064446612957,0.07582412342683294,0.05484715658625519,-0.011083668234306995,0.06542982686460845,0.0
