,motive_1,motive_2,motive_3,motive_4,motive_5,motive_6,motive_7,motive_8
motive_1,0.0,0.10494538566792466,0.11567788436288318,0.15957116984407652,-0.011265812185271368,0.2021558336420953,0.09138001169430476,0.045789410429064474
motive_2,0.10494538566792466,0.0,0.07581895501437637,0.07686578990650578,0.1562932658316174,0.1295922651428977,0.17987089209341356,0.13800364342366966
motive_3,0.11567788436288318,0.07581895501437637,0.0,-0.10849789867031302,0.07377580640538747,-0.04781611164093748,0.04532916287919207,0.2024209847246538
motive_4,0.15957116984407652,0.07686578990650578,-0.10849789867031302,0.0,0.17551795343818993,0.1379605971635789,0.06829453949260925,0.012563824240216605
motive_5,-0.011265812185271368,0.1562932658316174,0.07377580640538747,0.17551795343818993,0.0,-0.06917531271947089,0.16552116199815756,-0.025539982094835365
motive_6,0.2021558336420953,0.1295922651428977,-0.04781611164093748,0.1379605971635789,-0.06917531271947089,0.0,0.11550607904811563,0.08478647271780049
motive_7,0.09138001169430476,0.17987089209341356,0.04532916287919207,0.06829453949260925,0.16552116199815756,0.11550607904811563,0.0,0.008515760120720708
motive_8,0.045789410429064474,0.13800364342366966,0.2024209847246538,0.012563824240216605,-0.025539982094835365,0.08478647271780049,0.008515760120720708,0.0
