,motive_1,motive_2,motive_3,motive_4,motive_5,motive_6,motive_7,motive_8
satisfaction,0.22288114791286312,0.45856410245099233,0.16140588581540832,0.7005499267863371,-0.08875910639191048,0.21680610154454039,0.08922411506452016,0.09637965256022377
