,motive_1,motive_2,motive_3,motive_4,motive_5,motive_6,motive_7,motive_8
motive_1,0.0,-0.256727546593539,-0.7071246488128975,-0.03480065583543463,0.2984450248904657,0.554002169103226,0.2513677820730045,-0.289585486818323
motive_2,-0.256727546593539,0.0,0.4533803215151633,0.1607816660758174,-0.2596940385634024,0.07121398775359583,-0.08984735233503416,0.3635993583264739
motive_3,-0.7071246488128975,0.4533803215151633,0.0,0.2909377684385268,-0.37861015712544344,0.5424565480749092,-0.3938943630590766,-0.07310200310376465
motive_4,-0.03480065583543463,0.1607816660758174,0.2909377684385268,0.0,0.8663596507700841,-0.46619266702381207,0.2742938541841265,0.6644716401405264
motive_5,0.2984450248904657,-0.2596940385634024,-0.37861015712544344,0.8663596507700841,0.0,-0.055324069022250184,0.18200449876565883,0.24659231249077274
motive_6,0.554002169103226,0.07121398775359583,0.5424565480749092,-0.46619266702381207,-0.055324069022250184,0.0,0.13536036647845695,-0.25626498534461156
motive_7,0.2513677820730045,-0.08984735233503416,-0.3938943630590766,0.2742938541841265,0.18200449876565883,0.13536036647845695,0.0,-0.7202577632658238
motive_8,-0.289585486818323,0.3635993583264739,-0.07310200310376465,0.6644716401405264,0.24659231249077274,-0.25626498534461156,-0.7202577632658238,0.0
