,motive_1,motive_2,motive_3,motive_4,motive_5,motive_6,motive_7,motive_8
motive_1,0.0,0.8386212930142161,-0.6298282310427986,-0.28338999348504523,-0.007919703167259831,0.5231150228256393,0.14354393824292982,0.006100545987345593
motive_2,0.8386212930142161,0.0,-0.10074677107371936,-0.4449284729108287,0.39185789598142334,0.36816372754680005,-0.7162749354013683,0.4932847352340874
motive_3,-0.6298282310427986,-0.10074677107371936,0.0,0.08991406272524263,-0.3396943423977805,1.206048751757248,0.21154012363808278,-0.5757156406360605
motive_4,-0.28338999348504523,-0.4449284729108287,0.08991406272524263,0.0,0.32076446642113937,-0.41275987801830344,-0.3634535751075857,-0.13633053413815205
motive_5,-0.007919703167259831,0.39185789598142334,-0.3396943423977805,0.32076446642113937,0.0,0.5900344510718345,0.3709085652108797,0.3595604014785278
motive_6,0.5231150228256393,0.36816372754680005,1.206048751757248,-0.41275987801830344,0.5900344510718345,0.0,0.027406100140359047,-0.24995902506057965
motive_7,0.14354393824292982,-0.7162749354013683,0.21154012363808278,-0.3634535751075857,0.3709085652108797,0.027406100140359047,0.0,-0.34635638833554905
motive_8,0.006100545987345593,0.4932847352340874,-0.5757156406360605,-0.13633053413815205,0.3595604014785278,-0.24995902506057965,-0.34635638833554905,0.0
