,motive_1,motive_2,motive_3,motive_4,motive_5,motive_6,motive_7,motive_8
motive_1,0.0,0.1875903679313344,0.42171170758341814,0.35284902520955774,0.6380120224826951,0.23972134099540643,0.49790533687896754,0.13630675102047282
motive_2,0.1875903679313344,0.0,0.4343663802423895,0.1839657945874451,0.4720040825862717,0.2809407636783553,0.27664067170852236,0.05488303365740822
motive_3,0.42171170758341814,0.4343663802423895,0.0,0.7800773133109719,0.49852384420774964,0.353917031423526,0.37190896127673534,0.6001993116992645
motive_4,0.35284902520955774,0.1839657945874451,0.7800773133109719,0.0,0.4763956712198626,0.3753028129353275,0.28837962630966796,0.4715648609033216
motive_5,0.6380120224826951,0.4720040825862717,0.49852384420774964,0.4763956712198626,0.0,0.622461618334305,0.26557616630689745,0.34736185711928236
motive_6,0.23972134099540643,0.2809407636783553,0.353917031423526,0.3753028129353275,0.622461618334305,0.0,0.6015164237336885,0.166963130369696
motive_7,0.49790533687896754,0.27664067170852236,0.37190896127673534,0.28837962630966796,0.26557616630689745,0.6015164237336885,0.0,0.051598918870933985
motive_8,0.13630675102047282,0.05488303365740822,0.6001993116992645,0.4715648609033216,0.34736185711928236,0.166963130369696,0.051598918870933985,0.0
