,motive_1,motive_2,motive_3,motive_4,motive_5,motive_6,motive_7,motive_8
motive_1,0.0,-0.0066335805649589685,0.2398561381304018,0.12328507325841884,0.41176766380662666,0.3718878153382892,0.07772616190930676,0.04632902279113554
motive_2,-0.0066335805649589685,0.0,0.3635840921204668,-0.13682637597489802,0.5147679019989138,0.08452341950093445,0.6910251132488703,-0.27125852367771963
motive_3,0.2398561381304018,0.3635840921204668,0.0,0.38335474632089156,0.0656351828524035,-0.25500791644947896,0.5104147421192897,0.06301479673723845
motive_4,0.12328507325841884,-0.13682637597489802,0.38335474632089156,0.0,0.4338803989971235,0.3653724335322424,0.22961415812517721,-0.31943116461210375
motive_5,0.41176766380662666,0.5147679019989138,0.0656351828524035,0.4338803989971235,0.0,0.5538971787028597,0.2741451996090773,0.23101349185233355
motive_6,0.3718878153382892,0.08452341950093445,-0.25500791644947896,0.3653724335322424,0.5538971787028597,0.0,0.4427441099303281,-0.1966575344599923
motive_7,0.07772616190930676,0.6910251132488703,0.5104147421192897,0.22961415812517721,0.2741451996090773,0.4427441099303281,0.0,0.2691291840871546
motive_8,0.04632902279113554,-0.27125852367771963,0.06301479673723845,-0.31943116461210375,0.23101349185233355,-0.1966575344599923,0.2691291840871546,0.0
