,motive_1,motive_2,motive_3,motive_4,motive_5,motive_6,motive_7,motive_8
motive_1,0.0,-0.07259392834235578,0.09743910164441151,0.2306374217135128,0.2773534935110288,0.4184009740483978,0.38340902124871246,0.19384624274760937
motive_2,-0.07259392834235578,0.0,0.37555339269082294,-0.13469188730252474,0.4343653861666161,0.3742229747065814,0.06798485518035345,0.2867997631461271
motive_3,0.09743910164441151,0.37555339269082294,0.0,0.3083434793046096,0.10854589144633955,0.28927151936320933,0.04694827779766516,0.6036934110215362
motive_4,0.2306374217135128,-0.13469188730252474,0.3083434793046096,0.0,0.21321570110697055,0.19467002750962184,0.22880827654992852,0.4668250339405552
motive_5,0.2773534935110288,0.4343653861666161,0.10854589144633955,0.21321570110697055,0.0,0.23238113904828997,0.38924591036552414,0.7569630952503543
motive_6,0.4184009740483978,0.3742229747065814,0.28927151936320933,0.19467002750962184,0.23238113904828997,0.0,-0.15781010647423546,0.1815495518711245
motive_7,0.38340902124871246,0.06798485518035345,0.04694827779766516,0.22880827654992852,0.38924591036552414,-0.15781010647423546,0.0,-0.034456092645970965
motive_8,0.19384624274760937,0.2867997631461271,0.6036934110215362,0.4668250339405552,0.7569630952503543,0.1815495518711245,-0.034456092645970965,0.0
