,motive_1,motive_2,motive_3,motive_4,motive_5,motive_6,motive_7,motive_8
motive_1,0.0,0.2940411518075162,0.3702622319763036,0.30642045345668206,0.5430556602841279,0.6198147444563888,0.28329914682015467,0.32764143145024394
motive_2,0.2940411518075162,0.0,0.581100926116974,0.4442394088900537,0.8370637838405959,0.08569210413910167,0.47798218264621706,0.48107846660747633
motive_3,0.3702622319763036,0.581100926116974,0.0,0.4499717202784226,0.7633138735560274,0.462949810307163,0.7406317284877757,0.12234697644030207
motive_4,0.30642045345668206,0.4442394088900537,0.4499717202784226,0.0,0.18848854698447243,0.2792427695635924,0.741904506229351,0.789152252981574
motive_5,0.5430556602841279,0.8370637838405959,0.7633138735560274,0.18848854698447243,0.0,0.4754155930679964,0.6470958905411872,0.23589902170648236
motive_6,0.6198147444563888,0.08569210413910167,0.462949810307163,0.2792427695635924,0.4754155930679964,0.0,0.3817072391040335,0.5684997179456908
motive_7,0.28329914682015467,0.47798218264621706,0.7406317284877757,0.741904506229351,0.6470958905411872,0.3817072391040335,0.0,0.17327726321361117
motive_8,0.32764143145024394,0.48107846660747633,0.12234697644030207,0.789152252981574,0.23589902170648236,0.5684997179456908,0.17327726321361117,0.0
