,motive_1,motive_2,motive_3,motive_4,motive_5,motive_6,motive_7,motive_8
motive_1,0.0,0.14622772012013835,-0.021968287305517822,0.10349193827208711,0.0035551581441675834,0.11629499440001598,0.1392717808988161,0.17348629985493874
motive_2,0.14622772012013835,0.0,0.05632532115728339,0.13031573772914448,0.17674924132400263,0.2929140509565652,0.10556077855594684,0.12803588981079705
motive_3,-0.021968287305517822,0.05632532115728339,0.0,-0.005753096894084403,0.035887382349614624,0.04228184196850825,0.10890674080766345,0.11870671568864194
motive_4,0.10349193827208711,0.13031573772914448,-0.005753096894084403,0.0,0.1290871961591045,0.21464039560786713,0.09885158410478694,0.1640985023815449
motive_5,0.0035551581441675834,0.17674924132400263,0.035887382349614624,0.1290871961591045,0.0,0.1016438305852383,0.1680253643984444,0.014260787813810863
motive_6,0.11629499440001598,0.2929140509565652,0.04228184196850825,0.21464039560786713,0.1016438305852383,0.0,0.16341245779270225,0.1941619777886115
motive_7,0.1392717808988161,0.10556077855594684,0.10890674080766345,0.09885158410478694,0.1680253643984444,0.16341245779270225,0.0,0.1219073915067575
motive_8,0.17348629985493874,0.12803588981079705,0.11870671568864194,0.1640985023815449,0.014260787813810863,0.1941619777886115,0.1219073915067575,0.0
