,motive_1,motive_2,motive_3,motive_4,motive_5,motive_6,motive_7,motive_8
motive_1,0.0,0.21780750446081837,-0.03465874386425653,-0.7661833529872876,-0.35645345944110085,-0.49341332753127015,-0.5992997747177197,0.16564981907000037
motive_2,0.21780750446081837,0.0,-0.7581026206836952,0.15148875411626056,0.17647033930574824,0.8068745547769363,0.03468153319924122,-0.5796700830629012
motive_3,-0.03465874386425653,-0.7581026206836952,0.0,-0.0427467991845939,-0.4966437864790248,-0.06857619766078576,0.8497995390883253,-0.009850651034091787
motive_4,-0.7661833529872876,0.15148875411626056,-0.0427467991845939,0.0,-0.8563758570493698,-0.4919515277694193,0.579356232207856,0.1184916219161466
motive_5,-0.35645345944110085,0.17647033930574824,-0.4966437864790248,-0.8563758570493698,0.0,-0.38615762075811105,0.7696496376677382,0.37486998383360626
motive_6,-0.49341332753127015,0.8068745547769363,-0.06857619766078576,-0.4919515277694193,-0.38615762075811105,0.0,0.17365250726697762,0.509035490441051
motive_7,-0.5992997747177197,0.03468153319924122,0.8497995390883253,0.579356232207856,0.7696496376677382,0.17365250726697762,0.0,-0.29471460906758445
motive_8,0.16564981907000037,-0.5796700830629012,-0.009850651034091787,0.1184916219161466,0.37486998383360626,0.509035490441051,-0.29471460906758445,0.0
