,motive_1,motive_2,motive_3,motive_4,motive_5,motive_6,motive_7,motive_8
motive_1,0.0,0.07509124909922253,0.10062379291591406,0.06575147473620072,0.08353925934992662,0.1014729035691724,0.10895975125618718,0.1566763724394442
motive_2,0.07509124909922253,0.0,0.05552004353045933,0.07276536758929039,0.05234403431644571,0.07260525243106344,0.07188152225805233,0.05826440295546179
motive_3,0.10062379291591406,0.05552004353045933,0.0,0.16079447059014235,0.16471533507054764,0.07298580852315498,0.10025364134863957,0.04968507213464754
motive_4,0.06575147473620072,0.07276536758929039,0.16079447059014235,0.0,0.14512769356101368,0.09627044088604672,0.07638746578101308,0.1633759398337909
motive_5,0.08353925934992662,0.05234403431644571,0.16471533507054764,0.14512769356101368,0.0,0.07136313624692128,0.07377903068732383,0.17259910807857456
motive_6,0.1014729035691724,0.07260525243106344,0.07298580852315498,0.09627044088604672,0.07136313624692128,0.0,0.05401677583721856,0.16257541454539087
motive_7,0.10895975125618718,0.07188152225805233,0.10025364134863957,0.07638746578101308,0.07377903068732383,0.05401677583721856,0.0,0.006869901594092752
motive_8,0.1566763724394442,0.05826440295546179,0.04968507213464754,0.1633759398337909,0.17259910807857456,0.16257541454539087,0.006869901594092752,0.0
