,motive_1,motive_2,motive_3,motive_4,motive_5,motive_6,motive_7,motive_8
motive_1,0.0,0.06960222591493274,0.06237167528101353,0.18553943618451485,0.013483750446975529,0.10896032646929765,0.07562036909061541,0.05643321300209717
motive_2,0.06960222591493274,0.0,0.11624152361603574,0.08526720231596162,0.09815118498080881,0.023901279571726955,0.08685357808749265,0.13690009016187982
motive_3,0.06237167528101353,0.11624152361603574,0.0,0.05278720666925804,0.1298185742539662,-0.017703633920284102,0.04724002613325587,-0.050270122795175454
motive_4,0.18553943618451485,0.08526720231596162,0.05278720666925804,0.0,-0.023675967729023313,0.11623646622079986,0.12545865281049007,0.026083205287323323
motive_5,0.013483750446975529,0.09815118498080881,0.1298185742539662,-0.023675967729023313,0.0,0.025571120009826108,0.11222699008366999,0.14587237276556655
motive_6,0.10896032646929765,0.023901279571726955,-0.017703633920284102,0.11623646622079986,0.025571120009826108,0.0,0.09142203974299692,0.11850090286358905
motive_7,0.07562036909061541,0.08685357808749265,0.04724002613325587,0.12545865281049007,0.11222699008366999,0.09142203974299692,0.0,0.09169547380142057
motive_8,0.05643321300209717,0.13690009016187982,-0.050270122795175454,0.026083205287323323,0.14587237276556655,0.11850090286358905,0.09169547380142057,0.0
