,motive_1,motive_2,motive_3,motive_4,motive_5,motive_6,motive_7,motive_8
motive_1,0.0,0.5231964632722345,0.4101718365071444,0.4611490437429233,0.33184421860763413,0.24079175424936528,0.5804788866107377,0.5986394358891557
motive_2,0.5231964632722345,0.0,0.37534417481687904,0.8673904740589458,0.5250474225547866,0.3818532704543305,0.07442198563524147,0.18132162814126243
motive_3,0.4101718365071444,0.37534417481687904,0.0,0.26813468869174795,0.516952770280365,0.5477910154743075,0.4124655086863419,0.4939852083578925
motive_4,0.4611490437429233,0.8673904740589458,0.26813468869174795,0.0,0.37120577097215623,0.24188455460856767,-0.008107644726645047,0.6193644840910723
motive_5,0.33184421860763413,0.5250474225547866,0.516952770280365,0.37120577097215623,0.0,0.5263383796540029,-0.020352936816818545,0.440439341583417
motive_6,0.24079175424936528,0.3818532704543305,0.5477910154743075,0.24188455460856767,0.5263383796540029,0.0,0.4432925986717953,0.3282172969535995
motive_7,0.5804788866107377,0.07442198563524147,0.4124655086863419,-0.008107644726645047,-0.020352936816818545,0.4432925986717953,0.0,0.3020254773573189
motive_8,0.5986394358891557,0.18132162814126243,0.4939852083578925,0.6193644840910723,0.440439341583417,0.3282172969535995,0.3020254773573189,0.0
