,motive_1,motive_2,motive_3,motive_4,motive_5,motive_6,motive_7,motive_8
motive_1,0.0,0.4169840598740199,-0.2871201836819791,-0.3461544673486428,-0.5285345803085516,-0.2295691920398441,0.13028554855882296,-0.3298663315952182
motive_2,0.4169840598740199,0.0,-0.0035867540211726653,-0.059092249175050265,0.05744801291974605,-0.05234139926287995,0.00924955944356809,0.7931261058979806
motive_3,-0.2871201836819791,-0.0035867540211726653,0.0,0.5653912765863497,0.21273923804929862,-0.21353701850349047,0.9183556078457269,-0.02373996613201651
motive_4,-0.3461544673486428,-0.059092249175050265,0.5653912765863497,0.0,0.7718278916745104,-0.6106212558258429,-0.31456170976435727,-0.1305311536509696
motive_5,-0.5285345803085516,0.05744801291974605,0.21273923804929862,0.7718278916745104,0.0,0.3801558030622396,-0.10485212465805675,-0.006238379654607593
motive_6,-0.2295691920398441,-0.05234139926287995,-0.21353701850349047,-0.6106212558258429,0.3801558030622396,0.0,-0.10662904682944832,-0.24735725740142145
motive_7,0.13028554855882296,0.00924955944356809,0.9183556078457269,-0.31456170976435727,-0.10485212465805675,-0.10662904682944832,0.0,-0.32824909248502426
motive_8,-0.3298663315952182,0.7931261058979806,-0.02373996613201651,-0.1305311536509696,-0.006238379654607593,-0.24735725740142145,-0.32824909248502426,0.0
