,motive_1,motive_2,motive_3,motive_4,motive_5,motive_6,motive_7,motive_8
motive_1,0.0,0.08016484775460872,0.02809446631561597,0.09627689077363871,0.16249564201230637,0.07868109377375025,-0.0756554065221835,0.044469691566651516
motive_2,0.08016484775460872,0.0,0.014334908974863843,0.0748232852653693,0.041397198912421475,0.19843263993143484,0.17376301606397823,0.049475463201528486
motive_3,0.02809446631561597,0.014334908974863843,0.0,0.1345622469563016,-0.05769009731821728,0.03829787789879999,0.1028943505065621,0.2031270365491572
motive_4,0.09627689077363871,0.0748232852653693,0.1345622469563016,0.0,0.053490642383293874,0.2696304092709599,0.1273097764495158,0.0709156562867812
motive_5,0.16249564201230637,0.041397198912421475,-0.05769009731821728,0.053490642383293874,0.0,0.06416430209407298,0.08992801059725261,0.08724635243840681
motive_6,0.07868109377375025,0.19843263993143484,0.03829787789879999,0.2696304092709599,0.06416430209407298,0.0,0.14134011390970327,-0.04392277169194076
motive_7,-0.0756554065221835,0.17376301606397823,0.1028943505065621,0.1273097764495158,0.08992801059725261,0.14134011390970327,0.0,0.05938925493803099
motive_8,0.044469691566651516,0.049475463201528486,0.2031270365491572,0.0709156562867812,0.08724635243840681,-0.04392277169194076,0.05938925493803099,0.0
