,motive_1,motive_2,motive_3,motive_4,motive_5,motive_6,motive_7,motive_8
motive_1,0.0,-0.4797964005234302,-0.3462055244827239,0.6818456301788005,0.27213967010332574,-0.5848490677671125,-0.21281066862094256,0.6875687237206319
motive_2,-0.4797964005234302,0.0,-0.7086209385498083,-0.10849036294767433,0.8390699586127082,-1.1181665970430095,-0.35366800624342853,-0.3437657610256681
motive_3,-0.3462055244827239,-0.7086209385498083,0.0,-0.03690714007503984,-0.47935148643190306,0.1725225615042728,0.3002170379062295,-0.22565158304760352
motive_4,0.6818456301788005,-0.10849036294767433,-0.03690714007503984,0.0,0.7158504788094546,0.3311253414882763,0.02732496184058504,-0.4813692960016539
motive_5,0.27213967010332574,0.8390699586127082,-0.47935148643190306,0.7158504788094546,0.0,0.43560443080856115,0.6669000858493892,0.10156275301337891
motive_6,-0.5848490677671125,-1.1181665970430095,0.1725225615042728,0.3311253414882763,0.43560443080856115,0.0,-0.11356958081125756,-0.37890906949072517
motive_7,-0.21281066862094256,-0.35366800624342853,0.3002170379062295,0.02732496184058504,0.6669000858493892,-0.11356958081125756,0.0,0.08972864646552574
motive_8,0.6875687237206319,-0.3437657610256681,-0.22565158304760352,-0.4813692960016539,0.10156275301337891,-0.37890906949072517,0.08972864646552574,0.0
