,motive_1,motive_2,motive_3,motive_4,motive_5,motive_6,motive_7,motive_8
satisfaction,-0.027137457710775664,0.5129453017817585,0.14010588366220134,0.6082379910086155,0.16013149558949555,0.6487274400763872,-0.01864681337901647,-0.03203413363084315
