,motive_1,motive_2,motive_3,motive_4,motive_5,motive_6,motive_7,motive_8
motive_1,0.0,-0.028510687750419702,0.04653692169054355,-0.016495114301425494,-0.09892509359578557,0.05259399054049086,0.1453129333414528,-0.026483406790862588
motive_2,-0.028510687750419702,0.0,-0.02228437354450776,0.09741115280876204,0.06976519573038446,0.03050599218539216,0.04712010539501356,0.018054176102303546
motive_3,0.04653692169054355,-0.02228437354450776,0.0,-0.09774336262792403,0.030240272731117266,0.012056628971276961,0.12205984030722836,-0.0019210830949555786
motive_4,-0.016495114301425494,0.09741115280876204,-0.09774336262792403,0.0,-0.04796925765951448,-0.10363565849112105,0.007935907473870036,-0.14674150974497402
motive_5,-0.09892509359578557,0.06976519573038446,0.030240272731117266,-0.04796925765951448,0.0,-0.04709014492699054,0.026729233846461576,0.03362994769833789
motive_6,0.05259399054049086,0.03050599218539216,0.012056628971276961,-0.10363565849112105,-0.04709014492699054,0.0,-0.041394770956370924,0.08558199864177843
motive_7,0.1453129333414528,0.04712010539501356,0.12205984030722836,0.007935907473870036,0.026729233846461576,-0.041394770956370924,0.0,0.005427882443506858
motive_8,-0.026483406790862588,0.018054176102303546,-0.0019210830949555786,-0.14674150974497402,0.03362994769833789,0.08558199864177843,0.005427882443506858,0.0
