,motive_1,motive_2,motive_3,motive_4,motive_5,motive_6,motive_7,motive_8
motive_1,0.0,0.33397111084022346,0.2981508311680587,0.34938756699237755,-0.03337713779680222,0.3158154354901525,-0.0418528708587764,-0.1004793577065057
motive_2,0.33397111084022346,0.0,0.08441621714516385,0.3919648430158313,0.624301300543599,0.13922359387735633,0.508793170465806,0.5559462091024616
motive_3,0.2981508311680587,0.08441621714516385,0.0,0.33521869757256006,0.1652398081397453,0.09753925520971618,0.25867819307867956,0.6449989346145351
motive_4,0.34938756699237755,0.3919648430158313,0.33521869757256006,0.0,0.3025692384205304,0.14629883514746816,0.5643252629340832,0.10479350835727728
motive_5,-0.03337713779680222,0.624301300543599,0.1652398081397453,0.3025692384205304,0.0,-0.3174407597747213,0.17829202915320405,-0.037678653598073875
motive_6,0.3158154354901525,0.13922359387735633,0.09753925520971618,0.14629883514746816,-0.3174407597747213,0.0,0.16244593422523956,-0.028980598331877813
motive_7,-0.0418528708587764,0.508793170465806,0.25867819307867956,0.5643252629340832,0.17829202915320405,0.16244593422523956,0.0,0.22406447037596505
motive_8,-0.1004793577065057,0.5559462091024616,0.6449989346145351,0.10479350835727728,-0.037678653598073875,-0.028980598331877813,0.22406447037596505,0.0
