,motive_1,motive_2,motive_3,motive_4,motive_5,motive_6,motive_7,motive_8
satisfaction,-0.029756548606067856,0.12128110124965326,0.31991710551882196,0.18582050577706413,0.13803224915413323,-0.024461869175151765,-0.020994421398861166,0.1755654687160099
