,motive_1,motive_2,motive_3,motive_4,motive_5,motive_6,motive_7,motive_8
satisfaction,0.04607254021414234,0.18414338194152152,-0.060881029076341686,0.15161972010255562,0.2524633990355438,0.03964230554363251,-0.32082284448538256,0.0820068391168172
