,motive_1,motive_2,motive_3,motive_4,motive_5,motive_6,motive_7,motive_8
motive_1,0.0,0.4993983086675657,0.39491163907483734,0.5868923696068602,0.46861155575296387,0.43958735785879144,0.4854785610312425,0.8779954740038969
motive_2,0.4993983086675657,0.0,0.7380374045422313,0.29469100724618563,0.2036110039093168,-0.036851932164790824,0.43168743197799453,0.363046135512165
motive_3,0.39491163907483734,0.7380374045422313,0.0,0.2493941838398225,0.5574076637111246,0.27840072982379116,0.5584761694201479,0.5633372752108294
motive_4,0.5868923696068602,0.29469100724618563,0.2493941838398225,0.0,0.37757175020344086,0.40085011621492433,0.680389285957258,0.34458283271749907
motive_5,0.46861155575296387,0.2036110039093168,0.5574076637111246,0.37757175020344086,0.0,0.6393400489421222,0.2972561626519673,0.36069947949820647
motive_6,0.43958735785879144,-0.036851932164790824,0.27840072982379116,0.40085011621492433,0.6393400489421222,0.0,0.3375806391809893,0.4452813712350917
motive_7,0.4854785610312425,0.43168743197799453,0.5584761694201479,0.680389285957258,0.2972561626519673,0.3375806391809893,0.0,0.5294544436263828
motive_8,0.8779954740038969,0.363046135512165,0.5633372752108294,0.34458283271749907,0.36069947949820647,0.4452813712350917,0.5294544436263828,0.0
