,motive_1,motive_2,motive_3,motive_4,motive_5,motive_6,motive_7,motive_8
motive_1,0.0,0.8933165118729016,0.6001310407209562,0.2311126810290429,0.27540239511175896,0.6248072976404313,0.649041622022057,0.40978104100728674
motive_2,0.8933165118729016,0.0,0.5445684385505538,0.35707933334144004,0.9497028946306068,0.5248043566014544,0.5169031436312166,0.3742279730473441
motive_3,0.6001310407209562,0.5445684385505538,0.0,0.09536302137632957,0.5550175479953056,0.19076038728019604,0.2847887224970447,0.6185995957012376
motive_4,0.2311126810290429,0.35707933334144004,0.09536302137632957,0.0,0.32067787352764676,0.6875471695082794,0.5947021826420564,0.3541352438244366
motive_5,0.27540239511175896,0.9497028946306068,0.5550175479953056,0.32067787352764676,0.0,0.1817959603124584,0.12827630389264233,0.34760442156298815
motive_6,0.6248072976404313,0.5248043566014544,0.19076038728019604,0.6875471695082794,0.1817959603124584,0.0,0.1794807106993138,0.663109137404581
motive_7,0.649041622022057,0.5169031436312166,0.2847887224970447,0.5947021826420564,0.12827630389264233,0.1794807106993138,0.0,0.27948123372131706
motive_8,0.40978104100728674,0.3742279730473441,0.6185995957012376,0.3541352438244366,0.34760442156298815,0.663109137404581,0.27948123372131706,0.0
