{
  "total_simulations": 1000,
  "simulations_with_patterns": 1000,
  "mean_decay_rate": 0.3443957175747404,
  "std_decay_rate": 0.04160941876547977
}