,motive_1,motive_2,motive_3,motive_4,motive_5,motive_6,motive_7,motive_8
motive_1,0.0,-0.02926890147355149,0.09839113361342636,0.035242931989348004,-0.01602749438885944,0.07531496193322137,0.06855297514621275,0.06827501484884349
motive_2,-0.02926890147355149,0.0,0.01733176044624806,0.02809785852329586,-0.08926911615095207,0.004365112467494089,0.03982656480176529,-0.09905696836569869
motive_3,0.09839113361342636,0.01733176044624806,0.0,-0.07443548669504149,0.009183663050210185,0.04216120629768738,-0.023558825298655404,0.0012878454069808823
motive_4,0.035242931989348004,0.02809785852329586,-0.07443548669504149,0.0,-0.03369066274637907,0.019370267894768887,0.02647435763510285,0.03600759057644045
motive_5,-0.01602749438885944,-0.08926911615095207,0.009183663050210185,-0.03369066274637907,0.0,0.04097786617306977,-0.12339112889515137,0.0987981402340509
motive_6,0.07531496193322137,0.004365112467494089,0.04216120629768738,0.019370267894768887,0.04097786617306977,0.0,0.03911736327747873,0.13201975328481463
motive_7,0.06855297514621275,0.03982656480176529,-0.023558825298655404,0.02647435763510285,-0.12339112889515137,0.03911736327747873,0.0,-0.045307298370132275
motive_8,0.06827501484884349,-0.09905696836569869,0.0012878454069808823,0.03600759057644045,0.0987981402340509,0.13201975328481463,-0.045307298370132275,0.0
