,motive_1,motive_2,motive_3,motive_4,motive_5,motive_6,motive_7,motive_8
motive_1,0.0,0.07696999434661737,-0.07465287932313852,-0.013273451995730403,0.07322260614687953,0.08171311955264707,0.11045563076167667,0.059076547450189455
motive_2,0.07696999434661737,0.0,0.14888859155371117,0.040595892917311006,0.13730485792774005,0.12649077156246047,0.1624826731589943,0.26026451515325627
motive_3,-0.07465287932313852,0.14888859155371117,0.0,0.03922944214298241,0.00559237727364828,0.08772117843615658,0.12161842766337717,0.08458350150439277
motive_4,-0.013273451995730403,0.040595892917311006,0.03922944214298241,0.0,0.11616226347236545,0.10588503693241512,0.05014434911437563,0.17593721057789402
motive_5,0.07322260614687953,0.13730485792774005,0.00559237727364828,0.11616226347236545,0.0,0.19590291132186138,-0.03949468258184029,0.013529898829218491
motive_6,0.08171311955264707,0.12649077156246047,0.08772117843615658,0.10588503693241512,0.19590291132186138,0.0,0.11138887006007087,-0.03236660267996278
motive_7,0.11045563076167667,0.1624826731589943,0.12161842766337717,0.05014434911437563,-0.03949468258184029,0.11138887006007087,0.0,0.11905491584512416
motive_8,0.059076547450189455,0.26026451515325627,0.08458350150439277,0.17593721057789402,0.013529898829218491,-0.03236660267996278,0.11905491584512416,0.0
