,motive_1,motive_2,motive_3,motive_4,motive_5,motive_6,motive_7,motive_8
motive_1,0.0,0.08378856711317602,0.0853433435602987,-0.015735555688665012,0.15195929531028368,0.06269035381824653,0.13259723723647499,0.07415682892329661
motive_2,0.08378856711317602,0.0,0.19445181543160206,-0.08294768959868147,0.1780940300792385,0.2199080615860144,0.102204306506692,0.09360944345736465
motive_3,0.0853433435602987,0.19445181543160206,0.0,0.11454255263260238,0.10111765923997793,0.04413421970331391,0.22937310060676924,0.07411938485465855
motive_4,-0.015735555688665012,-0.08294768959868147,0.11454255263260238,0.0,0.09600576660284295,0.13115906902119914,0.1971651782949605,0.19172217312252338
motive_5,0.15195929531028368,0.1780940300792385,0.10111765923997793,0.09600576660284295,0.0,0.12883582167754024,0.12956038688646498,-0.01413229315978938
motive_6,0.06269035381824653,0.2199080615860144,0.04413421970331391,0.13115906902119914,0.12883582167754024,0.0,0.04140635586993595,0.13450688853005538
motive_7,0.13259723723647499,0.102204306506692,0.22937310060676924,0.1971651782949605,0.12956038688646498,0.04140635586993595,0.0,0.1880793228472255
motive_8,0.07415682892329661,0.09360944345736465,0.07411938485465855,0.19172217312252338,-0.01413229315978938,0.13450688853005538,0.1880793228472255,0.0
