,motive_1,motive_2,motive_3,motive_4,motive_5,motive_6,motive_7,motive_8
satisfaction,0.08248672276634017,0.48183165239396186,0.48494065519570945,0.05949185868272461,-0.018075960352125414,0.35538818196053645,0.7325765915493954,-0.10306969630241214
