,motive_1,motive_2,motive_3,motive_4,motive_5,motive_6,motive_7,motive_8
satisfaction,-0.1364258590389875,-0.005586097455520189,-0.11585907781561669,0.557527571516215,0.20340245774750676,0.40422566168432283,-0.028484409318632636,0.10227153603509895
