,motive_1,motive_2,motive_3,motive_4,motive_5,motive_6,motive_7,motive_8
satisfaction,0.19019710343794793,0.44429983079426993,-0.03626224105268547,0.27942548886217883,-0.12247586447152103,0.07379609240675303,-0.0678679784080089,0.47837632678750247
