,motive_1,motive_2,motive_3,motive_4,motive_5,motive_6,motive_7,motive_8
satisfaction,-0.27876473250560674,0.060367004521095335,0.12162730618158074,0.5182549618687425,0.23190455366339524,0.4329585529487425,-0.04791171354155782,0.6116890809817458
