,motive_1,motive_2,motive_3,motive_4,motive_5,motive_6,motive_7,motive_8
motive_1,0.0,0.45185047891626645,0.14892771373646946,0.10905384369663301,0.13781548929937149,0.20889897929666046,-0.13301992485617642,0.2630770405173781
motive_2,0.45185047891626645,0.0,-0.002321577940900335,-0.07483669316802077,-0.05282167936761831,0.36062297072737715,-0.13244690853592778,0.2774588796887083
motive_3,0.14892771373646946,-0.002321577940900335,0.0,0.298859967375683,0.6301593140710964,0.07889607666636878,0.19812955877113234,0.5052686784417282
motive_4,0.10905384369663301,-0.07483669316802077,0.298859967375683,0.0,0.08679454599723938,-0.10402351167616819,0.36549153029808573,0.44107154332539045
motive_5,0.13781548929937149,-0.05282167936761831,0.6301593140710964,0.08679454599723938,0.0,0.17248507126719548,-0.09092616597575708,0.2518466672209462
motive_6,0.20889897929666046,0.36062297072737715,0.07889607666636878,-0.10402351167616819,0.17248507126719548,0.0,0.30060479008115953,0.14363593466515018
motive_7,-0.13301992485617642,-0.13244690853592778,0.19812955877113234,0.36549153029808573,-0.09092616597575708,0.30060479008115953,0.0,-0.03290566308548623
motive_8,0.2630770405173781,0.2774588796887083,0.5052686784417282,0.44107154332539045,0.2518466672209462,0.14363593466515018,-0.03290566308548623,0.0
