,motive_1,motive_2,motive_3,motive_4,motive_5,motive_6,motive_7,motive_8
satisfaction,0.14737299557957617,0.49722136677658657,0.316550265810563,-0.31504458659555723,0.15906579127609358,0.18069700751896786,0.0205681137567105,-0.11725123616404312
