,motive_1,motive_2,motive_3,motive_4,motive_5,motive_6,motive_7,motive_8
motive_1,0.0,0.18779033924497504,0.4719344212252054,0.21691258022897006,0.5417019288596578,0.45029009288140065,0.3908540637088961,0.30154119284122444
motive_2,0.18779033924497504,0.0,0.4109586544167265,0.10069612024368624,0.7404148509492487,0.24120194232374187,0.7717999247145048,0.5390718558184044
motive_3,0.4719344212252054,0.4109586544167265,0.0,0.6237007448413486,0.4031576692353118,0.22353881417668817,0.5293737356930227,0.6222967845666145
motive_4,0.21691258022897006,0.10069612024368624,0.6237007448413486,0.0,0.7818968491005384,0.03845646470987146,0.35456155886954893,0.29554260708160474
motive_5,0.5417019288596578,0.7404148509492487,0.4031576692353118,0.7818968491005384,0.0,0.6953020868822719,0.519369126124739,-0.054994920622465415
motive_6,0.45029009288140065,0.24120194232374187,0.22353881417668817,0.03845646470987146,0.6953020868822719,0.0,0.49455165181522176,0.44224831824724276
motive_7,0.3908540637088961,0.7717999247145048,0.5293737356930227,0.35456155886954893,0.519369126124739,0.49455165181522176,0.0,0.6807406957736363
motive_8,0.30154119284122444,0.5390718558184044,0.6222967845666145,0.29554260708160474,-0.054994920622465415,0.44224831824724276,0.6807406957736363,0.0
