,motive_1,motive_2,motive_3,motive_4,motive_5,motive_6,motive_7,motive_8
motive_1,0.0,0.018274848715835363,-0.03711301610938522,-0.1288152600680083,0.04314720397964347,0.022661063356743432,-0.07726012917005973,0.053411637044993916
motive_2,0.018274848715835363,0.0,-0.04059280846375024,0.039556378809416134,-0.16043591343262098,0.14203782162897383,0.10687225428883068,0.039469055571044104
motive_3,-0.03711301610938522,-0.04059280846375024,0.0,-0.05423076339162715,0.04881408102428045,0.048016276277633094,0.07088702594878549,0.029926075860236184
motive_4,-0.1288152600680083,0.039556378809416134,-0.05423076339162715,0.0,0.17393798430739094,0.052186717291335984,-0.01793131938066601,0.03923677559367384
motive_5,0.04314720397964347,-0.16043591343262098,0.04881408102428045,0.17393798430739094,0.0,0.03317699571118571,-0.08661470607974339,0.025875589427409487
motive_6,0.022661063356743432,0.14203782162897383,0.048016276277633094,0.052186717291335984,0.03317699571118571,0.0,-0.0706095341843878,0.12867504584695802
motive_7,-0.07726012917005973,0.10687225428883068,0.07088702594878549,-0.01793131938066601,-0.08661470607974339,-0.0706095341843878,0.0,-0.05415036776410283
motive_8,0.053411637044993916,0.039469055571044104,0.029926075860236184,0.03923677559367384,0.025875589427409487,0.12867504584695802,-0.05415036776410283,0.0
