,motive_1,motive_2,motive_3,motive_4,motive_5,motive_6,motive_7,motive_8
satisfaction,0.28724336392080385,0.6664035918743041,0.04620438753199613,0.4407389445486354,-0.12846636704214037,-0.038750552410325906,0.40780997159413157,0.34948682227864203
