,motive_1,motive_2,motive_3,motive_4,motive_5,motive_6,motive_7,motive_8
motive_1,0.0,0.5680808734358448,0.4127012539124255,0.5655471507743709,0.31033041875352496,0.3447771896824132,0.33888318502123504,0.19074973001956763
motive_2,0.5680808734358448,0.0,0.4049648871407849,0.4569438800331045,0.4222695892574558,0.4560771370428736,0.5723503658783939,0.09279491728398517
motive_3,0.4127012539124255,0.4049648871407849,0.0,0.6659543271654728,0.1809892840699846,0.49843123469787953,0.41213706448883436,0.24760690781425287
motive_4,0.5655471507743709,0.4569438800331045,0.6659543271654728,0.0,0.25462722985438535,0.36355075089714495,0.522629396082256,0.5181272991380039
motive_5,0.31033041875352496,0.4222695892574558,0.1809892840699846,0.25462722985438535,0.0,0.12901848743237238,0.5461516878792279,-0.04381879665352059
motive_6,0.3447771896824132,0.4560771370428736,0.49843123469787953,0.36355075089714495,0.12901848743237238,0.0,0.4195498782028261,0.9491134199884672
motive_7,0.33888318502123504,0.5723503658783939,0.41213706448883436,0.522629396082256,0.5461516878792279,0.4195498782028261,0.0,0.5616133340129296
motive_8,0.19074973001956763,0.09279491728398517,0.24760690781425287,0.5181272991380039,-0.04381879665352059,0.9491134199884672,0.5616133340129296,0.0
