,motive_1,motive_2,motive_3,motive_4,motive_5,motive_6,motive_7,motive_8
motive_1,0.0,0.19196674760175506,0.06125582075056557,0.19223059178943294,0.08682014430322703,0.13579914637367463,-0.005951474720527983,0.0854128752108287
motive_2,0.19196674760175506,0.0,0.1450772236057732,0.15636436943506074,0.07582362097812753,0.07035182405786054,0.04021374883250849,0.09219749192098828
motive_3,0.06125582075056557,0.1450772236057732,0.0,0.06844877182323336,0.012740384795951222,0.1674691367757372,0.12222419446238354,0.17366343201437826
motive_4,0.19223059178943294,0.15636436943506074,0.06844877182323336,0.0,0.17904288685834446,0.002090761372657249,0.1921945264901322,-0.017713231000894315
motive_5,0.08682014430322703,0.07582362097812753,0.012740384795951222,0.17904288685834446,0.0,0.18411855365184443,0.056899509717542554,0.09745259493158298
motive_6,0.13579914637367463,0.07035182405786054,0.1674691367757372,0.002090761372657249,0.18411855365184443,0.0,0.12675809739637045,0.17104235200950457
motive_7,-0.005951474720527983,0.04021374883250849,0.12222419446238354,0.1921945264901322,0.056899509717542554,0.12675809739637045,0.0,0.10593124230989115
motive_8,0.0854128752108287,0.09219749192098828,0.17366343201437826,-0.017713231000894315,0.09745259493158298,0.17104235200950457,0.10593124230989115,0.0
