,motive_1,motive_2,motive_3,motive_4,motive_5,motive_6,motive_7,motive_8
motive_1,0.0,0.4587314114512181,0.5142537756723189,0.6181326400971348,0.6567926257469637,0.5044826809765749,0.780800771708407,0.4935004633221765
motive_2,0.4587314114512181,0.0,0.44946057714893006,0.38778636974716857,0.21862760650343083,0.6724941722789226,0.38520358711990177,0.643459318370865
motive_3,0.5142537756723189,0.44946057714893006,0.0,-0.09916521133537914,0.07479903317259334,0.7458293065373531,0.5455427051970223,0.2381457578578477
motive_4,0.6181326400971348,0.38778636974716857,-0.09916521133537914,0.0,0.3161908755116818,0.48982402611704506,0.4399773797425816,0.43134854599654116
motive_5,0.6567926257469637,0.21862760650343083,0.07479903317259334,0.3161908755116818,0.0,0.27929098781267536,0.22690335437989695,0.3398453223863979
motive_6,0.5044826809765749,0.6724941722789226,0.7458293065373531,0.48982402611704506,0.27929098781267536,0.0,0.7877554306928273,0.4950283975752764
motive_7,0.780800771708407,0.38520358711990177,0.5455427051970223,0.4399773797425816,0.22690335437989695,0.7877554306928273,0.0,0.37439140513064595
motive_8,0.4935004633221765,0.643459318370865,0.2381457578578477,0.43134854599654116,0.3398453223863979,0.4950283975752764,0.37439140513064595,0.0
