,motive_1,motive_2,motive_3,motive_4,motive_5,motive_6,motive_7,motive_8
motive_1,0.0,0.35368824461123116,0.258674800707383,-0.3301462002345793,-0.3184333909489675,0.9261369819756325,-0.34190660736566214,-0.5363424434420972
motive_2,0.35368824461123116,0.0,0.5029638106542127,0.49796049113084984,0.5791006626900241,0.1415374713298928,0.20688979209539232,0.06123922949436339
motive_3,0.258674800707383,0.5029638106542127,0.0,0.6854387583930119,0.6901235059285967,0.7548149505222448,-0.3851247131107273,-0.5098969619170641
motive_4,-0.3301462002345793,0.49796049113084984,0.6854387583930119,0.0,-0.13751982535409904,-0.33753977720012984,-0.12325868785754612,0.2611390303066532
motive_5,-0.3184333909489675,0.5791006626900241,0.6901235059285967,-0.13751982535409904,0.0,1.044022761215098,0.39902830351944485,-0.06960600897706337
motive_6,0.9261369819756325,0.1415374713298928,0.7548149505222448,-0.33753977720012984,1.044022761215098,0.0,-0.2587656665338583,0.19369266882165254
motive_7,-0.34190660736566214,0.20688979209539232,-0.3851247131107273,-0.12325868785754612,0.39902830351944485,-0.2587656665338583,0.0,0.14584373300137515
motive_8,-0.5363424434420972,0.06123922949436339,-0.5098969619170641,0.2611390303066532,-0.06960600897706337,0.19369266882165254,0.14584373300137515,0.0
