,motive_1,motive_2,motive_3,motive_4,motive_5,motive_6,motive_7,motive_8
satisfaction,0.024561866827220266,0.23829157269607115,0.305007460036541,0.07457266934585946,-0.022785604488095162,0.297174914495254,0.17927018996685745,0.037399352559701865
