,motive_1,motive_2,motive_3,motive_4,motive_5,motive_6,motive_7,motive_8
motive_1,0.0,0.012830998951878399,0.04456982675877312,-0.00914993504207497,-0.05558079893829021,0.055191524802318474,0.03753320419926181,-0.07885742740564146
motive_2,0.012830998951878399,0.0,-0.06764561869208459,0.013889055836861217,0.010166955622809885,0.0005775197022664415,0.020147274772938102,0.00925379396172309
motive_3,0.04456982675877312,-0.06764561869208459,0.0,0.0816124488493835,0.04589407844163075,0.060714333554456275,-0.02524725310159862,-0.09601528574625347
motive_4,-0.00914993504207497,0.013889055836861217,0.0816124488493835,0.0,0.0039253799384086074,0.06910269955613843,-0.033422493189368546,-0.08293707961071439
motive_5,-0.05558079893829021,0.010166955622809885,0.04589407844163075,0.0039253799384086074,0.0,-0.14249514651903364,0.03271895575097422,0.06434177431308899
motive_6,0.055191524802318474,0.0005775197022664415,0.060714333554456275,0.06910269955613843,-0.14249514651903364,0.0,0.008945222964630765,0.04216211526168941
motive_7,0.03753320419926181,0.020147274772938102,-0.02524725310159862,-0.033422493189368546,0.03271895575097422,0.008945222964630765,0.0,0.03458001801334495
motive_8,-0.07885742740564146,0.00925379396172309,-0.09601528574625347,-0.08293707961071439,0.06434177431308899,0.04216211526168941,0.03458001801334495,0.0
