,motive_1,motive_2,motive_3,motive_4,motive_5,motive_6,motive_7,motive_8
motive_1,0.0,0.052832600756106025,0.011105195372209387,0.10622226015968236,-0.03942420366141666,-0.03221798858795184,0.017143069202859046,0.022756840729646018
motive_2,0.052832600756106025,0.0,0.04774119857324861,-0.00014193508146718298,0.03744570079588025,0.03893923436448765,-0.08795013342098122,0.09010860232450932
motive_3,0.011105195372209387,0.04774119857324861,0.0,0.06540413782474963,0.012681370812181653,0.05882450932965007,-0.06536543391872418,0.1582169625914685
motive_4,0.10622226015968236,-0.00014193508146718298,0.06540413782474963,0.0,-0.04361623729974361,0.0005640754716319117,0.03608176371867097,-0.009076038421473115
motive_5,-0.03942420366141666,0.03744570079588025,0.012681370812181653,-0.04361623729974361,0.0,0.005357942185496449,0.04066201989523937,-0.03530766753264388
motive_6,-0.03221798858795184,0.03893923436448765,0.05882450932965007,0.0005640754716319117,0.005357942185496449,0.0,0.030386203405938984,0.14004403374198607
motive_7,0.017143069202859046,-0.08795013342098122,-0.06536543391872418,0.03608176371867097,0.04066201989523937,0.030386203405938984,0.0,-0.03318152764069796
motive_8,0.022756840729646018,0.09010860232450932,0.1582169625914685,-0.009076038421473115,-0.03530766753264388,0.14004403374198607,-0.03318152764069796,0.0
