,motive_1,motive_2,motive_3,motive_4,motive_5,motive_6,motive_7,motive_8
motive_1,0.0,-0.1572818476899297,0.2664584055913709,-0.5659996475033235,0.3394436354266386,-0.3161736406233756,-0.281861540282186,0.513951569435478
motive_2,-0.1572818476899297,0.0,0.1086736199614254,0.3512895120142929,-0.18534063989972327,0.10099836484686263,0.6336987074422826,0.06331021963801237
motive_3,0.2664584055913709,0.1086736199614254,0.0,-0.18391606080062628,-0.140076990729601,-0.337260736175282,0.6660561381775283,0.6244886416516804
motive_4,-0.5659996475033235,0.3512895120142929,-0.18391606080062628,0.0,-0.9165457506362704,-0.33894209758939575,-0.12247409905651507,-0.017026494216470796
motive_5,0.3394436354266386,-0.18534063989972327,-0.140076990729601,-0.9165457506362704,0.0,-0.3406074993940366,0.12840436619282197,0.38869149500456296
motive_6,-0.3161736406233756,0.10099836484686263,-0.337260736175282,-0.33894209758939575,-0.3406074993940366,0.0,0.050029085015461494,0.29728939960263134
motive_7,-0.281861540282186,0.6336987074422826,0.6660561381775283,-0.12247409905651507,0.12840436619282197,0.050029085015461494,0.0,-0.9249194406512486
motive_8,0.513951569435478,0.06331021963801237,0.6244886416516804,-0.017026494216470796,0.38869149500456296,0.29728939960263134,-0.9249194406512486,0.0
