,motive_1,motive_2,motive_3,motive_4,motive_5,motive_6,motive_7,motive_8
satisfaction,-0.19921814351956857,0.289496827420612,0.49675921975995363,0.022230138388166565,0.6282593350530619,-0.3345318923189456,0.7466917744593418,0.6776683315680048
