,motive_1,motive_2,motive_3,motive_4,motive_5,motive_6,motive_7,motive_8
motive_1,0.0,0.06914781879059505,-0.12070780439752644,-0.024939277504329373,-0.10499468351729425,0.0030063349548228695,0.08628949659760016,-0.01556663427436875
motive_2,0.06914781879059505,0.0,-0.08923493021429192,0.020545629300869436,-0.0542116247463329,0.044146038715513286,-0.011807618809781248,0.05970942125282637
motive_3,-0.12070780439752644,-0.08923493021429192,0.0,0.08768701519619242,-0.07606997280257305,-0.12664244066353156,-0.08207804760853402,-0.06299658778011298
motive_4,-0.024939277504329373,0.020545629300869436,0.08768701519619242,0.0,-0.05193631057321098,-0.05201401758160842,-0.06228711681904742,0.09552901548919096
motive_5,-0.10499468351729425,-0.0542116247463329,-0.07606997280257305,-0.05193631057321098,0.0,0.02179966802435453,0.04799868507865467,-0.08516893905009185
motive_6,0.0030063349548228695,0.044146038715513286,-0.12664244066353156,-0.05201401758160842,0.02179966802435453,0.0,-0.0372059223051234,-0.08131588830018217
motive_7,0.08628949659760016,-0.011807618809781248,-0.08207804760853402,-0.06228711681904742,0.04799868507865467,-0.0372059223051234,0.0,-0.06906955262176097
motive_8,-0.01556663427436875,0.05970942125282637,-0.06299658778011298,0.09552901548919096,-0.08516893905009185,-0.08131588830018217,-0.06906955262176097,0.0
