,motive_1,motive_2,motive_3,motive_4,motive_5,motive_6,motive_7,motive_8
satisfaction,-0.011918092108915063,0.2296685294259986,0.43303333805287203,0.4450059648703799,-0.4108636908333369,0.6349019542289118,0.8351759362063416,0.3966115861773263
