,motive_1,motive_2,motive_3,motive_4,motive_5,motive_6,motive_7,motive_8
motive_1,0.0,0.6208544145324355,0.5547902577413567,0.29962098024391104,0.06177634541955329,0.5378772782895215,0.2513244023990575,0.6439617199999019
motive_2,0.6208544145324355,0.0,0.48165787208383093,0.8207346197754747,0.39178511709672975,0.5149745646955712,0.33875881964120114,0.5324667866617357
motive_3,0.5547902577413567,0.48165787208383093,0.0,0.6114653755548366,0.37966203965718015,0.3471476876935111,0.1370192938193135,0.1148727077118005
motive_4,0.29962098024391104,0.8207346197754747,0.6114653755548366,0.0,0.4839439365909872,0.7366473685124152,0.4700837012794761,0.5271389915041482
motive_5,0.06177634541955329,0.39178511709672975,0.37966203965718015,0.4839439365909872,0.0,0.33955314247617163,0.3747258499490417,0.6868402390913411
motive_6,0.5378772782895215,0.5149745646955712,0.3471476876935111,0.7366473685124152,0.33955314247617163,0.0,0.10872090762263746,0.5733695635610631
motive_7,0.2513244023990575,0.33875881964120114,0.1370192938193135,0.4700837012794761,0.3747258499490417,0.10872090762263746,0.0,0.6018617794287417
motive_8,0.6439617199999019,0.5324667866617357,0.1148727077118005,0.5271389915041482,0.6868402390913411,0.5733695635610631,0.6018617794287417,0.0
