,motive_1,motive_2,motive_3,motive_4,motive_5,motive_6,motive_7,motive_8
motive_1,0.0,-0.2938525266736074,-0.243874527285927,0.7852100732953025,0.37995033061422684,0.39554164557088245,-0.3215135054168847,-0.26506961419319186
motive_2,-0.2938525266736074,0.0,-0.03630134488668629,0.5893927165337811,0.6193381723195487,0.49636073499866035,0.8094698961356945,0.5875189220887445
motive_3,-0.243874527285927,-0.03630134488668629,0.0,-0.11936024850804611,-0.04594529877530119,-0.12303550000763469,0.1946930046193664,0.5665287917509902
motive_4,0.7852100732953025,0.5893927165337811,-0.11936024850804611,0.0,-0.10958644316797062,0.37856004163889134,0.07856595893131707,-0.06616612204733752
motive_5,0.37995033061422684,0.6193381723195487,-0.04594529877530119,-0.10958644316797062,0.0,0.6204221742644707,0.2931051202085703,0.01591715484664806
motive_6,0.39554164557088245,0.49636073499866035,-0.12303550000763469,0.37856004163889134,0.6204221742644707,0.0,-0.48034819946627294,0.0881231657421755
motive_7,-0.3215135054168847,0.8094698961356945,0.1946930046193664,0.07856595893131707,0.2931051202085703,-0.48034819946627294,0.0,-0.28281913028469696
motive_8,-0.26506961419319186,0.5875189220887445,0.5665287917509902,-0.06616612204733752,0.01591715484664806,0.0881231657421755,-0.28281913028469696,0.0
