,motive_1,motive_2,motive_3,motive_4,motive_5,motive_6,motive_7,motive_8
motive_1,0.0,0.20307373666319634,0.22806273635703653,0.7426050366476513,0.5399751653071134,0.5477708227854413,0.18924324729155767,0.21746519290340408
motive_2,0.20307373666319634,0.0,0.3318493275566569,0.6446963582668905,0.6596690861597744,0.5981803674993302,0.7547349480678472,0.6437594610443722
motive_3,0.22806273635703653,0.3318493275566569,0.0,0.290319875745977,0.32702735061234944,0.28848224999618266,0.4473465023096832,0.6332643958754951
motive_4,0.7426050366476513,0.6446963582668905,0.290319875745977,0.0,0.2952067784160147,0.5392800208194457,0.3892829794656586,0.3169169389763312
motive_5,0.5399751653071134,0.6596690861597744,0.32702735061234944,0.2952067784160147,0.0,0.6602110871322353,0.49655256010428517,0.35795857742332404
motive_6,0.5477708227854413,0.5981803674993302,0.28848224999618266,0.5392800208194457,0.6602110871322353,0.0,0.10982590026686354,0.3940615828710877
motive_7,0.18924324729155767,0.7547349480678472,0.4473465023096832,0.3892829794656586,0.49655256010428517,0.10982590026686354,0.0,0.20859043485765155
motive_8,0.21746519290340408,0.6437594610443722,0.6332643958754951,0.3169169389763312,0.35795857742332404,0.3940615828710877,0.20859043485765155,0.0
