,motive_1,motive_2,motive_3,motive_4,motive_5,motive_6,motive_7,motive_8
motive_1,0.0,-0.047639506537837384,-0.23316671218708784,-0.038130558041754775,0.14240398854828404,-0.08016327144141949,0.12299934531472384,9.661239981647446e-05
motive_2,-0.047639506537837384,0.0,0.05168222780214263,-0.014285040327742932,-0.04373815492774846,-0.1451364095974065,0.11505147402370948,-0.010938630440338177
motive_3,-0.23316671218708784,0.05168222780214263,0.0,0.029932519908820093,0.13509791009246658,-0.07726523225724644,0.08083214008630132,-0.11360601786986188
motive_4,-0.038130558041754775,-0.014285040327742932,0.029932519908820093,0.0,-0.06415133488979628,0.08552249036066653,-0.0813281005956738,0.05341296687884139
motive_5,0.14240398854828404,-0.04373815492774846,0.13509791009246658,-0.06415133488979628,0.0,-0.15175127665632532,0.08512695578287806,0.041631561113977415
motive_6,-0.08016327144141949,-0.1451364095974065,-0.07726523225724644,0.08552249036066653,-0.15175127665632532,0.0,0.09175007122179935,-0.035326232362040896
motive_7,0.12299934531472384,0.11505147402370948,0.08083214008630132,-0.0813281005956738,0.08512695578287806,0.09175007122179935,0.0,0.06982515957310531
motive_8,9.661239981647446e-05,-0.010938630440338177,-0.11360601786986188,0.05341296687884139,0.041631561113977415,-0.035326232362040896,0.06982515957310531,0.0
