,motive_1,motive_2,motive_3,motive_4,motive_5,motive_6,motive_7,motive_8
motive_1,0.0,0.0031380120747915435,0.48163457134795307,0.4496198963078868,-0.3494011628411412,0.7163846525962483,-0.04991456133012796,0.18855623531891488
motive_2,0.0031380120747915435,0.0,0.17366574452028194,-0.0031470920916706474,-0.5505501082972573,0.5137859927476632,0.9788719899804152,0.5119090280090517
motive_3,0.48163457134795307,0.17366574452028194,0.0,0.9841023262790276,-0.10721959657075514,0.28572048211475537,0.06170955107948456,-0.5813999652964821
motive_4,0.4496198963078868,-0.0031470920916706474,0.9841023262790276,0.0,0.23045969788376386,0.21998079451992475,0.2642839653791148,0.49686581614743647
motive_5,-0.3494011628411412,-0.5505501082972573,-0.10721959657075514,0.23045969788376386,0.0,0.17935773243929232,0.9807543417671658,0.6241000971243884
motive_6,0.7163846525962483,0.5137859927476632,0.28572048211475537,0.21998079451992475,0.17935773243929232,0.0,0.3144506624397694,-0.2853455638702905
motive_7,-0.04991456133012796,0.9788719899804152,0.06170955107948456,0.2642839653791148,0.9807543417671658,0.3144506624397694,0.0,-0.1722324969645741
motive_8,0.18855623531891488,0.5119090280090517,-0.5813999652964821,0.49686581614743647,0.6241000971243884,-0.2853455638702905,-0.1722324969645741,0.0
