,motive_1,motive_2,motive_3,motive_4,motive_5,motive_6,motive_7,motive_8
motive_1,0.0,0.06644373725910616,0.07327325294658922,0.02098078995420259,-0.026707524657441237,-0.06847766029869055,-0.015502940350408934,0.08698596344725221
motive_2,0.06644373725910616,0.0,-0.14117373635384356,0.05259720955175423,0.014477005954995188,-0.04440902609265209,-0.15988039885121583,0.059065285731334856
motive_3,0.07327325294658922,-0.14117373635384356,0.0,0.018092003466354742,-0.03283196558505172,0.08383872616013714,-0.00573506806506446,0.006006605678532617
motive_4,0.02098078995420259,0.05259720955175423,0.018092003466354742,0.0,0.06435155670591554,0.027726549717713544,0.06953161374609561,-0.0589808005273459
motive_5,-0.026707524657441237,0.014477005954995188,-0.03283196558505172,0.06435155670591554,0.0,0.061305962539297765,-0.0347007406940485,0.14401963818852195
motive_6,-0.06847766029869055,-0.04440902609265209,0.08383872616013714,0.027726549717713544,0.061305962539297765,0.0,0.015327575480490241,0.03029183307380946
motive_7,-0.015502940350408934,-0.15988039885121583,-0.00573506806506446,0.06953161374609561,-0.0347007406940485,0.015327575480490241,0.0,0.04459678606872844
motive_8,0.08698596344725221,0.059065285731334856,0.006006605678532617,-0.0589808005273459,0.14401963818852195,0.03029183307380946,0.04459678606872844,0.0
