,motive_1,motive_2,motive_3,motive_4,motive_5,motive_6,motive_7,motive_8
satisfaction,-0.16417169583567018,0.3166802107600992,0.03677695290749032,-0.10942483009809897,0.11048508321512236,-0.5506357189942942,0.07329810039791311,0.10917967280818147
