,motive_1,motive_2,motive_3,motive_4,motive_5,motive_6,motive_7,motive_8
motive_1,0.5,0.09523809523809523,0.2619047619047619,0.11904761904761904,0.0,0.0,0.0,0.023809523809523808
motive_2,0.0,0.5,0.11538461538461539,0.10576923076923077,0.057692307692307696,0.16346153846153846,0.057692307692307696,0.0
motive_3,0.007246376811594203,0.043478260869565216,0.5,0.050724637681159424,0.007246376811594203,0.10144927536231885,0.18840579710144928,0.10144927536231885
motive_4,0.09259259259259259,0.08333333333333333,0.08333333333333333,0.5,0.0,0.018518518518518517,0.08333333333333333,0.1388888888888889
motive_5,0.0,0.19444444444444445,0.1111111111111111,0.19444444444444445,0.5,0.0,0.0,0.0
motive_6,0.1044776119402985,0.07462686567164178,0.14925373134328357,0.13432835820895522,0.0,0.5074626865671642,0.0,0.029850746268656716
motive_7,0.03571428571428571,0.15476190476190477,0.13095238095238096,0.13095238095238096,0.023809523809523808,0.011904761904761904,0.5,0.011904761904761904
motive_8,0.0,0.12121212121212122,0.16666666666666666,0.06060606060606061,0.13636363636363635,0.0,0.015151515151515152,0.5
