,motive_1,motive_2,motive_3,motive_4,motive_5,motive_6,motive_7,motive_8
satisfaction,0.39375033518146085,0.8975915528463727,-0.03533757985615216,0.004889722073774111,-0.20624737978424884,0.4219342079801047,0.09978308053556323,0.3108540993985128
