,motive_1,motive_2,motive_3,motive_4,motive_5,motive_6,motive_7,motive_8
motive_1,0.0,0.16325408267291086,0.5014396157298894,0.41515078624567425,0.12189147690456237,0.5966859490463321,0.051468002711022115,0.21334404916942595
motive_2,0.16325408267291086,0.0,0.14729866515101908,0.23521196667321417,0.3558543015084645,0.5055178011729256,-0.13106120673984148,0.2522832846326341
motive_3,0.5014396157298894,0.14729866515101908,0.0,-0.03946674344024874,-0.042894301258979695,0.09326389617946394,0.423993738946139,0.03849774397702162
motive_4,0.41515078624567425,0.23521196667321417,-0.03946674344024874,0.0,-0.06586472649268596,0.3792872920908502,0.3830892328160584,0.24162374849086016
motive_5,0.12189147690456237,0.3558543015084645,-0.042894301258979695,-0.06586472649268596,0.0,-0.022654912870254992,0.16394468189013026,0.03286687447685996
motive_6,0.5966859490463321,0.5055178011729256,0.09326389617946394,0.3792872920908502,-0.022654912870254992,0.0,0.27957711362889826,0.17345526180064133
motive_7,0.051468002711022115,-0.13106120673984148,0.423993738946139,0.3830892328160584,0.16394468189013026,0.27957711362889826,0.0,0.1169642839747214
motive_8,0.21334404916942595,0.2522832846326341,0.03849774397702162,0.24162374849086016,0.03286687447685996,0.17345526180064133,0.1169642839747214,0.0
