,motive_1,motive_2,motive_3,motive_4,motive_5,motive_6,motive_7,motive_8
motive_1,0.0,0.5317869973695488,0.4647339376497933,0.18001256860842552,0.24204886001740739,0.3892727119724668,0.023335611121028055,0.4037900961042184
motive_2,0.5317869973695488,0.0,0.26080320458583967,0.32693459811000025,0.49695790825484587,0.6961081608267907,0.480405995116494,0.2634651987699781
motive_3,0.4647339376497933,0.26080320458583967,0.0,0.5017274115405312,0.06068111217870542,0.3627948774843999,0.5792989222733076,0.3835908835380136
motive_4,0.18001256860842552,0.32693459811000025,0.5017274115405312,0.0,0.1282667395213915,0.01821797722969047,0.3051140204229126,0.5242152534952312
motive_5,0.24204886001740739,0.49695790825484587,0.06068111217870542,0.1282667395213915,0.0,0.25682898560949974,0.4705675751351435,0.6593516887467874
motive_6,0.3892727119724668,0.6961081608267907,0.3627948774843999,0.01821797722969047,0.25682898560949974,0.0,0.8895316089856306,0.38041271233443036
motive_7,0.023335611121028055,0.480405995116494,0.5792989222733076,0.3051140204229126,0.4705675751351435,0.8895316089856306,0.0,-0.19403443194368009
motive_8,0.4037900961042184,0.2634651987699781,0.3835908835380136,0.5242152534952312,0.6593516887467874,0.38041271233443036,-0.19403443194368009,0.0
