,motive_1,motive_2,motive_3,motive_4,motive_5,motive_6,motive_7,motive_8
satisfaction,-0.07065660014493996,0.1046702546514244,0.15390348927414046,0.17939762114983168,0.031691681802444915,0.0276770526551621,-0.029330519142998612,0.05099511218971156
