,motive_1,motive_2,motive_3,motive_4,motive_5,motive_6,motive_7,motive_8
motive_1,0.0,0.1729593062464339,0.08530826867738661,0.16992906200959618,0.0706578153684441,0.21331415586794406,0.07155642397848778,0.048590058426597596
motive_2,0.1729593062464339,0.0,0.04075827889690102,0.014666764442053927,0.18384364004091786,0.1379044335027298,0.0022747633432267655,0.042978149871262326
motive_3,0.08530826867738661,0.04075827889690102,0.0,0.0420974227315961,0.10661379414375016,0.0661925116440085,-0.0157219006166322,0.07511861410956581
motive_4,0.16992906200959618,0.014666764442053927,0.0420974227315961,0.0,0.1424079891229038,0.09206374639765444,0.1773163851181649,0.12815905767268593
motive_5,0.0706578153684441,0.18384364004091786,0.10661379414375016,0.1424079891229038,0.0,0.13475510627842896,0.06152263546687088,-0.0036083109455698342
motive_6,0.21331415586794406,0.1379044335027298,0.0661925116440085,0.09206374639765444,0.13475510627842896,0.0,0.12198183042145758,0.09897765933564864
motive_7,0.07155642397848778,0.0022747633432267655,-0.0157219006166322,0.1773163851181649,0.06152263546687088,0.12198183042145758,0.0,0.1507360981978183
motive_8,0.048590058426597596,0.042978149871262326,0.07511861410956581,0.12815905767268593,-0.0036083109455698342,0.09897765933564864,0.1507360981978183,0.0
