,motive_1,motive_2,motive_3,motive_4,motive_5,motive_6,motive_7,motive_8
motive_1,0.0,0.27150112340967314,0.09067945944101957,0.3540098480732296,0.21659630756548437,0.05049658278562995,-0.11187623626757676,0.6651633400053515
motive_2,0.27150112340967314,0.0,0.27582858259534204,0.1482936479144283,0.320196691800054,0.4728443250234766,0.2931977727902376,0.28502243865775023
motive_3,0.09067945944101957,0.27582858259534204,0.0,0.030090871659543758,0.5137020555497738,0.447958841431907,0.024574926108632544,-0.21439133963666016
motive_4,0.3540098480732296,0.1482936479144283,0.030090871659543758,0.0,0.1055150670970047,0.3586957292044204,0.3265050609874028,0.31790494146146875
motive_5,0.21659630756548437,0.320196691800054,0.5137020555497738,0.1055150670970047,0.0,-0.26560051892429104,0.08444567571236786,0.4729406897505426
motive_6,0.05049658278562995,0.4728443250234766,0.447958841431907,0.3586957292044204,-0.26560051892429104,0.0,0.20484616369903558,0.14343750864997495
motive_7,-0.11187623626757676,0.2931977727902376,0.024574926108632544,0.3265050609874028,0.08444567571236786,0.20484616369903558,0.0,0.24535626351979428
motive_8,0.6651633400053515,0.28502243865775023,-0.21439133963666016,0.31790494146146875,0.4729406897505426,0.14343750864997495,0.24535626351979428,0.0
