,motive_1,motive_2,motive_3,motive_4,motive_5,motive_6,motive_7,motive_8
satisfaction,0.20005576022616858,0.01814036963636881,0.26495045266688333,0.14152641965189286,-0.014736296967214457,0.1803280999622773,0.2749366908512295,0.10254813568526279
