,motive_1,motive_2,motive_3,motive_4,motive_5,motive_6,motive_7,motive_8
motive_1,0.0,0.6483117217903058,0.47883822665672743,0.7594566817339399,0.34598673057243756,0.4542484191613413,0.42433763339373265,0.6009460937490505
motive_2,0.6483117217903058,0.0,0.29090909444396956,0.507190608176971,0.46197327721042447,0.41897951004360107,0.4304942672243352,0.6212275034163774
motive_3,0.47883822665672743,0.29090909444396956,0.0,0.229694607503967,0.38499517008824174,0.04702119392269047,0.1076924000919338,0.5008961629511184
motive_4,0.7594566817339399,0.507190608176971,0.229694607503967,0.0,0.30395973548916194,0.2884130156856617,0.25098413259614605,0.3770777655356982
motive_5,0.34598673057243756,0.46197327721042447,0.38499517008824174,0.30395973548916194,0.0,0.47350331425305126,0.1307302323136461,0.6531875462393343
motive_6,0.4542484191613413,0.41897951004360107,0.04702119392269047,0.2884130156856617,0.47350331425305126,0.0,0.4116346018516191,0.1568632195639122
motive_7,0.42433763339373265,0.4304942672243352,0.1076924000919338,0.25098413259614605,0.1307302323136461,0.4116346018516191,0.0,0.6873973889191654
motive_8,0.6009460937490505,0.6212275034163774,0.5008961629511184,0.3770777655356982,0.6531875462393343,0.1568632195639122,0.6873973889191654,0.0
