,motive_1,motive_2,motive_3,motive_4,motive_5,motive_6,motive_7,motive_8
satisfaction,0.117013340789206,-0.044344523677293746,-0.20670873533435816,0.10041367837138579,0.1269120994839416,-0.006163555170193222,-0.07621571953947956,0.2672168401646254
