,motive_1,motive_2,motive_3,motive_4,motive_5,motive_6,motive_7,motive_8
motive_1,0.0,-0.21520232213709156,0.16835702802651384,0.24216367063371588,-0.11709098416393662,0.0907633337251556,0.16735572641600693,0.14568667125372187
motive_2,-0.21520232213709156,0.0,0.3780849156025859,0.1275102990306458,0.06581735671594097,-0.014440310548015256,0.4694126998502859,0.6710129055283734
motive_3,0.16835702802651384,0.3780849156025859,0.0,-0.07789802030725647,0.26709501543821396,0.20457443256965574,0.29960625731050744,0.45308544431033404
motive_4,0.24216367063371588,0.1275102990306458,-0.07789802030725647,0.0,0.08696038370747475,0.19308339516174325,0.5584544631638455,0.6056548188343904
motive_5,-0.11709098416393662,0.06581735671594097,0.26709501543821396,0.08696038370747475,0.0,0.19493388842530762,0.4075010711291164,0.11515117421054785
motive_6,0.0907633337251556,-0.014440310548015256,0.20457443256965574,0.19308339516174325,0.19493388842530762,0.0,0.41994641242686004,0.01689134974566714
motive_7,0.16735572641600693,0.4694126998502859,0.29960625731050744,0.5584544631638455,0.4075010711291164,0.41994641242686004,0.0,0.7213651817466892
motive_8,0.14568667125372187,0.6710129055283734,0.45308544431033404,0.6056548188343904,0.11515117421054785,0.01689134974566714,0.7213651817466892,0.0
