,motive_1,motive_2,motive_3,motive_4,motive_5,motive_6,motive_7,motive_8
motive_1,0.0,0.13287878411977772,0.055602016875821614,-0.005528484807276746,0.14425063968828075,0.39710835116746546,0.39316084059170986,0.20222695602172194
motive_2,0.13287878411977772,0.0,0.2923717890235793,0.11206720076650667,-0.2374015364196822,-0.11188885226973044,0.20306704522657923,0.08116862567331992
motive_3,0.055602016875821614,0.2923717890235793,0.0,0.28759180738117107,0.5177367310906327,0.5317210774020864,0.0880948285597914,0.15656808449135343
motive_4,-0.005528484807276746,0.11206720076650667,0.28759180738117107,0.0,0.2546303496058215,0.16163727577894405,0.47176374462637394,0.36059700035447323
motive_5,0.14425063968828075,-0.2374015364196822,0.5177367310906327,0.2546303496058215,0.0,-0.022738503335544502,0.14247314470914949,0.24993472412293233
motive_6,0.39710835116746546,-0.11188885226973044,0.5317210774020864,0.16163727577894405,-0.022738503335544502,0.0,0.4441207202875461,0.21708383252484656
motive_7,0.39316084059170986,0.20306704522657923,0.0880948285597914,0.47176374462637394,0.14247314470914949,0.4441207202875461,0.0,0.19473386192905584
motive_8,0.20222695602172194,0.08116862567331992,0.15656808449135343,0.36059700035447323,0.24993472412293233,0.21708383252484656,0.19473386192905584,0.0
