,motive_1,motive_2,motive_3,motive_4,motive_5,motive_6,motive_7,motive_8
motive_1,0.0,0.04011586841664712,-0.04910392798148873,0.04306843692982185,0.1139864217146319,0.06276207602601912,0.08376637895143282,0.005829891449183708
motive_2,0.04011586841664712,0.0,0.05530200559463239,-0.07144285346116605,0.022517840197899316,-0.07404726088702533,0.01980161404677689,-0.0748015689684258
motive_3,-0.04910392798148873,0.05530200559463239,0.0,-0.09128791159168717,0.11603411099104921,0.03019612509145591,0.051011941181616546,-0.027577505284037507
motive_4,0.04306843692982185,-0.07144285346116605,-0.09128791159168717,0.0,0.10250901134240044,0.024239539208141,-0.08866343520084707,0.02813265700631226
motive_5,0.1139864217146319,0.022517840197899316,0.11603411099104921,0.10250901134240044,0.0,-0.01919237332033167,-0.0662707323683624,0.025210700725171956
motive_6,0.06276207602601912,-0.07404726088702533,0.03019612509145591,0.024239539208141,-0.01919237332033167,0.0,0.08409294697226807,-0.033723596159364475
motive_7,0.08376637895143282,0.01980161404677689,0.051011941181616546,-0.08866343520084707,-0.0662707323683624,0.08409294697226807,0.0,-0.16333834751592158
motive_8,0.005829891449183708,-0.0748015689684258,-0.027577505284037507,0.02813265700631226,0.025210700725171956,-0.033723596159364475,-0.16333834751592158,0.0
