,motive_1,motive_2,motive_3,motive_4,motive_5,motive_6,motive_7,motive_8
motive_1,0.0,0.002822481433475174,-0.01392139606957566,0.10671904593539577,0.10676109643794515,0.047261857850646335,0.003407910719859259,0.04214549850454845
motive_2,0.002822481433475174,0.0,0.08492258905919939,0.1726114448848824,0.16582758596177372,0.11764385160916183,0.05055097210296351,0.06558260755302181
motive_3,-0.01392139606957566,0.08492258905919939,0.0,-0.012359231256467214,0.1651284274125609,0.09621152738071301,0.1844822485226973,-0.005513324941821156
motive_4,0.10671904593539577,0.1726114448848824,-0.012359231256467214,0.0,0.20951229153721085,0.0301368196741882,0.0834246903709733,0.1294148779643334
motive_5,0.10676109643794515,0.16582758596177372,0.1651284274125609,0.20951229153721085,0.0,0.04984125472605605,0.2547296588606555,0.18298022155822424
motive_6,0.047261857850646335,0.11764385160916183,0.09621152738071301,0.0301368196741882,0.04984125472605605,0.0,0.15362927643049223,0.1934912987092018
motive_7,0.003407910719859259,0.05055097210296351,0.1844822485226973,0.0834246903709733,0.2547296588606555,0.15362927643049223,0.0,-0.00491617928879972
motive_8,0.04214549850454845,0.06558260755302181,-0.005513324941821156,0.1294148779643334,0.18298022155822424,0.1934912987092018,-0.00491617928879972,0.0
