,motive_1,motive_2,motive_3,motive_4,motive_5,motive_6,motive_7,motive_8
motive_1,0.0,-0.015714322121426687,-0.007218378953162227,0.12217028979393203,0.016914150737010844,0.06447055318406172,0.07441331579774221,0.06172563627828797
motive_2,-0.015714322121426687,0.0,-0.04007340061272764,0.012862948793096945,-0.07420249329736726,-0.00587547561011844,-0.11854411426645092,0.07141932838092571
motive_3,-0.007218378953162227,-0.04007340061272764,0.0,0.004992399593164103,0.04302314097258574,-0.1070556046720488,-0.001993479172282861,-0.011208483795257879
motive_4,0.12217028979393203,0.012862948793096945,0.004992399593164103,0.0,0.07807833533441028,0.020873424795619065,0.07251665083709294,-0.009666971374257757
motive_5,0.016914150737010844,-0.07420249329736726,0.04302314097258574,0.07807833533441028,0.0,-0.019208449097369358,-0.17471269107003728,0.07248533879166572
motive_6,0.06447055318406172,-0.00587547561011844,-0.1070556046720488,0.020873424795619065,-0.019208449097369358,0.0,-0.03905856733958685,0.0329310323537967
motive_7,0.07441331579774221,-0.11854411426645092,-0.001993479172282861,0.07251665083709294,-0.17471269107003728,-0.03905856733958685,0.0,-0.10879615131603258
motive_8,0.06172563627828797,0.07141932838092571,-0.011208483795257879,-0.009666971374257757,0.07248533879166572,0.0329310323537967,-0.10879615131603258,0.0
