,motive_1,motive_2,motive_3,motive_4,motive_5,motive_6,motive_7,motive_8
motive_1,0.0,0.3326493843267191,0.340093399133031,0.3984377475654366,0.16831912262673515,0.08230751370470873,0.16634566273651952,0.45421019585971045
motive_2,0.3326493843267191,0.0,-0.06993458475363311,0.4514178280509744,0.10132113497705166,-0.004566213704697897,-0.06937449471668608,0.5979429852151794
motive_3,0.340093399133031,-0.06993458475363311,0.0,-0.21803636020957728,-0.1282013198396484,0.21315379934950346,0.02162396894038013,0.31767143812889953
motive_4,0.3984377475654366,0.4514178280509744,-0.21803636020957728,0.0,-0.22956652024441151,0.3599845839336152,0.43345137137914086,-0.42986122087808376
motive_5,0.16831912262673515,0.10132113497705166,-0.1282013198396484,-0.22956652024441151,0.0,0.24624977068016374,0.6172938347056236,0.08881924650824546
motive_6,0.08230751370470873,-0.004566213704697897,0.21315379934950346,0.3599845839336152,0.24624977068016374,0.0,-0.11462105350108359,0.4520259924936752
motive_7,0.16634566273651952,-0.06937449471668608,0.02162396894038013,0.43345137137914086,0.6172938347056236,-0.11462105350108359,0.0,0.3027605638126958
motive_8,0.45421019585971045,0.5979429852151794,0.31767143812889953,-0.42986122087808376,0.08881924650824546,0.4520259924936752,0.3027605638126958,0.0
