,motive_1,motive_2,motive_3,motive_4,motive_5,motive_6,motive_7,motive_8
satisfaction,-0.0731825622722164,-0.012184789542467822,-0.1629736787223144,-0.4089103452875762,0.3180471717811594,-0.009468975459515444,-0.19306079510184124,0.5068596832286273
