,motive_1,motive_2,motive_3,motive_4,motive_5,motive_6,motive_7,motive_8
motive_1,0.0,0.24028899703881704,0.035861465593612876,0.3374863300564592,-0.05684041875528723,0.5439010583101447,-0.05128063429660261,0.11660786269731133
motive_2,0.24028899703881704,0.0,0.3116293885154093,-0.07636912094019271,0.11955503786155278,0.19393826080317125,0.27120175362770715,-0.16906473739197547
motive_3,0.035861465593612876,0.3116293885154093,0.0,0.095953126482416,0.5619135389158347,0.1817647201342648,0.3473705093368481,0.1840101518171291
motive_4,0.3374863300564592,-0.07636912094019271,0.095953126482416,0.0,0.3159404342639728,0.27800110013158946,0.09663262488989481,0.6782233451257687
motive_5,-0.05684041875528723,0.11955503786155278,0.5619135389158347,0.3159404342639728,0.0,0.22513901453072707,0.4743702841412767,0.16307546265380174
motive_6,0.5439010583101447,0.19393826080317125,0.1817647201342648,0.27800110013158946,0.22513901453072707,0.0,-0.24003253067151795,0.3804908869834939
motive_7,-0.05128063429660261,0.27120175362770715,0.3473705093368481,0.09663262488989481,0.4743702841412767,-0.24003253067151795,0.0,0.1511773728453423
motive_8,0.11660786269731133,-0.16906473739197547,0.1840101518171291,0.6782233451257687,0.16307546265380174,0.3804908869834939,0.1511773728453423,0.0
