,motive_1,motive_2,motive_3,motive_4,motive_5,motive_6,motive_7,motive_8
satisfaction,0.39833128807423235,0.13019981154712185,0.7129013285767936,0.2515524046754892,0.32283212147557416,0.11732235463599457,-0.14993580176541138,0.4944125662143664
