,motive_1,motive_2,motive_3,motive_4,motive_5,motive_6,motive_7,motive_8
satisfaction,-0.21760129948922463,0.274717395865775,0.612016851458608,0.5966820105293179,-0.25196582349246155,-0.28161241903947587,0.3227503054972337,0.2500802445000889
