,motive_1,motive_2,motive_3,motive_4,motive_5,motive_6,motive_7,motive_8
satisfaction,0.2745164107538065,0.2825048003415688,0.7202125161000423,0.11853920463532526,-0.07882384778607127,0.40111869592905114,-0.20937563804604398,0.019547030152526818
