,motive_1,motive_2,motive_3,motive_4,motive_5,motive_6,motive_7,motive_8
motive_1,0.0,0.31185363242470665,0.38802171692486914,0.255965245995068,0.508880564820392,0.6765521272305681,0.45914219039808973,0.30313360903999426
motive_2,0.31185363242470665,0.0,0.021904624426407615,0.9575881655409717,0.1594898075098359,0.5198682244905825,0.6174982952248631,0.2031457980922697
motive_3,0.38802171692486914,0.021904624426407615,0.0,0.5745646775070071,0.3814398630937077,0.71514000138301,0.6452147754284839,0.14523125952451552
motive_4,0.255965245995068,0.9575881655409717,0.5745646775070071,0.0,0.5106733280999023,0.5565587543321502,0.3138131292614447,0.2613854528349357
motive_5,0.508880564820392,0.1594898075098359,0.3814398630937077,0.5106733280999023,0.0,0.6898939472380058,0.37676265417016075,0.7170679238876756
motive_6,0.6765521272305681,0.5198682244905825,0.71514000138301,0.5565587543321502,0.6898939472380058,0.0,0.5083185659118702,0.456708870170113
motive_7,0.45914219039808973,0.6174982952248631,0.6452147754284839,0.3138131292614447,0.37676265417016075,0.5083185659118702,0.0,0.29002461964755855
motive_8,0.30313360903999426,0.2031457980922697,0.14523125952451552,0.2613854528349357,0.7170679238876756,0.456708870170113,0.29002461964755855,0.0
