,motive_1,motive_2,motive_3,motive_4,motive_5,motive_6,motive_7,motive_8
motive_1,0.0,0.21979721472755145,0.33129908069026537,-0.015368059696383093,0.039872469521038956,-0.5571372958196303,0.3550214345500291,0.28176225070609134
motive_2,0.21979721472755145,0.0,0.18420747867790094,-0.1030290895590227,0.2592922634616016,0.24187404059470918,0.20735497949985654,0.25294440133100027
motive_3,0.33129908069026537,0.18420747867790094,0.0,0.32870865662723814,0.4506079998911139,0.4547989854585166,0.44656132038302965,0.3283434821007237
motive_4,-0.015368059696383093,-0.1030290895590227,0.32870865662723814,0.0,0.3053615040608832,-0.03921789320822683,0.2639880974433494,-0.02150162608213875
motive_5,0.039872469521038956,0.2592922634616016,0.4506079998911139,0.3053615040608832,0.0,-0.0806996975949343,0.2711334436358098,0.48407767547888203
motive_6,-0.5571372958196303,0.24187404059470918,0.4547989854585166,-0.03921789320822683,-0.0806996975949343,0.0,0.12577399795840633,0.4560330378934107
motive_7,0.3550214345500291,0.20735497949985654,0.44656132038302965,0.2639880974433494,0.2711334436358098,0.12577399795840633,0.0,0.26823335031303663
motive_8,0.28176225070609134,0.25294440133100027,0.3283434821007237,-0.02150162608213875,0.48407767547888203,0.4560330378934107,0.26823335031303663,0.0
