,motive_1,motive_2,motive_3,motive_4,motive_5,motive_6,motive_7,motive_8
satisfaction,0.033780419537134204,0.09524251393709858,0.06281485451398194,-0.25909364723137657,0.5313770080593478,0.20122665753822028,0.18903296585217536,-0.01928740259732753
