,motive_1,motive_2,motive_3,motive_4,motive_5,motive_6,motive_7,motive_8
motive_1,0.0,0.26433780370481386,0.39053178979422,0.04033387306655867,0.887217533975374,0.38395428404847565,0.16489593633325988,0.2939734008409506
motive_2,0.26433780370481386,0.0,0.008379791504390832,0.33549878400297195,0.4663182097421458,0.25409295384482744,0.43566740803385173,0.482402596162268
motive_3,0.39053178979422,0.008379791504390832,0.0,0.5163902003228509,0.392465272134771,0.4927974811178115,0.32924468989288436,0.6402325770431542
motive_4,0.04033387306655867,0.33549878400297195,0.5163902003228509,0.0,0.6927978427747175,0.44113972557353803,0.46330551416075627,0.2815898324347362
motive_5,0.887217533975374,0.4663182097421458,0.392465272134771,0.6927978427747175,0.0,0.4593358525539384,0.0005375070094012224,0.5088537180695191
motive_6,0.38395428404847565,0.25409295384482744,0.4927974811178115,0.44113972557353803,0.4593358525539384,0.0,0.5991808104950027,0.7359911062249894
motive_7,0.16489593633325988,0.43566740803385173,0.32924468989288436,0.46330551416075627,0.0005375070094012224,0.5991808104950027,0.0,0.5827400152712968
motive_8,0.2939734008409506,0.482402596162268,0.6402325770431542,0.2815898324347362,0.5088537180695191,0.7359911062249894,0.5827400152712968,0.0
