,motive_1,motive_2,motive_3,motive_4,motive_5,motive_6,motive_7,motive_8
motive_1,0.0,0.12242915744633488,0.057757727129491676,0.13360547743968518,0.06457418093389192,0.1428681627886901,0.08384721107716173,-0.04120288725159431
motive_2,0.12242915744633488,0.0,0.11057993777189085,0.1261840902714419,0.09630375363628901,0.14165930316869024,0.08679359891896926,0.13099923658432405
motive_3,0.057757727129491676,0.11057993777189085,0.0,0.1759882533803213,0.048110964647186005,0.14594428438511647,0.05613053745033507,-0.009686353364725488
motive_4,0.13360547743968518,0.1261840902714419,0.1759882533803213,0.0,0.05585976559507061,0.15162805634017668,0.038139049760078134,0.06509581875929511
motive_5,0.06457418093389192,0.09630375363628901,0.048110964647186005,0.05585976559507061,0.0,-0.05823868546132312,0.17969673677759712,0.16346948517740092
motive_6,0.1428681627886901,0.14165930316869024,0.14594428438511647,0.15162805634017668,-0.05823868546132312,0.0,0.08470014462177955,0.05843376532396695
motive_7,0.08384721107716173,0.08679359891896926,0.05613053745033507,0.038139049760078134,0.17969673677759712,0.08470014462177955,0.0,0.11779447527414624
motive_8,-0.04120288725159431,0.13099923658432405,-0.009686353364725488,0.06509581875929511,0.16346948517740092,0.05843376532396695,0.11779447527414624,0.0
