,motive_1,motive_2,motive_3,motive_4,motive_5,motive_6,motive_7,motive_8
satisfaction,-0.12757598042045812,0.3017929723852273,0.11161037058939569,0.050620268585814386,-0.08277993931919303,0.23174424476311095,0.1829123180540723,-0.07929739153446111
