,motive_1,motive_2,motive_3,motive_4,motive_5,motive_6,motive_7,motive_8
motive_1,0.0,-0.09461365675649928,0.5073417215326665,0.06287660642087789,-0.22329012621387545,-0.4022100217251584,-0.020151874098557843,0.6467395608930163
motive_2,-0.09461365675649928,0.0,0.2263289011593941,-0.25680916419638583,0.12175078100354257,0.5703456367223663,-0.5610307448577707,0.3526864040122338
motive_3,0.5073417215326665,0.2263289011593941,0.0,-0.4157423760956838,-0.25111448010547355,0.2656604088966794,0.6769993669145576,0.08464324552312918
motive_4,0.06287660642087789,-0.25680916419638583,-0.4157423760956838,0.0,0.6926537108151641,-0.7480022252509191,-0.29282341742392076,-0.2705582870479705
motive_5,-0.22329012621387545,0.12175078100354257,-0.25111448010547355,0.6926537108151641,0.0,0.4547906558112743,-0.3747827763490283,0.07404289042433865
motive_6,-0.4022100217251584,0.5703456367223663,0.2656604088966794,-0.7480022252509191,0.4547906558112743,0.0,0.025370647141894742,0.7098826822202517
motive_7,-0.020151874098557843,-0.5610307448577707,0.6769993669145576,-0.29282341742392076,-0.3747827763490283,0.025370647141894742,0.0,-0.1588767717494017
motive_8,0.6467395608930163,0.3526864040122338,0.08464324552312918,-0.2705582870479705,0.07404289042433865,0.7098826822202517,-0.1588767717494017,0.0
