,motive_1,motive_2,motive_3,motive_4,motive_5,motive_6,motive_7,motive_8
motive_1,0.0,-0.1963653599478692,0.6311774372757132,0.061440371718424924,-0.3051552422967922,0.25829161831092967,0.4248500573279972,-0.3091287598373878
motive_2,-0.1963653599478692,0.0,0.39666636456285803,1.0686276603948948,-0.08847583527682823,0.299481456112763,0.020467494659786534,-0.3518124884078647
motive_3,0.6311774372757132,0.39666636456285803,0.0,0.5829767172489502,0.5905425978313236,0.11107947782082706,0.757892131379239,-0.5907897466735599
motive_4,0.061440371718424924,1.0686276603948948,0.5829767172489502,0.0,-0.24606960758258078,-0.461622092074546,0.3565929060963847,-0.21767399446268515
motive_5,-0.3051552422967922,-0.08847583527682823,0.5905425978313236,-0.24606960758258078,0.0,0.6812368761868715,0.3064010584489023,0.022329467830658575
motive_6,0.25829161831092967,0.299481456112763,0.11107947782082706,-0.461622092074546,0.6812368761868715,0.0,0.10471243012668147,-0.19843292547910052
motive_7,0.4248500573279972,0.020467494659786534,0.757892131379239,0.3565929060963847,0.3064010584489023,0.10471243012668147,0.0,0.46194883149583466
motive_8,-0.3091287598373878,-0.3518124884078647,-0.5907897466735599,-0.21767399446268515,0.022329467830658575,-0.19843292547910052,0.46194883149583466,0.0
