,motive_1,motive_2,motive_3,motive_4,motive_5,motive_6,motive_7,motive_8
motive_1,0.0,0.5357631233860416,0.7361674081842493,0.5250435190138574,0.5682409377791313,0.1833294465818423,0.28574709664733167,0.42394815481774883
motive_2,0.5357631233860416,0.0,0.9402881114354974,0.5219423537649511,0.48017669773483457,0.6544649507108335,0.09248889450162512,0.23130301531107225
motive_3,0.7361674081842493,0.9402881114354974,0.0,0.3785205326616403,0.46345335015331945,-0.07842519579511043,-0.07976897133027568,0.7457673912621884
motive_4,0.5250435190138574,0.5219423537649511,0.3785205326616403,0.0,0.16817680276221308,0.19720270798337852,0.4364636212125712,0.7307871214252615
motive_5,0.5682409377791313,0.48017669773483457,0.46345335015331945,0.16817680276221308,0.0,1.0293521803252965,0.2175916258458339,0.36952461469156483
motive_6,0.1833294465818423,0.6544649507108335,-0.07842519579511043,0.19720270798337852,1.0293521803252965,0.0,0.1078291732081813,0.30913311189024484
motive_7,0.28574709664733167,0.09248889450162512,-0.07976897133027568,0.4364636212125712,0.2175916258458339,0.1078291732081813,0.0,0.29702999033135924
motive_8,0.42394815481774883,0.23130301531107225,0.7457673912621884,0.7307871214252615,0.36952461469156483,0.30913311189024484,0.29702999033135924,0.0
