,motive_1,motive_2,motive_3,motive_4,motive_5,motive_6,motive_7,motive_8
motive_1,0.0,0.3222669554682872,0.48439075526710734,0.6928224559432092,0.5507467409209215,0.5071927804752113,0.05440554089680294,0.4730607779870649
motive_2,0.3222669554682872,0.0,0.2621783626907081,0.33336536041613346,0.4493747942947417,0.7186644507758726,0.5621717617594644,0.7448892529199016
motive_3,0.48439075526710734,0.2621783626907081,0.0,0.3539051507317288,0.3355483187938233,0.62592675322883,0.49925755912161834,0.3512777904791294
motive_4,0.6928224559432092,0.33336536041613346,0.3539051507317288,0.0,0.5030337120599991,0.45312650581586994,0.27338434420301905,0.24217618929754234
motive_5,0.5507467409209215,0.4493747942947417,0.3355483187938233,0.5030337120599991,0.0,0.13282411392156512,0.0019435337686402598,0.21425627360104538
motive_6,0.5071927804752113,0.7186644507758726,0.62592675322883,0.45312650581586994,0.13282411392156512,0.0,0.2031518311170952,0.4565347111577207
motive_7,0.05440554089680294,0.5621717617594644,0.49925755912161834,0.27338434420301905,0.0019435337686402598,0.2031518311170952,0.0,0.30034163463198493
motive_8,0.4730607779870649,0.7448892529199016,0.3512777904791294,0.24217618929754234,0.21425627360104538,0.4565347111577207,0.30034163463198493,0.0
