,motive_1,motive_2,motive_3,motive_4,motive_5,motive_6,motive_7,motive_8
motive_1,0.0,0.05438914926150354,0.06484636091367585,-0.07853529932634609,0.043018708895147625,0.061372885211183746,-0.039028425251764906,-0.01965363344250953
motive_2,0.05438914926150354,0.0,0.007739003143788101,-0.0841655065711832,-0.011851145686572528,0.02803296960687162,0.06728991433832826,-0.016381507307109047
motive_3,0.06484636091367585,0.007739003143788101,0.0,0.08868542633258111,-0.018764219078466947,0.04341038177227011,0.10325010118910255,0.032579641779322446
motive_4,-0.07853529932634609,-0.0841655065711832,0.08868542633258111,0.0,-0.004844063527791827,-0.07675379328269238,0.20051245007648616,0.004849939803245818
motive_5,0.043018708895147625,-0.011851145686572528,-0.018764219078466947,-0.004844063527791827,0.0,-0.10840928716577208,0.045693567034124895,0.013247671727300982
motive_6,0.061372885211183746,0.02803296960687162,0.04341038177227011,-0.07675379328269238,-0.10840928716577208,0.0,0.1353792650243712,-0.048082764327827106
motive_7,-0.039028425251764906,0.06728991433832826,0.10325010118910255,0.20051245007648616,0.045693567034124895,0.1353792650243712,0.0,-0.08039438426184795
motive_8,-0.01965363344250953,-0.016381507307109047,0.032579641779322446,0.004849939803245818,0.013247671727300982,-0.048082764327827106,-0.08039438426184795,0.0
