,motive_1,motive_2,motive_3,motive_4,motive_5,motive_6,motive_7,motive_8
motive_1,0.0,0.6405385905599461,0.7217616887971505,0.42039722120989237,0.49210923542528956,0.6342358824341977,0.5203080738905007,-0.030388117847957904
motive_2,0.6405385905599461,0.0,0.30723036015095895,0.4505769932154922,0.3478951104007621,0.8471590092527674,0.687958299180321,0.6664874003849758
motive_3,0.7217616887971505,0.30723036015095895,0.0,0.394752212825746,0.12759307157886304,0.4017114540636499,0.5905556212406572,0.17897320678153078
motive_4,0.42039722120989237,0.4505769932154922,0.394752212825746,0.0,0.47917761043330565,0.33737761570098046,0.2473465082828342,0.4583131436845662
motive_5,0.49210923542528956,0.3478951104007621,0.12759307157886304,0.47917761043330565,0.0,0.32158468433972204,0.11510307261487018,0.32311402458426397
motive_6,0.6342358824341977,0.8471590092527674,0.4017114540636499,0.33737761570098046,0.32158468433972204,0.0,0.7348751057602843,0.3203727516630198
motive_7,0.5203080738905007,0.687958299180321,0.5905556212406572,0.2473465082828342,0.11510307261487018,0.7348751057602843,0.0,0.3301540857104061
motive_8,-0.030388117847957904,0.6664874003849758,0.17897320678153078,0.4583131436845662,0.32311402458426397,0.3203727516630198,0.3301540857104061,0.0
