,motive_1,motive_2,motive_3,motive_4,motive_5,motive_6,motive_7,motive_8
motive_1,0.0,0.5125883127573689,0.2093831666166644,0.6762146546099548,0.6004317734785611,0.6585886678785677,0.5021840878331966,0.38954901411996695
motive_2,0.5125883127573689,0.0,0.17489805601598618,0.6147915498946626,0.5991320670326817,0.9647019812741049,0.17318793378887415,0.41394892404611394
motive_3,0.2093831666166644,0.17489805601598618,0.0,0.4948219322632677,0.3371060651555401,0.2953998659935807,0.6460107152457314,0.4841224234860595
motive_4,0.6762146546099548,0.6147915498946626,0.4948219322632677,0.0,0.7510704823330678,0.2797476748435685,-0.13787197513300195,0.5286966438483913
motive_5,0.6004317734785611,0.5991320670326817,0.3371060651555401,0.7510704823330678,0.0,0.5991815526823971,0.8438359652216749,0.2103916713087459
motive_6,0.6585886678785677,0.9647019812741049,0.2953998659935807,0.2797476748435685,0.5991815526823971,0.0,0.34847820402494717,0.11731012409168956
motive_7,0.5021840878331966,0.17318793378887415,0.6460107152457314,-0.13787197513300195,0.8438359652216749,0.34847820402494717,0.0,0.4159512938687778
motive_8,0.38954901411996695,0.41394892404611394,0.4841224234860595,0.5286966438483913,0.2103916713087459,0.11731012409168956,0.4159512938687778,0.0
