,motive_1,motive_2,motive_3,motive_4,motive_5,motive_6,motive_7,motive_8
motive_1,0.0,0.2585023460931497,0.1259770658082764,0.2637226229928386,-0.09357477912584376,0.3449255781474878,0.33830163934515917,0.27318992133228415
motive_2,0.2585023460931497,0.0,0.6786809830296665,0.18270008266911078,0.3082298247155404,0.10287696973570319,0.10689757621456564,0.43394203964352673
motive_3,0.1259770658082764,0.6786809830296665,0.0,-0.05692574198961095,-0.19826337734966998,0.1800810497384911,0.11888868961570101,-0.08633576280397104
motive_4,0.2637226229928386,0.18270008266911078,-0.05692574198961095,0.0,0.44444995112079116,-0.3365254292052795,0.29599686180673007,0.16607511386556317
motive_5,-0.09357477912584376,0.3082298247155404,-0.19826337734966998,0.44444995112079116,0.0,0.29633865235307555,0.2948875687637249,0.05110075049672538
motive_6,0.3449255781474878,0.10287696973570319,0.1800810497384911,-0.3365254292052795,0.29633865235307555,0.0,0.03772007584246041,-0.09037495324588068
motive_7,0.33830163934515917,0.10689757621456564,0.11888868961570101,0.29599686180673007,0.2948875687637249,0.03772007584246041,0.0,0.19864686509304064
motive_8,0.27318992133228415,0.43394203964352673,-0.08633576280397104,0.16607511386556317,0.05110075049672538,-0.09037495324588068,0.19864686509304064,0.0
