,motive_1,motive_2,motive_3,motive_4,motive_5,motive_6,motive_7,motive_8
satisfaction,0.12032094491229527,-0.04241945299649866,0.5361278201189112,0.13409846447846263,0.23139912722123046,0.2027877735718582,0.22443894232692171,0.21800721520435995
