,motive_1,motive_2,motive_3,motive_4,motive_5,motive_6,motive_7,motive_8
motive_1,0.0,0.07580808090295987,-0.03359713740296703,0.06919292551724676,-0.18080802084546893,0.04244342039582989,-0.08824976699603271,0.0372406949894139
motive_2,0.07580808090295987,0.0,-0.00522814359406995,0.011578177086102866,-0.04134502799903124,0.0242114311712739,0.0835355797189476,0.030286124791319972
motive_3,-0.03359713740296703,-0.00522814359406995,0.0,-0.005075298758707353,-0.028956755011076956,0.0981014563808128,-0.0898136736995902,0.0008627878776855391
motive_4,0.06919292551724676,0.011578177086102866,-0.005075298758707353,0.0,-0.03188303117142345,0.06130534151484446,-0.16749367244576743,0.11478901300526646
motive_5,-0.18080802084546893,-0.04134502799903124,-0.028956755011076956,-0.03188303117142345,0.0,0.024313870426572518,0.0699697879069967,-0.045166303743715025
motive_6,0.04244342039582989,0.0242114311712739,0.0981014563808128,0.06130534151484446,0.024313870426572518,0.0,-0.055657697954016885,0.022835414665179053
motive_7,-0.08824976699603271,0.0835355797189476,-0.0898136736995902,-0.16749367244576743,0.0699697879069967,-0.055657697954016885,0.0,0.11077442079360696
motive_8,0.0372406949894139,0.030286124791319972,0.0008627878776855391,0.11478901300526646,-0.045166303743715025,0.022835414665179053,0.11077442079360696,0.0
