,motive_1,motive_2,motive_3,motive_4,motive_5,motive_6,motive_7,motive_8
motive_1,0.0,0.17263641624056386,0.1269503392656741,0.1186224173556199,-0.05601190399015435,0.02001702728737259,0.13027583302670112,-0.028075068278192693
motive_2,0.17263641624056386,0.0,-0.008859126491437115,0.17657921925381612,0.14978313067928506,0.19434663150300946,0.13890971525614976,0.06163743925722366
motive_3,0.1269503392656741,-0.008859126491437115,0.0,0.11534935451241883,0.019906042805461682,0.14158912071393726,0.08802699879021528,0.1118507876302007
motive_4,0.1186224173556199,0.17657921925381612,0.11534935451241883,0.0,0.07956459155619623,0.10086965748329749,-0.037055645553516495,0.0828312751501438
motive_5,-0.05601190399015435,0.14978313067928506,0.019906042805461682,0.07956459155619623,0.0,0.09470071972032378,0.034504954684924635,0.019396744882614697
motive_6,0.02001702728737259,0.19434663150300946,0.14158912071393726,0.10086965748329749,0.09470071972032378,0.0,0.04213922164284524,0.22022532886359752
motive_7,0.13027583302670112,0.13890971525614976,0.08802699879021528,-0.037055645553516495,0.034504954684924635,0.04213922164284524,0.0,0.17146103941071716
motive_8,-0.028075068278192693,0.06163743925722366,0.1118507876302007,0.0828312751501438,0.019396744882614697,0.22022532886359752,0.17146103941071716,0.0
