,motive_1,motive_2,motive_3,motive_4,motive_5,motive_6,motive_7,motive_8
motive_1,0.0,0.1908969205222541,0.35104596715252934,0.3634441215851129,0.1027969492371581,0.6204548348302927,0.28902230610080204,-0.14862269468833833
motive_2,0.1908969205222541,0.0,0.1425633624387671,0.019754506508413525,-0.10417274431163297,0.05186239926316524,0.10398900007807557,0.0016633430081070683
motive_3,0.35104596715252934,0.1425633624387671,0.0,0.37066882314702065,0.41541367356416453,-0.0006886070772988695,0.3258771479188055,0.15588656521553979
motive_4,0.3634441215851129,0.019754506508413525,0.37066882314702065,0.0,0.0044941451385020065,0.3902527158530282,0.29160966456183934,0.39225758806345445
motive_5,0.1027969492371581,-0.10417274431163297,0.41541367356416453,0.0044941451385020065,0.0,-0.05785914839383907,0.2647546152597778,0.7386624031716915
motive_6,0.6204548348302927,0.05186239926316524,-0.0006886070772988695,0.3902527158530282,-0.05785914839383907,0.0,-0.07036504028105989,0.28258383311436486
motive_7,0.28902230610080204,0.10398900007807557,0.3258771479188055,0.29160966456183934,0.2647546152597778,-0.07036504028105989,0.0,0.2615908683473864
motive_8,-0.14862269468833833,0.0016633430081070683,0.15588656521553979,0.39225758806345445,0.7386624031716915,0.28258383311436486,0.2615908683473864,0.0
