,motive_1,motive_2,motive_3,motive_4,motive_5,motive_6,motive_7,motive_8
motive_1,0.0,0.5775003906857925,0.315927345356081,0.10250520251589583,0.4018958267891081,0.3760720855436525,0.4428682158524406,0.1738029218926319
motive_2,0.5775003906857925,0.0,0.6862300164383226,0.2671239556837761,0.1854433316266994,0.4298990479380831,0.20367996587424936,0.30181846218735
motive_3,0.315927345356081,0.6862300164383226,0.0,0.09662694265130242,0.04902112556084412,0.3020709108272829,0.3476440445453331,0.3438579755745804
motive_4,0.10250520251589583,0.2671239556837761,0.09662694265130242,0.0,0.49805855577048586,0.6167452696324036,0.4371974479078643,0.22948062589701956
motive_5,0.4018958267891081,0.1854433316266994,0.04902112556084412,0.49805855577048586,0.0,0.2741988653011023,0.2476681108003126,0.16925086109956272
motive_6,0.3760720855436525,0.4298990479380831,0.3020709108272829,0.6167452696324036,0.2741988653011023,0.0,0.5373616028710104,0.4757353737971896
motive_7,0.4428682158524406,0.20367996587424936,0.3476440445453331,0.4371974479078643,0.2476681108003126,0.5373616028710104,0.0,0.824616128831626
motive_8,0.1738029218926319,0.30181846218735,0.3438579755745804,0.22948062589701956,0.16925086109956272,0.4757353737971896,0.824616128831626,0.0
