,motive_1,motive_2,motive_3,motive_4,motive_5,motive_6,motive_7,motive_8
satisfaction,0.5410388204378966,0.5188573573250951,0.19761238719265853,0.005727531679897396,0.31202182448865046,0.721254767401653,0.16069626442544638,-0.09575189277049373
