,motive_1,motive_2,motive_3,motive_4,motive_5,motive_6,motive_7,motive_8
satisfaction,-0.02227672340158443,0.10641809657908875,-0.002396397507513276,0.5370277107171865,0.16665273848380818,0.5085427322272169,0.22063910191668476,-0.522990322860009
