,motive_1,motive_2,motive_3,motive_4,motive_5,motive_6,motive_7,motive_8
motive_1,0.0,0.030529224727113814,-0.010145410472353372,-0.008110995194818742,0.05018581300335269,-0.0012133552775287146,-0.15803914586607376,-0.11359959363169181
motive_2,0.030529224727113814,0.0,0.0881910561263427,-0.09109678994005377,0.03621570521960209,-0.11998487734033308,0.06316367632043224,-0.05890873913213464
motive_3,-0.010145410472353372,0.0881910561263427,0.0,0.06349720773267323,0.0684556211466498,-0.22490895125773816,-0.039969161594598006,-0.01673057372206331
motive_4,-0.008110995194818742,-0.09109678994005377,0.06349720773267323,0.0,0.14302394690451775,-0.03307857940407982,-0.04964031732127249,-0.0365247404572036
motive_5,0.05018581300335269,0.03621570521960209,0.0684556211466498,0.14302394690451775,0.0,-0.02951327140140316,0.07896512420558588,-0.0851953329457956
motive_6,-0.0012133552775287146,-0.11998487734033308,-0.22490895125773816,-0.03307857940407982,-0.02951327140140316,0.0,0.09162956167060256,0.05260550043655651
motive_7,-0.15803914586607376,0.06316367632043224,-0.039969161594598006,-0.04964031732127249,0.07896512420558588,0.09162956167060256,0.0,0.05218092885197416
motive_8,-0.11359959363169181,-0.05890873913213464,-0.01673057372206331,-0.0365247404572036,-0.0851953329457956,0.05260550043655651,0.05218092885197416,0.0
