,motive_1,motive_2,motive_3,motive_4,motive_5,motive_6,motive_7,motive_8
motive_1,0.0,0.05103438964700031,0.026651099005634477,-0.004874017500352779,-0.10260104886166281,-0.06523918597146909,0.047332141793093196,0.06941643570108783
motive_2,0.05103438964700031,0.0,0.10693986022247942,-0.0823735926327802,0.11379309514763689,-0.09608265564284287,-0.01623478325348595,-0.1422131130309275
motive_3,0.026651099005634477,0.10693986022247942,0.0,-0.03542866256934434,0.07990162098027329,-0.015160134157081525,-0.010974697545623706,0.08634605644049373
motive_4,-0.004874017500352779,-0.0823735926327802,-0.03542866256934434,0.0,0.022024321949690968,-0.11483638914774043,-0.04958305389896481,0.11770811896349462
motive_5,-0.10260104886166281,0.11379309514763689,0.07990162098027329,0.022024321949690968,0.0,0.08609501283736185,-0.08878711274875299,-0.10124391109602711
motive_6,-0.06523918597146909,-0.09608265564284287,-0.015160134157081525,-0.11483638914774043,0.08609501283736185,0.0,0.154333621392613,0.04724379646122681
motive_7,0.047332141793093196,-0.01623478325348595,-0.010974697545623706,-0.04958305389896481,-0.08878711274875299,0.154333621392613,0.0,0.02181341098864987
motive_8,0.06941643570108783,-0.1422131130309275,0.08634605644049373,0.11770811896349462,-0.10124391109602711,0.04724379646122681,0.02181341098864987,0.0
