,motive_1,motive_2,motive_3,motive_4,motive_5,motive_6,motive_7,motive_8
motive_1,0.0,-0.040587983527891905,0.3206817343739919,0.33371161163843277,0.11095621219553234,0.2580424798424499,0.33039100645627756,0.1251312354892195
motive_2,-0.040587983527891905,0.0,0.24849776110731692,0.3518207107036625,0.3098315635123322,0.1498801267354572,0.20644983473898096,0.1496099154569318
motive_3,0.3206817343739919,0.24849776110731692,0.0,0.2674850926632542,0.004561723453750416,-0.09440082240127395,0.3367461197699806,0.21562600909957597
motive_4,0.33371161163843277,0.3518207107036625,0.2674850926632542,0.0,-0.3215635055891294,0.19597478993590112,0.04866076720732168,-0.09771465842922833
motive_5,0.11095621219553234,0.3098315635123322,0.004561723453750416,-0.3215635055891294,0.0,0.39752267739046676,0.09254501415019198,0.14673229871322557
motive_6,0.2580424798424499,0.1498801267354572,-0.09440082240127395,0.19597478993590112,0.39752267739046676,0.0,0.36919051217474397,0.414709151786933
motive_7,0.33039100645627756,0.20644983473898096,0.3367461197699806,0.04866076720732168,0.09254501415019198,0.36919051217474397,0.0,0.14789075311602648
motive_8,0.1251312354892195,0.1496099154569318,0.21562600909957597,-0.09771465842922833,0.14673229871322557,0.414709151786933,0.14789075311602648,0.0
