,motive_1,motive_2,motive_3,motive_4,motive_5,motive_6,motive_7,motive_8
motive_1,0.0,0.047450486765350054,0.0473268732621548,0.21628154650550827,0.08025604618186412,0.08042624255030756,0.07938124762840693,0.09923328450971874
motive_2,0.047450486765350054,0.0,0.07611431736337615,0.16472058771027492,0.0359332194976948,0.00468027434594652,0.118910272010315,0.10066576288594957
motive_3,0.0473268732621548,0.07611431736337615,0.0,0.2385713270905202,0.18091880978328406,0.20041749868067363,0.13466269151495205,0.1853771307663667
motive_4,0.21628154650550827,0.16472058771027492,0.2385713270905202,0.0,0.07704349544797749,0.1811202502247483,0.1390153605193682,-0.011862496676973741
motive_5,0.08025604618186412,0.0359332194976948,0.18091880978328406,0.07704349544797749,0.0,0.21045768689724542,0.14438017598457303,0.14007057074278417
motive_6,0.08042624255030756,0.00468027434594652,0.20041749868067363,0.1811202502247483,0.21045768689724542,0.0,0.02850313731813492,0.10475542141925864
motive_7,0.07938124762840693,0.118910272010315,0.13466269151495205,0.1390153605193682,0.14438017598457303,0.02850313731813492,0.0,0.2142586434877568
motive_8,0.09923328450971874,0.10066576288594957,0.1853771307663667,-0.011862496676973741,0.14007057074278417,0.10475542141925864,0.2142586434877568,0.0
