,motive_1,motive_2,motive_3,motive_4,motive_5,motive_6,motive_7,motive_8
motive_1,0.0,0.16453434059005018,0.2607192090109295,0.5111388736313169,0.03280720140916858,0.06226894267405214,0.179190628188726,0.41102316329114974
motive_2,0.16453434059005018,0.0,0.31881604179428813,0.2087501386198179,0.526510340361571,0.36019569349707503,-0.13276144567061787,0.15114642403834727
motive_3,0.2607192090109295,0.31881604179428813,0.0,-0.1824257146867216,0.42132645945583147,0.13517726737342634,-0.08428609055515542,0.5239789803421221
motive_4,0.5111388736313169,0.2087501386198179,-0.1824257146867216,0.0,0.6712726937927329,0.05380145034324529,0.007145002664043942,0.0068978342783432844
motive_5,0.03280720140916858,0.526510340361571,0.42132645945583147,0.6712726937927329,0.0,0.36434519503158946,0.11662945103054403,0.7468634214751081
motive_6,0.06226894267405214,0.36019569349707503,0.13517726737342634,0.05380145034324529,0.36434519503158946,0.0,0.0678254760563563,0.2997085272592418
motive_7,0.179190628188726,-0.13276144567061787,-0.08428609055515542,0.007145002664043942,0.11662945103054403,0.0678254760563563,0.0,0.2027994637570329
motive_8,0.41102316329114974,0.15114642403834727,0.5239789803421221,0.0068978342783432844,0.7468634214751081,0.2997085272592418,0.2027994637570329,0.0
