,motive_1,motive_2,motive_3,motive_4,motive_5,motive_6,motive_7,motive_8
motive_1,0.0,0.5546359991849398,0.5740162336835368,0.40716958918142665,-0.1562219031154655,0.3138687104333369,0.39979809302174424,0.29665367212534477
motive_2,0.5546359991849398,0.0,0.22231955655870866,-0.3031066384819654,-0.04143573235124162,0.42702653224211623,-0.015188823321309039,0.292479074681938
motive_3,0.5740162336835368,0.22231955655870866,0.0,0.09169933481971773,0.019623290482744027,0.23510994774057453,0.36101435280754124,0.12976277089338276
motive_4,0.40716958918142665,-0.3031066384819654,0.09169933481971773,0.0,0.2773161390314849,0.1787702069492693,0.4284537748055377,0.05251455954105938
motive_5,-0.1562219031154655,-0.04143573235124162,0.019623290482744027,0.2773161390314849,0.0,0.4746014571014615,0.194433594031199,0.21165695003503443
motive_6,0.3138687104333369,0.42702653224211623,0.23510994774057453,0.1787702069492693,0.4746014571014615,0.0,-0.2179518410897664,0.2784998599331425
motive_7,0.39979809302174424,-0.015188823321309039,0.36101435280754124,0.4284537748055377,0.194433594031199,-0.2179518410897664,0.0,0.6490855384282851
motive_8,0.29665367212534477,0.292479074681938,0.12976277089338276,0.05251455954105938,0.21165695003503443,0.2784998599331425,0.6490855384282851,0.0
