,motive_1,motive_2,motive_3,motive_4,motive_5,motive_6,motive_7,motive_8
motive_1,0.0,-0.5454966450497001,0.5402864081509007,-0.0950699489370976,-0.261140823324039,-0.20715376730762883,0.6324886528349462,0.0007507247231366976
motive_2,-0.5454966450497001,0.0,-0.05366251398530303,-0.3380805997457981,0.3243588326834025,0.6104401936045392,0.4379553164852593,0.852367194906573
motive_3,0.5402864081509007,-0.05366251398530303,0.0,0.3074586301162768,0.7677976510518203,0.42780750361093517,0.00212247914588809,-0.14355077559503077
motive_4,-0.0950699489370976,-0.3380805997457981,0.3074586301162768,0.0,0.4014139543215383,0.29546340920505354,0.9204431152763854,-0.18826901085108855
motive_5,-0.261140823324039,0.3243588326834025,0.7677976510518203,0.4014139543215383,0.0,-0.5707619330947652,0.2942649329144427,0.30705077865301067
motive_6,-0.20715376730762883,0.6104401936045392,0.42780750361093517,0.29546340920505354,-0.5707619330947652,0.0,0.722616719315316,0.26748672701054166
motive_7,0.6324886528349462,0.4379553164852593,0.00212247914588809,0.9204431152763854,0.2942649329144427,0.722616719315316,0.0,-0.3690033238724432
motive_8,0.0007507247231366976,0.852367194906573,-0.14355077559503077,-0.18826901085108855,0.30705077865301067,0.26748672701054166,-0.3690033238724432,0.0
