,motive_1,motive_2,motive_3,motive_4,motive_5,motive_6,motive_7,motive_8
satisfaction,0.1149850935739821,0.012765925457352695,0.2684806897034665,-0.035392209301155775,0.49594465808444477,0.0768661618996606,-0.056665779051087134,0.07299791832256838
