,motive_1,motive_2,motive_3,motive_4,motive_5,motive_6,motive_7,motive_8
motive_1,0.0,0.18411005789149287,0.10386446263311683,0.05797423726229241,0.11129059677302615,0.11014473970904537,0.048497464715522166,0.0911156598545262
motive_2,0.18411005789149287,0.0,0.058321255872148745,0.02252601147419145,0.1497278484424975,0.1624995003744861,0.0437125316286463,0.08329736694299263
motive_3,0.10386446263311683,0.058321255872148745,0.0,0.2142445402074489,0.09077630304757173,0.11152563360515802,0.0551465797422455,0.025340980743177866
motive_4,0.05797423726229241,0.02252601147419145,0.2142445402074489,0.0,0.12305851387086922,0.2489321693486256,0.15502793777572266,0.13625673800566881
motive_5,0.11129059677302615,0.1497278484424975,0.09077630304757173,0.12305851387086922,0.0,0.09840168992909618,0.11363754331623782,0.10528561436814166
motive_6,0.11014473970904537,0.1624995003744861,0.11152563360515802,0.2489321693486256,0.09840168992909618,0.0,0.222810659451398,0.014376399409147742
motive_7,0.048497464715522166,0.0437125316286463,0.0551465797422455,0.15502793777572266,0.11363754331623782,0.222810659451398,0.0,0.10145498047573104
motive_8,0.0911156598545262,0.08329736694299263,0.025340980743177866,0.13625673800566881,0.10528561436814166,0.014376399409147742,0.10145498047573104,0.0
