,motive_1,motive_2,motive_3,motive_4,motive_5,motive_6,motive_7,motive_8
motive_1,0.0,0.6828107501777768,0.3687235686668804,-0.12315646581557925,-0.1470679813462951,-0.11676748306362972,-0.5504871192574143,-0.34918187883815666
motive_2,0.6828107501777768,0.0,0.9169349818702004,-0.14787901403262632,-0.13024487643101365,-0.040236561799191856,0.05369748166685208,0.3717439248094361
motive_3,0.3687235686668804,0.9169349818702004,0.0,0.6603565361227112,0.06773581820760056,-0.06606225221061954,-0.06074566963964363,-0.09698369434477468
motive_4,-0.12315646581557925,-0.14787901403262632,0.6603565361227112,0.0,0.5680870436792125,0.18569592670405055,-0.0375141187858962,0.846231106895053
motive_5,-0.1470679813462951,-0.13024487643101365,0.06773581820760056,0.5680870436792125,0.0,0.6626864863515667,0.08905911942614958,0.40724251646709675
motive_6,-0.11676748306362972,-0.040236561799191856,-0.06606225221061954,0.18569592670405055,0.6626864863515667,0.0,0.6161628030384643,0.2753657972777141
motive_7,-0.5504871192574143,0.05369748166685208,-0.06074566963964363,-0.0375141187858962,0.08905911942614958,0.6161628030384643,0.0,-0.1948841896119317
motive_8,-0.34918187883815666,0.3717439248094361,-0.09698369434477468,0.846231106895053,0.40724251646709675,0.2753657972777141,-0.1948841896119317,0.0
