,motive_1,motive_2,motive_3,motive_4,motive_5,motive_6,motive_7,motive_8
motive_1,0.0,0.3889662161656509,0.5569447721965726,0.4956680937866833,0.21920287695232918,0.2744620035551988,0.21120013098525056,0.27321690731034776
motive_2,0.3889662161656509,0.0,0.07798158781162372,0.3875147105750766,0.2281532770135456,0.5626079146138905,0.450581764019096,0.3999924659498465
motive_3,0.5569447721965726,0.07798158781162372,0.0,0.5408931248247029,0.5945106578133275,0.6621618286984969,0.48513515397628426,0.8127717966463758
motive_4,0.4956680937866833,0.3875147105750766,0.5408931248247029,0.0,0.4222103848105536,0.17706351697919345,0.21564337834780073,0.33563749628553685
motive_5,0.21920287695232918,0.2281532770135456,0.5945106578133275,0.4222103848105536,0.0,0.5428291484943104,0.1004798006180129,0.03808660252451038
motive_6,0.2744620035551988,0.5626079146138905,0.6621618286984969,0.17706351697919345,0.5428291484943104,0.0,0.4616673492696396,0.16404448664015236
motive_7,0.21120013098525056,0.450581764019096,0.48513515397628426,0.21564337834780073,0.1004798006180129,0.4616673492696396,0.0,0.09506848918923372
motive_8,0.27321690731034776,0.3999924659498465,0.8127717966463758,0.33563749628553685,0.03808660252451038,0.16404448664015236,0.09506848918923372,0.0
