,motive_1,motive_2,motive_3,motive_4,motive_5,motive_6,motive_7,motive_8
satisfaction,0.42514519031209225,-0.1498723097352117,-0.006225925881681166,0.2719639671772772,0.32971316476010715,0.06237099794392517,0.12059920871839842,-0.0707423952981357
