,motive_1,motive_2,motive_3,motive_4,motive_5,motive_6,motive_7,motive_8
motive_1,0.0,-0.08506644620070564,0.025969028726966693,0.02501896592731652,-0.06190327021819696,-0.05272045917624783,-0.09599677005535258,-0.13289137973655124
motive_2,-0.08506644620070564,0.0,-0.010783661437900601,-0.07249835788154303,-0.05303231359131264,-0.028512275874278917,0.026075220287296495,0.01696705484372398
motive_3,0.025969028726966693,-0.010783661437900601,0.0,-0.07968094591560032,-0.1529601325099439,0.02718661219335708,0.031467578920670036,-0.1068284129777525
motive_4,0.02501896592731652,-0.07249835788154303,-0.07968094591560032,0.0,-0.02060718134870628,0.12308689872284498,0.2046091908119912,-0.11326877887368693
motive_5,-0.06190327021819696,-0.05303231359131264,-0.1529601325099439,-0.02060718134870628,0.0,0.03627010213237532,-0.01790981189964147,-0.0656714833533629
motive_6,-0.05272045917624783,-0.028512275874278917,0.02718661219335708,0.12308689872284498,0.03627010213237532,0.0,-0.025617158232599416,0.15260237124940113
motive_7,-0.09599677005535258,0.026075220287296495,0.031467578920670036,0.2046091908119912,-0.01790981189964147,-0.025617158232599416,0.0,-0.029355598520906422
motive_8,-0.13289137973655124,0.01696705484372398,-0.1068284129777525,-0.11326877887368693,-0.0656714833533629,0.15260237124940113,-0.029355598520906422,0.0
