,motive_1,motive_2,motive_3,motive_4,motive_5,motive_6,motive_7,motive_8
motive_1,0.0,-0.021110852406748953,0.014599723414130197,-0.03509486544168433,0.03909649602220848,0.038721381187461525,-0.02351185730185907,0.023586174792742623
motive_2,-0.021110852406748953,0.0,-0.07660333072594815,-0.003544597131774588,0.040034439697124787,0.04954826794604067,-0.003271439008756316,0.036332158835544276
motive_3,0.014599723414130197,-0.07660333072594815,0.0,-0.11384375158303348,0.013877629911906341,-0.05291408034957171,0.07203139252993707,-0.03276313036951842
motive_4,-0.03509486544168433,-0.003544597131774588,-0.11384375158303348,0.0,-0.04616532023595944,0.04381393745153444,-0.002108746943160593,0.15906285676134152
motive_5,0.03909649602220848,0.040034439697124787,0.013877629911906341,-0.04616532023595944,0.0,-0.0515220785904822,-0.1098579570947423,0.041891827538735646
motive_6,0.038721381187461525,0.04954826794604067,-0.05291408034957171,0.04381393745153444,-0.0515220785904822,0.0,-0.04871231524165894,-0.018783904504576683
motive_7,-0.02351185730185907,-0.003271439008756316,0.07203139252993707,-0.002108746943160593,-0.1098579570947423,-0.04871231524165894,0.0,0.10749350239329379
motive_8,0.023586174792742623,0.036332158835544276,-0.03276313036951842,0.15906285676134152,0.041891827538735646,-0.018783904504576683,0.10749350239329379,0.0
