,motive_1,motive_2,motive_3,motive_4,motive_5,motive_6,motive_7,motive_8
motive_1,0.0,0.5637266240869555,0.34119457489753613,0.24546979528832139,0.4609641008233919,0.4944130102290356,0.19075234239644398,0.234351695835553
motive_2,0.5637266240869555,0.0,0.0554674093286891,0.45328030156117927,0.2002812551022904,0.4648213063002774,0.08050691542785204,0.07537250957458842
motive_3,0.34119457489753613,0.0554674093286891,0.0,1.000747578622811,0.30350548498375535,0.3146613527586154,0.6445771761157884,0.28989652901924434
motive_4,0.24546979528832139,0.45328030156117927,1.000747578622811,0.0,0.5511489908800354,0.20060593416450925,0.09949679811025092,0.3231137230616705
motive_5,0.4609641008233919,0.2002812551022904,0.30350548498375535,0.5511489908800354,0.0,0.42622220614823025,0.7051285578418325,0.6454381186557914
motive_6,0.4944130102290356,0.4648213063002774,0.3146613527586154,0.20060593416450925,0.42622220614823025,0.0,0.17791237812649544,1.073546596049043
motive_7,0.19075234239644398,0.08050691542785204,0.6445771761157884,0.09949679811025092,0.7051285578418325,0.17791237812649544,0.0,0.17227059847238796
motive_8,0.234351695835553,0.07537250957458842,0.28989652901924434,0.3231137230616705,0.6454381186557914,1.073546596049043,0.17227059847238796,0.0
