,motive_1,motive_2,motive_3,motive_4,motive_5,motive_6,motive_7,motive_8
satisfaction,0.007712980662242949,0.3112476216993097,0.48210313001304683,-0.08202371060696723,0.5513694817909093,0.17638585305854879,0.26746079998107153,0.005656613667366861
