,motive_1,motive_2,motive_3,motive_4,motive_5,motive_6,motive_7,motive_8
motive_1,0.0,0.4482128962814823,0.7151705640637627,0.2702728030601046,0.7219388065475616,0.7138485171164157,0.025807618729451115,0.4807080174187034
motive_2,0.4482128962814823,0.0,0.7211873275134795,0.5001901301817124,0.46093319311279246,0.22213697382051487,0.4766062483662503,0.050629923700869495
motive_3,0.7151705640637627,0.7211873275134795,0.0,0.5261910202956408,0.47399061180561103,0.25199561350332295,0.3670977295749044,0.358339927570421
motive_4,0.2702728030601046,0.5001901301817124,0.5261910202956408,0.0,0.6617084323246869,0.02142647889694277,0.039730195179141836,0.6823424148179156
motive_5,0.7219388065475616,0.46093319311279246,0.47399061180561103,0.6617084323246869,0.0,0.282049055619245,0.47139315362959905,0.24822584295284167
motive_6,0.7138485171164157,0.22213697382051487,0.25199561350332295,0.02142647889694277,0.282049055619245,0.0,0.39412568050632707,0.0746659686352627
motive_7,0.025807618729451115,0.4766062483662503,0.3670977295749044,0.039730195179141836,0.47139315362959905,0.39412568050632707,0.0,0.2788954353891066
motive_8,0.4807080174187034,0.050629923700869495,0.358339927570421,0.6823424148179156,0.24822584295284167,0.0746659686352627,0.2788954353891066,0.0
