,motive_1,motive_2,motive_3,motive_4,motive_5,motive_6,motive_7,motive_8
motive_1,0.0,0.5332622218523096,0.22004310175929484,0.07689940276357524,0.19012667151091117,0.21915186471010697,0.6398659873872898,0.050562465505957055
motive_2,0.5332622218523096,0.0,0.5860360287023024,0.5305428276615183,0.3419420540849987,0.8447361420882711,0.05413696006730928,0.29332477533215273
motive_3,0.22004310175929484,0.5860360287023024,0.0,0.6867578909694912,0.06872518476590081,0.47592437524405773,0.23554016649382947,0.40904751124630906
motive_4,0.07689940276357524,0.5305428276615183,0.6867578909694912,0.0,0.32293993953088834,0.28114652859466316,0.5308899921502588,0.8001132411829107
motive_5,0.19012667151091117,0.3419420540849987,0.06872518476590081,0.32293993953088834,0.0,0.7600377605630305,0.7631988889817644,0.227400085278454
motive_6,0.21915186471010697,0.8447361420882711,0.47592437524405773,0.28114652859466316,0.7600377605630305,0.0,0.14375690242048858,-0.04129417537664598
motive_7,0.6398659873872898,0.05413696006730928,0.23554016649382947,0.5308899921502588,0.7631988889817644,0.14375690242048858,0.0,0.3580203221450569
motive_8,0.050562465505957055,0.29332477533215273,0.40904751124630906,0.8001132411829107,0.227400085278454,-0.04129417537664598,0.3580203221450569,0.0
