,motive_1,motive_2,motive_3,motive_4,motive_5,motive_6,motive_7,motive_8
satisfaction,0.32396465370081073,-0.1555218786226076,0.3441784052442834,0.18836395261998,-0.12990520518011764,-0.059437200270267915,0.12391631681829192,0.12619858634228995
