,motive_1,motive_2,motive_3,motive_4,motive_5,motive_6,motive_7,motive_8
motive_1,0.0,-0.4035195101771077,0.8400133440550108,0.07314365526232436,1.079207189376485,0.27082316135386025,-0.02332260472491665,-0.34832533917304315
motive_2,-0.4035195101771077,0.0,-0.16983146687952222,-0.025176225905410077,-0.6168684902441411,-0.1841249611416031,0.5115339493758723,-0.23691494041857708
motive_3,0.8400133440550108,-0.16983146687952222,0.0,-0.06842914595164251,0.3160798109899499,-0.36815896460439357,0.5880694654049512,0.3294030385506734
motive_4,0.07314365526232436,-0.025176225905410077,-0.06842914595164251,0.0,0.10639674716425757,0.11455527647689334,-0.03269356920843086,-0.29739479546148767
motive_5,1.079207189376485,-0.6168684902441411,0.3160798109899499,0.10639674716425757,0.0,0.24268584938307686,-0.923018585377582,-0.11393120731020001
motive_6,0.27082316135386025,-0.1841249611416031,-0.36815896460439357,0.11455527647689334,0.24268584938307686,0.0,-0.21654095442576876,0.2806862072896025
motive_7,-0.02332260472491665,0.5115339493758723,0.5880694654049512,-0.03269356920843086,-0.923018585377582,-0.21654095442576876,0.0,0.3303756439228402
motive_8,-0.34832533917304315,-0.23691494041857708,0.3294030385506734,-0.29739479546148767,-0.11393120731020001,0.2806862072896025,0.3303756439228402,0.0
