,motive_1,motive_2,motive_3,motive_4,motive_5,motive_6,motive_7,motive_8
motive_1,0.0,0.4449841591838438,0.45844517809977614,0.3553761436263976,-0.023469564041261104,0.24146366668287383,0.5077130754014284,0.14407608459209564
motive_2,0.4449841591838438,0.0,0.3575267545009364,0.31951210795286766,0.5902208395295562,0.5505174815757953,0.19364435173288366,0.7571023127535359
motive_3,0.45844517809977614,0.3575267545009364,0.0,0.2146433940723366,0.35649102621562734,0.6463925286916867,0.2535638391288598,0.0883347747146041
motive_4,0.3553761436263976,0.31951210795286766,0.2146433940723366,0.0,0.013501270107630942,0.5068852843732125,0.6933009680486515,0.5957441262329436
motive_5,-0.023469564041261104,0.5902208395295562,0.35649102621562734,0.013501270107630942,0.0,0.47137329652890675,0.7295420023948472,0.26548664101714625
motive_6,0.24146366668287383,0.5505174815757953,0.6463925286916867,0.5068852843732125,0.47137329652890675,0.0,0.5865766039696525,0.6598830755236813
motive_7,0.5077130754014284,0.19364435173288366,0.2535638391288598,0.6933009680486515,0.7295420023948472,0.5865766039696525,0.0,0.6551783245343183
motive_8,0.14407608459209564,0.7571023127535359,0.0883347747146041,0.5957441262329436,0.26548664101714625,0.6598830755236813,0.6551783245343183,0.0
