,motive_1,motive_2,motive_3,motive_4,motive_5,motive_6,motive_7,motive_8
satisfaction,0.18950492279773665,-0.23260838418143256,0.04248445394225772,-0.0884557193265357,-0.1499462847483983,0.04102340446629835,0.09281457241427385,0.35321426673242573
