,motive_1,motive_2,motive_3,motive_4,motive_5,motive_6,motive_7,motive_8
satisfaction,0.25806789374655625,-0.08905418665729004,0.7444328244338712,-0.43933734906969607,0.7712560820860648,0.1834186230113695,-0.3010397308798702,-0.01696797146663659
