,motive_1,motive_2,motive_3,motive_4,motive_5,motive_6,motive_7,motive_8
motive_1,0.0,0.09361393643110197,0.18260654213500566,0.08386442757619036,0.1405145976042705,0.18848895473714986,0.017337684915364235,0.3196638779634353
motive_2,0.09361393643110197,0.0,0.10394643786170375,0.19607239576258467,0.23803974201954906,0.12563844572658356,0.1040584242011295,0.10954859188769125
motive_3,0.18260654213500566,0.10394643786170375,0.0,0.02076811041064873,0.08350200430795296,0.09215163958339982,0.11387978556081273,0.1766670978856738
motive_4,0.08386442757619036,0.19607239576258467,0.02076811041064873,0.0,0.10629501951612189,0.17759361773584204,0.14480535807398134,0.16097243569104872
motive_5,0.1405145976042705,0.23803974201954906,0.08350200430795296,0.10629501951612189,0.0,0.029788426968530818,0.21843947307685208,0.19159779950365063
motive_6,0.18848895473714986,0.12563844572658356,0.09215163958339982,0.17759361773584204,0.029788426968530818,0.0,0.04467906726267411,-0.002605165449345914
motive_7,0.017337684915364235,0.1040584242011295,0.11387978556081273,0.14480535807398134,0.21843947307685208,0.04467906726267411,0.0,0.11830326184688628
motive_8,0.3196638779634353,0.10954859188769125,0.1766670978856738,0.16097243569104872,0.19159779950365063,-0.002605165449345914,0.11830326184688628,0.0
