,motive_1,motive_2,motive_3,motive_4,motive_5,motive_6,motive_7,motive_8
motive_1,0.0,0.09196674760175505,-0.038744179249434435,0.09223059178943295,-0.01317985569677297,0.03579914637367461,-0.10595147472052799,-0.014587124789171301
motive_2,0.09196674760175505,0.0,0.045077223605773195,0.056364369435060735,-0.024176379021872474,-0.029648175942139466,-0.05978625116749151,-0.007802508079011729
motive_3,-0.038744179249434435,0.045077223605773195,0.0,-0.03155122817676666,-0.08725961520404879,0.0674691367757372,0.02222419446238355,0.07366343201437825
motive_4,0.09223059178943295,0.056364369435060735,-0.03155122817676666,0.0,0.07904288685834446,-0.09790923862734276,0.09219452649013218,-0.11771323100089431
motive_5,-0.01317985569677297,-0.024176379021872474,-0.08725961520404879,0.07904288685834446,0.0,0.08411855365184445,-0.04310049028245745,-0.0025474050684170246
motive_6,0.03579914637367461,-0.029648175942139466,0.0674691367757372,-0.09790923862734276,0.08411855365184445,0.0,0.02675809739637043,0.07104235200950457
motive_7,-0.10595147472052799,-0.05978625116749151,0.02222419446238355,0.09219452649013218,-0.04310049028245745,0.02675809739637043,0.0,0.005931242309891137
motive_8,-0.014587124789171301,-0.007802508079011729,0.07366343201437825,-0.11771323100089431,-0.0025474050684170246,0.07104235200950457,0.005931242309891137,0.0
