,motive_1,motive_2,motive_3,motive_4,motive_5,motive_6,motive_7,motive_8
motive_1,0.0,-0.26869715440275754,0.7394201770687188,0.05405702181766435,0.7454859366797897,-0.017434353302088867,-1.0952487702708276,0.7432853831300305
motive_2,-0.26869715440275754,0.0,-0.308829183937273,0.28581525109124534,0.6740173407097539,-0.12738634883465044,0.03507930612233249,0.11478699613652399
motive_3,0.7394201770687188,-0.308829183937273,0.0,0.9749648002320883,0.9045496351048656,0.30313144641009565,0.2570431239056549,-0.07174857621120068
motive_4,0.05405702181766435,0.28581525109124534,0.9749648002320883,0.0,-0.2843258436194482,-0.19642434853061905,0.6630038017942285,-0.05875425659103056
motive_5,0.7454859366797897,0.6740173407097539,0.9045496351048656,-0.2843258436194482,0.0,-0.30688408358568975,0.5033689979267759,0.5462641076933179
motive_6,-0.017434353302088867,-0.12738634883465044,0.30313144641009565,-0.19642434853061905,-0.30688408358568975,0.0,-0.1363595906840635,0.8029528488827138
motive_7,-1.0952487702708276,0.03507930612233249,0.2570431239056549,0.6630038017942285,0.5033689979267759,-0.1363595906840635,0.0,0.42834133461368784
motive_8,0.7432853831300305,0.11478699613652399,-0.07174857621120068,-0.05875425659103056,0.5462641076933179,0.8029528488827138,0.42834133461368784,0.0
