,motive_1,motive_2,motive_3,motive_4,motive_5,motive_6,motive_7,motive_8
motive_1,0.0,-0.07346253533337584,0.26937983772577556,0.5128966687924995,0.028446950670225013,0.2872703974386959,0.2600477223735227,-0.03867713190621667
motive_2,-0.07346253533337584,0.0,0.3418569133353106,0.12138393647572726,0.15183823093725557,-0.08071673498219811,0.2066787953929242,0.006784746995446969
motive_3,0.26937983772577556,0.3418569133353106,0.0,0.4463367006347253,0.3966592146688358,0.3200259692671794,0.1890630626988264,-0.011712065811635752
motive_4,0.5128966687924995,0.12138393647572726,0.4463367006347253,0.0,0.5124334986008101,0.0813140697257833,-0.010008062686994057,0.08354200740196566
motive_5,0.028446950670225013,0.15183823093725557,0.3966592146688358,0.5124334986008101,0.0,0.18229565891165778,0.029557220791864548,0.24190346309969588
motive_6,0.2872703974386959,-0.08071673498219811,0.3200259692671794,0.0813140697257833,0.18229565891165778,0.0,0.13989651205026868,0.12399797978026775
motive_7,0.2600477223735227,0.2066787953929242,0.1890630626988264,-0.010008062686994057,0.029557220791864548,0.13989651205026868,0.0,0.13700145674000797
motive_8,-0.03867713190621667,0.006784746995446969,-0.011712065811635752,0.08354200740196566,0.24190346309969588,0.12399797978026775,0.13700145674000797,0.0
