,motive_1,motive_2,motive_3,motive_4,motive_5,motive_6,motive_7,motive_8
motive_1,0.0,-0.09919086274994343,0.16776934777392216,0.2896201121138623,0.3225182367272047,0.4575650007169483,-0.0665096866646912,-0.014591380741306614
motive_2,-0.09919086274994343,0.0,0.2265689368399439,0.18551881668899745,0.5311803092355722,0.13365631605729753,0.032395365414829694,0.31745514147115916
motive_3,0.16776934777392216,0.2265689368399439,0.0,0.23334775964875204,0.5958597652818751,0.012634728088425085,0.21873882199646028,0.10489057720525591
motive_4,0.2896201121138623,0.18551881668899745,0.23334775964875204,0.0,0.008593737618843494,0.2942890103326106,-0.19564541974389302,-0.016079080998911255
motive_5,0.3225182367272047,0.5311803092355722,0.5958597652818751,0.008593737618843494,0.0,0.2278111156786445,0.5554778438782586,0.3435232156803382
motive_6,0.4575650007169483,0.13365631605729753,0.012634728088425085,0.2942890103326106,0.2278111156786445,0.0,0.3128715023001389,0.30531461455900355
motive_7,-0.0665096866646912,0.032395365414829694,0.21873882199646028,-0.19564541974389302,0.5554778438782586,0.3128715023001389,0.0,0.24227258587121636
motive_8,-0.014591380741306614,0.31745514147115916,0.10489057720525591,-0.016079080998911255,0.3435232156803382,0.30531461455900355,0.24227258587121636,0.0
