,motive_1,motive_2,motive_3,motive_4,motive_5,motive_6,motive_7,motive_8
motive_1,0.0,-0.05206327643643179,0.2063649985651037,0.2732825827136197,0.1631832148687356,-0.06692478516879581,0.2517423589756751,0.6901098454349226
motive_2,-0.05206327643643179,0.0,0.1638591291103739,-0.05901451588256981,0.2583483014960809,0.4498149959627003,0.28356726444062286,0.490584166117884
motive_3,0.2063649985651037,0.1638591291103739,0.0,-0.08512581116303178,0.4076316544335833,-0.13337461265994807,0.4413885507612134,0.09926027655126618
motive_4,0.2732825827136197,-0.05901451588256981,-0.08512581116303178,0.0,0.29354475359914345,-0.08662615410097502,0.4512065289119749,0.17898239615506148
motive_5,0.1631832148687356,0.2583483014960809,0.4076316544335833,0.29354475359914345,0.0,0.14656019973864895,0.3464007428144438,0.17451933078400336
motive_6,-0.06692478516879581,0.4498149959627003,-0.13337461265994807,-0.08662615410097502,0.14656019973864895,0.0,0.2019329025131253,0.1844505831044233
motive_7,0.2517423589756751,0.28356726444062286,0.4413885507612134,0.4512065289119749,0.3464007428144438,0.2019329025131253,0.0,0.346552019620758
motive_8,0.6901098454349226,0.490584166117884,0.09926027655126618,0.17898239615506148,0.17451933078400336,0.1844505831044233,0.346552019620758,0.0
