,motive_1,motive_2,motive_3,motive_4,motive_5,motive_6,motive_7,motive_8
motive_1,0.0,-0.4501620316091842,0.10439585724805057,0.3838610800245119,-0.7117243742113708,0.051684596394056204,0.39049212631461355,0.27478236806660583
motive_2,-0.4501620316091842,0.0,-0.06508064774122002,0.2666876927686459,0.2948398576546648,-0.25359449619417074,-0.018805908669230598,0.041105576616527306
motive_3,0.10439585724805057,-0.06508064774122002,0.0,-0.11041233797474975,-0.13029871650617394,-0.010888953389654565,0.3137104903109605,-0.7288457596863844
motive_4,0.3838610800245119,0.2666876927686459,-0.11041233797474975,0.0,0.3581503331753443,-0.3215678748863316,0.31990788716331553,0.17349795268319795
motive_5,-0.7117243742113708,0.2948398576546648,-0.13029871650617394,0.3581503331753443,0.0,0.06262490116542402,-0.8074067571011101,0.44964672984930143
motive_6,0.051684596394056204,-0.25359449619417074,-0.010888953389654565,-0.3215678748863316,0.06262490116542402,0.0,0.4983557542836035,-0.016975754750181093
motive_7,0.39049212631461355,-0.018805908669230598,0.3137104903109605,0.31990788716331553,-0.8074067571011101,0.4983557542836035,0.0,-0.19474501307317327
motive_8,0.27478236806660583,0.041105576616527306,-0.7288457596863844,0.17349795268319795,0.44964672984930143,-0.016975754750181093,-0.19474501307317327,0.0
