,motive_1,motive_2,motive_3,motive_4,motive_5,motive_6,motive_7,motive_8
motive_1,0.0,-0.12418860791099884,-0.11610981532559286,0.12427717259744175,0.4730385978561151,0.192614743900218,0.48049777663956966,0.04590077261756288
motive_2,-0.12418860791099884,0.0,0.19732913421724316,0.0982742067177946,0.3229805016116963,-0.027570978838260846,0.03751753827776173,0.4002678333820848
motive_3,-0.11610981532559286,0.19732913421724316,0.0,-0.22099702068670224,0.11225895564720018,0.23681568291542657,-0.2097838171830217,0.17072023557886573
motive_4,0.12427717259744175,0.0982742067177946,-0.22099702068670224,0.0,0.18423089649533259,0.17085259518348256,0.33379791400030917,-0.07428507795271463
motive_5,0.4730385978561151,0.3229805016116963,0.11225895564720018,0.18423089649533259,0.0,-0.130508370838272,0.38232546157255454,-0.10361402274226125
motive_6,0.192614743900218,-0.027570978838260846,0.23681568291542657,0.17085259518348256,-0.130508370838272,0.0,0.4562044223233098,0.028702314037271387
motive_7,0.48049777663956966,0.03751753827776173,-0.2097838171830217,0.33379791400030917,0.38232546157255454,0.4562044223233098,0.0,-0.038185879638451395
motive_8,0.04590077261756288,0.4002678333820848,0.17072023557886573,-0.07428507795271463,-0.10361402274226125,0.028702314037271387,-0.038185879638451395,0.0
