,motive_1,motive_2,motive_3,motive_4,motive_5,motive_6,motive_7,motive_8
motive_1,0.0,0.0744714205256598,0.47443129170989057,0.32111053357040664,0.09110127145188648,0.13889846607071987,0.18059564486140164,-0.10671072900292486
motive_2,0.0744714205256598,0.0,0.36402975595821574,0.259756422901011,0.2735283132348438,0.21701142603029028,-0.06285718859685437,0.4311109665271942
motive_3,0.47443129170989057,0.36402975595821574,0.0,0.031168423816806484,0.34601908254167413,-0.2059674828018288,0.21488983014108903,0.02067553228661828
motive_4,0.32111053357040664,0.259756422901011,0.031168423816806484,0.0,0.016210584544821022,0.5194760792230065,0.6554129953190184,-0.1127577253915707
motive_5,0.09110127145188648,0.2735283132348438,0.34601908254167413,0.016210584544821022,0.0,0.0772524039893418,0.07826988773855555,0.03914929376227365
motive_6,0.13889846607071987,0.21701142603029028,-0.2059674828018288,0.5194760792230065,0.0772524039893418,0.0,-0.005127133912667253,0.07518094749919138
motive_7,0.18059564486140164,-0.06285718859685437,0.21488983014108903,0.6554129953190184,0.07826988773855555,-0.005127133912667253,0.0,0.02166664992421022
motive_8,-0.10671072900292486,0.4311109665271942,0.02067553228661828,-0.1127577253915707,0.03914929376227365,0.07518094749919138,0.02166664992421022,0.0
