,motive_1,motive_2,motive_3,motive_4,motive_5,motive_6,motive_7,motive_8
motive_1,0.0,-0.03772519955640252,0.3254044945354294,-0.8576514353101934,0.11275783737080819,0.37161725690642444,0.03282152565888158,-0.41355578308475494
motive_2,-0.03772519955640252,0.0,-0.08829964213766134,0.01606194407085737,0.22580489630117728,0.6930554838171146,-1.0256106140734178,-0.02001216767852894
motive_3,0.3254044945354294,-0.08829964213766134,0.0,-0.9378454051846332,-0.5856849410922886,-0.33211777267291875,0.3654931987079644,-0.23135255468708693
motive_4,-0.8576514353101934,0.01606194407085737,-0.9378454051846332,0.0,-0.30997707524048285,-0.5396242636692525,0.4384868994686726,-0.39461093952962784
motive_5,0.11275783737080819,0.22580489630117728,-0.5856849410922886,-0.30997707524048285,0.0,-1.3005045222664282,1.1708950922452361,0.25756709331643995
motive_6,0.37161725690642444,0.6930554838171146,-0.33211777267291875,-0.5396242636692525,-1.3005045222664282,0.0,0.5702022256470324,-0.041562648572909255
motive_7,0.03282152565888158,-1.0256106140734178,0.3654931987079644,0.4384868994686726,1.1708950922452361,0.5702022256470324,0.0,0.5445406142738929
motive_8,-0.41355578308475494,-0.02001216767852894,-0.23135255468708693,-0.39461093952962784,0.25756709331643995,-0.041562648572909255,0.5445406142738929,0.0
