,motive_1,motive_2,motive_3,motive_4,motive_5,motive_6,motive_7,motive_8
motive_1,0.0,0.2810511624318071,0.288823053831584,-0.09974615222446044,-0.07238864461207942,0.29940377293130443,0.38305118666389737,0.35304178105376516
motive_2,0.2810511624318071,0.0,0.42761518324123593,0.16367043995207253,0.3336901275642339,0.3496671762490632,-0.11686268624961882,-0.09195634505761034
motive_3,0.288823053831584,0.42761518324123593,0.0,0.06314282716973728,0.015087334728234869,0.3866581141436676,-0.0406198141915927,0.28965824056051853
motive_4,-0.09974615222446044,0.16367043995207253,0.06314282716973728,0.0,0.8115108389620354,0.4217782863826579,0.13140986332621005,0.18495201848396553
motive_5,-0.07238864461207942,0.3336901275642339,0.015087334728234869,0.8115108389620354,0.0,0.17163795775066176,0.31808824084828924,-0.09741448826858198
motive_6,0.29940377293130443,0.3496671762490632,0.3866581141436676,0.4217782863826579,0.17163795775066176,0.0,0.3670403334923605,0.0929008832616804
motive_7,0.38305118666389737,-0.11686268624961882,-0.0406198141915927,0.13140986332621005,0.31808824084828924,0.3670403334923605,0.0,0.459868435153165
motive_8,0.35304178105376516,-0.09195634505761034,0.28965824056051853,0.18495201848396553,-0.09741448826858198,0.0929008832616804,0.459868435153165,0.0
