,motive_1,motive_2,motive_3,motive_4,motive_5,motive_6,motive_7,motive_8
satisfaction,0.43385160544450896,0.2799077753438812,0.11273795446077377,0.18649957484770582,-0.27333990793930013,0.10651165206646732,0.30948306448021384,3.616816212406726e-05
