,motive_1,motive_2,motive_3,motive_4,motive_5,motive_6,motive_7,motive_8
motive_1,0.0,0.21700560740867297,0.33631230122791334,0.11837833074258772,0.16434360025900585,0.11312827200373035,0.197967697434286,-0.03605055947931794
motive_2,0.21700560740867297,0.0,0.3303221806966796,0.06321429495335175,0.42326485061762253,0.06300364367725753,0.36908753805202404,-0.1476866519876094
motive_3,0.33631230122791334,0.3303221806966796,0.0,0.1545734587083366,0.050409462689187945,0.5132006629348059,0.16307089678486247,0.5765370379248057
motive_4,0.11837833074258772,0.06321429495335175,0.1545734587083366,0.0,0.11183986592461964,-0.1666205090719931,0.11610836487634613,0.2575219845536561
motive_5,0.16434360025900585,0.42326485061762253,0.050409462689187945,0.11183986592461964,0.0,0.2988509432679954,0.25051533929689684,0.17928859980700185
motive_6,0.11312827200373035,0.06300364367725753,0.5132006629348059,-0.1666205090719931,0.2988509432679954,0.0,0.37133271204692103,0.20311409599309915
motive_7,0.197967697434286,0.36908753805202404,0.16307089678486247,0.11610836487634613,0.25051533929689684,0.37133271204692103,0.0,0.22969408864952467
motive_8,-0.03605055947931794,-0.1476866519876094,0.5765370379248057,0.2575219845536561,0.17928859980700185,0.20311409599309915,0.22969408864952467,0.0
