,motive_1,motive_2,motive_3,motive_4,motive_5,motive_6,motive_7,motive_8
motive_1,0.0,0.09362367332150817,0.11488964341654453,0.030748782536776688,0.12030865024538946,0.13058202219374723,0.09516447100921596,0.04185757409619261
motive_2,0.09362367332150817,0.0,0.10542422372725821,0.03059186777164633,0.12414867387824453,0.07414385961606684,0.08977581544666402,-0.07618787042090448
motive_3,0.11488964341654453,0.10542422372725821,0.0,0.11752559098110332,0.18745206259486583,0.025965455339755722,0.06141192379615442,0.10720357151230284
motive_4,0.030748782536776688,0.03059186777164633,0.11752559098110332,0.0,0.036763237584378806,0.08989090769575384,0.18408526306020556,0.05464682420938939
motive_5,0.12030865024538946,0.12414867387824453,0.18745206259486583,0.036763237584378806,0.0,0.22551741549076432,0.22660154451458434,0.15599710667306188
motive_6,0.13058202219374723,0.07414385961606684,0.025965455339755722,0.08989090769575384,0.22551741549076432,0.0,0.13247786229498906,0.04322323379900107
motive_7,0.09516447100921596,0.08977581544666402,0.06141192379615442,0.18408526306020556,0.22660154451458434,0.13247786229498906,0.0,0.11043465293998499
motive_8,0.04185757409619261,-0.07618787042090448,0.10720357151230284,0.05464682420938939,0.15599710667306188,0.04322323379900107,0.11043465293998499,0.0
