,motive_1,motive_2,motive_3,motive_4,motive_5,motive_6,motive_7,motive_8
motive_1,0.0,-0.04850115814458206,-0.1907906616873998,-0.30519925279656834,-0.16389090772984832,-0.11461171384671398,-0.3094996598599849,-0.5985920154844389
motive_2,-0.04850115814458206,0.0,-0.6795937571374401,0.25640723632606116,-0.2265335663313795,0.054331860375466945,0.33109905102835074,0.19587427325412815
motive_3,-0.1907906616873998,-0.6795937571374401,0.0,-0.33913018595869154,-0.17767908274936758,0.6334090106463213,0.20875730087706906,-0.528004843811769
motive_4,-0.30519925279656834,0.25640723632606116,-0.33913018595869154,0.0,0.12750210342831697,0.7046070677406733,-0.17117043935689097,-0.016051137502369528
motive_5,-0.16389090772984832,-0.2265335663313795,-0.17767908274936758,0.12750210342831697,0.0,0.09063619618462393,0.5188262664525545,0.4268239175683411
motive_6,-0.11461171384671398,0.054331860375466945,0.6334090106463213,0.7046070677406733,0.09063619618462393,0.0,0.18455693409227997,-0.1293033138090811
motive_7,-0.3094996598599849,0.33109905102835074,0.20875730087706906,-0.17117043935689097,0.5188262664525545,0.18455693409227997,0.0,-0.6626719632087327
motive_8,-0.5985920154844389,0.19587427325412815,-0.528004843811769,-0.016051137502369528,0.4268239175683411,-0.1293033138090811,-0.6626719632087327,0.0
