,motive_1,motive_2,motive_3,motive_4,motive_5,motive_6,motive_7,motive_8
motive_1,0.0,0.20173007751617622,0.1104616860014225,0.08003341954754968,0.10988988591801067,0.12993329536223633,0.07072987174501018,0.16121205128465138
motive_2,0.20173007751617622,0.0,0.20647583931347957,0.026600302649693895,0.059901395715121444,0.009072734538160654,0.0055305196020127775,0.11692361681202995
motive_3,0.1104616860014225,0.20647583931347957,0.0,0.14861809581859217,0.11510688348401027,-0.005638327824965428,0.042887505101257925,0.11398161285291994
motive_4,0.08003341954754968,0.026600302649693895,0.14861809581859217,0.0,0.07201275464632544,0.15140476911371217,0.1251277747457929,0.17714579654168683
motive_5,0.10988988591801067,0.059901395715121444,0.11510688348401027,0.07201275464632544,0.0,-0.010377063973120132,-0.006990058900200276,0.05845030184717804
motive_6,0.12993329536223633,0.009072734538160654,-0.005638327824965428,0.15140476911371217,-0.010377063973120132,0.0,0.0921976130905612,0.1440725619709366
motive_7,0.07072987174501018,0.0055305196020127775,0.042887505101257925,0.1251277747457929,-0.006990058900200276,0.0921976130905612,0.0,0.06969802854440893
motive_8,0.16121205128465138,0.11692361681202995,0.11398161285291994,0.17714579654168683,0.05845030184717804,0.1440725619709366,0.06969802854440893,0.0
