,motive_1,motive_2,motive_3,motive_4,motive_5,motive_6,motive_7,motive_8
motive_1,0.0,0.4886346916993232,0.6460845328317373,0.5896283614436231,0.02395103377503502,0.5487916870376416,0.3880488931541126,0.45386900843567146
motive_2,0.4886346916993232,0.0,0.23940011753131557,0.3066762738235652,0.6489459919903335,0.1319009755308457,0.2347367025906132,-0.012269372469630696
motive_3,0.6460845328317373,0.23940011753131557,0.0,0.2529053941484122,0.14473089426295566,0.5096902958488975,0.026930128301720313,0.19902556678461844
motive_4,0.5896283614436231,0.3066762738235652,0.2529053941484122,0.0,0.07573733501542515,-0.003273340947665515,0.48551915686606895,0.4410378271322849
motive_5,0.02395103377503502,0.6489459919903335,0.14473089426295566,0.07573733501542515,0.0,0.5088250109978051,0.18514343794488938,0.4451805889343988
motive_6,0.5487916870376416,0.1319009755308457,0.5096902958488975,-0.003273340947665515,0.5088250109978051,0.0,0.5496166744947939,0.401022618239457
motive_7,0.3880488931541126,0.2347367025906132,0.026930128301720313,0.48551915686606895,0.18514343794488938,0.5496166744947939,0.0,0.13044239863348178
motive_8,0.45386900843567146,-0.012269372469630696,0.19902556678461844,0.4410378271322849,0.4451805889343988,0.401022618239457,0.13044239863348178,0.0
