,motive_1,motive_2,motive_3,motive_4,motive_5,motive_6,motive_7,motive_8
motive_1,0.0,0.4252723919505167,0.5122669135622275,0.3874022013851304,-0.26878425614874596,0.3281377933910287,-0.2318005087847761,0.4899482942733035
motive_2,0.4252723919505167,0.0,0.0479283807179844,-0.43182706111051516,-0.5416287112039024,-0.5848360188727589,0.5911342292194792,0.31500195564756855
motive_3,0.5122669135622275,0.0479283807179844,0.0,-0.5657111609169124,0.320495337310771,-0.324176499903963,-0.7644391492421011,0.09492204594694731
motive_4,0.3874022013851304,-0.43182706111051516,-0.5657111609169124,0.0,-0.5055982267650634,-0.12884359817533902,0.8038657767138782,0.014767558220374372
motive_5,-0.26878425614874596,-0.5416287112039024,0.320495337310771,-0.5055982267650634,0.0,0.6083388113849204,0.16639026987502376,-0.020793831054032152
motive_6,0.3281377933910287,-0.5848360188727589,-0.324176499903963,-0.12884359817533902,0.6083388113849204,0.0,-0.6037779124940486,-0.10225673421891623
motive_7,-0.2318005087847761,0.5911342292194792,-0.7644391492421011,0.8038657767138782,0.16639026987502376,-0.6037779124940486,0.0,-0.14954772257587218
motive_8,0.4899482942733035,0.31500195564756855,0.09492204594694731,0.014767558220374372,-0.020793831054032152,-0.10225673421891623,-0.14954772257587218,0.0
