,motive_1,motive_2,motive_3,motive_4,motive_5,motive_6,motive_7,motive_8
satisfaction,0.39718255429614513,0.1953907668968502,0.016267079210108892,0.18817658522686634,0.010983844596010206,0.5730312850998701,-0.1270740421774873,-0.2126968869753164
