,motive_1,motive_2,motive_3,motive_4,motive_5,motive_6,motive_7,motive_8
motive_1,0.0,0.019577137150406036,0.038084591890772956,0.07271088003237824,0.0855975419156546,0.03482756032552496,0.12693359056946898,0.03116682110739217
motive_2,0.019577137150406036,0.0,0.016486859049643348,-0.0040712100842771465,-0.060457464498856396,0.09083139075964089,-0.0049321376266994316,0.08115310612362166
motive_3,0.038084591890772956,0.016486859049643348,0.0,-0.16638840377845973,-0.10840032227580224,0.11527643551245108,0.04851423506567412,-0.05395141404738413
motive_4,0.07271088003237824,-0.0040712100842771465,-0.16638840377845973,0.0,-0.027936374829439413,0.029941342039015016,0.013325793247527189,0.010449515332180385
motive_5,0.0855975419156546,-0.060457464498856396,-0.10840032227580224,-0.027936374829439413,0.0,-0.04023633739577488,-0.057698881873367705,-0.020051559204534032
motive_6,0.03482756032552496,0.09083139075964089,0.11527643551245108,0.029941342039015016,-0.04023633739577488,0.0,0.12925181023094243,0.03167613252509212
motive_7,0.12693359056946898,-0.0049321376266994316,0.04851423506567412,0.013325793247527189,-0.057698881873367705,0.12925181023094243,0.0,-0.008536198289784703
motive_8,0.03116682110739217,0.08115310612362166,-0.05395141404738413,0.010449515332180385,-0.020051559204534032,0.03167613252509212,-0.008536198289784703,0.0
