,motive_1,motive_2,motive_3,motive_4,motive_5,motive_6,motive_7,motive_8
motive_1,0.0,0.16395278517759942,0.07295194711662553,0.04937284705806816,0.13097005585688887,0.09748014002757861,0.045404044936126736,0.1480966274598952
motive_2,0.16395278517759942,0.0,0.05799235993009604,0.13159999916344353,0.02828144346751666,-0.012002030266379277,0.1315970177695266,0.1330884679279017
motive_3,0.07295194711662553,0.05799235993009604,0.0,0.03854217745480521,0.12042906399470413,0.08727422121761738,0.10001465761806744,0.15482982830974135
motive_4,0.04937284705806816,0.13159999916344353,0.03854217745480521,0.0,0.12698767579079817,0.21660987600219417,0.11132104433807533,0.10446426484306348
motive_5,0.13097005585688887,0.02828144346751666,0.12042906399470413,0.12698767579079817,0.0,0.12044654982548038,0.1131550094934996,0.059004736699824464
motive_6,0.09748014002757861,-0.012002030266379277,0.08727422121761738,0.21660987600219417,0.12044654982548038,0.0,0.15758269562170504,0.042455399932031325
motive_7,0.045404044936126736,0.1315970177695266,0.10001465761806744,0.11132104433807533,0.1131550094934996,0.15758269562170504,0.0,0.06321725743794095
motive_8,0.1480966274598952,0.1330884679279017,0.15482982830974135,0.10446426484306348,0.059004736699824464,0.042455399932031325,0.06321725743794095,0.0
