,motive_1,motive_2,motive_3,motive_4,motive_5,motive_6,motive_7,motive_8
motive_1,0.0,0.15928705836089008,0.06073764805070199,0.11570636418069555,0.032914418085376485,0.2521066710556011,0.09349852307869748,0.08147209119038218
motive_2,0.15928705836089008,0.0,0.00865484754820254,0.130706411811747,0.08276918730466638,0.033495282535382156,0.059080103063970935,0.09291558625250118
motive_3,0.06073764805070199,0.00865484754820254,0.0,0.04444998064142977,0.12121261484077037,0.18385552061871094,0.10485791641562504,0.12940512026903256
motive_4,0.11570636418069555,0.130706411811747,0.04444998064142977,0.0,0.1358782629804297,0.14166530086117224,0.15256752189538259,0.04127045651365543
motive_5,0.032914418085376485,0.08276918730466638,0.12121261484077037,0.1358782629804297,0.0,-0.045445982523388724,0.1435527172806167,0.0678854296555719
motive_6,0.2521066710556011,0.033495282535382156,0.18385552061871094,0.14166530086117224,-0.045445982523388724,0.0,0.05528887213592188,0.12418183286543116
motive_7,0.09349852307869748,0.059080103063970935,0.10485791641562504,0.15256752189538259,0.1435527172806167,0.05528887213592188,0.0,0.08475200694420615
motive_8,0.08147209119038218,0.09291558625250118,0.12940512026903256,0.04127045651365543,0.0678854296555719,0.12418183286543116,0.08475200694420615,0.0
