,motive_1,motive_2,motive_3,motive_4,motive_5,motive_6,motive_7,motive_8
motive_1,0.0,0.35069475375595327,-0.5425418533849786,-0.4824839648086806,0.19425101289334057,-0.29063795902530354,-0.09017240177427688,0.23630917587150638
motive_2,0.35069475375595327,0.0,0.2981717844007622,-0.5119660652342211,-0.16959833315863176,0.9001514630302123,-0.43363972680013085,-0.6811926448659366
motive_3,-0.5425418533849786,0.2981717844007622,0.0,0.7680982206944171,0.5379555000704287,0.2622909298955458,-0.09666356085159997,0.291497902728511
motive_4,-0.4824839648086806,-0.5119660652342211,0.7680982206944171,0.0,0.16429582290843786,-0.7419459787213483,0.04012309863326652,-0.29359163096257385
motive_5,0.19425101289334057,-0.16959833315863176,0.5379555000704287,0.16429582290843786,0.0,-0.22525212932100905,0.7385044149232853,0.5283733793683888
motive_6,-0.29063795902530354,0.9001514630302123,0.2622909298955458,-0.7419459787213483,-0.22525212932100905,0.0,0.04398346867089488,-1.2504663163295304
motive_7,-0.09017240177427688,-0.43363972680013085,-0.09666356085159997,0.04012309863326652,0.7385044149232853,0.04398346867089488,0.0,0.048980111153878306
motive_8,0.23630917587150638,-0.6811926448659366,0.291497902728511,-0.29359163096257385,0.5283733793683888,-1.2504663163295304,0.048980111153878306,0.0
