,motive_1,motive_2,motive_3,motive_4,motive_5,motive_6,motive_7,motive_8
motive_1,0.0,-0.0586196885342702,0.11781881106631495,0.006783964542641824,-0.030708138901914497,0.3549439363222989,0.2915201141514465,0.2505073264833628
motive_2,-0.0586196885342702,0.0,0.10227433367848916,0.6179200592346457,0.17223681889307627,0.4430542905781337,0.6081790845746277,0.2519979202192515
motive_3,0.11781881106631495,0.10227433367848916,0.0,0.1545931134151842,0.22987678186830188,0.43319080366349594,0.4605632472893063,0.06336578474369849
motive_4,0.006783964542641824,0.6179200592346457,0.1545931134151842,0.0,0.4343783211651892,0.4099906450671033,0.455620650181614,0.09979870871448158
motive_5,-0.030708138901914497,0.17223681889307627,0.22987678186830188,0.4343783211651892,0.0,0.3389488721114386,0.43015992820737725,0.2546770730770073
motive_6,0.3549439363222989,0.4430542905781337,0.43319080366349594,0.4099906450671033,0.3389488721114386,0.0,0.2617416734491326,-0.2717844973286629
motive_7,0.2915201141514465,0.6081790845746277,0.4605632472893063,0.455620650181614,0.43015992820737725,0.2617416734491326,0.0,0.09201562956910488
motive_8,0.2505073264833628,0.2519979202192515,0.06336578474369849,0.09979870871448158,0.2546770730770073,-0.2717844973286629,0.09201562956910488,0.0
