,motive_1,motive_2,motive_3,motive_4,motive_5,motive_6,motive_7,motive_8
motive_1,0.0,0.07061787747490224,0.09600723897495639,0.051988415331689325,0.13629352160679736,0.19218404241018938,0.11971406346602988,0.06771120301333142
motive_2,0.07061787747490224,0.0,-0.02603179185786418,0.2858627218469906,0.019829935836611953,0.13995607483019418,0.17249943174162108,0.034381932697423234
motive_3,0.09600723897495639,-0.02603179185786418,0.0,0.15818822583566905,0.09381328769790256,0.20504666712767003,0.18173825847616132,0.015077086508171834
motive_4,0.051988415331689325,0.2858627218469906,0.15818822583566905,0.0,0.13689110936663412,0.1521862514440501,0.07127104308714824,0.05379515094497857
motive_5,0.13629352160679736,0.019829935836611953,0.09381328769790256,0.13689110936663412,0.0,0.19663131574600193,0.09225421805672025,0.20568930796255852
motive_6,0.19218404241018938,0.13995607483019418,0.20504666712767003,0.1521862514440501,0.19663131574600193,0.0,0.13610618863729007,0.118902956723371
motive_7,0.11971406346602988,0.17249943174162108,0.18173825847616132,0.07127104308714824,0.09225421805672025,0.13610618863729007,0.0,0.0633415398825195
motive_8,0.06771120301333142,0.034381932697423234,0.015077086508171834,0.05379515094497857,0.20568930796255852,0.118902956723371,0.0633415398825195,0.0
