,motive_1,motive_2,motive_3,motive_4,motive_5,motive_6,motive_7,motive_8
satisfaction,0.16005115396731742,0.17280377886455656,0.5346593724577209,-0.02814182409725305,0.13744230231856314,0.03830776238162145,-0.1873005890375648,0.20795656222266404
