,motive_1,motive_2,motive_3,motive_4,motive_5,motive_6,motive_7,motive_8
motive_1,0.0,0.6188779187393018,0.3559248060321599,0.6097871860287885,0.3119734461053323,0.7399424676038322,0.31466927193546335,0.2457701752797928
motive_2,0.6188779187393018,0.0,0.22227483669070308,0.14400029332616182,0.6515309201227535,0.5137133005081893,0.10682429002968033,0.228934449613787
motive_3,0.3559248060321599,0.22227483669070308,0.0,0.22629226819478832,0.41984138243125046,0.29857753493202555,0.052834298150103404,0.3253558423286975
motive_4,0.6097871860287885,0.14400029332616182,0.22629226819478832,0.0,0.5272239673687115,0.3761912391929634,0.6319491553544947,0.4844771730180578
motive_5,0.3119734461053323,0.6515309201227535,0.41984138243125046,0.5272239673687115,0.0,0.5042653188352869,0.28456790640061264,0.08917506716329052
motive_6,0.7399424676038322,0.5137133005081893,0.29857753493202555,0.3761912391929634,0.5042653188352869,0.0,0.46594549126437274,0.39693297800694594
motive_7,0.31466927193546335,0.10682429002968033,0.052834298150103404,0.6319491553544947,0.28456790640061264,0.46594549126437274,0.0,0.552208294593455
motive_8,0.2457701752797928,0.228934449613787,0.3253558423286975,0.4844771730180578,0.08917506716329052,0.39693297800694594,0.552208294593455,0.0
