,motive_1,motive_2,motive_3,motive_4,motive_5,motive_6,motive_7,motive_8
motive_1,0.0,-0.11648756353217299,-0.3703604182249386,-0.6736990068120541,0.4691741426236671,-0.7286038222936453,-0.2177476567304989,-0.6157334368239413
motive_2,-0.11648756353217299,0.0,-0.05944557182888971,0.17836641207087112,0.025245167454260614,0.044640109097012604,0.21161446091803682,-1.294443410757912
motive_3,-0.3703604182249386,-0.05944557182888971,0.0,-0.10139908578410733,-0.015644738104127642,0.12082956888548874,-0.07018325502448683,0.1264453241481704
motive_4,-0.6736990068120541,0.17836641207087112,-0.10139908578410733,0.0,0.7540388298807987,0.47345398795926963,-0.25782765051844747,-0.018411458211503917
motive_5,0.4691741426236671,0.025245167454260614,-0.015644738104127642,0.7540388298807987,0.0,0.36476260379319686,0.1407022045276513,0.4371171545449531
motive_6,-0.7286038222936453,0.044640109097012604,0.12082956888548874,0.47345398795926963,0.36476260379319686,0.0,0.6384975812079613,0.27799939959288544
motive_7,-0.2177476567304989,0.21161446091803682,-0.07018325502448683,-0.25782765051844747,0.1407022045276513,0.6384975812079613,0.0,0.02789427724633331
motive_8,-0.6157334368239413,-1.294443410757912,0.1264453241481704,-0.018411458211503917,0.4371171545449531,0.27799939959288544,0.02789427724633331,0.0
