,motive_1,motive_2,motive_3,motive_4,motive_5,motive_6,motive_7,motive_8
motive_1,0.0,0.06107707489481304,0.13960919364907928,0.1562809737729368,0.08025308595916801,0.10979516621857889,0.026979667935360434,0.1340072968466227
motive_2,0.06107707489481304,0.0,0.13327254922808984,0.20209318028718795,0.013087816857374517,0.1593259342854915,0.02809723411258762,0.03100209021625764
motive_3,0.13960919364907928,0.13327254922808984,0.0,0.1135558547999613,0.1593399759509496,0.04829447202925291,0.14205937437691474,0.0692879793232442
motive_4,0.1562809737729368,0.20209318028718795,0.1135558547999613,0.0,0.21085937038907993,0.06144289097682977,0.2472798015884773,0.07563451918136357
motive_5,0.08025308595916801,0.013087816857374517,0.1593399759509496,0.21085937038907993,0.0,0.03929798704132035,0.10020196033008229,0.11577141857932569
motive_6,0.10979516621857889,0.1593259342854915,0.04829447202925291,0.06144289097682977,0.03929798704132035,0.0,0.1257745115061774,0.16619801784159732
motive_7,0.026979667935360434,0.02809723411258762,0.14205937437691474,0.2472798015884773,0.10020196033008229,0.1257745115061774,0.0,0.15200291966263269
motive_8,0.1340072968466227,0.03100209021625764,0.0692879793232442,0.07563451918136357,0.11577141857932569,0.16619801784159732,0.15200291966263269,0.0
