,motive_1,motive_2,motive_3,motive_4,motive_5,motive_6,motive_7,motive_8
motive_1,0.0,0.14792815232365103,0.5180182847809309,0.1357119769295836,-0.26579019745339466,0.6465143380784386,0.05666393337737103,0.21257108170982536
motive_2,0.14792815232365103,0.0,-0.406956126326899,0.27009073034586406,0.6940589666384901,-0.5865227866031365,1.1619019336293197,-0.0662286284644728
motive_3,0.5180182847809309,-0.406956126326899,0.0,-0.058371144819736764,0.16012577695487817,0.3368498315341227,-0.6018972111150696,-0.6636574872008247
motive_4,0.1357119769295836,0.27009073034586406,-0.058371144819736764,0.0,0.550381968645513,-0.21206280423839863,0.40743970470225277,0.19703451877862943
motive_5,-0.26579019745339466,0.6940589666384901,0.16012577695487817,0.550381968645513,0.0,0.25259287091232807,-0.1879636641547287,0.2530161168270475
motive_6,0.6465143380784386,-0.5865227866031365,0.3368498315341227,-0.21206280423839863,0.25259287091232807,0.0,0.39596484910800667,0.12016615248283458
motive_7,0.05666393337737103,1.1619019336293197,-0.6018972111150696,0.40743970470225277,-0.1879636641547287,0.39596484910800667,0.0,0.061145830217632646
motive_8,0.21257108170982536,-0.0662286284644728,-0.6636574872008247,0.19703451877862943,0.2530161168270475,0.12016615248283458,0.061145830217632646,0.0
