,motive_1,motive_2,motive_3,motive_4,motive_5,motive_6,motive_7,motive_8
satisfaction,0.19372769664357356,0.3136588728835999,0.3241192888456586,0.11751785508865764,0.5644545034079479,-0.208461932412947,0.061759824079311874,0.3560311584933732
