,motive_1,motive_2,motive_3,motive_4,motive_5,motive_6,motive_7,motive_8
motive_1,0.0,0.25054255040112117,0.3061135304672897,0.658654066593542,-0.025602340053972494,0.18054538860630115,0.5014351131091264,0.3250037376928064
motive_2,0.25054255040112117,0.0,0.22729889822169214,0.359112970957242,-0.09540021256482896,0.6379315814378405,-0.0929185507169706,0.17471012838730013
motive_3,0.3061135304672897,0.22729889822169214,0.0,0.3343443744652781,0.4744921735865495,0.2636626673087619,0.2599891835825163,0.27783918866537166
motive_4,0.658654066593542,0.359112970957242,0.3343443744652781,0.0,0.24619069999022208,0.10824961972697911,0.38632371653104847,0.5065545000269136
motive_5,-0.025602340053972494,-0.09540021256482896,0.4744921735865495,0.24619069999022208,0.0,0.06874132121647132,0.154499512345805,0.37105100128769264
motive_6,0.18054538860630115,0.6379315814378405,0.2636626673087619,0.10824961972697911,0.06874132121647132,0.0,0.4843867635183719,-0.2316524103708503
motive_7,0.5014351131091264,-0.0929185507169706,0.2599891835825163,0.38632371653104847,0.154499512345805,0.4843867635183719,0.0,0.07786983405037116
motive_8,0.3250037376928064,0.17471012838730013,0.27783918866537166,0.5065545000269136,0.37105100128769264,-0.2316524103708503,0.07786983405037116,0.0
