,motive_1,motive_2,motive_3,motive_4,motive_5,motive_6,motive_7,motive_8
motive_1,0.0,0.27581744415072185,0.5604907798672025,0.6618095966367208,-0.09154840154963578,-0.23480824391768793,-0.5367782676673345,0.3716711982607859
motive_2,0.27581744415072185,0.0,0.5554812435326854,0.10081413830299174,-0.9446376944036718,-0.19345399305897654,-0.38998551396652936,0.007426450085487257
motive_3,0.5604907798672025,0.5554812435326854,0.0,-0.14522292823612776,0.6030855393471435,1.0507051228883668,-0.25897890706767374,-0.008154767438243588
motive_4,0.6618095966367208,0.10081413830299174,-0.14522292823612776,0.0,-0.16159080066379822,0.0320207946450507,0.1794424167197036,-0.040211819803245744
motive_5,-0.09154840154963578,-0.9446376944036718,0.6030855393471435,-0.16159080066379822,0.0,0.4419217645043369,-0.9016042752366689,0.39415144097475086
motive_6,-0.23480824391768793,-0.19345399305897654,1.0507051228883668,0.0320207946450507,0.4419217645043369,0.0,0.3184451326478533,-0.035272115201678625
motive_7,-0.5367782676673345,-0.38998551396652936,-0.25897890706767374,0.1794424167197036,-0.9016042752366689,0.3184451326478533,0.0,0.2218621029645117
motive_8,0.3716711982607859,0.007426450085487257,-0.008154767438243588,-0.040211819803245744,0.39415144097475086,-0.035272115201678625,0.2218621029645117,0.0
