,motive_1,motive_2,motive_3,motive_4,motive_5,motive_6,motive_7,motive_8
motive_1,0.0,-0.025065154874682305,0.02744745625214856,-0.1237433564036739,0.030941868056201118,0.08674903110521869,0.09272311506790748,-0.10128645911230116
motive_2,-0.025065154874682305,0.0,0.06338175142003254,0.016246426783976958,-0.016667092779006524,-0.14949833347754798,-0.05556648492069716,0.014162698626253169
motive_3,0.02744745625214856,0.06338175142003254,0.0,-0.09052550020789456,0.052857520626442445,-0.06348419361033118,0.0036228750381523955,0.05299330341546498
motive_4,-0.1237433564036739,0.016246426783976958,-0.09052550020789456,0.0,-0.037281613445810116,-0.025607059511321757,0.049790653900632295,0.04252510983981787
motive_5,0.030941868056201118,-0.016667092779006524,0.052857520626442445,-0.037281613445810116,0.0,0.043999174439574455,-0.11164118544454499,-0.08091186944690688
motive_6,0.08674903110521869,-0.14949833347754798,-0.06348419361033118,-0.025607059511321757,0.043999174439574455,0.0,-0.014852116451859975,0.03410674543293522
motive_7,0.09272311506790748,-0.05556648492069716,0.0036228750381523955,0.049790653900632295,-0.11164118544454499,-0.014852116451859975,0.0,0.10481368347370673
motive_8,-0.10128645911230116,0.014162698626253169,0.05299330341546498,0.04252510983981787,-0.08091186944690688,0.03410674543293522,0.10481368347370673,0.0
