,motive_1,motive_2,motive_3,motive_4,motive_5,motive_6,motive_7,motive_8
motive_1,0.0,0.07125898958887616,0.09524055344153026,0.21746195892790693,0.03179808850834654,0.15232917589077463,0.23221007627425022,0.0591840618787289
motive_2,0.07125898958887616,0.0,0.09290945789776042,0.12151551936497684,0.12612120213178146,0.15919452755457356,0.13644491040448595,0.12696795544667763
motive_3,0.09524055344153026,0.09290945789776042,0.0,0.11070231659571114,0.1231895635123644,0.0746134764299982,0.19014430926820167,0.22064747921968092
motive_4,0.21746195892790693,0.12151551936497684,0.11070231659571114,0.0,0.08236671826280814,0.1924775439236855,0.18603312980813513,0.0778726429193397
motive_5,0.03179808850834654,0.12612120213178146,0.1231895635123644,0.08236671826280814,0.0,0.06559892427591606,0.15974745525135692,-0.03385508391045517
motive_6,0.15232917589077463,0.15919452755457356,0.0746134764299982,0.1924775439236855,0.06559892427591606,0.0,0.02771243431526413,-0.016716174675413115
motive_7,0.23221007627425022,0.13644491040448595,0.19014430926820167,0.18603312980813513,0.15974745525135692,0.02771243431526413,0.0,0.06412592988126573
motive_8,0.0591840618787289,0.12696795544667763,0.22064747921968092,0.0778726429193397,-0.03385508391045517,-0.016716174675413115,0.06412592988126573,0.0
