,motive_1,motive_2,motive_3,motive_4,motive_5,motive_6,motive_7,motive_8
satisfaction,-0.031133675639413605,0.27011946154112276,-0.07766269660685649,-0.2558560957766324,-0.013031433596358097,-0.058723240171771135,0.2622858830388397,-0.07804401349085938
