,motive_1,motive_2,motive_3,motive_4,motive_5,motive_6,motive_7,motive_8
motive_1,0.0,0.11405452720383918,0.14497531282582848,0.07079763484989825,0.1830333063198807,0.11086077351160126,0.03967749356913866,0.1282827686852539
motive_2,0.11405452720383918,0.0,0.08639427880938058,0.11495668813624602,0.011149539396410335,-0.052220185558248366,0.14951318676382033,0.012273799835465268
motive_3,0.14497531282582848,0.08639427880938058,0.0,0.07747617605305995,0.04769696768823765,0.14768252727953435,0.03182688430798167,0.009787465514892346
motive_4,0.07079763484989825,0.11495668813624602,0.07747617605305995,0.0,0.1998837391632499,0.060762169410880244,0.18456882965345478,0.1344514037514534
motive_5,0.1830333063198807,0.011149539396410335,0.04769696768823765,0.1998837391632499,0.0,0.2345798785643172,0.13025225143413555,0.10473616127458188
motive_6,0.11086077351160126,-0.052220185558248366,0.14768252727953435,0.060762169410880244,0.2345798785643172,0.0,0.09900195675661343,0.10614957348571535
motive_7,0.03967749356913866,0.14951318676382033,0.03182688430798167,0.18456882965345478,0.13025225143413555,0.09900195675661343,0.0,0.12921607439599755
motive_8,0.1282827686852539,0.012273799835465268,0.009787465514892346,0.1344514037514534,0.10473616127458188,0.10614957348571535,0.12921607439599755,0.0
