,motive_1,motive_2,motive_3,motive_4,motive_5,motive_6,motive_7,motive_8
satisfaction,0.5591015519344695,-0.05443801935481646,0.06979783253877297,0.16255146578917998,0.3256540883925402,0.6736341483098769,-0.0693458730560384,0.6393276792117892
