,motive_1,motive_2,motive_3,motive_4,motive_5,motive_6,motive_7,motive_8
motive_1,0.0,0.6893733447475919,0.6554692015175578,0.33256916694269567,0.7126936137660222,0.535267544034667,0.573418443175038,0.07828956738747322
motive_2,0.6893733447475919,0.0,0.8337895763020973,0.5454485555072479,0.49646760002012935,0.7267888975652016,0.2436880125540219,0.23539369251941228
motive_3,0.6554692015175578,0.8337895763020973,0.0,0.44178010504547194,0.19777893062310611,0.8041829541252679,0.4212123688332287,0.2723108510231056
motive_4,0.33256916694269567,0.5454485555072479,0.44178010504547194,0.0,0.39100474482440706,0.6350451806152512,0.40561079400506506,0.43166497426524775
motive_5,0.7126936137660222,0.49646760002012935,0.19777893062310611,0.39100474482440706,0.0,0.5623315327399167,0.5655761506483467,0.506764811915694
motive_6,0.535267544034667,0.7267888975652016,0.8041829541252679,0.6350451806152512,0.5623315327399167,0.0,0.275090119015291,0.13954655744611455
motive_7,0.573418443175038,0.2436880125540219,0.4212123688332287,0.40561079400506506,0.5655761506483467,0.275090119015291,0.0,0.15182633092234474
motive_8,0.07828956738747322,0.23539369251941228,0.2723108510231056,0.43166497426524775,0.506764811915694,0.13954655744611455,0.15182633092234474,0.0
