,motive_1,motive_2,motive_3,motive_4,motive_5,motive_6,motive_7,motive_8
motive_1,0.0,-0.09923254405617118,0.4925611259601008,-0.1611233308622154,-0.1563119125168908,0.3337790498259881,0.8778830074129462,0.48737733593386645
motive_2,-0.09923254405617118,0.0,0.4684585374936481,0.6700798348890586,0.3866304010196968,0.4611108982231282,-0.23469054535982664,-1.267919910321873
motive_3,0.4925611259601008,0.4684585374936481,0.0,0.5089524039197242,0.1739747149657177,0.03719507921921923,-0.0456960895260726,-0.4305291056695688
motive_4,-0.1611233308622154,0.6700798348890586,0.5089524039197242,0.0,0.4310399364374928,0.17732968561430112,-0.21346743240632496,0.09804644932397594
motive_5,-0.1563119125168908,0.3866304010196968,0.1739747149657177,0.4310399364374928,0.0,-0.2671151726063879,-0.0311207968430732,-0.6264348428946057
motive_6,0.3337790498259881,0.4611108982231282,0.03719507921921923,0.17732968561430112,-0.2671151726063879,0.0,0.1960151004560297,-0.32256486046785454
motive_7,0.8778830074129462,-0.23469054535982664,-0.0456960895260726,-0.21346743240632496,-0.0311207968430732,0.1960151004560297,0.0,-0.281749456384013
motive_8,0.48737733593386645,-1.267919910321873,-0.4305291056695688,0.09804644932397594,-0.6264348428946057,-0.32256486046785454,-0.281749456384013,0.0
