,motive_1,motive_2,motive_3,motive_4,motive_5,motive_6,motive_7,motive_8
satisfaction,0.05084466670112451,0.3216241917069854,0.10780157810257013,0.0573466626828098,-0.07819092274991205,0.045870732412508386,0.14444874366149937,0.1503627194219967
