,motive_1,motive_2,motive_3,motive_4,motive_5,motive_6,motive_7,motive_8
motive_1,0.0,-0.010895124308278006,-0.1565913128015209,0.0155991378212199,-0.08720364705843459,0.012497025908836716,-0.049753000850664794,-0.08131029498684794
motive_2,-0.010895124308278006,0.0,-0.04295162851509428,-0.07844084568265826,-0.057036885260106585,0.07368507538570146,0.03924457782005833,0.008340459100037854
motive_3,-0.1565913128015209,-0.04295162851509428,0.0,0.03929861836314136,0.0169170048254223,-0.011706855135545887,-0.0642334328159812,-0.010212488676044592
motive_4,0.0155991378212199,-0.07844084568265826,0.03929861836314136,0.0,-0.0005964140125035633,0.05292944225704147,0.04739852833441349,-0.09988825592806669
motive_5,-0.08720364705843459,-0.057036885260106585,0.0169170048254223,-0.0005964140125035633,0.0,-0.011548099345031319,-0.05658024661776537,0.1415857225654601
motive_6,0.012497025908836716,0.07368507538570146,-0.011706855135545887,0.05292944225704147,-0.011548099345031319,0.0,-0.09901143551495095,-0.02093562919295268
motive_7,-0.049753000850664794,0.03924457782005833,-0.0642334328159812,0.04739852833441349,-0.05658024661776537,-0.09901143551495095,0.0,0.03057585399830418
motive_8,-0.08131029498684794,0.008340459100037854,-0.010212488676044592,-0.09988825592806669,0.1415857225654601,-0.02093562919295268,0.03057585399830418,0.0
