,motive_1,motive_2,motive_3,motive_4,motive_5,motive_6,motive_7,motive_8
satisfaction,0.2653189278781791,0.056817247874228455,-0.01956499428622012,0.139032338265058,0.4186362780394449,0.09961997960976011,0.08296522165307532,0.3785217213976141
