,motive_1,motive_2,motive_3,motive_4,motive_5,motive_6,motive_7,motive_8
motive_1,0.0,0.10287193487391713,-0.03721864147764495,-0.055064765653327595,0.015777416191865404,0.027380941814059156,0.07047247838834547,-0.01924286373493024
motive_2,0.10287193487391713,0.0,0.0005138273469225269,-0.022616034687841294,0.03141126953654398,0.12079452572016486,0.04273945920911,0.05481469935217315
motive_3,-0.03721864147764495,0.0005138273469225269,0.0,-0.005494607828207428,-0.013257479177448288,-0.1317940205211353,0.1566869442140355,0.0010612237793007212
motive_4,-0.055064765653327595,-0.022616034687841294,-0.005494607828207428,0.0,-0.025245819874561898,-0.081133729926923,0.028539774807460443,0.02500848472069476
motive_5,0.015777416191865404,0.03141126953654398,-0.013257479177448288,-0.025245819874561898,0.0,0.03159439043142904,0.03166695348995083,0.00926944183460336
motive_6,0.027380941814059156,0.12079452572016486,-0.1317940205211353,-0.081133729926923,0.03159439043142904,0.0,-0.09308353693348241,-0.007832239392104859
motive_7,0.07047247838834547,0.04273945920911,0.1566869442140355,0.028539774807460443,0.03166695348995083,-0.09308353693348241,0.0,0.08113539953045483
motive_8,-0.01924286373493024,0.05481469935217315,0.0010612237793007212,0.02500848472069476,0.00926944183460336,-0.007832239392104859,0.08113539953045483,0.0
