,motive_1,motive_2,motive_3,motive_4,motive_5,motive_6,motive_7,motive_8
motive_1,0.0,-0.07976170541130136,-0.08608261130074217,0.14391696846892052,0.024213757031315758,-0.04897805528431727,-0.060461663811753795,0.023930859524066136
motive_2,-0.07976170541130136,0.0,-0.06710145408459964,0.05114708868473141,-0.21240857471330427,0.007315585960658047,0.03420079640876999,-0.03288688830492771
motive_3,-0.08608261130074217,-0.06710145408459964,0.0,0.026549103887489427,-0.016683293282706575,-0.09337434918284074,-0.057348908459042065,-0.010801607856075465
motive_4,0.14391696846892052,0.05114708868473141,0.026549103887489427,0.0,-0.0033480785241634115,-0.10851046735492785,0.009529559861088,-0.05632495736607943
motive_5,0.024213757031315758,-0.21240857471330427,-0.016683293282706575,-0.0033480785241634115,0.0,-0.026745503634024347,0.02235561037441946,-0.05324053518137399
motive_6,-0.04897805528431727,0.007315585960658047,-0.09337434918284074,-0.10851046735492785,-0.026745503634024347,0.0,-0.01243395643149936,-0.010426433431344462
motive_7,-0.060461663811753795,0.03420079640876999,-0.057348908459042065,0.009529559861088,0.02235561037441946,-0.01243395643149936,0.0,0.09540547327008758
motive_8,0.023930859524066136,-0.03288688830492771,-0.010801607856075465,-0.05632495736607943,-0.05324053518137399,-0.010426433431344462,0.09540547327008758,0.0
