,motive_1,motive_2,motive_3,motive_4,motive_5,motive_6,motive_7,motive_8
motive_1,0.0,0.2368927057893639,0.16684773353026058,0.4104981539211025,0.007380272163091145,-0.018360510520155998,0.21721422942529722,-0.2010377674063837
motive_2,0.2368927057893639,0.0,-0.04457910465931067,0.285926924472658,-0.11441347395758897,0.24231413903129428,0.28462760716698876,0.09330959833740993
motive_3,0.16684773353026058,-0.04457910465931067,0.0,-0.31489404620073436,0.22030940773636007,-0.1083600452289692,0.1745307530471476,0.010554187782123414
motive_4,0.4104981539211025,0.285926924472658,-0.31489404620073436,0.0,0.5272517475220689,0.11326200414479423,-0.05212451471115273,-0.015292402791251297
motive_5,0.007380272163091145,-0.11441347395758897,0.22030940773636007,0.5272517475220689,0.0,0.06607122992967973,0.0214019151163575,0.04127750786902151
motive_6,-0.018360510520155998,0.24231413903129428,-0.1083600452289692,0.11326200414479423,0.06607122992967973,0.0,0.19254769149521178,0.1110685007939547
motive_7,0.21721422942529722,0.28462760716698876,0.1745307530471476,-0.05212451471115273,0.0214019151163575,0.19254769149521178,0.0,0.3641792265408203
motive_8,-0.2010377674063837,0.09330959833740993,0.010554187782123414,-0.015292402791251297,0.04127750786902151,0.1110685007939547,0.3641792265408203,0.0
