,motive_1,motive_2,motive_3,motive_4,motive_5,motive_6,motive_7,motive_8
motive_1,0.0,0.035183277923770725,0.08320584795951942,0.15948700615622338,0.17152738187694858,0.04811703467365149,0.06058039653011811,0.07408271910126416
motive_2,0.035183277923770725,0.0,0.1390708931212469,0.08588153159470803,0.21453531256295616,0.14981439139580627,0.02022807166894507,-0.00012578285778795661
motive_3,0.08320584795951942,0.1390708931212469,0.0,0.04624823062806177,0.06251857348718018,0.17329969687624464,0.1208532208934426,0.13253861414836265
motive_4,0.15948700615622338,0.08588153159470803,0.04624823062806177,0.0,0.07471076864693377,0.059418243334909325,0.18027306700738716,0.18250576552317427
motive_5,0.17152738187694858,0.21453531256295616,0.06251857348718018,0.07471076864693377,0.0,0.10378182850724366,0.1559166442599965,0.11140988309624428
motive_6,0.04811703467365149,0.14981439139580627,0.17329969687624464,0.059418243334909325,0.10378182850724366,0.0,0.15862122198283668,0.05461745089369883
motive_7,0.06058039653011811,0.02022807166894507,0.1208532208934426,0.18027306700738716,0.1559166442599965,0.15862122198283668,0.0,0.05356186747532764
motive_8,0.07408271910126416,-0.00012578285778795661,0.13253861414836265,0.18250576552317427,0.11140988309624428,0.05461745089369883,0.05356186747532764,0.0
