,motive_1,motive_2,motive_3,motive_4,motive_5,motive_6,motive_7,motive_8
satisfaction,-0.08906780343577725,-0.2078166395714376,0.026886548784762737,-0.07601637989223575,-0.07096842181314272,0.003254152188709697,0.47708898216768714,-0.012462909059375582
