,motive_1,motive_2,motive_3,motive_4,motive_5,motive_6,motive_7,motive_8
motive_1,0.0,0.1691736007265926,0.2989636687073197,0.21224302002572615,0.06901123123708675,-0.030996678727624866,0.08190707971331967,0.08591741583572902
motive_2,0.1691736007265926,0.0,0.17569347449726563,0.058589537949915914,0.0878600857202035,0.15512120999170084,0.054336845643526255,0.0847245902563291
motive_3,0.2989636687073197,0.17569347449726563,0.0,-0.02373639048080392,0.17386404936913974,0.13857825798417986,0.15413636516748122,0.07685059788320533
motive_4,0.21224302002572615,0.058589537949915914,-0.02373639048080392,0.0,0.10888764851755081,0.06602155640802887,0.023903031924827206,0.08744303931532052
motive_5,0.06901123123708675,0.0878600857202035,0.17386404936913974,0.10888764851755081,0.0,0.1617405997481357,0.002914706130864239,0.12507591222070585
motive_6,-0.030996678727624866,0.15512120999170084,0.13857825798417986,0.06602155640802887,0.1617405997481357,0.0,-0.021211652920328304,-0.01574851816733089
motive_7,0.08190707971331967,0.054336845643526255,0.15413636516748122,0.023903031924827206,0.002914706130864239,-0.021211652920328304,0.0,0.12490452900292678
motive_8,0.08591741583572902,0.0847245902563291,0.07685059788320533,0.08744303931532052,0.12507591222070585,-0.01574851816733089,0.12490452900292678,0.0
