,motive_1,motive_2,motive_3,motive_4,motive_5,motive_6,motive_7,motive_8
motive_1,0.0,0.35481874112178347,0.25163764589582605,0.030846134702858408,0.08455336290771989,-0.1561364258770165,0.418840356801755,-0.07762684029284894
motive_2,0.35481874112178347,0.0,0.37913243579528527,0.2602461924782256,0.5009789007020149,0.02227252040495531,0.2349635744558339,-0.1256619015692133
motive_3,0.25163764589582605,0.37913243579528527,0.0,0.40993570233906795,-0.08159440454164596,-0.036564200155270205,0.12507867109782278,0.2148773937515493
motive_4,0.030846134702858408,0.2602461924782256,0.40993570233906795,0.0,0.08638915430401994,0.14109197377193516,-0.19376498801738262,0.5203462700921668
motive_5,0.08455336290771989,0.5009789007020149,-0.08159440454164596,0.08638915430401994,0.0,0.2222987400106254,0.1307172319831004,0.0689056597350757
motive_6,-0.1561364258770165,0.02227252040495531,-0.036564200155270205,0.14109197377193516,0.2222987400106254,0.0,0.6393588961821928,0.3773311274573087
motive_7,0.418840356801755,0.2349635744558339,0.12507867109782278,-0.19376498801738262,0.1307172319831004,0.6393588961821928,0.0,0.1830425147437275
motive_8,-0.07762684029284894,-0.1256619015692133,0.2148773937515493,0.5203462700921668,0.0689056597350757,0.3773311274573087,0.1830425147437275,0.0
