,motive_1,motive_2,motive_3,motive_4,motive_5,motive_6,motive_7,motive_8
satisfaction,0.12672239538786145,-0.21880031224121974,-0.19272739458308516,-0.12489774533904252,0.33539290016691514,0.06867544355876655,0.12101517367650715,0.08233827076487912
