,motive_1,motive_2,motive_3,motive_4,motive_5,motive_6,motive_7,motive_8
motive_1,0.0,0.17850996109144218,0.7373243294742425,0.3116521545965428,0.21551223996386354,0.39149421438423987,0.013164700401080795,0.09517990358683458
motive_2,0.17850996109144218,0.0,0.2996849592214258,0.2761317140433471,0.13101551617842686,0.2188610277996924,-0.06481043136682037,0.4339891604045478
motive_3,0.7373243294742425,0.2996849592214258,0.0,0.30559876311677275,0.045062594589427934,0.08658275510551433,0.2812278251999195,0.23511673116470494
motive_4,0.3116521545965428,0.2761317140433471,0.30559876311677275,0.0,0.23787597522485265,0.23742620454378935,0.3521461163469454,0.12398527933069689
motive_5,0.21551223996386354,0.13101551617842686,0.045062594589427934,0.23787597522485265,0.0,0.44066914710324245,-0.009647310948607171,0.3688742561630601
motive_6,0.39149421438423987,0.2188610277996924,0.08658275510551433,0.23742620454378935,0.44066914710324245,0.0,0.2674666620165655,0.41999295617003907
motive_7,0.013164700401080795,-0.06481043136682037,0.2812278251999195,0.3521461163469454,-0.009647310948607171,0.2674666620165655,0.0,0.3367240442167408
motive_8,0.09517990358683458,0.4339891604045478,0.23511673116470494,0.12398527933069689,0.3688742561630601,0.41999295617003907,0.3367240442167408,0.0
