,motive_1,motive_2,motive_3,motive_4,motive_5,motive_6,motive_7,motive_8
motive_1,0.0,-0.11652504315751208,-0.09534863480141836,0.0562745064826401,0.08467148691943172,-0.1793531088210339,-0.123312744677682,-0.006947628879745309
motive_2,-0.11652504315751208,0.0,-0.015515029942976325,-0.0372932126310739,-0.028189650437404734,0.03431032634873983,-0.01620024306852942,-0.031713332625567345
motive_3,-0.09534863480141836,-0.015515029942976325,0.0,-0.01498146030348755,-0.06200993507164074,-0.03794483902693997,0.018181538573729113,0.12704845859540229
motive_4,0.0562745064826401,-0.0372932126310739,-0.01498146030348755,0.0,-0.06375623522633014,-0.09621786772262032,-0.12153933801738534,-0.006242305893928121
motive_5,0.08467148691943172,-0.028189650437404734,-0.06200993507164074,-0.06375623522633014,0.0,0.045527778316311066,-0.0403484717432248,-0.04653465852625589
motive_6,-0.1793531088210339,0.03431032634873983,-0.03794483902693997,-0.09621786772262032,0.045527778316311066,0.0,0.0035624387476095344,0.0012821205208564668
motive_7,-0.123312744677682,-0.01620024306852942,0.018181538573729113,-0.12153933801738534,-0.0403484717432248,0.0035624387476095344,0.0,-0.029020015595702418
motive_8,-0.006947628879745309,-0.031713332625567345,0.12704845859540229,-0.006242305893928121,-0.04653465852625589,0.0012821205208564668,-0.029020015595702418,0.0
