,motive_1,motive_2,motive_3,motive_4,motive_5,motive_6,motive_7,motive_8
motive_1,0.0,0.012369008285728553,0.19494165252993007,0.6320739322572138,0.027812491632727115,0.058966091190430225,-0.05153724665663546,0.3109108014346508
motive_2,0.012369008285728553,0.0,-0.024252615607459588,0.011025383350098866,0.05182836107139778,0.16490065961536285,0.08426508605222868,0.061581909753272435
motive_3,0.19494165252993007,-0.024252615607459588,0.0,0.15170876484628268,0.413190752362827,0.28816924902192476,0.4870498650106,0.4499255802175957
motive_4,0.6320739322572138,0.011025383350098866,0.15170876484628268,0.0,0.21857472924061438,0.5056990136245935,-0.03352164589050627,0.2542536540040102
motive_5,0.027812491632727115,0.05182836107139778,0.413190752362827,0.21857472924061438,0.0,0.14238129464413016,0.12466864691101834,0.42198532976024516
motive_6,0.058966091190430225,0.16490065961536285,0.28816924902192476,0.5056990136245935,0.14238129464413016,0.0,0.13861197144204676,-0.02964886599174947
motive_7,-0.05153724665663546,0.08426508605222868,0.4870498650106,-0.03352164589050627,0.12466864691101834,0.13861197144204676,0.0,0.043970721685219274
motive_8,0.3109108014346508,0.061581909753272435,0.4499255802175957,0.2542536540040102,0.42198532976024516,-0.02964886599174947,0.043970721685219274,0.0
