,motive_1,motive_2,motive_3,motive_4,motive_5,motive_6,motive_7,motive_8
motive_1,0.0,0.07632020823537126,-0.11487103084566094,0.04564893804419831,-0.09152115020297123,0.07208292748301498,-0.005627760308113378,-0.0345069527374179
motive_2,0.07632020823537126,0.0,-0.0346364042120606,-0.002350671289340492,0.012206242496031909,0.048320676595766984,0.044871468196785044,-0.05918174679726873
motive_3,-0.11487103084566094,-0.0346364042120606,0.0,0.0262702092762591,-0.07125613182570162,0.04114469710624451,0.027306182861550995,0.04350155515152193
motive_4,0.04564893804419831,-0.002350671289340492,0.0262702092762591,0.0,-0.007372882818696854,-0.03243547607574813,0.0972447548546976,-0.10036438298637083
motive_5,-0.09152115020297123,0.012206242496031909,-0.07125613182570162,-0.007372882818696854,0.0,-0.015152869871710242,-0.0006147237031485647,-0.004887694856387133
motive_6,0.07208292748301498,0.048320676595766984,0.04114469710624451,-0.03243547607574813,-0.015152869871710242,0.0,0.11604495349024935,0.1677895715377674
motive_7,-0.005627760308113378,0.044871468196785044,0.027306182861550995,0.0972447548546976,-0.0006147237031485647,0.11604495349024935,0.0,0.09557705706670062
motive_8,-0.0345069527374179,-0.05918174679726873,0.04350155515152193,-0.10036438298637083,-0.004887694856387133,0.1677895715377674,0.09557705706670062,0.0
