,motive_1,motive_2,motive_3,motive_4,motive_5,motive_6,motive_7,motive_8
satisfaction,-0.15289294385130892,0.6332436811445556,-0.020625427474403213,-0.23262836820540783,0.4253967732167072,-0.2660990169117938,-0.12785842878908982,0.07404757621703092
