,motive_1,motive_2,motive_3,motive_4,motive_5,motive_6,motive_7,motive_8
satisfaction,-0.4117085512880215,0.22834619280351534,0.10555299938745008,0.3470944151313713,0.30649285629649947,0.48521340367671634,0.428111539643355,0.20345108786666427
