,motive_1,motive_2,motive_3,motive_4,motive_5,motive_6,motive_7,motive_8
satisfaction,0.43747470710360725,0.03552911020779767,0.1423061308213025,-0.07376481169088184,-0.3177469775342548,0.5442228001466487,0.2268732511783294,0.2251922934169522
