,motive_1,motive_2,motive_3,motive_4,motive_5,motive_6,motive_7,motive_8
motive_1,0.0,0.4854630117022899,-0.43446063720627287,0.33465161219610323,0.1885344526014049,-0.06352086462825866,-0.03807268869237124,0.23413724301022548
motive_2,0.4854630117022899,0.0,-0.6429113346648434,0.28374471918953126,-0.0045677763828240875,-0.31316156586255894,0.5396722705399923,-0.20183194207618838
motive_3,-0.43446063720627287,-0.6429113346648434,0.0,0.22908245091876187,0.09177815506862577,-0.1461158762273058,0.08982659338563422,0.29407262231647163
motive_4,0.33465161219610323,0.28374471918953126,0.22908245091876187,0.0,-0.0033164545478042706,-0.07662025271430925,0.2735282812583585,-0.5861999488254024
motive_5,0.1885344526014049,-0.0045677763828240875,0.09177815506862577,-0.0033164545478042706,0.0,0.28884846227976213,-0.06936508690242454,1.0673170903673916
motive_6,-0.06352086462825866,-0.31316156586255894,-0.1461158762273058,-0.07662025271430925,0.28884846227976213,0.0,-0.6341002916625126,-0.22404236744745654
motive_7,-0.03807268869237124,0.5396722705399923,0.08982659338563422,0.2735282812583585,-0.06936508690242454,-0.6341002916625126,0.0,-0.1231265035216997
motive_8,0.23413724301022548,-0.20183194207618838,0.29407262231647163,-0.5861999488254024,1.0673170903673916,-0.22404236744745654,-0.1231265035216997,0.0
