,motive_1,motive_2,motive_3,motive_4,motive_5,motive_6,motive_7,motive_8
satisfaction,0.12948787381399113,-0.010347161867170107,0.21700979023819222,-0.03757365077217689,0.15525977772316324,0.003898089229366908,0.19099228688168587,-0.05978840467762614
