,motive_1,motive_2,motive_3,motive_4,motive_5,motive_6,motive_7,motive_8
satisfaction,0.14154131734044045,0.06563744388700399,0.366041057143624,0.44521128685293343,0.30320362599517525,-0.07862197609736468,0.07543045922671768,-0.12963932912581094
