,motive_1,motive_2,motive_3,motive_4,motive_5,motive_6,motive_7,motive_8
motive_1,0.0,0.04461193251623488,0.2527299862075856,0.05994345395899498,0.11774094408603736,0.036386763995321425,0.06856772510131723,0.26825603598104864
motive_2,0.04461193251623488,0.0,-0.009290274140811385,0.08400355390855731,0.1396855118758984,0.049826325765868415,0.048364887192629345,0.1830178500851945
motive_3,0.2527299862075856,-0.009290274140811385,0.0,0.04963752187640231,0.1057714237193865,0.056980254520732077,0.17061456966603694,0.03611167826100979
motive_4,0.05994345395899498,0.08400355390855731,0.04963752187640231,0.0,0.08847855352680511,0.08952119779124207,0.10767163038242647,0.15192760260075544
motive_5,0.11774094408603736,0.1396855118758984,0.1057714237193865,0.08847855352680511,0.0,0.0823172530405732,0.12337280455612719,0.13230721104270815
motive_6,0.036386763995321425,0.049826325765868415,0.056980254520732077,0.08952119779124207,0.0823172530405732,0.0,0.16659976785907096,0.10726662030051479
motive_7,0.06856772510131723,0.048364887192629345,0.17061456966603694,0.10767163038242647,0.12337280455612719,0.16659976785907096,0.0,0.07777477483613733
motive_8,0.26825603598104864,0.1830178500851945,0.03611167826100979,0.15192760260075544,0.13230721104270815,0.10726662030051479,0.07777477483613733,0.0
