,motive_1,motive_2,motive_3,motive_4,motive_5,motive_6,motive_7,motive_8
motive_1,0.0,0.028222863965784387,0.23381830939720688,0.0017929605907955753,-0.03241993846515326,0.10128316923331339,0.09562053295873593,0.19355541063763526
motive_2,0.028222863965784387,0.0,0.06760122016321299,0.12437647258426024,0.01734725658403137,0.05093124378445031,0.11814193189598496,0.11187157199424216
motive_3,0.23381830939720688,0.06760122016321299,0.0,0.1829966711389046,0.08110288783165909,0.12449387878244228,0.16289478073240493,0.21783184570757225
motive_4,0.0017929605907955753,0.12437647258426024,0.1829966711389046,0.0,0.16719628722461438,0.05457187682116617,0.1410233338563563,0.14551655102001448
motive_5,-0.03241993846515326,0.01734725658403137,0.08110288783165909,0.16719628722461438,0.0,0.06387395094371388,0.12770054753887194,0.034956671450161264
motive_6,0.10128316923331339,0.05093124378445031,0.12449387878244228,0.05457187682116617,0.06387395094371388,0.0,0.008898641038151925,0.14021135210070057
motive_7,0.09562053295873593,0.11814193189598496,0.16289478073240493,0.1410233338563563,0.12770054753887194,0.008898641038151925,0.0,0.17017020650797188
motive_8,0.19355541063763526,0.11187157199424216,0.21783184570757225,0.14551655102001448,0.034956671450161264,0.14021135210070057,0.17017020650797188,0.0
