,motive_1,motive_2,motive_3,motive_4,motive_5,motive_6,motive_7,motive_8
motive_1,0.0,0.1525560124321283,0.1791078387081036,0.3771979798502704,0.3529369201287641,0.4136928237577835,0.04277652255663433,0.2942883842335602
motive_2,0.1525560124321283,0.0,0.4040013262654106,-0.14131511411388245,0.2435561558591624,0.19825079368019755,0.26447294730070114,-0.0004570164592526127
motive_3,0.1791078387081036,0.4040013262654106,0.0,0.20228413380258786,0.12218088630069535,0.5537110063314048,0.2569368259532736,0.2731047189078296
motive_4,0.3771979798502704,-0.14131511411388245,0.20228413380258786,0.0,0.2948195226218897,0.6994865396168419,0.19435267949770751,0.45159927553143175
motive_5,0.3529369201287641,0.2435561558591624,0.12218088630069535,0.2948195226218897,0.0,0.44304542167979755,0.29822652364343516,0.1430073284666428
motive_6,0.4136928237577835,0.19825079368019755,0.5537110063314048,0.6994865396168419,0.44304542167979755,0.0,0.21275811103016604,0.3028162246634256
motive_7,0.04277652255663433,0.26447294730070114,0.2569368259532736,0.19435267949770751,0.29822652364343516,0.21275811103016604,0.0,0.1440430668952094
motive_8,0.2942883842335602,-0.0004570164592526127,0.2731047189078296,0.45159927553143175,0.1430073284666428,0.3028162246634256,0.1440430668952094,0.0
