,motive_1,motive_2,motive_3,motive_4,motive_5,motive_6,motive_7,motive_8
motive_1,0.0,0.3407398218575723,0.39673119363042586,0.48393617936583117,0.2508444965482688,0.31209405558731923,0.6931304758553481,0.16563587603703142
motive_2,0.3407398218575723,0.0,0.3860021497808883,0.3948186125498484,0.3909592000058375,0.3362030190015468,0.432974639570735,0.6186903066027316
motive_3,0.39673119363042586,0.3860021497808883,0.0,0.538166780096791,0.35374020188212896,0.549879076040574,0.4876899767141825,0.15805115646855578
motive_4,0.48393617936583117,0.3948186125498484,0.538166780096791,0.0,0.5829460782516787,0.11494370795449926,0.5080302457860947,0.045487421743024406
motive_5,0.2508444965482688,0.3909592000058375,0.35374020188212896,0.5829460782516787,0.0,0.41240683097395725,0.7417211357501676,0.3002356440663225
motive_6,0.31209405558731923,0.3362030190015468,0.549879076040574,0.11494370795449926,0.41240683097395725,0.0,0.49249699229607224,0.09427556775715001
motive_7,0.6931304758553481,0.432974639570735,0.4876899767141825,0.5080302457860947,0.7417211357501676,0.49249699229607224,0.0,0.7037596557282509
motive_8,0.16563587603703142,0.6186903066027316,0.15805115646855578,0.045487421743024406,0.3002356440663225,0.09427556775715001,0.7037596557282509,0.0
