,motive_1,motive_2,motive_3,motive_4,motive_5,motive_6,motive_7,motive_8
motive_1,0.0,0.16577202106827826,0.14932704972058394,0.20224239150874918,0.21819444983163977,0.12769735879474925,0.1597377161730495,0.013263723767027679
motive_2,0.16577202106827826,0.0,0.07692272517807003,0.21759447611602045,0.07701507866821551,0.11165101776434924,0.1278915048471099,0.12490910262346727
motive_3,0.14932704972058394,0.07692272517807003,0.0,0.13523712492490209,0.03301936302527107,0.13576972489848094,0.06710146467490069,0.0454835994865925
motive_4,0.20224239150874918,0.21759447611602045,0.13523712492490209,0.0,0.14584997436617012,0.17533818707688315,0.018339191006343472,0.10155653065063942
motive_5,0.21819444983163977,0.07701507866821551,0.03301936302527107,0.14584997436617012,0.0,0.21499205524092968,0.10728463115074142,0.09209669663847536
motive_6,0.12769735879474925,0.11165101776434924,0.13576972489848094,0.17533818707688315,0.21499205524092968,0.0,0.02561948065378821,0.05173783003289689
motive_7,0.1597377161730495,0.1278915048471099,0.06710146467490069,0.018339191006343472,0.10728463115074142,0.02561948065378821,0.0,0.039811745704837746
motive_8,0.013263723767027679,0.12490910262346727,0.0454835994865925,0.10155653065063942,0.09209669663847536,0.05173783003289689,0.039811745704837746,0.0
