,motive_1,motive_2,motive_3,motive_4,motive_5,motive_6,motive_7,motive_8
motive_1,0.0,0.9865480704288019,-0.2465890168680012,0.31925089543908813,0.4976483674546711,0.2749859228784723,-0.2782788312047726,-0.23707395486901256
motive_2,0.9865480704288019,0.0,0.3091563882778475,-0.13006821284203218,0.44600422994760874,-0.5220000923658555,-0.12224081377962911,-0.30278718595927345
motive_3,-0.2465890168680012,0.3091563882778475,0.0,0.37405781871540233,0.22020793360457525,-0.42294052503619095,-0.5006061864690078,-0.1364368292203437
motive_4,0.31925089543908813,-0.13006821284203218,0.37405781871540233,0.0,-0.08334965957453058,0.3892871625945403,0.3442612064867009,0.1186825724214367
motive_5,0.4976483674546711,0.44600422994760874,0.22020793360457525,-0.08334965957453058,0.0,0.33953714791445666,0.3488046057349461,-0.15943862764673405
motive_6,0.2749859228784723,-0.5220000923658555,-0.42294052503619095,0.3892871625945403,0.33953714791445666,0.0,-0.7853743795604444,0.6425138260647374
motive_7,-0.2782788312047726,-0.12224081377962911,-0.5006061864690078,0.3442612064867009,0.3488046057349461,-0.7853743795604444,0.0,-0.29462576685560427
motive_8,-0.23707395486901256,-0.30278718595927345,-0.1364368292203437,0.1186825724214367,-0.15943862764673405,0.6425138260647374,-0.29462576685560427,0.0
