,motive_1,motive_2,motive_3,motive_4,motive_5,motive_6,motive_7,motive_8
motive_1,0.0,0.40136834912385394,0.18969290578036158,0.11457517639529258,0.16466976966186353,-0.20009126944479555,-0.13310174878147057,-0.7604816797177694
motive_2,0.40136834912385394,0.0,0.044515502575414825,-0.1088463992421474,-0.02814772914206165,-0.25622273668486156,0.06370540557798572,0.5821562079689482
motive_3,0.18969290578036158,0.044515502575414825,0.0,0.04915806470675971,0.16305026817196885,0.2862750964029696,0.14888952781342107,0.6448274300039397
motive_4,0.11457517639529258,-0.1088463992421474,0.04915806470675971,0.0,0.5614731828934683,0.1630820052090172,-0.5016424967848442,0.043153439940608024
motive_5,0.16466976966186353,-0.02814772914206165,0.16305026817196885,0.5614731828934683,0.0,0.03051354543994335,-0.49734238754404636,0.0029066110030968595
motive_6,-0.20009126944479555,-0.25622273668486156,0.2862750964029696,0.1630820052090172,0.03051354543994335,0.0,0.35030992947071016,0.07039292613171261
motive_7,-0.13310174878147057,0.06370540557798572,0.14888952781342107,-0.5016424967848442,-0.49734238754404636,0.35030992947071016,0.0,0.18628156255979123
motive_8,-0.7604816797177694,0.5821562079689482,0.6448274300039397,0.043153439940608024,0.0029066110030968595,0.07039292613171261,0.18628156255979123,0.0
