,motive_1,motive_2,motive_3,motive_4,motive_5,motive_6,motive_7,motive_8
satisfaction,0.44537185187647904,0.3387128881974465,-0.022864913422001892,-0.08028739842251043,0.3963527716347979,-0.06696530114843441,-0.00673488013920881,0.5317451190014326
