,motive_1,motive_2,motive_3,motive_4,motive_5,motive_6,motive_7,motive_8
motive_1,0.0,0.1503808736329484,-0.29738515997354403,0.47405212974492733,0.35578934814034124,0.027815888757239282,0.34854311398236737,-0.35795907142504374
motive_2,0.1503808736329484,0.0,-0.08267390831418264,-0.30219856820221497,0.2245060077951022,-0.10088273453308622,-0.15624364004939434,0.8576487081226476
motive_3,-0.29738515997354403,-0.08267390831418264,0.0,-0.05633879237223299,0.4056090979567975,-0.241595599473863,0.4260847770765901,-0.3932465160535852
motive_4,0.47405212974492733,-0.30219856820221497,-0.05633879237223299,0.0,0.6303500099849664,0.3225482488763801,0.3961287356558678,0.7945725668786281
motive_5,0.35578934814034124,0.2245060077951022,0.4056090979567975,0.6303500099849664,0.0,0.6086570384196472,0.029608724763164007,-0.11850862108691898
motive_6,0.027815888757239282,-0.10088273453308622,-0.241595599473863,0.3225482488763801,0.6086570384196472,0.0,-0.47940676846337976,0.268121950223937
motive_7,0.34854311398236737,-0.15624364004939434,0.4260847770765901,0.3961287356558678,0.029608724763164007,-0.47940676846337976,0.0,-0.18544583207520407
motive_8,-0.35795907142504374,0.8576487081226476,-0.3932465160535852,0.7945725668786281,-0.11850862108691898,0.268121950223937,-0.18544583207520407,0.0
