,motive_1,motive_2,motive_3,motive_4,motive_5,motive_6,motive_7,motive_8
motive_1,0.0,0.31931097714274737,0.5976921030413388,0.19345708921244642,0.565301321959019,0.3703294803430669,0.011833026848497893,0.051476447334017184
motive_2,0.31931097714274737,0.0,0.5824023691028648,-0.020401882594348615,0.39528561381180743,0.5447059756614426,-0.1948023706077801,0.3161142948344254
motive_3,0.5976921030413388,0.5824023691028648,0.0,0.07837303845844648,0.1512721373719686,-0.17195853791077462,0.8751702702057265,0.10874694797461096
motive_4,0.19345708921244642,-0.020401882594348615,0.07837303845844648,0.0,0.3397269858562812,0.26520137924289655,0.18185839151018002,0.5106161775924548
motive_5,0.565301321959019,0.39528561381180743,0.1512721373719686,0.3397269858562812,0.0,-0.020515688142788563,0.2736191888814177,-0.037896038631167625
motive_6,0.3703294803430669,0.5447059756614426,-0.17195853791077462,0.26520137924289655,-0.020515688142788563,0.0,-0.019990439998826576,0.13820957245641263
motive_7,0.011833026848497893,-0.1948023706077801,0.8751702702057265,0.18185839151018002,0.2736191888814177,-0.019990439998826576,0.0,-0.17959707956969945
motive_8,0.051476447334017184,0.3161142948344254,0.10874694797461096,0.5106161775924548,-0.037896038631167625,0.13820957245641263,-0.17959707956969945,0.0
