,motive_1,motive_2,motive_3,motive_4,motive_5,motive_6,motive_7,motive_8
motive_1,0.0,0.22897339298112518,0.0848332397203964,0.05043209332355969,0.06509756697970942,0.060173450652970834,0.04299691500126175,0.022142841255420886
motive_2,0.22897339298112518,0.0,-0.006999628419675899,0.061737526184188464,0.11254738589631359,0.12320354776331482,0.18613691737645632,0.04901211082365863
motive_3,0.0848332397203964,-0.006999628419675899,0.0,0.018311007358674684,0.10648235468104726,0.15322264619583456,0.10496238074475508,0.04941342321266798
motive_4,0.05043209332355969,0.061737526184188464,0.018311007358674684,0.0,0.2050068661987754,0.07709526687062941,0.120888431338177,0.10663468994213907
motive_5,0.06509756697970942,0.11254738589631359,0.10648235468104726,0.2050068661987754,0.0,0.1508101391211013,0.04031248460110945,0.13007420721577728
motive_6,0.060173450652970834,0.12320354776331482,0.15322264619583456,0.07709526687062941,0.1508101391211013,0.0,-0.12113030919746855,0.23727619021411073
motive_7,0.04299691500126175,0.18613691737645632,0.10496238074475508,0.120888431338177,0.04031248460110945,-0.12113030919746855,0.0,0.0832702728579254
motive_8,0.022142841255420886,0.04901211082365863,0.04941342321266798,0.10663468994213907,0.13007420721577728,0.23727619021411073,0.0832702728579254,0.0
