,motive_1,motive_2,motive_3,motive_4,motive_5,motive_6,motive_7,motive_8
motive_1,0.0,-0.1304957890945776,0.1468916837067241,-0.08117568480703058,0.22272290014773505,0.3167650307141748,0.23225389768219223,0.10708283114218871
motive_2,-0.1304957890945776,0.0,-0.22913361081274414,0.06571982103678022,0.28518133118767,0.1849930820722041,0.254977751148705,0.21353009528248845
motive_3,0.1468916837067241,-0.22913361081274414,0.0,-0.11066095927989839,0.1705975492269476,0.21161460052453235,0.12496972230861095,0.46894773844066284
motive_4,-0.08117568480703058,0.06571982103678022,-0.11066095927989839,0.0,0.41279448113491923,0.41002118781271674,-0.07348683163818258,0.4699432873279842
motive_5,0.22272290014773505,0.28518133118767,0.1705975492269476,0.41279448113491923,0.0,0.3109977437322042,-0.1421533301406695,0.2300598892890927
motive_6,0.3167650307141748,0.1849930820722041,0.21161460052453235,0.41002118781271674,0.3109977437322042,0.0,0.6545413164754422,0.07068073711798678
motive_7,0.23225389768219223,0.254977751148705,0.12496972230861095,-0.07348683163818258,-0.1421533301406695,0.6545413164754422,0.0,-0.15259512823037175
motive_8,0.10708283114218871,0.21353009528248845,0.46894773844066284,0.4699432873279842,0.2300598892890927,0.07068073711798678,-0.15259512823037175,0.0
