,motive_1,motive_2,motive_3,motive_4,motive_5,motive_6,motive_7,motive_8
motive_1,0.0,-0.09169367193486404,0.0007326428746750949,0.04731018000408533,-0.13528739570189516,-0.008052567267657296,0.04841535438576893,0.029130394677767638
motive_2,-0.09169367193486404,0.0,-0.02751344129020334,0.027781282128107654,0.032473309609110795,-0.058932416032361795,-0.0198009847782051,-0.009815737230578776
motive_3,0.0007326428746750949,-0.02751344129020334,0.0,-0.035068722995791626,-0.03838311941769566,-0.018481492231609095,0.03561841505182675,-0.13814095994773073
motive_4,0.04731018000408533,0.027781282128107654,-0.035068722995791626,0.0,0.04302505552922406,-0.07026131248105527,0.03665131452721927,0.012249658780532989
motive_5,-0.13528739570189516,0.032473309609110795,-0.03838311941769566,0.04302505552922406,0.0,-0.006229183139095991,-0.1512344595168517,0.05827445497488357
motive_6,-0.008052567267657296,-0.058932416032361795,-0.018481492231609095,-0.07026131248105527,-0.006229183139095991,0.0,0.06639262571393392,-0.019495959125030184
motive_7,0.04841535438576893,-0.0198009847782051,0.03561841505182675,0.03665131452721927,-0.1512344595168517,0.06639262571393392,0.0,-0.04912416884552889
motive_8,0.029130394677767638,-0.009815737230578776,-0.13814095994773073,0.012249658780532989,0.05827445497488357,-0.019495959125030184,-0.04912416884552889,0.0
