,motive_1,motive_2,motive_3,motive_4,motive_5,motive_6,motive_7,motive_8
motive_1,0.0,-0.24072339962550723,0.6946902449971923,-0.0035201144038689014,-0.1388417759721013,-0.06393003405512616,0.4771415210513045,0.847256543720458
motive_2,-0.24072339962550723,0.0,0.24827566360249617,-0.06352320326307992,0.3007800960172432,0.2881571020881377,-0.2817382045960137,-0.6952654805639723
motive_3,0.6946902449971923,0.24827566360249617,0.0,0.49729013990498927,0.6634429269684898,-0.1133967271958656,0.1304943975032632,-0.3163720838356845
motive_4,-0.0035201144038689014,-0.06352320326307992,0.49729013990498927,0.0,0.02062989625129144,0.34462941788249474,0.7875403845414459,-0.6991392602028336
motive_5,-0.1388417759721013,0.3007800960172432,0.6634429269684898,0.02062989625129144,0.0,-0.5228639493373819,0.27499312686915284,0.346250951612633
motive_6,-0.06393003405512616,0.2881571020881377,-0.1133967271958656,0.34462941788249474,-0.5228639493373819,0.0,0.5709494688490732,-0.4031429236778939
motive_7,0.4771415210513045,-0.2817382045960137,0.1304943975032632,0.7875403845414459,0.27499312686915284,0.5709494688490732,0.0,-0.3472745897125955
motive_8,0.847256543720458,-0.6952654805639723,-0.3163720838356845,-0.6991392602028336,0.346250951612633,-0.4031429236778939,-0.3472745897125955,0.0
