,motive_1,motive_2,motive_3,motive_4,motive_5,motive_6,motive_7,motive_8
motive_1,0.0,0.26732326398295164,0.14429883962782708,0.3592502455818664,0.42048913542746524,0.2764547463951004,0.24274525537499525,0.3278307048664713
motive_2,0.26732326398295164,0.0,0.2752238985698463,0.29504844020656784,0.3745243484235077,0.14136618989889713,0.149671817867421,0.34537071733453667
motive_3,0.14429883962782708,0.2752238985698463,0.0,0.20352907926788033,0.31847049576215597,0.36412254111325226,0.2840570817446942,0.600760134692602
motive_4,0.3592502455818664,0.29504844020656784,0.20352907926788033,0.0,-0.23705538333581957,0.2215385690662745,0.11746325552844628,0.4705760593208404
motive_5,0.42048913542746524,0.3745243484235077,0.31847049576215597,-0.23705538333581957,0.0,0.20188006839445127,0.3961183540616185,0.021409697015412177
motive_6,0.2764547463951004,0.14136618989889713,0.36412254111325226,0.2215385690662745,0.20188006839445127,0.0,0.3556633818052737,0.5029864110273681
motive_7,0.24274525537499525,0.149671817867421,0.2840570817446942,0.11746325552844628,0.3961183540616185,0.3556633818052737,0.0,0.24895521066035545
motive_8,0.3278307048664713,0.34537071733453667,0.600760134692602,0.4705760593208404,0.021409697015412177,0.5029864110273681,0.24895521066035545,0.0
