,motive_1,motive_2,motive_3,motive_4,motive_5,motive_6,motive_7,motive_8
satisfaction,0.5557570049187819,0.5731429524446775,0.048713638880503785,0.4957873632256611,0.06673758975086364,0.3373570988279022,-0.002440550236270489,0.2762373660483106
