,motive_1,motive_2,motive_3,motive_4,motive_5,motive_6,motive_7,motive_8
motive_1,0.0,-0.1816700737277268,0.040604622062315424,0.1503083493380112,0.8681663702116802,0.27132631975549476,-0.13162517256268713,0.3723763038107154
motive_2,-0.1816700737277268,0.0,0.23517546106749543,0.35699224713188443,0.1224290008997787,-0.15728284946015364,0.20110483809522506,0.7426428610706117
motive_3,0.040604622062315424,0.23517546106749543,0.0,0.18782357455319293,-0.18906208968795438,-0.07075511267092055,0.6761778977328647,-0.03423319125436969
motive_4,0.1503083493380112,0.35699224713188443,0.18782357455319293,0.0,-0.4728588433834677,0.38871381941222605,0.17269963015225265,0.3291347860784368
motive_5,0.8681663702116802,0.1224290008997787,-0.18906208968795438,-0.4728588433834677,0.0,0.5695608834306107,0.8058785104482082,-0.17700422606500962
motive_6,0.27132631975549476,-0.15728284946015364,-0.07075511267092055,0.38871381941222605,0.5695608834306107,0.0,-0.015713404458813182,-0.20623494448262877
motive_7,-0.13162517256268713,0.20110483809522506,0.6761778977328647,0.17269963015225265,0.8058785104482082,-0.015713404458813182,0.0,-0.27547302213294944
motive_8,0.3723763038107154,0.7426428610706117,-0.03423319125436969,0.3291347860784368,-0.17700422606500962,-0.20623494448262877,-0.27547302213294944,0.0
