,motive_1,motive_2,motive_3,motive_4,motive_5,motive_6,motive_7,motive_8
motive_1,0.0,0.6056603321660786,0.3831697469535983,0.29027269361357905,0.02519583467641784,0.29022415388533007,0.2681373689426226,0.4237787404465806
motive_2,0.6056603321660786,0.0,0.35546048257319474,0.32356478636764097,0.05726466880179694,0.2480759383893817,0.16598179370775265,0.34402771322320036
motive_3,0.3831697469535983,0.35546048257319474,0.0,0.185692460546232,-0.010136530848665393,0.09598453394784448,-0.08763020214568987,0.6660905179594323
motive_4,0.29027269361357905,0.32356478636764097,0.185692460546232,0.0,0.29088518428632093,0.14660973054713905,-0.0831787968054145,0.3209499174007584
motive_5,0.02519583467641784,0.05726466880179694,-0.010136530848665393,0.29088518428632093,0.0,0.29697561017243546,0.09548821266718896,0.07001444372625969
motive_6,0.29022415388533007,0.2480759383893817,0.09598453394784448,0.14660973054713905,0.29697561017243546,0.0,0.15868880499706184,0.4728525999936687
motive_7,0.2681373689426226,0.16598179370775265,-0.08763020214568987,-0.0831787968054145,0.09548821266718896,0.15868880499706184,0.0,-0.049078532387749174
motive_8,0.4237787404465806,0.34402771322320036,0.6660905179594323,0.3209499174007584,0.07001444372625969,0.4728525999936687,-0.049078532387749174,0.0
