,motive_1,motive_2,motive_3,motive_4,motive_5,motive_6,motive_7,motive_8
motive_1,0.0,0.021730460883095135,0.12417411739969104,0.2610142907271561,0.09126982514153767,0.16007725099493159,0.16461835287828672,0.09108696660913813
motive_2,0.021730460883095135,0.0,0.15298953560975787,0.20760971610319856,0.17320103877710366,0.22632223179157646,0.10486700387370403,0.08446393643685175
motive_3,0.12417411739969104,0.15298953560975787,0.0,0.08520921232535625,0.14080794188492318,0.08938684626082159,0.058127409577936384,0.12276826839889637
motive_4,0.2610142907271561,0.20760971610319856,0.08520921232535625,0.0,0.14539653333225733,0.03158571694011357,0.05580383394727356,0.032166813663352035
motive_5,0.09126982514153767,0.17320103877710366,0.14080794188492318,0.14539653333225733,0.0,-0.047492162874596275,0.20395554271741312,0.16225198463168658
motive_6,0.16007725099493159,0.22632223179157646,0.08938684626082159,0.03158571694011357,-0.047492162874596275,0.0,0.071852948387247,0.12325779769155394
motive_7,0.16461835287828672,0.10486700387370403,0.058127409577936384,0.05580383394727356,0.20395554271741312,0.071852948387247,0.0,0.14139644257938958
motive_8,0.09108696660913813,0.08446393643685175,0.12276826839889637,0.032166813663352035,0.16225198463168658,0.12325779769155394,0.14139644257938958,0.0
