,motive_1,motive_2,motive_3,motive_4,motive_5,motive_6,motive_7,motive_8
motive_1,0.0,0.5374356736096632,0.46740770673525606,0.16810013411665597,0.6200984607219145,0.33046271052904425,0.48480902327677877,0.4621383250339369
motive_2,0.5374356736096632,0.0,0.37270521935222944,0.06872161617176639,0.6399520777101625,0.47476903832573797,0.450185302825867,0.5075585313697706
motive_3,0.46740770673525606,0.37270521935222944,0.0,0.880463060817773,0.336467224227507,0.3809524710429505,0.3148762123270566,0.15505861647102315
motive_4,0.16810013411665597,0.06872161617176639,0.880463060817773,0.0,0.5123078090596533,0.3650736474515518,0.31598227857387984,0.602493170512068
motive_5,0.6200984607219145,0.6399520777101625,0.336467224227507,0.5123078090596533,0.0,0.5002072124309305,0.4750614619421265,0.3018078292671206
motive_6,0.33046271052904425,0.47476903832573797,0.3809524710429505,0.3650736474515518,0.5002072124309305,0.0,0.41641007176170275,0.7134681984172847
motive_7,0.48480902327677877,0.450185302825867,0.3148762123270566,0.31598227857387984,0.4750614619421265,0.41641007176170275,0.0,0.3967793776022999
motive_8,0.4621383250339369,0.5075585313697706,0.15505861647102315,0.602493170512068,0.3018078292671206,0.7134681984172847,0.3967793776022999,0.0
