,motive_1,motive_2,motive_3,motive_4,motive_5,motive_6,motive_7,motive_8
motive_1,0.0,0.7083457863357411,0.5087962150338112,0.2728328494891392,0.20290597059178012,0.33553933243890144,0.26750224976372994,0.49469525295792743
motive_2,0.7083457863357411,0.0,0.2413750333087306,0.4861543902400213,0.3550491037174994,0.4550315949317899,0.5025049257373994,0.24017086959564252
motive_3,0.5087962150338112,0.2413750333087306,0.0,0.6775087844704702,0.6928474356075011,0.3924468573185179,0.01970798578625768,-0.03329982037119078
motive_4,0.2728328494891392,0.4861543902400213,0.6775087844704702,0.0,0.29469028329912744,0.4865154181528493,0.12870865407308574,0.47420407918448504
motive_5,0.20290597059178012,0.3550491037174994,0.6928474356075011,0.29469028329912744,0.0,0.2848038943178153,0.26643794629513795,0.14582466529635074
motive_6,0.33553933243890144,0.4550315949317899,0.3924468573185179,0.4865154181528493,0.2848038943178153,0.0,0.8779933067953578,0.46335180585762403
motive_7,0.26750224976372994,0.5025049257373994,0.01970798578625768,0.12870865407308574,0.26643794629513795,0.8779933067953578,0.0,0.5261532408168359
motive_8,0.49469525295792743,0.24017086959564252,-0.03329982037119078,0.47420407918448504,0.14582466529635074,0.46335180585762403,0.5261532408168359,0.0
