,motive_1,motive_2,motive_3,motive_4,motive_5,motive_6,motive_7,motive_8
motive_1,0.0,0.21442235228968806,0.06970367825912596,0.19130175600174934,0.07853050304334128,0.08185312662845148,0.023662066112473262,0.17967966716144784
motive_2,0.21442235228968806,0.0,-0.045051224642357224,0.059167712659450686,0.16791017702447886,0.19457611668465913,0.02602020715823635,0.04850091107131796
motive_3,0.06970367825912596,-0.045051224642357224,0.0,0.11031236545461925,0.0876981975147108,0.009872932198700661,0.05060933986165466,0.081639755632407
motive_4,0.19130175600174934,0.059167712659450686,0.11031236545461925,0.0,0.15042668381536428,0.0479117462933415,-0.05639705840031052,0.11158464358802497
motive_5,0.07853050304334128,0.16791017702447886,0.0876981975147108,0.15042668381536428,0.0,-0.014823903805524754,0.11339396541895072,0.1932090980848436
motive_6,0.08185312662845148,0.19457611668465913,0.009872932198700661,0.0479117462933415,-0.014823903805524754,0.0,0.15382063449405503,0.17808232268565183
motive_7,0.023662066112473262,0.02602020715823635,0.05060933986165466,-0.05639705840031052,0.11339396541895072,0.15382063449405503,0.0,0.19921720552042366
motive_8,0.17967966716144784,0.04850091107131796,0.081639755632407,0.11158464358802497,0.1932090980848436,0.17808232268565183,0.19921720552042366,0.0
