,motive_1,motive_2,motive_3,motive_4,motive_5,motive_6,motive_7,motive_8
motive_1,0.0,0.2733969038696959,0.7801377777890803,0.6562847399805605,0.7323019409036948,0.6624921964836656,0.4477255942776592,0.371888014147754
motive_2,0.2733969038696959,0.0,0.23565655155255033,0.25092108750442105,0.01723988055336928,0.3818456234032057,0.4180453534078349,0.6937757290929869
motive_3,0.7801377777890803,0.23565655155255033,0.0,0.51859059748066,0.5827884264872852,0.5666776720422481,0.09961092258911225,0.13280156812762844
motive_4,0.6562847399805605,0.25092108750442105,0.51859059748066,0.0,0.29118019631593606,0.49008265123921374,0.2136405153115385,0.6177631750121089
motive_5,0.7323019409036948,0.01723988055336928,0.5827884264872852,0.29118019631593606,0.0,0.41119017459161866,0.2712304328976053,0.14434306878066916
motive_6,0.6624921964836656,0.3818456234032057,0.5666776720422481,0.49008265123921374,0.41119017459161866,0.0,0.3238525476823615,0.6183754602379261
motive_7,0.4477255942776592,0.4180453534078349,0.09961092258911225,0.2136405153115385,0.2712304328976053,0.3238525476823615,0.0,0.3478835881339664
motive_8,0.371888014147754,0.6937757290929869,0.13280156812762844,0.6177631750121089,0.14434306878066916,0.6183754602379261,0.3478835881339664,0.0
