,motive_1,motive_2,motive_3,motive_4,motive_5,motive_6,motive_7,motive_8
satisfaction,0.1616440495073648,-0.03578632303760626,0.1634799462108024,0.11664910283138338,0.2194519100529527,0.034148272278878095,0.035970658270393946,0.14561397765997092
