,motive_1,motive_2,motive_3,motive_4,motive_5,motive_6,motive_7,motive_8
motive_1,0.0,0.5447540115376734,-0.2741267836790193,0.5090571560493332,-0.03840539091597911,0.15359698712693978,0.0025828302277107473,0.5739421468166916
motive_2,0.5447540115376734,0.0,0.4422220385672204,0.3502150844134697,-0.2477746880289493,0.207411098932625,0.28827533983148124,0.6019584204583135
motive_3,-0.2741267836790193,0.4422220385672204,0.0,0.45435527727858926,-0.08316900234723293,-0.009799830441152374,0.4058621456510253,0.31345645472334394
motive_4,0.5090571560493332,0.3502150844134697,0.45435527727858926,0.0,0.2447957690908337,0.21411665488022494,0.4879087589310939,0.19094393070071788
motive_5,-0.03840539091597911,-0.2477746880289493,-0.08316900234723293,0.2447957690908337,0.0,-0.020920346379700527,0.05655973469295897,0.20021629741014596
motive_6,0.15359698712693978,0.207411098932625,-0.009799830441152374,0.21411665488022494,-0.020920346379700527,0.0,0.47059964251870884,0.23399762321728299
motive_7,0.0025828302277107473,0.28827533983148124,0.4058621456510253,0.4879087589310939,0.05655973469295897,0.47059964251870884,0.0,0.24433220323340152
motive_8,0.5739421468166916,0.6019584204583135,0.31345645472334394,0.19094393070071788,0.20021629741014596,0.23399762321728299,0.24433220323340152,0.0
