,motive_1,motive_2,motive_3,motive_4,motive_5,motive_6,motive_7,motive_8
motive_1,0.0,-0.16666358410469362,-0.17537769583364166,-1.042446366014205,0.04982807441191189,-0.3686828446997068,-0.3415575448117192,0.24048936169792612
motive_2,-0.16666358410469362,0.0,0.23248771113822073,0.3023852623720318,-0.314329764362126,-0.6448243310467752,-0.4752802820624412,0.5651242683487718
motive_3,-0.17537769583364166,0.23248771113822073,0.0,0.4719873669064257,-0.006162351187969456,-0.10335317989434012,0.3956567661520304,-0.46285542473050345
motive_4,-1.042446366014205,0.3023852623720318,0.4719873669064257,0.0,0.4990049479387265,-0.06520397167660608,-0.11435006767262375,-0.3007593620459441
motive_5,0.04982807441191189,-0.314329764362126,-0.006162351187969456,0.4990049479387265,0.0,0.7621763828852843,-0.701489482466293,-0.12274460884436456
motive_6,-0.3686828446997068,-0.6448243310467752,-0.10335317989434012,-0.06520397167660608,0.7621763828852843,0.0,-0.39001485353760273,-0.5898359416332265
motive_7,-0.3415575448117192,-0.4752802820624412,0.3956567661520304,-0.11435006767262375,-0.701489482466293,-0.39001485353760273,0.0,0.1387209893970473
motive_8,0.24048936169792612,0.5651242683487718,-0.46285542473050345,-0.3007593620459441,-0.12274460884436456,-0.5898359416332265,0.1387209893970473,0.0
