,motive_1,motive_2,motive_3,motive_4,motive_5,motive_6,motive_7,motive_8
satisfaction,0.22741659172258719,0.2500664932937995,0.4193596435047655,0.3751351817599189,0.3261778812706856,-0.04834278318038521,0.030711827456855564,-0.01842941678301621
