,motive_1,motive_2,motive_3,motive_4,motive_5,motive_6,motive_7,motive_8
motive_1,0.0,0.0736181381774785,0.05159675258045225,-0.03345967325202965,-0.11274121819348226,0.045959092763173816,-0.0495585325336475,0.08132057333330063
motive_2,0.0736181381774785,0.0,0.027219290694610314,0.14024487325849155,-0.002738294301090091,0.03832485489852374,-0.020413726786266302,0.04415559555391189
motive_3,0.05159675258045225,0.027219290694610314,0.0,0.07048845851827887,-0.006779320114273297,-0.017617437435496312,-0.08766023539356219,-0.09504243076273318
motive_4,-0.03345967325202965,0.14024487325849155,0.07048845851827887,0.0,0.02798131219699574,0.11221578950413841,0.023361233759825357,0.042379663834716065
motive_5,-0.11274121819348226,-0.002738294301090091,-0.006779320114273297,0.02798131219699574,0.0,-0.020148952507942804,-0.008424716683652793,0.09561341303044704
motive_6,0.045959092763173816,0.03832485489852374,-0.017617437435496312,0.11221578950413841,-0.020148952507942804,0.0,-0.09709303079245421,0.057789854520354345
motive_7,-0.0495585325336475,-0.020413726786266302,-0.08766023539356219,0.023361233759825357,-0.008424716683652793,-0.09709303079245421,0.0,0.06728725980958061
motive_8,0.08132057333330063,0.04415559555391189,-0.09504243076273318,0.042379663834716065,0.09561341303044704,0.057789854520354345,0.06728725980958061,0.0
