,motive_1,motive_2,motive_3,motive_4,motive_5,motive_6,motive_7,motive_8
motive_1,0.0,0.45402554900529385,0.51692004977076,0.2927786300989829,0.27408155119867955,0.14940509991334291,0.25073154206742243,0.6657071422821137
motive_2,0.45402554900529385,0.0,0.30591840883305826,0.18225699884434265,0.5275520615223863,0.24899153431883914,0.4877400375272887,1.0232315864618893
motive_3,0.51692004977076,0.30591840883305826,0.0,0.40436788425880543,0.15981625238459274,0.45456517443135097,0.5933624580713339,0.059828004116705
motive_4,0.2927786300989829,0.18225699884434265,0.40436788425880543,0.0,0.4393763365705,0.3738319453910844,0.25168864393564433,0.6549561819223937
motive_5,0.27408155119867955,0.5275520615223863,0.15981625238459274,0.4393763365705,0.0,0.3675071915978233,0.5922084794358873,0.42277728872990383
motive_6,0.14940509991334291,0.24899153431883914,0.45456517443135097,0.3738319453910844,0.3675071915978233,0.0,0.150265108191678,0.7203490143807236
motive_7,0.25073154206742243,0.4877400375272887,0.5933624580713339,0.25168864393564433,0.5922084794358873,0.150265108191678,0.0,0.42310606453264676
motive_8,0.6657071422821137,1.0232315864618893,0.059828004116705,0.6549561819223937,0.42277728872990383,0.7203490143807236,0.42310606453264676,0.0
