,motive_1,motive_2,motive_3,motive_4,motive_5,motive_6,motive_7,motive_8
motive_1,0.0,0.3949998055707394,0.7004137228814826,-0.004915301379632295,0.2788508106586594,-0.046755915851961205,0.3315780960247368,0.7863022851685656
motive_2,0.3949998055707394,0.0,0.653164734599512,0.727480102620285,0.4002940764535421,0.4828500622159819,0.6212660039843567,0.4031529378314127
motive_3,0.7004137228814826,0.653164734599512,0.0,0.015617288899133872,0.39974051389031884,0.4552645715920605,0.1404426573560697,0.30337488455554124
motive_4,-0.004915301379632295,0.727480102620285,0.015617288899133872,0.0,0.5943574034617471,0.29097041943112895,0.026804067673726895,0.49236161502651776
motive_5,0.2788508106586594,0.4002940764535421,0.39974051389031884,0.5943574034617471,0.0,0.5885910721982992,0.30166459294501896,0.8674248735510812
motive_6,-0.046755915851961205,0.4828500622159819,0.4552645715920605,0.29097041943112895,0.5885910721982992,0.0,0.40552008686959856,0.22669367717421543
motive_7,0.3315780960247368,0.6212660039843567,0.1404426573560697,0.026804067673726895,0.30166459294501896,0.40552008686959856,0.0,-0.01706367307755907
motive_8,0.7863022851685656,0.4031529378314127,0.30337488455554124,0.49236161502651776,0.8674248735510812,0.22669367717421543,-0.01706367307755907,0.0
