,motive_1,motive_2,motive_3,motive_4,motive_5,motive_6,motive_7,motive_8
satisfaction,-0.017132082527756137,0.17824455560813207,0.2049253071933544,0.0564419355365328,0.08420935307831244,0.3606286618927873,0.209056549799497,-0.10090699269930381
