,motive_1,motive_2,motive_3,motive_4,motive_5,motive_6,motive_7,motive_8
motive_1,0.0,0.36357399473909774,0.2294678752995865,-0.33997486278314903,-0.2159022799651853,0.07854542394493358,-0.6533287777579438,0.10758019220843668
motive_2,0.36357399473909774,0.0,-0.17839359082832068,-0.04613080377999952,0.2939158165096918,0.6922163216535813,0.260811990232988,-0.17306960246004388
motive_3,0.2294678752995865,-0.17839359082832068,0.0,0.3034548230810624,-0.5786377756425892,0.025589754968799783,0.45859784454661506,0.06718176707602713
motive_4,-0.33997486278314903,-0.04613080377999952,0.3034548230810624,0.0,-0.44346652095721706,-0.6635640455406191,-0.08977195915417496,0.34843050699046246
motive_5,-0.2159022799651853,0.2939158165096918,-0.5786377756425892,-0.44346652095721706,0.0,-0.18634202878100053,0.24113515027028692,0.6187033774935747
motive_6,0.07854542394493358,0.6922163216535813,0.025589754968799783,-0.6635640455406191,-0.18634202878100053,0.0,1.0790632179712611,0.06082542466886069
motive_7,-0.6533287777579438,0.260811990232988,0.45859784454661506,-0.08977195915417496,0.24113515027028692,1.0790632179712611,0.0,-1.0880688638873601
motive_8,0.10758019220843668,-0.17306960246004388,0.06718176707602713,0.34843050699046246,0.6187033774935747,0.06082542466886069,-1.0880688638873601,0.0
