,motive_1,motive_2,motive_3,motive_4,motive_5,motive_6,motive_7,motive_8
satisfaction,0.040092210446190595,-0.08123818958274334,0.1692303387043106,0.1029510747052235,0.3139411740895274,0.0035786759480117697,0.368678172560978,0.27849412153918673
