,motive_1,motive_2,motive_3,motive_4,motive_5,motive_6,motive_7,motive_8
motive_1,0.0,-0.030397774085067258,-0.03762832471898647,0.08553943618451483,-0.08651624955302448,0.008960326469297654,-0.0243796309093846,-0.04356678699790283
motive_2,-0.030397774085067258,0.0,0.01624152361603573,-0.014732797684038387,-0.001848815019191201,-0.07609872042827305,-0.013146421912507367,0.03690009016187984
motive_3,-0.03762832471898647,0.01624152361603573,0.0,-0.047212793330741964,0.02981857425396619,-0.1177036339202841,-0.052759973866744136,-0.15027012279517546
motive_4,0.08553943618451483,-0.014732797684038387,-0.047212793330741964,0.0,-0.12367596772902331,0.016236466220799856,0.025458652810490062,-0.07391679471267668
motive_5,-0.08651624955302448,-0.001848815019191201,0.02981857425396619,-0.12367596772902331,0.0,-0.07442887999017389,0.01222699008366998,0.04587237276556656
motive_6,0.008960326469297654,-0.07609872042827305,-0.1177036339202841,0.016236466220799856,-0.07442887999017389,0.0,-0.008577960257003074,0.018500902863589033
motive_7,-0.0243796309093846,-0.013146421912507367,-0.052759973866744136,0.025458652810490062,0.01222699008366998,-0.008577960257003074,0.0,-0.008304526198579437
motive_8,-0.04356678699790283,0.03690009016187984,-0.15027012279517546,-0.07391679471267668,0.04587237276556656,0.018500902863589033,-0.008304526198579437,0.0
