,motive_1,motive_2,motive_3,motive_4,motive_5,motive_6,motive_7,motive_8
satisfaction,0.004160130957467756,0.059990608583233934,0.4153603001681965,0.2803223855519932,0.02852445553821141,0.05410038602195557,0.41107671910044363,-0.03889690714119562
