,motive_1,motive_2,motive_3,motive_4,motive_5,motive_6,motive_7,motive_8
motive_1,0.0,0.10080698393432572,0.03802546203960039,-0.036340627770109796,0.05407006625262771,0.06325424924240672,0.026128530970719502,0.025449237268986305
motive_2,0.10080698393432572,0.0,0.020862973492113655,0.07718401165176297,-0.08078130238573243,0.0168897370897081,-0.026220188592734388,-0.035423770447385164
motive_3,0.03802546203960039,0.020862973492113655,0.0,0.14196676730164562,0.03155994213493753,0.0007396346041747201,-0.03637335524576383,0.01119869460332708
motive_4,-0.036340627770109796,0.07718401165176297,0.14196676730164562,0.0,-0.022264777394355666,-0.0014135713808322223,-0.021184802447516374,0.055365285411976106
motive_5,0.05407006625262771,-0.08078130238573243,0.03155994213493753,-0.022264777394355666,0.0,0.03669956327642947,0.03150850436819759,0.05003029201064758
motive_6,0.06325424924240672,0.0168897370897081,0.0007396346041747201,-0.0014135713808322223,0.03669956327642947,0.0,0.01238607340155708,0.08875019398280778
motive_7,0.026128530970719502,-0.026220188592734388,-0.03637335524576383,-0.021184802447516374,0.03150850436819759,0.01238607340155708,0.0,0.06546016652921499
motive_8,0.025449237268986305,-0.035423770447385164,0.01119869460332708,0.055365285411976106,0.05003029201064758,0.08875019398280778,0.06546016652921499,0.0
