,motive_1,motive_2,motive_3,motive_4,motive_5,motive_6,motive_7,motive_8
motive_1,0.0,0.09948338622608416,0.12515975117147715,0.02788091208354622,0.18987930181934634,0.023724621989331347,0.04444714129202781,0.07127858096136183
motive_2,0.09948338622608416,0.0,0.053998526278810646,0.043913667876767676,0.0038929068404930794,0.19844664266002843,0.09713208164488801,-0.08594137819956854
motive_3,0.12515975117147715,0.053998526278810646,0.0,0.13266329930144594,0.10510739552620313,0.004005832718948506,0.09416457012011337,0.065749026257646
motive_4,0.02788091208354622,0.043913667876767676,0.13266329930144594,0.0,0.09530457049889274,0.12170847762732125,0.19466642635620954,0.0926777005362307
motive_5,0.18987930181934634,0.0038929068404930794,0.10510739552620313,0.09530457049889274,0.0,0.03788864127943582,0.048448008764254535,0.1033661120626694
motive_6,0.023724621989331347,0.19844664266002843,0.004005832718948506,0.12170847762732125,0.03788864127943582,0.0,-0.03261382711735261,0.19723104729937418
motive_7,0.04444714129202781,0.09713208164488801,0.09416457012011337,0.19466642635620954,0.048448008764254535,-0.03261382711735261,0.0,0.1895909452370207
motive_8,0.07127858096136183,-0.08594137819956854,0.065749026257646,0.0926777005362307,0.1033661120626694,0.19723104729937418,0.1895909452370207,0.0
