,motive_1,motive_2,motive_3,motive_4,motive_5,motive_6,motive_7,motive_8
motive_1,0.0,0.07581139208900117,0.08389018467440715,0.3242771725974417,0.6730385978561151,0.392614743900218,0.6804977766395697,0.24590077261756288
motive_2,0.07581139208900117,0.0,0.39732913421724314,0.2982742067177946,0.5229805016116963,0.17242902116173914,0.23751753827776173,0.6002678333820848
motive_3,0.08389018467440715,0.39732913421724314,0.0,-0.020997020686702228,0.3122589556472002,0.43681568291542655,-0.009783817183021681,0.3707202355788657
motive_4,0.3242771725974417,0.2982742067177946,-0.020997020686702228,0.0,0.3842308964953326,0.37085259518348257,0.5337979140003092,0.12571492204728538
motive_5,0.6730385978561151,0.5229805016116963,0.3122589556472002,0.3842308964953326,0.0,0.06949162916172802,0.5823254615725545,0.09638597725773876
motive_6,0.392614743900218,0.17242902116173914,0.43681568291542655,0.37085259518348257,0.06949162916172802,0.0,0.6562044223233099,0.2287023140372714
motive_7,0.6804977766395697,0.23751753827776173,-0.009783817183021681,0.5337979140003092,0.5823254615725545,0.6562044223233099,0.0,0.16181412036154863
motive_8,0.24590077261756288,0.6002678333820848,0.3707202355788657,0.12571492204728538,0.09638597725773876,0.2287023140372714,0.16181412036154863,0.0
