,motive_1,motive_2,motive_3,motive_4,motive_5,motive_6,motive_7,motive_8
motive_1,0.0,0.13430505283577715,0.0337784885354897,0.02700846484443755,0.0845762175948243,-0.09221910166216947,0.07035907653711515,0.13011103490306458
motive_2,0.13430505283577715,0.0,-0.20502719753047388,-0.014368099950474306,0.12344933418935737,-0.0484862972355259,0.058986280338363464,0.08351474920791943
motive_3,0.0337784885354897,-0.20502719753047388,0.0,0.1472584585216597,-0.0189994764476642,0.1397678132102317,0.12523609133958985,0.03066629403771197
motive_4,0.02700846484443755,-0.014368099950474306,0.1472584585216597,0.0,0.025272574995115545,0.10259038247637846,-0.03932515645329447,0.02866846455874426
motive_5,0.0845762175948243,0.12344933418935737,-0.0189994764476642,0.025272574995115545,0.0,0.04600746538705497,0.07674466184034218,0.036133638522992076
motive_6,-0.09221910166216947,-0.0484862972355259,0.1397678132102317,0.10259038247637846,0.04600746538705497,0.0,0.023889207196650195,-0.06853433954799913
motive_7,0.07035907653711515,0.058986280338363464,0.12523609133958985,-0.03932515645329447,0.07674466184034218,0.023889207196650195,0.0,0.07366486298501865
motive_8,0.13011103490306458,0.08351474920791943,0.03066629403771197,0.02866846455874426,0.036133638522992076,-0.06853433954799913,0.07366486298501865,0.0
