,motive_1,motive_2,motive_3,motive_4,motive_5,motive_6,motive_7,motive_8
motive_1,0.0,0.11229756859645462,0.08894924451008686,0.17016605130703416,0.03579342405436371,0.027213163159948005,0.10573807647509909,-0.03367925580212791
motive_2,0.11229756859645462,0.0,0.018473631780229774,0.12864230815755268,-0.00480449131919633,0.11410471301043142,0.12820920238899625,0.06443653277913663
motive_3,0.08894924451008686,0.018473631780229774,0.0,-0.07163134873357815,0.10676980257878668,-0.0027866817429897453,0.09151025101571586,0.03685139592737447
motive_4,0.17016605130703416,0.12864230815755268,-0.07163134873357815,0.0,0.20908391584068964,0.07108733471493142,0.015958495096282416,0.028235865736249574
motive_5,0.03579342405436371,-0.00480449131919633,0.10676980257878668,0.20908391584068964,0.0,0.055357076643226574,0.04046730503878583,0.047092502623007175
motive_6,0.027213163159948005,0.11410471301043142,-0.0027866817429897453,0.07108733471493142,0.055357076643226574,0.0,0.0975158971650706,0.07035616693131823
motive_7,0.10573807647509909,0.12820920238899625,0.09151025101571586,0.015958495096282416,0.04046730503878583,0.0975158971650706,0.0,0.1547264088469401
motive_8,-0.03367925580212791,0.06443653277913663,0.03685139592737447,0.028235865736249574,0.047092502623007175,0.07035616693131823,0.1547264088469401,0.0
