,motive_1,motive_2,motive_3,motive_4,motive_5,motive_6,motive_7,motive_8
motive_1,0.0,0.2375894988158595,0.07772413291976604,0.07582040053700766,-0.0005007876042939022,0.14959913480519207,-0.016490590354532028,0.06287392911947622
motive_2,0.2375894988158595,0.0,0.10624525553769495,0.12176066619190154,0.10617133852993883,0.19477194598874206,0.10564231811984627,0.021396101290748155
motive_3,0.07772413291976604,0.10624525553769495,0.0,0.13613561367131694,0.19010950745171534,0.020982181425534558,0.061069207372087736,0.09406329572832428
motive_4,0.07582040053700766,0.12176066619190154,0.13613561367131694,0.0,0.09506424782463807,0.2535327861244468,0.1006638608954859,0.07802970230173863
motive_5,-0.0005007876042939022,0.10617133852993883,0.19010950745171534,0.09506424782463807,0.0,0.1905008244533709,0.056102650645926025,0.0517436303554584
motive_6,0.14959913480519207,0.19477194598874206,0.020982181425534558,0.2535327861244468,0.1905008244533709,0.0,0.06696934294703169,0.17480222592535488
motive_7,-0.016490590354532028,0.10564231811984627,0.061069207372087736,0.1006638608954859,0.056102650645926025,0.06696934294703169,0.0,0.1442861134657944
motive_8,0.06287392911947622,0.021396101290748155,0.09406329572832428,0.07802970230173863,0.0517436303554584,0.17480222592535488,0.1442861134657944,0.0
