,motive_1,motive_2,motive_3,motive_4,motive_5,motive_6,motive_7,motive_8
motive_1,0.0,-0.49319528481457026,-0.14962146320964756,-0.6795423894833319,-0.202550192480823,0.15452105164773233,0.7939331599905528,0.17758087608769269
motive_2,-0.49319528481457026,0.0,0.5434330318285453,-0.06590165360834915,0.6641422798633589,-0.5770106231882792,-0.04482301260083949,0.9310605092588913
motive_3,-0.14962146320964756,0.5434330318285453,0.0,0.23164362270714542,-0.5846622973354598,0.7764271947686098,-0.17989296664704119,0.03997521025370242
motive_4,-0.6795423894833319,-0.06590165360834915,0.23164362270714542,0.0,0.12075144526244988,0.7230985631062974,-0.10980109687809941,0.3209354339025544
motive_5,-0.202550192480823,0.6641422798633589,-0.5846622973354598,0.12075144526244988,0.0,0.4970601520978271,0.7348081745745223,-0.1495181555890417
motive_6,0.15452105164773233,-0.5770106231882792,0.7764271947686098,0.7230985631062974,0.4970601520978271,0.0,0.1229826230761637,-0.1585215428910928
motive_7,0.7939331599905528,-0.04482301260083949,-0.17989296664704119,-0.10980109687809941,0.7348081745745223,0.1229826230761637,0.0,-0.8625282631243616
motive_8,0.17758087608769269,0.9310605092588913,0.03997521025370242,0.3209354339025544,-0.1495181555890417,-0.1585215428910928,-0.8625282631243616,0.0
