,motive_1,motive_2,motive_3,motive_4,motive_5,motive_6,motive_7,motive_8
satisfaction,0.2768902303507278,0.3306404647377293,0.08408395260171198,0.038127453032201476,0.14257762956104397,0.5729380529517107,-0.12340771951314392,0.2826808883525489
