,motive_1,motive_2,motive_3,motive_4,motive_5,motive_6,motive_7,motive_8
motive_1,0.0,0.04562453223261888,-0.07262994393338743,-0.05090851287729309,-0.0015475465164599272,0.027995900884183987,-0.0024924983546675827,0.09557087105213136
motive_2,0.04562453223261888,0.0,-0.026563462748146846,-0.03838755820294883,-0.22644738037316112,-0.09869025864490377,-0.00973651030639823,0.06523363948393981
motive_3,-0.07262994393338743,-0.026563462748146846,0.0,0.050121541000468464,-0.038118744698782826,-0.022119437192017602,0.06612130451241671,0.018801472620387578
motive_4,-0.05090851287729309,-0.03838755820294883,0.050121541000468464,0.0,0.034632726051843095,-0.021048200177594668,-0.12388806843830949,-0.14770065089652873
motive_5,-0.0015475465164599272,-0.22644738037316112,-0.038118744698782826,0.034632726051843095,0.0,0.042108093493937605,-0.00708389833722993,-0.004626951039190278
motive_6,0.027995900884183987,-0.09869025864490377,-0.022119437192017602,-0.021048200177594668,0.042108093493937605,0.0,0.05200430634452282,0.1672533727128785
motive_7,-0.0024924983546675827,-0.00973651030639823,0.06612130451241671,-0.12388806843830949,-0.00708389833722993,0.05200430634452282,0.0,0.01504474076150207
motive_8,0.09557087105213136,0.06523363948393981,0.018801472620387578,-0.14770065089652873,-0.004626951039190278,0.1672533727128785,0.01504474076150207,0.0
