,motive_1,motive_2,motive_3,motive_4,motive_5,motive_6,motive_7,motive_8
motive_1,0.0,0.14011586841664714,0.050896072018511276,0.14306843692982185,0.2139864217146319,0.1627620760260191,0.18376637895143283,0.10582989144918371
motive_2,0.14011586841664714,0.0,0.1553020055946324,0.028557146538833962,0.12251784019789932,0.025952739112974677,0.1198016140467769,0.02519843103157421
motive_3,0.050896072018511276,0.1553020055946324,0.0,0.008712088408312835,0.21603411099104922,0.13019612509145592,0.15101194118161654,0.0724224947159625
motive_4,0.14306843692982185,0.028557146538833962,0.008712088408312835,0.0,0.20250901134240046,0.124239539208141,0.011336564799152932,0.12813265700631227
motive_5,0.2139864217146319,0.12251784019789932,0.21603411099104922,0.20250901134240046,0.0,0.08080762667966834,0.03372926763163762,0.12521070072517196
motive_6,0.1627620760260191,0.025952739112974677,0.13019612509145592,0.124239539208141,0.08080762667966834,0.0,0.18409294697226808,0.06627640384063552
motive_7,0.18376637895143283,0.1198016140467769,0.15101194118161654,0.011336564799152932,0.03372926763163762,0.18409294697226808,0.0,-0.06333834751592156
motive_8,0.10582989144918371,0.02519843103157421,0.0724224947159625,0.12813265700631227,0.12521070072517196,0.06627640384063552,-0.06333834751592156,0.0
