,motive_1,motive_2,motive_3,motive_4,motive_5,motive_6,motive_7,motive_8
motive_1,0.0,0.7212579240252398,0.5929498711752647,0.46874822430402446,0.34249872748582233,0.14411899021604463,0.3179735677548361,0.4421047562609352
motive_2,0.7212579240252398,0.0,0.42203298909685744,0.6400338688440209,0.16715490495256632,0.23368038980395617,0.31487326675444394,0.5381648653023869
motive_3,0.5929498711752647,0.42203298909685744,0.0,0.2498054131405869,0.4529722509257859,0.02616011271674587,0.17038254155787974,0.30180346991775847
motive_4,0.46874822430402446,0.6400338688440209,0.2498054131405869,0.0,0.5983688621181396,0.3065953894846294,0.040791094982718476,0.14515544903906769
motive_5,0.34249872748582233,0.16715490495256632,0.4529722509257859,0.5983688621181396,0.0,0.8097014005292055,0.5606692047655243,0.2987315256250678
motive_6,0.14411899021604463,0.23368038980395617,0.02616011271674587,0.3065953894846294,0.8097014005292055,0.0,0.24526151635295113,0.498007005455386
motive_7,0.3179735677548361,0.31487326675444394,0.17038254155787974,0.040791094982718476,0.5606692047655243,0.24526151635295113,0.0,0.1970967753195368
motive_8,0.4421047562609352,0.5381648653023869,0.30180346991775847,0.14515544903906769,0.2987315256250678,0.498007005455386,0.1970967753195368,0.0
