,motive_1,motive_2,motive_3,motive_4,motive_5,motive_6,motive_7,motive_8
satisfaction,-0.13088382321239156,0.33103433943674315,0.2148744896599634,-0.10229487595989922,-0.06391619614738725,0.3085458744554317,0.5661128005036715,0.1619963451874987
