,motive_1,motive_2,motive_3,motive_4,motive_5,motive_6,motive_7,motive_8
motive_1,0.0,0.14521723686959717,0.14322550692764743,0.37158453560545357,0.2040957629138267,0.2674262265639883,0.310171004047492,0.008232492060721686
motive_2,0.14521723686959717,0.0,0.02091935486210489,-0.1530021027698378,0.07430361297402313,0.27699034315269044,0.4496943726895063,0.7748009306063647
motive_3,0.14322550692764743,0.02091935486210489,0.0,0.3652433907426166,0.32218899082342034,0.25262833366085646,0.38899322771389944,0.3161661832798873
motive_4,0.37158453560545357,-0.1530021027698378,0.3652433907426166,0.0,-0.04434483201626037,0.22234809446444667,0.2637245480284245,0.4039071502218309
motive_5,0.2040957629138267,0.07430361297402313,0.32218899082342034,-0.04434483201626037,0.0,0.22980901980972443,0.09217131909472422,0.5737701717601729
motive_6,0.2674262265639883,0.27699034315269044,0.25262833366085646,0.22234809446444667,0.22980901980972443,0.0,0.1034419511561558,0.42533656840245987
motive_7,0.310171004047492,0.4496943726895063,0.38899322771389944,0.2637245480284245,0.09217131909472422,0.1034419511561558,0.0,0.17513594423245268
motive_8,0.008232492060721686,0.7748009306063647,0.3161661832798873,0.4039071502218309,0.5737701717601729,0.42533656840245987,0.17513594423245268,0.0
