,motive_1,motive_2,motive_3,motive_4,motive_5,motive_6,motive_7,motive_8
motive_1,0.0,-0.03717124794600811,0.16232491793348156,0.12876223960128313,0.05213818189437306,0.1051358707889195,0.0755739809589204,0.03593350870435694
motive_2,-0.03717124794600811,0.0,-0.02583595381449521,0.043373206408985523,0.09271521874402813,-0.01023726013036149,0.05444236268877554,0.03567393329585712
motive_3,0.16232491793348156,-0.02583595381449521,0.0,0.07852359359309435,0.12286163211490207,0.08549922819786732,0.06948048986706065,0.12254320138894496
motive_4,0.12876223960128313,0.043373206408985523,0.07852359359309435,0.0,0.12345013974936378,0.22917617619895808,-0.08521158543454141,0.05010624555385566
motive_5,0.05213818189437306,0.09271521874402813,0.12286163211490207,0.12345013974936378,0.0,0.14223112371715424,0.1246552054739873,0.13827722464880104
motive_6,0.1051358707889195,-0.01023726013036149,0.08549922819786732,0.22917617619895808,0.14223112371715424,0.0,0.05346580332036554,0.07589670373537716
motive_7,0.0755739809589204,0.05444236268877554,0.06948048986706065,-0.08521158543454141,0.1246552054739873,0.05346580332036554,0.0,0.0800893474177595
motive_8,0.03593350870435694,0.03567393329585712,0.12254320138894496,0.05010624555385566,0.13827722464880104,0.07589670373537716,0.0800893474177595,0.0
