,motive_1,motive_2,motive_3,motive_4,motive_5,motive_6,motive_7,motive_8
motive_1,0.0,-0.08237631240961145,0.10452083728179326,0.26641782869453523,-0.02226702159906388,0.2544838877182858,0.44647472014512257,0.21594266290525857
motive_2,-0.08237631240961145,0.0,0.31647321245258137,0.1778044219611214,0.19586465820177656,0.15377466593462832,0.3484953182530569,0.01118027714385103
motive_3,0.10452083728179326,0.31647321245258137,0.0,-0.05141922203873976,0.6129333426617583,0.14852905319340984,0.37353737734825004,0.5203503371501266
motive_4,0.26641782869453523,0.1778044219611214,-0.05141922203873976,0.0,0.25368771078815516,0.26711697320223005,-0.08606153824210977,0.6689635857810875
motive_5,-0.02226702159906388,0.19586465820177656,0.6129333426617583,0.25368771078815516,0.0,0.4917905316976997,0.4405003296017721,0.1311246006467648
motive_6,0.2544838877182858,0.15377466593462832,0.14852905319340984,0.26711697320223005,0.4917905316976997,0.0,0.07139115077852497,0.3603076946895832
motive_7,0.44647472014512257,0.3484953182530569,0.37353737734825004,-0.08606153824210977,0.4405003296017721,0.07139115077852497,0.0,0.45270325035926134
motive_8,0.21594266290525857,0.01118027714385103,0.5203503371501266,0.6689635857810875,0.1311246006467648,0.3603076946895832,0.45270325035926134,0.0
