,motive_1,motive_2,motive_3,motive_4,motive_5,motive_6,motive_7,motive_8
motive_1,0.0,0.21518396853680527,0.24458006571771493,0.18173457083904176,0.625195157393868,0.15267270720365722,0.3863257265121443,0.18586646122227474
motive_2,0.21518396853680527,0.0,0.6054591565718291,0.34590991355760947,0.39023361252181504,0.30291019761514726,-0.10697305243665846,0.003659042700821416
motive_3,0.24458006571771493,0.6054591565718291,0.0,0.24201995811459204,0.03865274783396713,0.28526809431133116,0.17466990088533296,-0.09143089773591406
motive_4,0.18173457083904176,0.34590991355760947,0.24201995811459204,0.0,0.29578088136913167,-0.1769641697794495,0.33934160131833335,0.3963486810941252
motive_5,0.625195157393868,0.39023361252181504,0.03865274783396713,0.29578088136913167,0.0,0.38785744210691153,0.34005636529511557,0.2730381326028356
motive_6,0.15267270720365722,0.30291019761514726,0.28526809431133116,-0.1769641697794495,0.38785744210691153,0.0,-0.09719325225551728,0.2672842365885714
motive_7,0.3863257265121443,-0.10697305243665846,0.17466990088533296,0.33934160131833335,0.34005636529511557,-0.09719325225551728,0.0,-0.06728728991810087
motive_8,0.18586646122227474,0.003659042700821416,-0.09143089773591406,0.3963486810941252,0.2730381326028356,0.2672842365885714,-0.06728728991810087,0.0
