,motive_1,motive_2,motive_3,motive_4,motive_5,motive_6,motive_7,motive_8
motive_1,0.0,0.4750702474190358,0.6890955431318939,0.09144011035029154,0.13892259161345338,0.6343534088074129,0.516503160416221,0.753623984620617
motive_2,0.4750702474190358,0.0,0.09357180732160328,0.5313452867665287,0.42078674934038396,0.3889558024209036,0.4684440505815391,0.007861179632200843
motive_3,0.6890955431318939,0.09357180732160328,0.0,0.0852519211924681,0.6837060027586422,0.37632812118705905,0.32590706682337456,0.6322078582636914
motive_4,0.09144011035029154,0.5313452867665287,0.0852519211924681,0.0,0.5066104757587278,0.3484670076929068,0.07213842805064746,0.5005055297188544
motive_5,0.13892259161345338,0.42078674934038396,0.6837060027586422,0.5066104757587278,0.0,0.40837005885671085,0.019566661549743264,0.3880256586733638
motive_6,0.6343534088074129,0.3889558024209036,0.37632812118705905,0.3484670076929068,0.40837005885671085,0.0,0.46454530508883796,0.5240174575138953
motive_7,0.516503160416221,0.4684440505815391,0.32590706682337456,0.07213842805064746,0.019566661549743264,0.46454530508883796,0.0,0.4264572485825578
motive_8,0.753623984620617,0.007861179632200843,0.6322078582636914,0.5005055297188544,0.3880256586733638,0.5240174575138953,0.4264572485825578,0.0
