,motive_1,motive_2,motive_3,motive_4,motive_5,motive_6,motive_7,motive_8
motive_1,0.0,0.11149641901358907,-0.09329364702004073,-0.08649908878630833,0.043321476262073444,-0.10957397951572634,0.01477511350328804,-0.024490269625679045
motive_2,0.11149641901358907,0.0,0.005836406751881556,0.14624365253100113,-0.05473700415184185,-0.10043211789162987,-0.08796604503735908,0.07798957866809599
motive_3,-0.09329364702004073,0.005836406751881556,0.0,-0.04673443004798563,-0.051235645437751796,-0.043268355216024755,-0.13665073952811377,-0.08997531624359914
motive_4,-0.08649908878630833,0.14624365253100113,-0.04673443004798563,0.0,0.016273523221234452,0.04244206621527665,-0.01666224257093278,-0.02048448208207193
motive_5,0.043321476262073444,-0.05473700415184185,-0.051235645437751796,0.016273523221234452,0.0,0.054395097768362335,-0.06584679466279363,-0.10448297637659085
motive_6,-0.10957397951572634,-0.10043211789162987,-0.043268355216024755,0.04244206621527665,0.054395097768362335,0.0,-0.03969439254543708,0.008915495534691946
motive_7,0.01477511350328804,-0.08796604503735908,-0.13665073952811377,-0.01666224257093278,-0.06584679466279363,-0.03969439254543708,0.0,0.014286812745530418
motive_8,-0.024490269625679045,0.07798957866809599,-0.08997531624359914,-0.02048448208207193,-0.10448297637659085,0.008915495534691946,0.014286812745530418,0.0
