,motive_1,motive_2,motive_3,motive_4,motive_5,motive_6,motive_7,motive_8
satisfaction,0.46533534552609174,0.5459606971065939,0.17612592890256795,0.10719117954830222,0.263866444341566,0.9094070794275662,-0.13511157926971584,0.4740213325288233
