,motive_1,motive_2,motive_3,motive_4,motive_5,motive_6,motive_7,motive_8
satisfaction,0.4987291433995227,-0.09224111794043807,0.2806568842206446,0.3585693067453055,0.0054062262209168405,0.15897831446057997,0.18731190625845362,0.2756620702011632
