,motive_1,motive_2,motive_3,motive_4,motive_5,motive_6,motive_7,motive_8
satisfaction,0.07984360713803042,0.1806267435558722,0.3424966774941606,-0.26346363629493935,0.3732672884215362,0.3365022298771849,-0.006413748509494749,0.501871305738096
