,motive_1,motive_2,motive_3,motive_4,motive_5,motive_6,motive_7,motive_8
satisfaction,0.28406355818636275,-0.04515906733769148,-0.1950797882257729,0.06962695447708508,-0.08236969071647507,0.10365661513539845,0.1389448001940329,0.056715275200425797
