,motive_1,motive_2,motive_3,motive_4,motive_5,motive_6,motive_7,motive_8
motive_1,0.0,0.16838103477925953,0.036707748599197385,0.1128722798904973,0.4052488040238575,0.24167534232220944,0.40133746593263697,-0.581535771065326
motive_2,0.16838103477925953,0.0,0.8621626711217393,0.6362933854602876,0.6352999280953704,0.5217657666661224,0.31086715051698266,0.46283952139773543
motive_3,0.036707748599197385,0.8621626711217393,0.0,-0.114145973729556,0.29262435718359436,-0.38345970013678116,-0.6018794127626451,-0.15146598730684505
motive_4,0.1128722798904973,0.6362933854602876,-0.114145973729556,0.0,0.37335242652972234,0.2978876550808979,0.08793159795226672,0.09179575615604502
motive_5,0.4052488040238575,0.6352999280953704,0.29262435718359436,0.37335242652972234,0.0,-0.2428021311678345,0.38280099540073326,-0.1798003494222101
motive_6,0.24167534232220944,0.5217657666661224,-0.38345970013678116,0.2978876550808979,-0.2428021311678345,0.0,-0.5783575170712494,0.1857744121461162
motive_7,0.40133746593263697,0.31086715051698266,-0.6018794127626451,0.08793159795226672,0.38280099540073326,-0.5783575170712494,0.0,-0.1435956160607027
motive_8,-0.581535771065326,0.46283952139773543,-0.15146598730684505,0.09179575615604502,-0.1798003494222101,0.1857744121461162,-0.1435956160607027,0.0
