,motive_1,motive_2,motive_3,motive_4,motive_5,motive_6,motive_7,motive_8
motive_1,0.0,-0.10971027172478576,-0.05193293450790225,-0.09472058163338817,0.10199812129659715,0.0634219969622376,0.022431154425647862,-0.002645379231886416
motive_2,-0.10971027172478576,0.0,-0.06607686147786086,-0.01329636024003596,0.004349500880747148,-0.011312759096658083,0.0074335216576376165,-0.07872175501990977
motive_3,-0.05193293450790225,-0.06607686147786086,0.0,0.10762424224786697,-0.06676491270282375,-0.07247992263365004,0.07330676445928752,0.0855002448108779
motive_4,-0.09472058163338817,-0.01329636024003596,0.10762424224786697,0.0,0.02559504537544974,0.08007534330272567,-0.1107059285617032,-0.08864342737975442
motive_5,0.10199812129659715,0.004349500880747148,-0.06676491270282375,0.02559504537544974,0.0,0.047902934495263616,-0.09319729687295523,0.04746633779702736
motive_6,0.0634219969622376,-0.011312759096658083,-0.07247992263365004,0.08007534330272567,0.047902934495263616,0.0,0.05176700875701052,-0.07314485460708192
motive_7,0.022431154425647862,0.0074335216576376165,0.07330676445928752,-0.1107059285617032,-0.09319729687295523,0.05176700875701052,0.0,0.0077937258338913185
motive_8,-0.002645379231886416,-0.07872175501990977,0.0855002448108779,-0.08864342737975442,0.04746633779702736,-0.07314485460708192,0.0077937258338913185,0.0
