,motive_1,motive_2,motive_3,motive_4,motive_5,motive_6,motive_7,motive_8
motive_1,0.0,0.05739545864269546,0.7252909352084982,0.986384258632041,-0.6199703065755626,-0.24307266208169576,-0.24210220199517574,0.032800002329498076
motive_2,0.05739545864269546,0.0,0.2456706675973484,1.144437593195317,0.25091792852438805,0.43145284406948226,0.18789356481153308,0.5838807425383603
motive_3,0.7252909352084982,0.2456706675973484,0.0,-0.02518852514812743,0.2331580565519773,-0.6250463044649184,0.6449188991498127,0.909978376358308
motive_4,0.986384258632041,1.144437593195317,-0.02518852514812743,0.0,0.4391582527739745,-0.8029542725469502,0.018999252158534805,-0.2729144063183888
motive_5,-0.6199703065755626,0.25091792852438805,0.2331580565519773,0.4391582527739745,0.0,0.9978390985244656,-0.6457138669376975,0.47867810346066714
motive_6,-0.24307266208169576,0.43145284406948226,-0.6250463044649184,-0.8029542725469502,0.9978390985244656,0.0,-0.6786991629360578,0.4448258188041704
motive_7,-0.24210220199517574,0.18789356481153308,0.6449188991498127,0.018999252158534805,-0.6457138669376975,-0.6786991629360578,0.0,-0.39555878328206623
motive_8,0.032800002329498076,0.5838807425383603,0.909978376358308,-0.2729144063183888,0.47867810346066714,0.4448258188041704,-0.39555878328206623,0.0
