,motive_1,motive_2,motive_3,motive_4,motive_5,motive_6,motive_7,motive_8
motive_1,0.0,0.3077691514239477,0.4779336884157061,0.07349587945948785,0.2225655318041997,0.07781175459149056,0.25273075772766795,0.18297805639899956
motive_2,0.3077691514239477,0.0,0.21487072284838005,0.5538151968172902,0.32379683838286405,0.6125705329124523,-0.06241723613985545,-0.09973565218951161
motive_3,0.4779336884157061,0.21487072284838005,0.0,0.13011885971859544,0.1697165892961768,0.1685234771570397,0.17794024407936027,-0.12922043976840092
motive_4,0.07349587945948785,0.5538151968172902,0.13011885971859544,0.0,0.1813005688517909,-0.04595965911977114,0.5803628597830542,-0.2451965067541086
motive_5,0.2225655318041997,0.32379683838286405,0.1697165892961768,0.1813005688517909,0.0,-0.00804606928736741,0.27543128666887234,0.3299370432800297
motive_6,0.07781175459149056,0.6125705329124523,0.1685234771570397,-0.04595965911977114,-0.00804606928736741,0.0,0.2848711125180384,0.2748050100307746
motive_7,0.25273075772766795,-0.06241723613985545,0.17794024407936027,0.5803628597830542,0.27543128666887234,0.2848711125180384,0.0,0.6613979153065463
motive_8,0.18297805639899956,-0.09973565218951161,-0.12922043976840092,-0.2451965067541086,0.3299370432800297,0.2748050100307746,0.6613979153065463,0.0
