,motive_1,motive_2,motive_3,motive_4,motive_5,motive_6,motive_7,motive_8
motive_1,0.0,0.1442300670474345,0.004138558543832785,0.210040971091902,0.058194172806939275,0.15194487697154932,0.0786727650663692,0.14460944076603055
motive_2,0.1442300670474345,0.0,-0.0055598926834596815,0.14953395079170706,0.08183063359003864,0.12608085902123645,0.1321282387841513,0.07779949702779078
motive_3,0.004138558543832785,-0.0055598926834596815,0.0,0.17217484145972653,0.11576842958347416,0.1142745991444512,0.059721714305276716,0.07403010856606575
motive_4,0.210040971091902,0.14953395079170706,0.17217484145972653,0.0,0.06232001176391772,-0.051351893168138485,0.15895780448476418,0.08558579428884493
motive_5,0.058194172806939275,0.08183063359003864,0.11576842958347416,0.06232001176391772,0.0,0.16059048926436015,0.012749211264119896,0.047597014909611365
motive_6,0.15194487697154932,0.12608085902123645,0.1142745991444512,-0.051351893168138485,0.16059048926436015,0.0,0.1547763204020417,0.08162155421342411
motive_7,0.0786727650663692,0.1321282387841513,0.059721714305276716,0.15895780448476418,0.012749211264119896,0.1547763204020417,0.0,0.24194963090703606
motive_8,0.14460944076603055,0.07779949702779078,0.07403010856606575,0.08558579428884493,0.047597014909611365,0.08162155421342411,0.24194963090703606,0.0
