,motive_1,motive_2,motive_3,motive_4,motive_5,motive_6,motive_7,motive_8
motive_1,0.0,0.5871726347800535,0.45746516839403484,0.210326950337554,-0.34364359752615237,-0.20027062862509543,-0.04634968088340758,-0.32995536146450183
motive_2,0.5871726347800535,0.0,0.1915235889021607,0.7529994837959599,0.6248682807779271,0.05834353284293631,0.16517834303159828,1.1750956589604413
motive_3,0.45746516839403484,0.1915235889021607,0.0,-0.332955333219877,0.2020319049514469,0.1466896127059243,1.0737215832892026,-0.7781344397686683
motive_4,0.210326950337554,0.7529994837959599,-0.332955333219877,0.0,0.3865318852063703,0.3337537950092094,0.6495570918004481,-0.0005860876197495077
motive_5,-0.34364359752615237,0.6248682807779271,0.2020319049514469,0.3865318852063703,0.0,0.3688248477691573,1.025950419032702,-1.0149401956838007
motive_6,-0.20027062862509543,0.05834353284293631,0.1466896127059243,0.3337537950092094,0.3688248477691573,0.0,-0.3025614832638153,0.17269960359059433
motive_7,-0.04634968088340758,0.16517834303159828,1.0737215832892026,0.6495570918004481,1.025950419032702,-0.3025614832638153,0.0,-0.42799820623620977
motive_8,-0.32995536146450183,1.1750956589604413,-0.7781344397686683,-0.0005860876197495077,-1.0149401956838007,0.17269960359059433,-0.42799820623620977,0.0
