,motive_1,motive_2,motive_3,motive_4,motive_5,motive_6,motive_7,motive_8
motive_1,0.0,0.10437798655805702,0.08161063854932793,0.08692337626996038,0.1639836100418316,0.1655216845255505,0.0365247576278152,-0.00030006103563684494
motive_2,0.10437798655805702,0.0,0.10202899914851207,0.12789175967929622,-0.005665192043338159,0.08262134497950185,-0.012741973574664639,0.07532281860740977
motive_3,0.08161063854932793,0.10202899914851207,0.0,0.057363999364188026,0.15361766805589977,-0.03352505736737889,0.08127718731056224,-8.752626218660325e-05
motive_4,0.08692337626996038,0.12789175967929622,0.057363999364188026,0.0,0.14694538491928552,0.20543813483835052,0.14546632220132702,0.13291063691586452
motive_5,0.1639836100418316,-0.005665192043338159,0.15361766805589977,0.14694538491928552,0.0,0.0039260682951866716,0.11621733667917067,0.09561191351879082
motive_6,0.1655216845255505,0.08262134497950185,-0.03352505736737889,0.20543813483835052,0.0039260682951866716,0.0,0.07161821553254866,0.10972535181756324
motive_7,0.0365247576278152,-0.012741973574664639,0.08127718731056224,0.14546632220132702,0.11621733667917067,0.07161821553254866,0.0,0.13434677470076997
motive_8,-0.00030006103563684494,0.07532281860740977,-8.752626218660325e-05,0.13291063691586452,0.09561191351879082,0.10972535181756324,0.13434677470076997,0.0
