,motive_1,motive_2,motive_3,motive_4,motive_5,motive_6,motive_7,motive_8
satisfaction,0.040837928732470635,0.3509169064474581,0.0046588866690217,0.4442155445119257,-0.38326336041855497,0.5527291629587734,0.6418332519265485,0.04063001033099428
