,motive_1,motive_2,motive_3,motive_4,motive_5,motive_6,motive_7,motive_8
motive_1,0.0,0.24226121325603678,0.5038324516336259,0.3154405107073196,0.42322947551270074,0.7630226095083766,0.5228346882822692,0.3164586698996371
motive_2,0.24226121325603678,0.0,0.26272102462490565,0.37351131973524043,0.21017159474516217,0.09741510147524567,0.2469420274952306,0.4735560150935106
motive_3,0.5038324516336259,0.26272102462490565,0.0,0.024423301199228836,0.13860191042629966,0.09018041518969824,0.8625397812267357,0.39131205301810346
motive_4,0.3154405107073196,0.37351131973524043,0.024423301199228836,0.0,0.3192637135327223,0.6106182777806127,0.39613461966301117,0.03399339952890054
motive_5,0.42322947551270074,0.21017159474516217,0.13860191042629966,0.3192637135327223,0.0,0.6622631838173505,0.4722457912622682,0.4093883756309154
motive_6,0.7630226095083766,0.09741510147524567,0.09018041518969824,0.6106182777806127,0.6622631838173505,0.0,0.5443909754375933,0.2702042953237687
motive_7,0.5228346882822692,0.2469420274952306,0.8625397812267357,0.39613461966301117,0.4722457912622682,0.5443909754375933,0.0,0.608632348651373
motive_8,0.3164586698996371,0.4735560150935106,0.39131205301810346,0.03399339952890054,0.4093883756309154,0.2702042953237687,0.608632348651373,0.0
