,motive_1,motive_2,motive_3,motive_4,motive_5,motive_6,motive_7,motive_8
satisfaction,0.37352212494559556,0.0319742557629247,-0.10397865177036589,0.2511975472143927,0.1243018315019697,0.011744321369949101,0.17998909026024754,0.26233706466806067
