,motive_1,motive_2,motive_3,motive_4,motive_5,motive_6,motive_7,motive_8
motive_1,0.0,0.48885161905723296,0.2491973610324188,-0.32778532886394685,-0.1255886293713276,0.5229928424059254,0.35943743805677747,0.4537395016856685
motive_2,0.48885161905723296,0.0,0.4406263631057338,0.029395870112110478,0.2694644669746808,0.21248869261286255,-0.17737743695180525,0.21562255837017735
motive_3,0.2491973610324188,0.4406263631057338,0.0,0.16903596396044251,-0.002233223277921581,0.42481463301327776,0.21878025253312117,0.14314940860228317
motive_4,-0.32778532886394685,0.029395870112110478,0.16903596396044251,0.0,0.0020133274335694396,0.4123114700720215,-0.2067534019659956,0.19021757407804207
motive_5,-0.1255886293713276,0.2694644669746808,-0.002233223277921581,0.0020133274335694396,0.0,0.06216426527218229,0.33686507393599635,0.5564247930350352
motive_6,0.5229928424059254,0.21248869261286255,0.42481463301327776,0.4123114700720215,0.06216426527218229,0.0,0.16140526902855976,0.3759886594692877
motive_7,0.35943743805677747,-0.17737743695180525,0.21878025253312117,-0.2067534019659956,0.33686507393599635,0.16140526902855976,0.0,0.21321076881890805
motive_8,0.4537395016856685,0.21562255837017735,0.14314940860228317,0.19021757407804207,0.5564247930350352,0.3759886594692877,0.21321076881890805,0.0
