,motive_1,motive_2,motive_3,motive_4,motive_5,motive_6,motive_7,motive_8
motive_1,0.0,0.3305426634807077,0.31283468824464616,0.1675068484141342,0.49082957015344914,-0.1980185112743562,-0.017937826000411397,0.4414506046506208
motive_2,0.3305426634807077,0.0,0.10255646245940643,0.26832704747891906,0.15808204238921758,-0.05837576749030718,0.3273096871183784,0.18536851644442326
motive_3,0.31283468824464616,0.10255646245940643,0.0,0.3873872523731131,0.232113124384917,0.28095045965326426,0.17238669293168724,0.417671723643572
motive_4,0.1675068484141342,0.26832704747891906,0.3873872523731131,0.0,-0.003525252761611544,0.058520909857932984,0.040548014872894375,0.3586019545541403
motive_5,0.49082957015344914,0.15808204238921758,0.232113124384917,-0.003525252761611544,0.0,0.2505386741741231,0.06703035470977434,0.6071671050164664
motive_6,-0.1980185112743562,-0.05837576749030718,0.28095045965326426,0.058520909857932984,0.2505386741741231,0.0,0.21368216544953253,0.26956956716992353
motive_7,-0.017937826000411397,0.3273096871183784,0.17238669293168724,0.040548014872894375,0.06703035470977434,0.21368216544953253,0.0,0.2840848215556258
motive_8,0.4414506046506208,0.18536851644442326,0.417671723643572,0.3586019545541403,0.6071671050164664,0.26956956716992353,0.2840848215556258,0.0
