,motive_1,motive_2,motive_3,motive_4,motive_5,motive_6,motive_7,motive_8
motive_1,0.0,0.791274363166139,-0.10320335694461419,-0.21718131559771206,0.4791860624286926,0.3929949285773492,0.15104107798259253,0.3093908284872755
motive_2,0.791274363166139,0.0,-0.05496017684026215,0.5452466606375947,-0.011166717131434016,0.5802412677649316,0.11357865755933196,0.05481672708567792
motive_3,-0.10320335694461419,-0.05496017684026215,0.0,0.16574059612612815,0.25603159283654664,0.1674275646714733,0.20600097432615005,0.6171994201399081
motive_4,-0.21718131559771206,0.5452466606375947,0.16574059612612815,0.0,-0.20447564088901393,0.3185591707138649,0.07267312764808304,0.5064299804884049
motive_5,0.4791860624286926,-0.011166717131434016,0.25603159283654664,-0.20447564088901393,0.0,0.2955686753213654,0.21678607364012312,0.3000659577472016
motive_6,0.3929949285773492,0.5802412677649316,0.1674275646714733,0.3185591707138649,0.2955686753213654,0.0,0.6093439170339112,0.31566489301384665
motive_7,0.15104107798259253,0.11357865755933196,0.20600097432615005,0.07267312764808304,0.21678607364012312,0.6093439170339112,0.0,-0.12277128958441957
motive_8,0.3093908284872755,0.05481672708567792,0.6171994201399081,0.5064299804884049,0.3000659577472016,0.31566489301384665,-0.12277128958441957,0.0
