,motive_1,motive_2,motive_3,motive_4,motive_5,motive_6,motive_7,motive_8
satisfaction,0.5590347696141833,0.2873252853131311,0.12330263406365767,0.9086487505423255,-0.06670557186938098,0.6120652365813548,-0.06554419883986162,-0.19883314342878217
