,motive_1,motive_2,motive_3,motive_4,motive_5,motive_6,motive_7,motive_8
motive_1,0.0,-0.17363238021899996,0.013898713723699066,-0.038057502046877044,0.03557634561537096,0.0907094506065566,-0.06338858464625759,-0.092247915367522
motive_2,-0.17363238021899996,0.0,-0.017107004991857317,0.010855850635499431,0.033266783052121475,-0.009724125944292623,0.024073872877315543,-0.05284341942495205
motive_3,0.013898713723699066,-0.017107004991857317,0.0,0.07078184152883392,0.08159095063320022,-0.058561037743387334,0.04103406346482669,-0.01810540107906694
motive_4,-0.038057502046877044,0.010855850635499431,0.07078184152883392,0.0,0.02792454379665932,-0.13151508188611716,-0.06607326450071677,0.12118815321084368
motive_5,0.03557634561537096,0.033266783052121475,0.08159095063320022,0.02792454379665932,0.0,-0.060079255130561504,-0.023457246252880662,-0.13379122697824347
motive_6,0.0907094506065566,-0.009724125944292623,-0.058561037743387334,-0.13151508188611716,-0.060079255130561504,0.0,-0.03296249971032917,0.026631778692136968
motive_7,-0.06338858464625759,0.024073872877315543,0.04103406346482669,-0.06607326450071677,-0.023457246252880662,-0.03296249971032917,0.0,-0.04056194541728298
motive_8,-0.092247915367522,-0.05284341942495205,-0.01810540107906694,0.12118815321084368,-0.13379122697824347,0.026631778692136968,-0.04056194541728298,0.0
