,motive_1,motive_2,motive_3,motive_4,motive_5,motive_6,motive_7,motive_8
motive_1,0.0,-0.03294429039929851,-0.007162344434460263,0.04394050425874234,-0.13125921066797663,-0.0005394809494815352,0.03235915058976963,0.014772142998905245
motive_2,-0.03294429039929851,0.0,0.06179383384235301,0.03453593142744616,-0.04918645028688641,-0.030227523564956647,-0.042227039922689925,0.08268952303762228
motive_3,-0.007162344434460263,0.06179383384235301,0.0,0.07369508720045502,0.02021071083803896,0.09673829276942443,0.06370081798205254,0.018367470589666104
motive_4,0.04394050425874234,0.03453593142744616,0.07369508720045502,0.0,0.10000549566158053,0.09638987044046228,0.06758010308496597,-0.08283051370295
motive_5,-0.13125921066797663,-0.04918645028688641,0.02021071083803896,0.10000549566158053,0.0,0.006979973192905775,-0.059049286249082504,-0.05590932880218947
motive_6,-0.0005394809494815352,-0.030227523564956647,0.09673829276942443,0.09638987044046228,0.006979973192905775,0.0,-0.0807901873174138,-0.1415172797874724
motive_7,0.03235915058976963,-0.042227039922689925,0.06370081798205254,0.06758010308496597,-0.059049286249082504,-0.0807901873174138,0.0,0.013141440832830448
motive_8,0.014772142998905245,0.08268952303762228,0.018367470589666104,-0.08283051370295,-0.05590932880218947,-0.1415172797874724,0.013141440832830448,0.0
