,motive_1,motive_2,motive_3,motive_4,motive_5,motive_6,motive_7,motive_8
satisfaction,-0.0640391319407071,0.8506558287250598,0.34429056915054657,-0.5674218428145112,-0.466681421787234,-0.03059484741758403,0.21170609863830084,0.36690263612805696
