,motive_1,motive_2,motive_3,motive_4,motive_5,motive_6,motive_7,motive_8
satisfaction,0.646839851307374,0.03594546224408117,0.0510926368098042,0.13453430697033228,0.3952202771022916,0.2261050296327562,-0.06656780533709114,-0.22152779946942833
