,motive_1,motive_2,motive_3,motive_4,motive_5,motive_6,motive_7,motive_8
motive_1,0.0,0.1516493987162309,0.06619181218512463,0.13130338422213467,0.1595612588636524,0.08589975513731649,0.009709294201045299,0.12188713731255432
motive_2,0.1516493987162309,0.0,0.11427950555157916,-0.06640287453022589,0.02028872390623647,0.20852636234667526,0.2304305976650366,0.03140672397276997
motive_3,0.06619181218512463,0.11427950555157916,0.0,0.09729863319789606,0.2221101927429131,0.0761628212238671,0.021924963515939373,-0.028980403176475364
motive_4,0.13130338422213467,-0.06640287453022589,0.09729863319789606,0.0,0.05363876311234036,0.06681203559954457,0.15297184994007657,0.1261192443647651
motive_5,0.1595612588636524,0.02028872390623647,0.2221101927429131,0.05363876311234036,0.0,0.15072498024564465,0.08721905313733627,0.22733355289191218
motive_6,0.08589975513731649,0.20852636234667526,0.0761628212238671,0.06681203559954457,0.15072498024564465,0.0,0.1535625201623615,0.06895494275313174
motive_7,0.009709294201045299,0.2304305976650366,0.021924963515939373,0.15297184994007657,0.08721905313733627,0.1535625201623615,0.0,-0.013906671991400707
motive_8,0.12188713731255432,0.03140672397276997,-0.028980403176475364,0.1261192443647651,0.22733355289191218,0.06895494275313174,-0.013906671991400707,0.0
