,motive_1,motive_2,motive_3,motive_4,motive_5,motive_6,motive_7,motive_8
motive_1,0.0,0.21750406106496867,0.15355365936616877,-0.02145935869494961,0.1412780482759767,0.10534366685972872,0.06836592818089413,0.15426325013360662
motive_2,0.21750406106496867,0.0,0.07395019552817864,0.06316775689915867,0.0049401178258361295,0.12451392758168323,0.1836588884872718,0.12716399644214726
motive_3,0.15355365936616877,0.07395019552817864,0.0,0.004831274563260934,0.028564761561984606,0.12377493841757642,0.2969064667715475,0.012327769063074215
motive_4,-0.02145935869494961,0.06316775689915867,0.004831274563260934,0.0,-0.013676069356305796,0.08949523637047867,0.12987263593854953,0.06597467743102073
motive_5,0.1412780482759767,0.0049401178258361295,0.028564761561984606,-0.013676069356305796,0.0,0.2483759504872472,-0.0267307108292779,0.10732639201765534
motive_6,0.10534366685972872,0.12451392758168323,0.12377493841757642,0.08949523637047867,0.2483759504872472,0.0,0.10446381981439606,0.1422029665915978
motive_7,0.06836592818089413,0.1836588884872718,0.2969064667715475,0.12987263593854953,-0.0267307108292779,0.10446381981439606,0.0,0.20304586496604868
motive_8,0.15426325013360662,0.12716399644214726,0.012327769063074215,0.06597467743102073,0.10732639201765534,0.1422029665915978,0.20304586496604868,0.0
