,motive_1,motive_2,motive_3,motive_4,motive_5,motive_6,motive_7,motive_8
satisfaction,0.25578366058382057,0.5588004505819566,0.3159765911739786,0.6311373775916929,-0.5885911119210296,-0.21570642301752285,0.2406711507083758,0.3362714829095475
