,motive_1,motive_2,motive_3,motive_4,motive_5,motive_6,motive_7,motive_8
motive_1,0.0,0.23522011072202623,0.1610565823178661,0.130090897871193,0.04173194489213927,0.1300747179617767,0.12271245631420753,0.17459291348219355
motive_2,0.23522011072202623,0.0,0.1518201608577316,0.141188262122547,0.05242155626726565,0.11602531279646056,0.08866059790258422,0.1480092377410668
motive_3,0.1610565823178661,0.1518201608577316,0.0,0.09523082018207733,0.029954489717111565,0.06532817798261484,0.004123265951436715,0.2553635059864775
motive_4,0.130090897871193,0.141188262122547,0.09523082018207733,0.0,0.13029506142877365,0.08220324351571301,0.005607067731528505,0.14031663913358614
motive_5,0.04173194489213927,0.05242155626726565,0.029954489717111565,0.13029506142877365,0.0,0.13232520339081183,0.06516273755572966,0.05667148124208656
motive_6,0.1300747179617767,0.11602531279646056,0.06532817798261484,0.08220324351571301,0.13232520339081183,0.0,0.08622960166568729,0.19095086666455624
motive_7,0.12271245631420753,0.08866059790258422,0.004123265951436715,0.005607067731528505,0.06516273755572966,0.08622960166568729,0.0,0.01697382253741693
motive_8,0.17459291348219355,0.1480092377410668,0.2553635059864775,0.14031663913358614,0.05667148124208656,0.19095086666455624,0.01697382253741693,0.0
