,motive_1,motive_2,motive_3,motive_4,motive_5,motive_6,motive_7,motive_8
motive_1,0.0,0.08653030204250861,-0.08279631803464128,0.06747114396086426,0.08524299087147544,0.04625975747368173,0.04126611725771541,0.17329002759005452
motive_2,0.08653030204250861,0.0,0.18941997815949704,0.14596779633176615,0.13563969867678588,0.04653137206712478,0.14479521818457733,0.1906984454091404
motive_3,-0.08279631803464128,0.18941997815949704,0.0,0.04653346625686902,0.04582848349343196,0.008154583188147324,0.17025177462612276,0.19081393426718907
motive_4,0.06747114396086426,0.14596779633176615,0.04653346625686902,0.0,0.15888845722186526,0.08842053766695898,0.032912105244254065,0.10152834895351134
motive_5,0.08524299087147544,0.13563969867678588,0.04582848349343196,0.15888845722186526,0.0,0.055347616494131724,0.11497280884272987,0.14042438448177022
motive_6,0.04625975747368173,0.04653137206712478,0.008154583188147324,0.08842053766695898,0.055347616494131724,0.0,0.11379000175574144,0.2001950869928989
motive_7,0.04126611725771541,0.14479521818457733,0.17025177462612276,0.032912105244254065,0.11497280884272987,0.11379000175574144,0.0,0.039201009177211796
motive_8,0.17329002759005452,0.1906984454091404,0.19081393426718907,0.10152834895351134,0.14042438448177022,0.2001950869928989,0.039201009177211796,0.0
