,motive_1,motive_2,motive_3,motive_4,motive_5,motive_6,motive_7,motive_8
satisfaction,-0.0813758823144384,0.1714658724567351,0.3488121149966191,0.29501966613751596,0.06065586763084381,-0.07973725672969845,0.04204617348814041,-0.01830826497506051
