,motive_1,motive_2,motive_3,motive_4,motive_5,motive_6,motive_7,motive_8
motive_1,0.0,0.15941201647210812,0.5206817343739919,0.5337116116384328,0.3109562121955323,0.4580424798424499,0.5303910064562776,0.3251312354892195
motive_2,0.15941201647210812,0.0,0.44849776110731693,0.5518207107036626,0.5098315635123322,0.3498801267354572,0.40644983473898094,0.3496099154569318
motive_3,0.5206817343739919,0.44849776110731693,0.0,0.4674850926632542,0.20456172345375043,0.10559917759872606,0.5367461197699807,0.4156260090995759
motive_4,0.5337116116384328,0.5518207107036626,0.4674850926632542,0.0,-0.12156350558912934,0.39597478993590113,0.24866076720732166,0.10228534157077168
motive_5,0.3109562121955323,0.5098315635123322,0.20456172345375043,-0.12156350558912934,0.0,0.5975226773904667,0.29254501415019196,0.34673229871322553
motive_6,0.4580424798424499,0.3498801267354572,0.10559917759872606,0.39597478993590113,0.5975226773904667,0.0,0.569190512174744,0.6147091517869331
motive_7,0.5303910064562776,0.40644983473898094,0.5367461197699807,0.24866076720732166,0.29254501415019196,0.569190512174744,0.0,0.34789075311602646
motive_8,0.3251312354892195,0.3496099154569318,0.4156260090995759,0.10228534157077168,0.34673229871322553,0.6147091517869331,0.34789075311602646,0.0
