,motive_1,motive_2,motive_3,motive_4,motive_5,motive_6,motive_7,motive_8
satisfaction,0.21431950330992997,0.0014747848781911793,-0.07226912468526545,-0.0719659564343949,0.09908816644919506,0.3112844870064693,-0.2243022799525188,0.39346181256644763
