,motive_1,motive_2,motive_3,motive_4,motive_5,motive_6,motive_7,motive_8
satisfaction,0.42039128082199684,-0.3627099473349865,-0.15462952575565506,0.20805870271261634,-0.010894341008378827,0.1089676976733407,0.022181027793486602,-0.09089679774846202
