,motive_1,motive_2,motive_3,motive_4,motive_5,motive_6,motive_7,motive_8
motive_1,0.0,0.5432670568690641,0.10911103477737791,0.473905268005248,0.13559150913002385,0.14555937988535445,-0.02901380166258022,0.4390390014843435
motive_2,0.5432670568690641,0.0,-0.23515367392707165,0.07750313797835204,0.4037305310734366,0.4837283500539773,-0.021939378525290917,0.04550273321395393
motive_3,0.10911103477737791,-0.23515367392707165,0.0,0.23093709636385773,0.1630945925441324,-0.07038120340389799,0.05182801958496398,0.14491926689722098
motive_4,0.473905268005248,0.07750313797835204,0.23093709636385773,0.0,0.35128005144609276,0.043735238880024514,-0.26919117520093155,0.23475393076407491
motive_5,0.13559150913002385,0.4037305310734366,0.1630945925441324,0.35128005144609276,0.0,-0.14447171141657428,0.24018189625685213,0.47962729425453077
motive_6,0.14555937988535445,0.4837283500539773,-0.07038120340389799,0.043735238880024514,-0.14447171141657428,0.0,0.361461903482165,0.4342469680569555
motive_7,-0.02901380166258022,-0.021939378525290917,0.05182801958496398,-0.26919117520093155,0.24018189625685213,0.361461903482165,0.0,0.49765161656127094
motive_8,0.4390390014843435,0.04550273321395393,0.14491926689722098,0.23475393076407491,0.47962729425453077,0.4342469680569555,0.49765161656127094,0.0
