,motive_1,motive_2,motive_3,motive_4,motive_5,motive_6,motive_7,motive_8
motive_1,0.0,0.5378112928713062,0.1923247938861552,0.4842524169662449,-0.484315302945603,-0.043962695130514096,0.2026278689006039,-0.2621346070191579
motive_2,0.5378112928713062,0.0,0.7394706682749609,-0.054589350446191204,-0.23774971189304983,-0.1751091524998879,0.023853820464524736,0.47326176528979913
motive_3,0.1923247938861552,0.7394706682749609,0.0,0.08195297603862016,1.125640905565859,0.039122107774428594,0.7096726320030537,0.015273194792239986
motive_4,0.4842524169662449,-0.054589350446191204,0.08195297603862016,0.0,-0.42533601256939335,-0.05163725854022233,0.04890312110894772,-0.17159102696638795
motive_5,-0.484315302945603,-0.23774971189304983,1.125640905565859,-0.42533601256939335,0.0,0.8425055459582738,-0.17271628132163974,0.7632935171653065
motive_6,-0.043962695130514096,-0.1751091524998879,0.039122107774428594,-0.05163725854022233,0.8425055459582738,0.0,0.3109678303886374,-0.43058615040414927
motive_7,0.2026278689006039,0.023853820464524736,0.7096726320030537,0.04890312110894772,-0.17271628132163974,0.3109678303886374,0.0,-0.2213917086361481
motive_8,-0.2621346070191579,0.47326176528979913,0.015273194792239986,-0.17159102696638795,0.7632935171653065,-0.43058615040414927,-0.2213917086361481,0.0
