,motive_1,motive_2,motive_3,motive_4,motive_5,motive_6,motive_7,motive_8
motive_1,0.0,0.03315846148250948,0.01452721034906928,0.01198758807690244,-0.029030927804997615,0.0789532603029372,-0.053798888699193415,-0.04064689647992089
motive_2,0.03315846148250948,0.0,-0.06344912508724568,0.020775727509565495,0.0406066632232992,-0.002828332973637205,0.02990303622811609,0.023345891824167533
motive_3,0.01452721034906928,-0.06344912508724568,0.0,-0.018485947691759822,0.025585966704609053,0.23444991372409957,0.007658150365722576,0.0541519768924513
motive_4,0.01198758807690244,0.020775727509565495,-0.018485947691759822,0.0,0.07448789693507296,-0.016979453953757113,0.03284113659806309,-0.023874483634766318
motive_5,-0.029030927804997615,0.0406066632232992,0.025585966704609053,0.07448789693507296,0.0,-0.09397501224484031,-0.09639032712003442,0.11383587257604202
motive_6,0.0789532603029372,-0.002828332973637205,0.23444991372409957,-0.016979453953757113,-0.09397501224484031,0.0,-0.00838029561834534,0.08043121141231621
motive_7,-0.053798888699193415,0.02990303622811609,0.007658150365722576,0.03284113659806309,-0.09639032712003442,-0.00838029561834534,0.0,0.06364402411568454
motive_8,-0.04064689647992089,0.023345891824167533,0.0541519768924513,-0.023874483634766318,0.11383587257604202,0.08043121141231621,0.06364402411568454,0.0
