,motive_1,motive_2,motive_3,motive_4,motive_5,motive_6,motive_7,motive_8
motive_1,0.0,0.4431733809908919,0.2141960451473918,0.28598732761695445,0.19495557416482814,0.2222199452217951,0.4803410884322764,0.3093821421663529
motive_2,0.4431733809908919,0.0,0.36040415010351734,0.09503217935938335,0.36137716086577704,0.13617431057862564,0.3118617136575562,0.331386124095266
motive_3,0.2141960451473918,0.36040415010351734,0.0,0.21644459086429807,0.9225079738827443,0.3900831501183628,0.34550792367725136,0.36722389672709366
motive_4,0.28598732761695445,0.09503217935938335,0.21644459086429807,0.0,0.3154218062584191,0.3582959903020857,0.5474866143979802,0.3405456928348434
motive_5,0.19495557416482814,0.36137716086577704,0.9225079738827443,0.3154218062584191,0.0,0.2842249616191646,0.4184602613532322,0.19847835405204695
motive_6,0.2222199452217951,0.13617431057862564,0.3900831501183628,0.3582959903020857,0.2842249616191646,0.0,0.2420455722607573,0.3723776041580682
motive_7,0.4803410884322764,0.3118617136575562,0.34550792367725136,0.5474866143979802,0.4184602613532322,0.2420455722607573,0.0,-0.15025051350797192
motive_8,0.3093821421663529,0.331386124095266,0.36722389672709366,0.3405456928348434,0.19847835405204695,0.3723776041580682,-0.15025051350797192,0.0
