,motive_1,motive_2,motive_3,motive_4,motive_5,motive_6,motive_7,motive_8
satisfaction,0.21749979193725721,-0.008249428299671083,0.006799973402949938,0.3375131091828347,0.00026049001016738293,0.20449844832699304,0.006665404631615551,0.01213801747670315
