,motive_1,motive_2,motive_3,motive_4,motive_5,motive_6,motive_7,motive_8
motive_1,0.0,0.1591667968952642,0.07197578178536035,0.0008350675052985965,0.10063194226303604,0.09202402851455083,0.11428940528414688,0.024600973964210633
motive_2,0.1591667968952642,0.0,0.19541000547944085,0.055707985227925354,0.028481110542233123,0.10996634931269436,0.03455998862474977,0.06727282072911665
motive_3,0.07197578178536035,0.19541000547944085,0.0,-0.0011243524495658727,-0.016992958146385295,0.06735697027576099,0.08254801484844435,0.08128599185819348
motive_4,0.0008350675052985965,0.055707985227925354,-0.0011243524495658727,0.0,0.13268618525682863,0.1722484232108012,0.11239914930262143,0.04316020863233985
motive_5,0.10063194226303604,0.028481110542233123,-0.016992958146385295,0.13268618525682863,0.0,0.05806628843370077,0.04922270360010419,0.023083620366520896
motive_6,0.09202402851455083,0.10996634931269436,0.06735697027576099,0.1722484232108012,0.05806628843370077,0.0,0.14578720095700345,0.12524512459906323
motive_7,0.11428940528414688,0.03455998862474977,0.08254801484844435,0.11239914930262143,0.04922270360010419,0.14578720095700345,0.0,0.24153870961054205
motive_8,0.024600973964210633,0.06727282072911665,0.08128599185819348,0.04316020863233985,0.023083620366520896,0.12524512459906323,0.24153870961054205,0.0
