,motive_1,motive_2,motive_3,motive_4,motive_5,motive_6,motive_7,motive_8
satisfaction,0.3045587158582853,0.4695597207351132,0.6673791177991539,0.28348245016969564,0.2278625075700988,0.14590422895150046,0.40280128070688376,-0.4310597508210661
