,motive_1,motive_2,motive_3,motive_4,motive_5,motive_6,motive_7,motive_8
satisfaction,-0.2271058798761644,-0.1088419755418634,0.22260777633750928,0.24724104266476477,0.3053842878799581,-0.18643812221178532,-0.2682376600373434,0.17321864523346076
