,motive_1,motive_2,motive_3,motive_4,motive_5,motive_6,motive_7,motive_8
motive_1,0.0,0.3896052692430628,0.5460125427116462,-0.113184513520131,0.05783992860656831,-0.16274079544546247,0.7801108817633728,0.38008517067321235
motive_2,0.3896052692430628,0.0,0.0379166191156686,0.3532160925352974,0.14627198495140775,0.03020798654833129,0.2630180531490689,0.25123115203558044
motive_3,0.5460125427116462,0.0379166191156686,0.0,-0.08734248764741151,0.08535498363392638,0.3456020118527753,0.32685181347666203,-0.011846011270696552
motive_4,-0.113184513520131,0.3532160925352974,-0.08734248764741151,0.0,0.17067678065241718,-0.050622103140192165,0.46919427441569794,0.1928987222826582
motive_5,0.05783992860656831,0.14627198495140775,0.08535498363392638,0.17067678065241718,0.0,-0.1982766746308568,0.1480496330146565,0.3198926272463196
motive_6,-0.16274079544546247,0.03020798654833129,0.3456020118527753,-0.050622103140192165,-0.1982766746308568,0.0,0.2783655041718023,0.33333573758593693
motive_7,0.7801108817633728,0.2630180531490689,0.32685181347666203,0.46919427441569794,0.1480496330146565,0.2783655041718023,0.0,0.32931071084192254
motive_8,0.38008517067321235,0.25123115203558044,-0.011846011270696552,0.1928987222826582,0.3198926272463196,0.33333573758593693,0.32931071084192254,0.0
