,motive_1,motive_2,motive_3,motive_4,motive_5,motive_6,motive_7,motive_8
satisfaction,0.08424620844475239,0.5002706531220298,0.06569527037067999,0.16517479449243766,0.5507043845130988,0.35468418604541474,0.12263983082506971,0.2855137441200109
