,motive_1,motive_2,motive_3,motive_4,motive_5,motive_6,motive_7,motive_8
motive_1,0.0,0.26038151166320694,0.4956133052387019,0.5310978870846766,0.47070645314651016,0.6948010175266073,0.31359763633355764,0.5853666709753944
motive_2,0.26038151166320694,0.0,0.13933403921376375,0.5890003998993747,0.11840267985351519,0.26237342871017755,0.5870856568379395,0.3404568426069525
motive_3,0.4956133052387019,0.13933403921376375,0.0,0.5385800027079424,0.18980715353150687,0.22986023015614987,0.3244699993257807,0.07994168507032028
motive_4,0.5310978870846766,0.5890003998993747,0.5385800027079424,0.0,0.6290543801992012,0.5622266688660135,0.3452202198959785,0.3248070002255721
motive_5,0.47070645314651016,0.11840267985351519,0.18980715353150687,0.6290543801992012,0.0,0.5456367866974688,0.21236914711662985,0.266312143570398
motive_6,0.6948010175266073,0.26237342871017755,0.22986023015614987,0.5622266688660135,0.5456367866974688,0.0,0.27797383631011074,0.31039705424424047
motive_7,0.31359763633355764,0.5870856568379395,0.3244699993257807,0.3452202198959785,0.21236914711662985,0.27797383631011074,0.0,0.35904468502018344
motive_8,0.5853666709753944,0.3404568426069525,0.07994168507032028,0.3248070002255721,0.266312143570398,0.31039705424424047,0.35904468502018344,0.0
