,motive_1,motive_2,motive_3,motive_4,motive_5,motive_6,motive_7,motive_8
motive_1,0.0,0.001120582962471063,0.020756003995623478,-0.02261809778333842,-0.00975960759773876,-0.033793790320011834,0.03993466802528925,0.044496674197454435
motive_2,0.001120582962471063,0.0,0.04956693164287586,-0.10200661018163622,0.01789139792028439,0.013294525260566924,0.1166702351167174,0.10567642459472937
motive_3,0.020756003995623478,0.04956693164287586,0.0,0.08032994643173803,0.0803550521422811,-0.08710428036314818,-0.05627775717476714,0.06257544665509493
motive_4,-0.02261809778333842,-0.10200661018163622,0.08032994643173803,0.0,0.09092796760301045,0.04564528309937934,0.11667769248448165,0.045779350702328386
motive_5,-0.00975960759773876,0.01789139792028439,0.0803550521422811,0.09092796760301045,0.0,0.059394139665662295,0.10299483052318759,-0.049234450873111166
motive_6,-0.033793790320011834,0.013294525260566924,-0.08710428036314818,0.04564528309937934,0.059394139665662295,0.0,0.0908326461421563,0.05471334622278818
motive_7,0.03993466802528925,0.1166702351167174,-0.05627775717476714,0.11667769248448165,0.10299483052318759,0.0908326461421563,0.0,0.019506767504231633
motive_8,0.044496674197454435,0.10567642459472937,0.06257544665509493,0.045779350702328386,-0.049234450873111166,0.05471334622278818,0.019506767504231633,0.0
