,motive_1,motive_2,motive_3,motive_4,motive_5,motive_6,motive_7,motive_8
motive_1,0.0,0.15293726667353286,-0.036914074362417566,0.03779704299522298,0.05620373685209839,0.19999773088536996,0.07996123992804643,0.16136304126492138
motive_2,0.15293726667353286,0.0,0.04814128812914359,0.05112402086536777,0.1695868171462834,0.09869817450991979,0.08383446614884438,0.03846294520448374
motive_3,-0.036914074362417566,0.04814128812914359,0.0,0.2243508975295478,0.18807533611172764,0.07934190072714979,0.09485924679092089,0.025584876598258983
motive_4,0.03779704299522298,0.05112402086536777,0.2243508975295478,0.0,0.1795478836516984,0.0844899276456859,0.14514659013768774,0.12239834986068354
motive_5,0.05620373685209839,0.1695868171462834,0.18807533611172764,0.1795478836516984,0.0,0.10674432411742771,-0.06603944965864293,0.08883833079301953
motive_6,0.19999773088536996,0.09869817450991979,0.07934190072714979,0.0844899276456859,0.10674432411742771,0.0,0.10978915353935643,0.1397878716466271
motive_7,0.07996123992804643,0.08383446614884438,0.09485924679092089,0.14514659013768774,-0.06603944965864293,0.10978915353935643,0.0,0.11613546808188079
motive_8,0.16136304126492138,0.03846294520448374,0.025584876598258983,0.12239834986068354,0.08883833079301953,0.1397878716466271,0.11613546808188079,0.0
