,motive_1,motive_2,motive_3,motive_4,motive_5,motive_6,motive_7,motive_8
motive_1,0.0,-0.09153255569957447,-0.14176418820872694,0.2201571378061873,0.2202832893138355,0.04178557355193899,-0.08977626784042224,0.026436495513645367
motive_2,-0.09153255569957447,0.0,0.1547677671775981,0.4178343346546471,0.39748275788532117,0.25293155482748547,0.05165291630889056,0.09674782265906544
motive_3,-0.14176418820872694,0.1547677671775981,0.0,-0.13707769376940165,0.39538528223768266,0.18863458214213905,0.45344674556809184,-0.11653997482546347
motive_4,0.2201571378061873,0.4178343346546471,-0.13707769376940165,0.0,0.5285368746116323,-0.00958954097743539,0.1502740711129199,0.28824463389300026
motive_5,0.2202832893138355,0.39748275788532117,0.39538528223768266,0.5285368746116323,0.0,0.049523764178168145,0.6641889765819665,0.4489406646746728
motive_6,0.04178557355193899,0.25293155482748547,0.18863458214213905,-0.00958954097743539,0.049523764178168145,0.0,0.36088782929147667,0.48047389612760527
motive_7,-0.08977626784042224,0.05165291630889056,0.45344674556809184,0.1502740711129199,0.6641889765819665,0.36088782929147667,0.0,-0.11474853786639912
motive_8,0.026436495513645367,0.09674782265906544,-0.11653997482546347,0.28824463389300026,0.4489406646746728,0.48047389612760527,-0.11474853786639912,0.0
