,motive_1,motive_2,motive_3,motive_4,motive_5,motive_6,motive_7,motive_8
motive_1,0.0,0.06547941180432604,0.16638243174901418,0.09607629059307596,-0.062053951214128635,0.05946233546619975,0.15272757419505595,-0.04266540148942558
motive_2,0.06547941180432604,0.0,0.04485620429678867,0.057943332204263176,0.025292378255492978,0.17561348196464044,0.1701156093004621,0.07426974148135716
motive_3,0.16638243174901418,0.04485620429678867,0.0,0.09981776844628487,0.03180002519681052,0.1514107415952234,0.2033622692610929,0.12909542108695593
motive_4,0.09607629059307596,0.057943332204263176,0.09981776844628487,0.0,0.05782566154359914,0.1523999712480866,0.12035998047432457,0.05396365442616459
motive_5,-0.062053951214128635,0.025292378255492978,0.03180002519681052,0.05782566154359914,0.0,0.009134666042080727,0.014502305664529362,0.08811414210947303
motive_6,0.05946233546619975,0.17561348196464044,0.1514107415952234,0.1523999712480866,0.009134666042080727,0.0,0.1672447109248502,0.1091514416223034
motive_7,0.15272757419505595,0.1701156093004621,0.2033622692610929,0.12035998047432457,0.014502305664529362,0.1672447109248502,0.0,0.11199102747346189
motive_8,-0.04266540148942558,0.07426974148135716,0.12909542108695593,0.05396365442616459,0.08811414210947303,0.1091514416223034,0.11199102747346189,0.0
