,motive_1,motive_2,motive_3,motive_4,motive_5,motive_6,motive_7,motive_8
motive_1,0.0,0.47868625411934757,0.17397319121647134,0.2896905478466596,-0.2113300361617811,0.3304401023323898,-0.11503709961495562,0.27100022581629524
motive_2,0.47868625411934757,0.0,0.3095704973606508,0.03939722102666507,0.5642930911377437,0.057007425887812616,-0.12269411320429868,0.4721839799883967
motive_3,0.17397319121647134,0.3095704973606508,0.0,0.14227373688491654,0.43585450887189403,0.31361701879595644,0.2677376534724906,0.2356808394817932
motive_4,0.2896905478466596,0.03939722102666507,0.14227373688491654,0.0,0.41114492142805115,0.27555525051578256,0.2952246745641222,0.5221478535540065
motive_5,-0.2113300361617811,0.5642930911377437,0.43585450887189403,0.41114492142805115,0.0,0.49472241010527584,-0.26249602858742055,0.6875182977442004
motive_6,0.3304401023323898,0.057007425887812616,0.31361701879595644,0.27555525051578256,0.49472241010527584,0.0,0.19144731566591078,0.10742773928783872
motive_7,-0.11503709961495562,-0.12269411320429868,0.2677376534724906,0.2952246745641222,-0.26249602858742055,0.19144731566591078,0.0,0.27602340552011606
motive_8,0.27100022581629524,0.4721839799883967,0.2356808394817932,0.5221478535540065,0.6875182977442004,0.10742773928783872,0.27602340552011606,0.0
