,motive_1,motive_2,motive_3,motive_4,motive_5,motive_6,motive_7,motive_8
satisfaction,-0.1939341943497985,-0.14152918325464112,0.21614956114750775,0.2513650048037144,0.08192884186867112,0.3429799121362651,0.3752279656491204,0.3345430188244706
