,motive_1,motive_2,motive_3,motive_4,motive_5,motive_6,motive_7,motive_8
motive_1,0.0,0.21455090889592643,-0.1394434268318106,0.5332419590160875,-0.23344181373494158,0.6317656782391287,0.244019015639155,0.6934385896952493
motive_2,0.21455090889592643,0.0,-0.08823025862095452,-0.4676655651235622,-0.14473934491304574,-0.24542009664393458,0.24119741396428632,-0.7041535030899493
motive_3,-0.1394434268318106,-0.08823025862095452,0.0,0.1350903687880513,0.8555122568644449,0.2525956755146595,-0.14856150655395722,0.8383598651954098
motive_4,0.5332419590160875,-0.4676655651235622,0.1350903687880513,0.0,0.07773435446593087,-0.5103543391826845,-0.14151645423115689,-0.26878096073532115
motive_5,-0.23344181373494158,-0.14473934491304574,0.8555122568644449,0.07773435446593087,0.0,-0.30950392140365524,-0.21678031042631563,-0.8303271431792356
motive_6,0.6317656782391287,-0.24542009664393458,0.2525956755146595,-0.5103543391826845,-0.30950392140365524,0.0,-0.11203684329034852,-0.13510387387356398
motive_7,0.244019015639155,0.24119741396428632,-0.14856150655395722,-0.14151645423115689,-0.21678031042631563,-0.11203684329034852,0.0,-0.1385022244671535
motive_8,0.6934385896952493,-0.7041535030899493,0.8383598651954098,-0.26878096073532115,-0.8303271431792356,-0.13510387387356398,-0.1385022244671535,0.0
