,motive_1,motive_2,motive_3,motive_4,motive_5,motive_6,motive_7,motive_8
motive_1,0.0,0.07455530266247248,0.04418640707292817,0.1331703663234362,0.12668976361949189,0.11844243100101365,0.026181933835770596,0.062452677025984095
motive_2,0.07455530266247248,0.0,0.10009413493221833,0.11919315442221042,0.260065108582948,0.1312532396823568,0.09108216214926913,0.10425992122476188
motive_3,0.04418640707292817,0.10009413493221833,0.0,0.08500619188252938,0.04224360932312437,0.10370619444822322,-0.13081460111163012,0.17938628831255343
motive_4,0.1331703663234362,0.11919315442221042,0.08500619188252938,0.0,0.10645660959137294,0.08976783096826506,0.12644982859893983,0.05567361033884951
motive_5,0.12668976361949189,0.260065108582948,0.04224360932312437,0.10645660959137294,0.0,0.07544238858074867,0.008407597164225511,0.04441415334196134
motive_6,0.11844243100101365,0.1312532396823568,0.10370619444822322,0.08976783096826506,0.07544238858074867,0.0,0.10463123881738104,0.17513549635770792
motive_7,0.026181933835770596,0.09108216214926913,-0.13081460111163012,0.12644982859893983,0.008407597164225511,0.10463123881738104,0.0,0.13258122233915856
motive_8,0.062452677025984095,0.10425992122476188,0.17938628831255343,0.05567361033884951,0.04441415334196134,0.17513549635770792,0.13258122233915856,0.0
