,motive_1,motive_2,motive_3,motive_4,motive_5,motive_6,motive_7,motive_8
satisfaction,0.2137743201499277,0.1341352563613194,-0.04523655520585096,-0.0042767915000067325,-0.33949430437109396,-0.30509623473001024,0.30995321725830904,0.24313611438451338
