,motive_1,motive_2,motive_3,motive_4,motive_5,motive_6,motive_7,motive_8
motive_1,0.0,0.048430732416858316,0.08310555342470687,-0.04935485730246693,-0.15708455551116401,-0.017305027461412617,-0.038723590396347825,0.12387049597301067
motive_2,0.048430732416858316,0.0,0.05807161241449625,-0.11440998888089293,-0.06583032358446325,0.10348295010443252,0.01061235874413674,-0.0894606540858995
motive_3,0.08310555342470687,0.05807161241449625,0.0,-0.07315860211414514,-0.0377521150155978,-0.0065144799720914595,0.022480737979082656,-0.01759915867696167
motive_4,-0.04935485730246693,-0.11440998888089293,-0.07315860211414514,0.0,-0.05058598587516579,0.002219766678186303,-0.004396930605948625,-0.027174480750865915
motive_5,-0.15708455551116401,-0.06583032358446325,-0.0377521150155978,-0.05058598587516579,0.0,-0.0951661172218121,0.07371787646463225,0.007783818431612688
motive_6,-0.017305027461412617,0.10348295010443252,-0.0065144799720914595,0.002219766678186303,-0.0951661172218121,0.0,0.10090307546603217,-0.022149435757587783
motive_7,-0.038723590396347825,0.01061235874413674,0.022480737979082656,-0.004396930605948625,0.07371787646463225,0.10090307546603217,0.0,-0.037746981597804055
motive_8,0.12387049597301067,-0.0894606540858995,-0.01759915867696167,-0.027174480750865915,0.007783818431612688,-0.022149435757587783,-0.037746981597804055,0.0
