,motive_1,motive_2,motive_3,motive_4,motive_5,motive_6,motive_7,motive_8
motive_1,0.0,0.3108437370350883,0.5220632333152573,0.2680204399375531,0.25604854328421256,0.6927980770020966,0.5338396211465395,0.2161992275630511
motive_2,0.3108437370350883,0.0,0.22974392929848683,0.46795627558628927,0.18909020542852298,0.33429124084471157,-0.06420971922696167,0.20827392395080066
motive_3,0.5220632333152573,0.22974392929848683,0.0,0.68837854290662,0.7343877580267472,0.6825112201264805,0.7155975308401893,0.37658411113101564
motive_4,0.2680204399375531,0.46795627558628927,0.68837854290662,0.0,0.29005775294658237,0.9086344062799352,0.293808213961519,0.48238607072937156
motive_5,0.25604854328421256,0.18909020542852298,0.7343877580267472,0.29005775294658237,0.0,0.3222718768325861,0.4686373945471543,0.3825775295638554
motive_6,0.6927980770020966,0.33429124084471157,0.6825112201264805,0.9086344062799352,0.3222718768325861,0.0,0.2838059469541916,0.06337197850747672
motive_7,0.5338396211465395,-0.06420971922696167,0.7155975308401893,0.293808213961519,0.4686373945471543,0.2838059469541916,0.0,0.27740074398738923
motive_8,0.2161992275630511,0.20827392395080066,0.37658411113101564,0.48238607072937156,0.3825775295638554,0.06337197850747672,0.27740074398738923,0.0
