,motive_1,motive_2,motive_3,motive_4,motive_5,motive_6,motive_7,motive_8
motive_1,0.0,0.34758932374770884,0.3340151036781688,0.3512203598290956,0.318053600161199,-0.06607441036051172,-0.1293432501000188,0.3599696266025287
motive_2,0.34758932374770884,0.0,0.3710719944147578,-0.04787518710638332,0.435569322768139,0.09891805256499311,0.2506727281902385,0.023154002591680906
motive_3,0.3340151036781688,0.3710719944147578,0.0,0.13382375997030121,0.1980864328336083,0.14836036151798254,0.2398040503427008,0.26105867382131304
motive_4,0.3512203598290956,-0.04787518710638332,0.13382375997030121,0.0,0.5807333320086795,0.2813405042507616,0.2161076313456821,0.6034033565318826
motive_5,0.318053600161199,0.435569322768139,0.1980864328336083,0.5807333320086795,0.0,0.088194894092613,-0.12026166091047644,0.0909493941582831
motive_6,-0.06607441036051172,0.09891805256499311,0.14836036151798254,0.2813405042507616,0.088194894092613,0.0,0.11372460772699368,0.07053751446263032
motive_7,-0.1293432501000188,0.2506727281902385,0.2398040503427008,0.2161076313456821,-0.12026166091047644,0.11372460772699368,0.0,0.6162272663309218
motive_8,0.3599696266025287,0.023154002591680906,0.26105867382131304,0.6034033565318826,0.0909493941582831,0.07053751446263032,0.6162272663309218,0.0
