,motive_1,motive_2,motive_3,motive_4,motive_5,motive_6,motive_7,motive_8
motive_1,0.0,0.20300947009551631,0.8039720382447418,0.20124264843458667,0.40644466802465606,0.29842773119790983,0.38556192278942686,0.6828899854825836
motive_2,0.20300947009551631,0.0,0.567116215093424,0.5721494626178163,0.5774746887144369,0.4612709313045291,0.07519268025665665,0.6475621146615076
motive_3,0.8039720382447418,0.567116215093424,0.0,0.469228510052252,0.45393487432863955,0.5508216662505867,0.21918233928187544,0.35120943691112855
motive_4,0.20124264843458667,0.5721494626178163,0.469228510052252,0.0,0.43205469318856565,0.27761761478770847,0.5584561174129198,0.6424912179437889
motive_5,0.40644466802465606,0.5774746887144369,0.45393487432863955,0.43205469318856565,0.0,0.3560393497260643,0.7121256743583717,0.4694303048967896
motive_6,0.29842773119790983,0.4612709313045291,0.5508216662505867,0.27761761478770847,0.3560393497260643,0.0,0.12246295953782005,0.46191940942290666
motive_7,0.38556192278942686,0.07519268025665665,0.21918233928187544,0.5584561174129198,0.7121256743583717,0.12246295953782005,0.0,0.5906883436266346
motive_8,0.6828899854825836,0.6475621146615076,0.35120943691112855,0.6424912179437889,0.4694303048967896,0.46191940942290666,0.5906883436266346,0.0
