,motive_1,motive_2,motive_3,motive_4,motive_5,motive_6,motive_7,motive_8
motive_1,0.0,0.08248818897114756,0.07452642002177363,0.14080542976886318,0.11902285761080353,0.1138994890129381,0.05246216372189878,0.21900735804765065
motive_2,0.08248818897114756,0.0,0.06787064692352417,0.13400681855608731,0.002355080031234247,0.15030617474696653,0.19024539212686406,0.1285704284666067
motive_3,0.07452642002177363,0.06787064692352417,0.0,0.1734851684090091,0.1926919101354309,0.07420799647786681,0.01665592426109566,0.17261711661255616
motive_4,0.14080542976886318,0.13400681855608731,0.1734851684090091,0.0,0.10928240281990176,0.26292163549115033,0.10010224743596831,0.18359281254282045
motive_5,0.11902285761080353,0.002355080031234247,0.1926919101354309,0.10928240281990176,0.0,0.06091957134745729,0.14344403814117845,0.09399240548597543
motive_6,0.1138994890129381,0.15030617474696653,0.07420799647786681,0.26292163549115033,0.06091957134745729,0.0,0.09447485578349113,0.0790432436161333
motive_7,0.05246216372189878,0.19024539212686406,0.01665592426109566,0.10010224743596831,0.14344403814117845,0.09447485578349113,0.0,0.1688765910333903
motive_8,0.21900735804765065,0.1285704284666067,0.17261711661255616,0.18359281254282045,0.09399240548597543,0.0790432436161333,0.1688765910333903,0.0
