,motive_1,motive_2,motive_3,motive_4,motive_5,motive_6,motive_7,motive_8
motive_1,0.0,-0.22760949543151748,0.06678471494697313,0.3579097440835234,0.8635896155089925,0.47892883959046234,0.016302684222924524,0.45595541305388965
motive_2,-0.22760949543151748,0.0,0.631015335319612,0.7665962138314041,0.1826577640752814,0.34342947029286475,0.5685237184380887,-0.37200303640993065
motive_3,0.06678471494697313,0.631015335319612,0.0,-0.31411040110008126,0.1117998259150007,-0.23648962388932918,-0.12632991722519094,-0.013760275040658299
motive_4,0.3579097440835234,0.7665962138314041,-0.31411040110008126,0.0,-0.5272500534247355,-0.42001699706374007,-0.8163425710153733,0.2041714472953785
motive_5,0.8635896155089925,0.1826577640752814,0.1117998259150007,-0.5272500534247355,0.0,-0.42692746698453315,0.5199708371597171,0.07171787141657916
motive_6,0.47892883959046234,0.34342947029286475,-0.23648962388932918,-0.42001699706374007,-0.42692746698453315,0.0,0.35081523004539106,-0.058134410579323365
motive_7,0.016302684222924524,0.5685237184380887,-0.12632991722519094,-0.8163425710153733,0.5199708371597171,0.35081523004539106,0.0,0.5555080570831853
motive_8,0.45595541305388965,-0.37200303640993065,-0.013760275040658299,0.2041714472953785,0.07171787141657916,-0.058134410579323365,0.5555080570831853,0.0
