,motive_1,motive_2,motive_3,motive_4,motive_5,motive_6,motive_7,motive_8
motive_1,0.0,0.051817320026065414,0.46558871863785656,0.18072018585921248,-0.0025776211483960892,0.27914580915546483,0.3624250286639986,-0.004564379918693892
motive_2,0.051817320026065414,0.0,0.348333182281429,0.6843138301974474,0.1057620823615858,0.2997407280563815,0.1602337473298933,-0.025906244203932338
motive_3,0.46558871863785656,0.348333182281429,0.0,0.441488358624475,0.44527129891566175,0.20553973891041358,0.5289460656896194,-0.14539487333677995
motive_4,0.18072018585921248,0.6843138301974474,0.441488358624475,0.0,0.026965196208709602,-0.08081104603727299,0.3282964530481924,0.04116300276865745
motive_5,-0.0025776211483960892,0.1057620823615858,0.44527129891566175,0.026965196208709602,0.0,0.4906184380934357,0.3032005292244512,0.1611647339153293
motive_6,0.27914580915546483,0.2997407280563815,0.20553973891041358,-0.08081104603727299,0.4906184380934357,0.0,0.20235621506334076,0.05078353726044976
motive_7,0.3624250286639986,0.1602337473298933,0.5289460656896194,0.3282964530481924,0.3032005292244512,0.20235621506334076,0.0,0.38097441574791735
motive_8,-0.004564379918693892,-0.025906244203932338,-0.14539487333677995,0.04116300276865745,0.1611647339153293,0.05078353726044976,0.38097441574791735,0.0
