,motive_1,motive_2,motive_3,motive_4,motive_5,motive_6,motive_7,motive_8
motive_1,0.0,0.19071975860993673,0.06963930284220665,0.21752847028465727,0.18092018195403786,0.15828589809627652,0.1575277810252113,0.07398278321333351
motive_2,0.19071975860993673,0.0,0.14188603083653736,0.1029639315937283,0.15387803721674134,0.04835598556317282,0.08401670237357789,0.17824006979886448
motive_3,0.06963930284220665,0.14188603083653736,0.0,0.1250462487656496,0.014197621937332205,0.10685403497923915,0.04388108892823108,0.13393297250314243
motive_4,0.21752847028465727,0.1029639315937283,0.1250462487656496,0.0,0.10009913912526947,0.10438782160543215,0.11080419671622532,0.11282843303130537
motive_5,0.18092018195403786,0.15387803721674134,0.014197621937332205,0.10009913912526947,0.0,0.18667022195861663,0.04654839728218484,0.20698557299718312
motive_6,0.15828589809627652,0.04835598556317282,0.10685403497923915,0.10438782160543215,0.18667022195861663,0.0,0.09827336824133513,0.1447536588243421
motive_7,0.1575277810252113,0.08401670237357789,0.04388108892823108,0.11080419671622532,0.04654839728218484,0.09827336824133513,0.0,0.16196538701342644
motive_8,0.07398278321333351,0.17824006979886448,0.13393297250314243,0.11282843303130537,0.20698557299718312,0.1447536588243421,0.16196538701342644,0.0
