,motive_1,motive_2,motive_3,motive_4,motive_5,motive_6,motive_7,motive_8
satisfaction,0.506618714773115,-0.18795161203858465,0.07609522475786219,0.14804292635395133,0.09491158573686286,-0.07065553411036243,0.4107178195463189,0.3704747908471825
