,motive_1,motive_2,motive_3,motive_4,motive_5,motive_6,motive_7,motive_8
motive_1,0.0,0.07254416187842883,0.2740051417543108,0.13543939558904894,0.20678457903708009,0.17373671775524765,0.22741568279382912,0.030746444602248776
motive_2,0.07254416187842883,0.0,0.05226092336529343,0.10545483486458074,0.023938562406214045,0.03453048931869105,0.21093682365139754,0.20567662230682826
motive_3,0.2740051417543108,0.05226092336529343,0.0,0.18863893130471485,0.08141660478456,0.18206210573785692,0.21515897961443903,0.056291779732274914
motive_4,0.13543939558904894,0.10545483486458074,0.18863893130471485,0.0,0.18600265642356414,0.0894976917020043,0.019781323841736483,0.02688488300108783
motive_5,0.20678457903708009,0.023938562406214045,0.08141660478456,0.18600265642356414,0.0,0.15616024739421577,0.048566840234349914,0.1510430628182057
motive_6,0.17373671775524765,0.03453048931869105,0.18206210573785692,0.0894976917020043,0.15616024739421577,0.0,0.10815606431913191,0.11500672617181734
motive_7,0.22741568279382912,0.21093682365139754,0.21515897961443903,0.019781323841736483,0.048566840234349914,0.10815606431913191,0.0,0.022279852439799283
motive_8,0.030746444602248776,0.20567662230682826,0.056291779732274914,0.02688488300108783,0.1510430628182057,0.11500672617181734,0.022279852439799283,0.0
