,motive_1,motive_2,motive_3,motive_4,motive_5,motive_6,motive_7,motive_8
motive_1,0.0,0.011348299495564089,0.021229854320460463,0.1613562599976761,0.01976303857931018,0.10068680778379063,0.11411425273257851,0.2577832994112331
motive_2,0.011348299495564089,0.0,0.08114682745983842,0.11433658310225281,0.09893482240797163,0.04084523949516909,0.024744505200658976,0.1000995326057166
motive_3,0.021229854320460463,0.08114682745983842,0.0,0.21159978697093787,0.10525530003734869,0.08439684882326869,0.11737763182138082,0.15661992841432465
motive_4,0.1613562599976761,0.11433658310225281,0.21159978697093787,0.0,0.08006428080953118,-0.0027485470357311304,0.07170065144987157,0.06230824611430948
motive_5,0.01976303857931018,0.09893482240797163,0.10525530003734869,0.08006428080953118,0.0,0.13486210911456992,0.06898424269745193,0.11386662433310207
motive_6,0.10068680778379063,0.04084523949516909,0.08439684882326869,-0.0027485470357311304,0.13486210911456992,0.0,0.14467087494191397,0.14791041384541606
motive_7,0.11411425273257851,0.024744505200658976,0.11737763182138082,0.07170065144987157,0.06898424269745193,0.14467087494191397,0.0,-0.005668745500096335
motive_8,0.2577832994112331,0.1000995326057166,0.15661992841432465,0.06230824611430948,0.11386662433310207,0.14791041384541606,-0.005668745500096335,0.0
