,motive_1,motive_2,motive_3,motive_4,motive_5,motive_6,motive_7,motive_8
motive_1,0.0,-0.05793228548807301,0.027437141138645822,0.020815312456676074,0.04168323839311692,-0.027684142231324836,0.046144703875586085,-0.011085184689782278
motive_2,-0.05793228548807301,0.0,0.11012773662244087,-0.07916662203207855,0.048274658809402696,-0.06905748191683325,-0.006271231683000783,-0.08728569051070117
motive_3,0.027437141138645822,0.11012773662244087,0.0,-0.08602579363758084,-0.0032268477001646326,-0.016305178849944445,0.023422059312794376,0.009982789122284908
motive_4,0.020815312456676074,-0.07916662203207855,-0.08602579363758084,0.0,0.039023550211443776,-0.043980758218359506,0.1369035565494041,0.004062971142970377
motive_5,0.04168323839311692,0.048274658809402696,-0.0032268477001646326,0.039023550211443776,0.0,0.0410546956527077,0.09782896473773478,0.04591681442802145
motive_6,-0.027684142231324836,-0.06905748191683325,-0.016305178849944445,-0.043980758218359506,0.0410546956527077,0.0,0.023429273474479963,0.08126767638321404
motive_7,0.046144703875586085,-0.006271231683000783,0.023422059312794376,0.1369035565494041,0.09782896473773478,0.023429273474479963,0.0,0.12196746889868565
motive_8,-0.011085184689782278,-0.08728569051070117,0.009982789122284908,0.004062971142970377,0.04591681442802145,0.08126767638321404,0.12196746889868565,0.0
