,motive_1,motive_2,motive_3,motive_4,motive_5,motive_6,motive_7,motive_8
motive_1,0.0,0.2899408961650265,0.42228819868109413,0.06646699917554086,0.11888271598298089,0.4722618878524233,0.17149724463867294,-0.014739737067261574
motive_2,0.2899408961650265,0.0,-0.06258229353976434,-0.3386764538044141,0.47240569099934165,0.18362533263840963,0.35176634288940045,0.3565890723630557
motive_3,0.42228819868109413,-0.06258229353976434,0.0,0.06011206884281105,0.3450168167432355,0.09423715929196026,0.27692002550033584,-0.07085875735108117
motive_4,0.06646699917554086,-0.3386764538044141,0.06011206884281105,0.0,0.20784265124148657,0.4419444982258358,-0.13701827387411716,0.06748152713669882
motive_5,0.11888271598298089,0.47240569099934165,0.3450168167432355,0.20784265124148657,0.0,0.5800093379633688,0.6292229127581903,0.08507439158393265
motive_6,0.4722618878524233,0.18362533263840963,0.09423715929196026,0.4419444982258358,0.5800093379633688,0.0,-0.013826027632707016,0.35443191814410546
motive_7,0.17149724463867294,0.35176634288940045,0.27692002550033584,-0.13701827387411716,0.6292229127581903,-0.013826027632707016,0.0,-0.024515746281119632
motive_8,-0.014739737067261574,0.3565890723630557,-0.07085875735108117,0.06748152713669882,0.08507439158393265,0.35443191814410546,-0.024515746281119632,0.0
