,motive_1,motive_2,motive_3,motive_4,motive_5,motive_6,motive_7,motive_8
satisfaction,-0.22964643751110547,-0.17487594827073355,0.2963503656730537,0.0652310026318012,0.5205073428026707,0.30939623926301396,0.3071641096154329,0.596226549829086
