,motive_1,motive_2,motive_3,motive_4,motive_5,motive_6,motive_7,motive_8
motive_1,0.0,0.551688400689679,0.6465611678449416,0.3667000705187028,0.19472333161123,0.7179739020581344,0.08945939033884939,0.5649206063463336
motive_2,0.551688400689679,0.0,0.2040902796805756,0.7017436255308678,0.107471174085288,0.08887651055734169,0.5481483396330162,0.5833847691098033
motive_3,0.6465611678449416,0.2040902796805756,0.0,0.4712025027110578,0.19969411631146372,0.47280364200517266,0.5125540726861464,0.48777624670078723
motive_4,0.3667000705187028,0.7017436255308678,0.4712025027110578,0.0,0.14737720269804042,0.3101466561794599,0.38569331656121897,0.28315055624059215
motive_5,0.19472333161123,0.107471174085288,0.19969411631146372,0.14737720269804042,0.0,0.11248470395568776,0.1425043064599139,0.153231768384486
motive_6,0.7179739020581344,0.08887651055734169,0.47280364200517266,0.3101466561794599,0.11248470395568776,0.0,0.6779284173349208,0.4964910324876396
motive_7,0.08945939033884939,0.5481483396330162,0.5125540726861464,0.38569331656121897,0.1425043064599139,0.6779284173349208,0.0,0.44952693765134755
motive_8,0.5649206063463336,0.5833847691098033,0.48777624670078723,0.28315055624059215,0.153231768384486,0.4964910324876396,0.44952693765134755,0.0
