,motive_1,motive_2,motive_3,motive_4,motive_5,motive_6,motive_7,motive_8
motive_1,0.0,0.4223027050458271,0.07138913510471473,0.105438773508068,0.3824432292935368,0.5080859663219224,-0.35334853257978166,0.22743756713154287
motive_2,0.4223027050458271,0.0,0.13728957480913728,0.04734300867890097,-0.209598972258977,0.5389122146444312,0.30146181071645245,0.2541745651869279
motive_3,0.07138913510471473,0.13728957480913728,0.0,-0.007732295306141418,-0.032960879058511416,0.9275307091083909,1.0904687875301418,-0.058628925827525866
motive_4,0.105438773508068,0.04734300867890097,-0.007732295306141418,0.0,0.009909177986522577,0.2132026673593403,-0.2422564423826996,0.06885556605650826
motive_5,0.3824432292935368,-0.209598972258977,-0.032960879058511416,0.009909177986522577,0.0,0.8784938338665889,0.3551141247248759,0.864210453716598
motive_6,0.5080859663219224,0.5389122146444312,0.9275307091083909,0.2132026673593403,0.8784938338665889,0.0,-0.36661668266625247,0.05550126999461502
motive_7,-0.35334853257978166,0.30146181071645245,1.0904687875301418,-0.2422564423826996,0.3551141247248759,-0.36661668266625247,0.0,0.4206492884681472
motive_8,0.22743756713154287,0.2541745651869279,-0.058628925827525866,0.06885556605650826,0.864210453716598,0.05550126999461502,0.4206492884681472,0.0
