,motive_1,motive_2,motive_3,motive_4,motive_5,motive_6,motive_7,motive_8
motive_1,0.0,0.1460967304479213,0.06294900075274196,-0.06986676450852214,0.18995453870047696,0.15558426916134216,0.09401869305131572,0.02825116464601815
motive_2,0.1460967304479213,0.0,0.0486078128477012,0.14921700173650593,0.047234694132709275,0.22349875035590352,0.1139759345732942,0.1042679818995483
motive_3,0.06294900075274196,0.0486078128477012,0.0,0.05830506856547034,0.15193786241582316,0.08485378425675345,0.1170667312745696,0.012810137021499989
motive_4,-0.06986676450852214,0.14921700173650593,0.05830506856547034,0.0,0.1436362554003408,0.1793668529525915,0.03929132560592775,0.0477308067185718
motive_5,0.18995453870047696,0.047234694132709275,0.15193786241582316,0.1436362554003408,0.0,0.035010419939920344,-0.04499590681642733,0.11552477849012838
motive_6,0.15558426916134216,0.22349875035590352,0.08485378425675345,0.1793668529525915,0.035010419939920344,0.0,0.09605903283500906,0.09434682564802326
motive_7,0.09401869305131572,0.1139759345732942,0.1170667312745696,0.03929132560592775,-0.04499590681642733,0.09605903283500906,0.0,-0.044153883755448285
motive_8,0.02825116464601815,0.1042679818995483,0.012810137021499989,0.0477308067185718,0.11552477849012838,0.09434682564802326,-0.044153883755448285,0.0
