,motive_1,motive_2,motive_3,motive_4,motive_5,motive_6,motive_7,motive_8
motive_1,0.0,0.06789827727722456,-0.16308900982937963,0.5277390544772906,-0.28143996686274086,-0.07098463104305631,0.09653818069898358,0.3566012197100878
motive_2,0.06789827727722456,0.0,0.03974543821311302,0.06510669618651352,0.5193717826175286,0.4849150375573307,0.8564403631736641,0.29267588726904253
motive_3,-0.16308900982937963,0.03974543821311302,0.0,0.2689077600983403,0.27519691055574513,0.10463058826365239,0.24514774918572935,0.7943629976147825
motive_4,0.5277390544772906,0.06510669618651352,0.2689077600983403,0.0,0.42862735538673863,-0.110141108036375,0.22090444610680085,0.20268716161257094
motive_5,-0.28143996686274086,0.5193717826175286,0.27519691055574513,0.42862735538673863,0.0,0.011315925057129875,0.4351202031737277,0.012178435074812533
motive_6,-0.07098463104305631,0.4849150375573307,0.10463058826365239,-0.110141108036375,0.011315925057129875,0.0,0.47028246116083927,0.003615294705340215
motive_7,0.09653818069898358,0.8564403631736641,0.24514774918572935,0.22090444610680085,0.4351202031737277,0.47028246116083927,0.0,0.2345990244914387
motive_8,0.3566012197100878,0.29267588726904253,0.7943629976147825,0.20268716161257094,0.012178435074812533,0.003615294705340215,0.2345990244914387,0.0
