,motive_1,motive_2,motive_3,motive_4,motive_5,motive_6,motive_7,motive_8
motive_1,0.0,-0.393489718757769,0.6831229091400518,0.7353019062513396,-0.14122892312216057,-0.08186832660524795,-0.458431404160465,0.29435351692907763
motive_2,-0.393489718757769,0.0,0.48218812933221594,-0.3006082877319126,0.3188593212330438,-0.042411342118894524,-0.26768390686684373,0.03016989530190438
motive_3,0.6831229091400518,0.48218812933221594,0.0,-0.29701654149465095,0.7698311992376689,0.44379273317651713,0.05660759080323753,-0.4981711564563006
motive_4,0.7353019062513396,-0.3006082877319126,-0.29701654149465095,0.0,-0.214344755717939,0.1913386593217754,-0.028371115819207454,0.14986652962621994
motive_5,-0.14122892312216057,0.3188593212330438,0.7698311992376689,-0.214344755717939,0.0,0.2369461376317315,0.86452665522569,-0.19502857375279847
motive_6,-0.08186832660524795,-0.042411342118894524,0.44379273317651713,0.1913386593217754,0.2369461376317315,0.0,-0.25140204209724676,0.03779048498358349
motive_7,-0.458431404160465,-0.26768390686684373,0.05660759080323753,-0.028371115819207454,0.86452665522569,-0.25140204209724676,0.0,0.1763369598485463
motive_8,0.29435351692907763,0.03016989530190438,-0.4981711564563006,0.14986652962621994,-0.19502857375279847,0.03779048498358349,0.1763369598485463,0.0
