,motive_1,motive_2,motive_3,motive_4,motive_5,motive_6,motive_7,motive_8
motive_1,0.0,0.2659532067180838,0.5486072973926108,0.2544091132866779,0.10333511188200914,0.20572569787139125,0.4306305025462708,0.40784638471617707
motive_2,0.2659532067180838,0.0,0.6490522082901808,0.5624618648183661,0.596758280409869,0.3045954572859672,0.41111451625960077,0.6351673436999302
motive_3,0.5486072973926108,0.6490522082901808,0.0,0.05425690859282556,0.7175414825942399,0.4173760296909893,0.6395252059968953,0.1427580173484311
motive_4,0.2544091132866779,0.5624618648183661,0.05425690859282556,0.0,0.7957954109442742,0.10033078642005347,0.43673577265267177,0.8555535466769031
motive_5,0.10333511188200914,0.596758280409869,0.7175414825942399,0.7957954109442742,0.0,0.42830882759527056,0.45044719338608,0.827864683750484
motive_6,0.20572569787139125,0.3045954572859672,0.4173760296909893,0.10033078642005347,0.42830882759527056,0.0,0.273127390371507,0.13024861480162447
motive_7,0.4306305025462708,0.41111451625960077,0.6395252059968953,0.43673577265267177,0.45044719338608,0.273127390371507,0.0,0.5208145769794335
motive_8,0.40784638471617707,0.6351673436999302,0.1427580173484311,0.8555535466769031,0.827864683750484,0.13024861480162447,0.5208145769794335,0.0
