,motive_1,motive_2,motive_3,motive_4,motive_5,motive_6,motive_7,motive_8
motive_1,0.0,-0.03818212359516664,-0.04279802583607397,0.010738889054857335,-0.02355238581616271,-0.13928805769471103,-0.11501285421218016,0.01993064501349527
motive_2,-0.03818212359516664,0.0,0.0007033932597341197,-0.05694171988885153,0.04736043695770588,-0.07525461628906732,-0.04667885948705552,0.05838342780945484
motive_3,-0.04279802583607397,0.0007033932597341197,0.0,0.07441460108854099,-0.0603673841312259,0.026613933582872024,-0.03926233493637898,-0.09293125382417673
motive_4,0.010738889054857335,-0.05694171988885153,0.07441460108854099,0.0,-0.011847473187737117,0.01608817815520737,-0.018945821389630368,0.03181379818842807
motive_5,-0.02355238581616271,0.04736043695770588,-0.0603673841312259,-0.011847473187737117,0.0,-0.025846902187921086,-0.013484823425908867,-0.0028562172810355085
motive_6,-0.13928805769471103,-0.07525461628906732,0.026613933582872024,0.01608817815520737,-0.025846902187921086,0.0,0.02442524939071975,-0.01845484476807068
motive_7,-0.11501285421218016,-0.04667885948705552,-0.03926233493637898,-0.018945821389630368,-0.013484823425908867,0.02442524939071975,0.0,-0.026561588467120797
motive_8,0.01993064501349527,0.05838342780945484,-0.09293125382417673,0.03181379818842807,-0.0028562172810355085,-0.01845484476807068,-0.026561588467120797,0.0
