,motive_1,motive_2,motive_3,motive_4,motive_5,motive_6,motive_7,motive_8
motive_1,0.0,0.06035325751724699,0.031203523174592466,0.05931264926011394,0.145891180424225,0.04859911675299868,0.054067562371884266,0.04536218640708528
motive_2,0.06035325751724699,0.0,0.18812406306539065,0.1912474914515478,0.13722234280658147,0.1028396974283059,0.08341424029734146,-0.010248587500444599
motive_3,0.031203523174592466,0.18812406306539065,0.0,0.0732984760498315,0.019766770210407826,0.12100678522896918,0.15875712956539106,0.11917987527024383
motive_4,0.05931264926011394,0.1912474914515478,0.0732984760498315,0.0,0.040651092973663566,0.07123007406156309,0.1361075232227174,0.09329085291549588
motive_5,0.145891180424225,0.13722234280658147,0.019766770210407826,0.040651092973663566,0.0,0.12543556313804233,0.10045284210691297,0.08841236621407035
motive_6,0.04859911675299868,0.1028396974283059,0.12100678522896918,0.07123007406156309,0.12543556313804233,0.0,0.06304781126744621,0.20247003006531444
motive_7,0.054067562371884266,0.08341424029734146,0.15875712956539106,0.1361075232227174,0.10045284210691297,0.06304781126744621,0.0,0.13813241678249683
motive_8,0.04536218640708528,-0.010248587500444599,0.11917987527024383,0.09329085291549588,0.08841236621407035,0.20247003006531444,0.13813241678249683,0.0
