,motive_1,motive_2,motive_3,motive_4,motive_5,motive_6,motive_7,motive_8
motive_1,0.0,0.24535419538676784,-0.1793282774528156,0.4087484318981126,0.14880658471759273,0.4666881570166983,0.8006381554637846,0.28684699737157243
motive_2,0.24535419538676784,0.0,0.4505983196429435,0.1926982512098995,0.21023751863769502,0.6986937853085332,0.17167448466721089,0.7960209517572026
motive_3,-0.1793282774528156,0.4505983196429435,0.0,0.6196121390292229,0.3501689124691201,0.35959539170242805,0.5674682699363939,0.4669045963643619
motive_4,0.4087484318981126,0.1926982512098995,0.6196121390292229,0.0,0.34408559761971047,0.7309848914601749,0.4453172145216673,0.7422679853518293
motive_5,0.14880658471759273,0.21023751863769502,0.3501689124691201,0.34408559761971047,0.0,0.20274520958409847,-0.09739367656157585,0.4464013825810494
motive_6,0.4666881570166983,0.6986937853085332,0.35959539170242805,0.7309848914601749,0.20274520958409847,0.0,0.47033595005055706,0.14242555540642662
motive_7,0.8006381554637846,0.17167448466721089,0.5674682699363939,0.4453172145216673,-0.09739367656157585,0.47033595005055706,0.0,0.448123543437396
motive_8,0.28684699737157243,0.7960209517572026,0.4669045963643619,0.7422679853518293,0.4464013825810494,0.14242555540642662,0.448123543437396,0.0
