,motive_1,motive_2,motive_3,motive_4,motive_5,motive_6,motive_7,motive_8
motive_1,0.0,0.8417555603381648,-0.13265307486714858,0.4751957084914936,0.32767107931600753,0.44093073402395977,0.3525997235138251,0.21735801688520898
motive_2,0.8417555603381648,0.0,-0.1811793226606125,0.25481618605215617,0.010869802290052383,0.021472154269572996,0.36096047368948736,0.21286791606069438
motive_3,-0.13265307486714858,-0.1811793226606125,0.0,0.3075547086022728,0.5706502457947703,0.24801423144094104,0.16949655924360119,0.7412802430011716
motive_4,0.4751957084914936,0.25481618605215617,0.3075547086022728,0.0,0.2318892091589724,0.5020835933055642,0.3252955647404989,-0.1446326268736004
motive_5,0.32767107931600753,0.010869802290052383,0.5706502457947703,0.2318892091589724,0.0,0.438919840533914,0.48114535879464027,0.05707479847565683
motive_6,0.44093073402395977,0.021472154269572996,0.24801423144094104,0.5020835933055642,0.438919840533914,0.0,0.2711637430090177,0.07412070231948296
motive_7,0.3525997235138251,0.36096047368948736,0.16949655924360119,0.3252955647404989,0.48114535879464027,0.2711637430090177,0.0,0.14538147285349404
motive_8,0.21735801688520898,0.21286791606069438,0.7412802430011716,-0.1446326268736004,0.05707479847565683,0.07412070231948296,0.14538147285349404,0.0
