,motive_1,motive_2,motive_3,motive_4,motive_5,motive_6,motive_7,motive_8
satisfaction,0.10227875626221601,0.4151832225134028,0.09109569796147311,0.14447410567842472,0.34419710412701243,0.030679760833736774,-0.06749771947937505,0.11012559244791606
