,motive_1,motive_2,motive_3,motive_4,motive_5,motive_6,motive_7,motive_8
motive_1,0.0,0.09022053898976558,0.11422009658414087,0.1257364841056247,0.11210699902961607,0.12105815635031152,0.0956580644430505,0.04467070371623273
motive_2,0.09022053898976558,0.0,0.13267971955541616,0.11649694063327297,0.07843575455840374,0.12309988266781255,0.03329450636727369,0.22892647009829992
motive_3,0.11422009658414087,0.13267971955541616,0.0,0.21073387557351175,0.14379642947703064,0.02724032472324016,0.19198440050801802,0.06377119266859715
motive_4,0.1257364841056247,0.11649694063327297,0.21073387557351175,0.0,0.08642579063838586,0.09535268297766103,0.1812980324393073,0.21214774540163214
motive_5,0.11210699902961607,0.07843575455840374,0.14379642947703064,0.08642579063838586,0.0,0.16559469126125448,0.14576395445376628,0.028010829669961906
motive_6,0.12105815635031152,0.12309988266781255,0.02724032472324016,0.09535268297766103,0.16559469126125448,0.0,0.16669555931958985,0.15094934571528168
motive_7,0.0956580644430505,0.03329450636727369,0.19198440050801802,0.1812980324393073,0.14576395445376628,0.16669555931958985,0.0,0.1219140787689084
motive_8,0.04467070371623273,0.22892647009829992,0.06377119266859715,0.21214774540163214,0.028010829669961906,0.15094934571528168,0.1219140787689084,0.0
