,motive_1,motive_2,motive_3,motive_4,motive_5,motive_6,motive_7,motive_8
motive_1,0.0,0.6048389039743166,0.5339677779644154,0.4451726175994837,0.5242098815269179,0.4001673278260283,0.19201573599031482,0.21857771455186034
motive_2,0.6048389039743166,0.0,0.24728621354251584,0.48117077252587587,0.3969284696182721,0.3510681182266643,0.3725669805878039,0.15165199820486625
motive_3,0.5339677779644154,0.24728621354251584,0.0,0.5284120581059202,0.6573765945470463,0.38778227212523386,0.45706019777697626,0.2989579976949328
motive_4,0.4451726175994837,0.48117077252587587,0.5284120581059202,0.0,0.5237720344489513,0.46500817757707336,0.48466543434160303,0.30668662793360735
motive_5,0.5242098815269179,0.3969284696182721,0.6573765945470463,0.5237720344489513,0.0,0.13405020696228262,0.5266659865107175,0.3112355768908337
motive_6,0.4001673278260283,0.3510681182266643,0.38778227212523386,0.46500817757707336,0.13405020696228262,0.0,0.3875073077815475,0.1839348974891494
motive_7,0.19201573599031482,0.3725669805878039,0.45706019777697626,0.48466543434160303,0.5266659865107175,0.3875073077815475,0.0,0.5636865995493789
motive_8,0.21857771455186034,0.15165199820486625,0.2989579976949328,0.30668662793360735,0.3112355768908337,0.1839348974891494,0.5636865995493789,0.0
