,motive_1,motive_2,motive_3,motive_4,motive_5,motive_6,motive_7,motive_8
motive_1,0.0,-0.027886738761441286,-0.036509545503911445,-0.03615787373162433,0.019387350110636827,-0.02109090772053826,0.029944774950430224,0.07588400655138722
motive_2,-0.027886738761441286,0.0,-0.02743903127393664,0.06660320407160165,0.07849356148797912,-0.013604298765569185,-0.005668545130563182,-0.09735664341714932
motive_3,-0.036509545503911445,-0.02743903127393664,0.0,-0.08369183154833049,-0.0579108954261902,-0.06786762182841975,-0.03691775068012461,-0.03407593487657823
motive_4,-0.03615787373162433,0.06660320407160165,-0.08369183154833049,0.0,-0.042569779688107864,-0.043733358649485514,0.008636589941565725,0.03307441613703277
motive_5,0.019387350110636827,0.07849356148797912,-0.0579108954261902,-0.042569779688107864,0.0,-0.05218558656270692,0.0012287110216567532,0.079563104558632
motive_6,-0.02109090772053826,-0.013604298765569185,-0.06786762182841975,-0.043733358649485514,-0.05218558656270692,0.0,-0.011674293518879508,0.07000939283791692
motive_7,0.029944774950430224,-0.005668545130563182,-0.03691775068012461,0.008636589941565725,0.0012287110216567532,-0.011674293518879508,0.0,0.026260411014632327
motive_8,0.07588400655138722,-0.09735664341714932,-0.03407593487657823,0.03307441613703277,0.079563104558632,0.07000939283791692,0.026260411014632327,0.0
