,motive_1,motive_2,motive_3,motive_4,motive_5,motive_6,motive_7,motive_8
motive_1,0.0,0.10026285713053784,0.15632471536748382,0.04853105928042013,0.1405922691811745,0.09259570665924985,0.06426123385861757,0.08934525694221412
motive_2,0.10026285713053784,0.0,0.2055804842226299,0.1672015198110619,0.03530036325033207,0.15264767320867786,0.1016553949181134,0.16783333530452849
motive_3,0.15632471536748382,0.2055804842226299,0.0,0.23633886057625772,0.06351098210056604,0.04120508027943043,0.13149433219891898,0.16969070652534485
motive_4,0.04853105928042013,0.1672015198110619,0.23633886057625772,0.0,0.0077942903107406925,0.017416687323438963,0.21774299651462425,0.19136270459948118
motive_5,0.1405922691811745,0.03530036325033207,0.06351098210056604,0.0077942903107406925,0.0,0.07813667566714197,0.22111421627121763,0.14406401875235117
motive_6,0.09259570665924985,0.15264767320867786,0.04120508027943043,0.017416687323438963,0.07813667566714197,0.0,0.08199014385172657,0.2711544834369396
motive_7,0.06426123385861757,0.1016553949181134,0.13149433219891898,0.21774299651462425,0.22111421627121763,0.08199014385172657,0.0,0.05428813987412699
motive_8,0.08934525694221412,0.16783333530452849,0.16969070652534485,0.19136270459948118,0.14406401875235117,0.2711544834369396,0.05428813987412699,0.0
