,motive_1,motive_2,motive_3,motive_4,motive_5,motive_6,motive_7,motive_8
motive_1,0.0,0.35494819614869266,0.09857543655537387,0.29391015266640397,0.37868377659095726,0.15769926541194945,-0.07087211739686414,0.26566141193766296
motive_2,0.35494819614869266,0.0,0.24283851665473746,-0.2992086235906777,-0.0391338282812906,0.5255790870400258,0.5912917929951098,-0.005779828081690086
motive_3,0.09857543655537387,0.24283851665473746,0.0,0.1918958995936882,0.5663305782287392,0.1284884636716013,-0.034225109452181865,-0.18694120952942603
motive_4,0.29391015266640397,-0.2992086235906777,0.1918958995936882,0.0,0.06091628933702106,0.10043610679863371,0.35891554982022966,0.27835773309429535
motive_5,0.37868377659095726,-0.0391338282812906,0.5663305782287392,0.06091628933702106,0.0,0.352174940736934,0.1616571594120088,0.5820006586757365
motive_6,0.15769926541194945,0.5255790870400258,0.1284884636716013,0.10043610679863371,0.352174940736934,0.0,0.36068756048708445,0.10686482825939524
motive_7,-0.07087211739686414,0.5912917929951098,-0.034225109452181865,0.35891554982022966,0.1616571594120088,0.36068756048708445,0.0,-0.14172001597420208
motive_8,0.26566141193766296,-0.005779828081690086,-0.18694120952942603,0.27835773309429535,0.5820006586757365,0.10686482825939524,-0.14172001597420208,0.0
