,motive_1,motive_2,motive_3,motive_4,motive_5,motive_6,motive_7,motive_8
motive_1,0.0,0.15421206532508613,0.16871115226037126,0.14790036689752173,0.03853595730854235,0.13802296556517146,0.04469991520253731,0.16499138237888394
motive_2,0.15421206532508613,0.0,0.09132139678633074,0.011362156481580808,-0.006938118533983725,-0.014139336478793153,0.18185570486991323,0.1358336592745948
motive_3,0.16871115226037126,0.09132139678633074,0.0,-0.01095186015281873,0.1367492228851285,0.029303916682672834,-0.04407319154035019,0.09915367432449122
motive_4,0.14790036689752173,0.011362156481580808,-0.01095186015281873,0.0,-0.0009330377941772425,0.061859400304110176,0.21731096278564635,0.08579459303672907
motive_5,0.03853595730854235,-0.006938118533983725,0.1367492228851285,-0.0009330377941772425,0.0,0.18472313523082007,0.11106504497917064,0.07986769482432798
motive_6,0.13802296556517146,-0.014139336478793153,0.029303916682672834,0.061859400304110176,0.18472313523082007,0.0,-0.017296318749008097,0.0662905442968473
motive_7,0.04469991520253731,0.18185570486991323,-0.04407319154035019,0.21731096278564635,0.11106504497917064,-0.017296318749008097,0.0,0.058408712904021304
motive_8,0.16499138237888394,0.1358336592745948,0.09915367432449122,0.08579459303672907,0.07986769482432798,0.0662905442968473,0.058408712904021304,0.0
