,motive_1,motive_2,motive_3,motive_4,motive_5,motive_6,motive_7,motive_8
satisfaction,-0.012344911640880613,0.34575371877504135,0.17046630330697826,0.012682138921332853,-0.12292352180791599,0.9681241107419565,-0.5182234167901312,-0.4374459250247554
