,motive_1,motive_2,motive_3,motive_4,motive_5,motive_6,motive_7,motive_8
satisfaction,0.2191438365612091,0.070921722415156,-0.08829223048219073,0.12827716323285193,-0.21396793698511754,0.26794881667510784,0.22921476082960426,0.16071818158991666
