,motive_1,motive_2,motive_3,motive_4,motive_5,motive_6,motive_7,motive_8
motive_1,0.0,-0.04870530074627186,-0.13739115986826622,0.033999252698522525,0.06771721868341687,0.04446474713857999,-0.03825977716851958,0.014906988390226621
motive_2,-0.04870530074627186,0.0,0.1025695273174761,0.050245518649870084,0.03626335010863566,-0.030737653983233824,0.018767360127364567,0.021394592499903924
motive_3,-0.13739115986826622,0.1025695273174761,0.0,-0.021450990173501383,-0.015409504628926604,0.038315212292086336,0.04043808578871421,0.053975550758239434
motive_4,0.033999252698522525,0.050245518649870084,-0.021450990173501383,0.0,0.07584183141346659,0.07059143647354031,0.07694423004714003,-0.07284851462883671
motive_5,0.06771721868341687,0.03626335010863566,-0.015409504628926604,0.07584183141346659,0.0,-0.11712625038633996,-0.08472474992455217,-0.024839770702394355
motive_6,0.04446474713857999,-0.030737653983233824,0.038315212292086336,0.07059143647354031,-0.11712625038633996,0.0,-0.10313202662177837,0.06176632211103115
motive_7,-0.03825977716851958,0.018767360127364567,0.04043808578871421,0.07694423004714003,-0.08472474992455217,-0.10313202662177837,0.0,0.00391253868707523
motive_8,0.014906988390226621,0.021394592499903924,0.053975550758239434,-0.07284851462883671,-0.024839770702394355,0.06176632211103115,0.00391253868707523,0.0
