,motive_1,motive_2,motive_3,motive_4,motive_5,motive_6,motive_7,motive_8
motive_1,0.0,0.7031674550132851,0.5666189219091471,0.385124796446745,0.6262393309973093,0.463813726771594,0.4825466559647399,-0.025897520373105
motive_2,0.7031674550132851,0.0,0.5708228691851924,0.0003514632268611373,0.4800185027330882,0.26174228216663675,0.3290455695943757,0.7412581932931341
motive_3,0.5666189219091471,0.5708228691851924,0.0,0.18209379278624682,0.13201891450726239,0.19333662597039702,0.45950889854893173,0.654097528291889
motive_4,0.385124796446745,0.0003514632268611373,0.18209379278624682,0.0,0.7812035993635692,0.4002935464889083,0.4248500915964999,0.30829817269785675
motive_5,0.6262393309973093,0.4800185027330882,0.13201891450726239,0.7812035993635692,0.0,0.542616710006717,0.3950821887329604,0.22754059076088817
motive_6,0.463813726771594,0.26174228216663675,0.19333662597039702,0.4002935464889083,0.542616710006717,0.0,0.7286858420059348,0.050007032942164076
motive_7,0.4825466559647399,0.3290455695943757,0.45950889854893173,0.4248500915964999,0.3950821887329604,0.7286858420059348,0.0,0.2033463713109849
motive_8,-0.025897520373105,0.7412581932931341,0.654097528291889,0.30829817269785675,0.22754059076088817,0.050007032942164076,0.2033463713109849,0.0
