,motive_1,motive_2,motive_3,motive_4,motive_5,motive_6,motive_7,motive_8
satisfaction,0.021657815177560102,0.2878877682626413,0.2899604367971397,0.006327905788483065,-0.0453839735680836,0.2035921213070243,0.45505106103293025,-0.10204646420160812
