,motive_1,motive_2,motive_3,motive_4,motive_5,motive_6,motive_7,motive_8
motive_1,0.0,0.017325605780841184,-0.02813651360530285,0.021725417831579264,-0.10322614861075846,-0.004179528285033221,0.0031596819351016187,-0.05133458935321243
motive_2,0.017325605780841184,0.0,-0.05213650325507439,-0.01690415057685056,0.03365142014598322,0.02668321487445033,-0.026004888098498782,-0.10192557335562405
motive_3,-0.02813651360530285,-0.05213650325507439,0.0,0.0006324249548564226,0.0187890696169496,-0.11875794896745262,-0.0600273313384121,0.001381534538261734
motive_4,0.021725417831579264,-0.01690415057685056,0.0006324249548564226,0.0,0.024527839167004233,-0.06809687084417733,0.0508987944029406,0.018320031873644324
motive_5,-0.10322614861075846,0.03365142014598322,0.0187890696169496,0.024527839167004233,0.0,-0.044541891782003185,0.04185466838544251,-0.09571604468839111
motive_6,-0.004179528285033221,0.02668321487445033,-0.11875794896745262,-0.06809687084417733,-0.044541891782003185,0.0,0.06468214377842435,9.532241874247137e-05
motive_7,0.0031596819351016187,-0.026004888098498782,-0.0600273313384121,0.0508987944029406,0.04185466838544251,0.06468214377842435,0.0,0.008445657336588277
motive_8,-0.05133458935321243,-0.10192557335562405,0.001381534538261734,0.018320031873644324,-0.09571604468839111,9.532241874247137e-05,0.008445657336588277,0.0
