,motive_1,motive_2,motive_3,motive_4,motive_5,motive_6,motive_7,motive_8
motive_1,0.0,-0.018109889732208874,0.0012137030639867222,0.14320820436509551,-0.0014802512589358746,0.022383291887727166,0.06609507085379643,0.015086487941316944
motive_2,-0.018109889732208874,0.0,0.033851716284081595,-0.018371246636855014,0.037230279963392204,-0.11148175768447717,0.05393578155027487,-0.05992190381999618
motive_3,0.0012137030639867222,0.033851716284081595,0.0,-0.08657372799274202,0.09504502958292979,-0.002093512356504591,-0.011336513382765333,0.09052189245273722
motive_4,0.14320820436509551,-0.018371246636855014,-0.08657372799274202,0.0,-0.050883417755473476,-0.12144064277550365,-0.008883051294172963,-0.08432719426250415
motive_5,-0.0014802512589358746,0.037230279963392204,0.09504502958292979,-0.050883417755473476,0.0,0.1169761882684259,0.13484256420582386,-0.0038557576760442393
motive_6,0.022383291887727166,-0.11148175768447717,-0.002093512356504591,-0.12144064277550365,0.1169761882684259,0.0,-0.05031266259126363,-0.08680410717209303
motive_7,0.06609507085379643,0.05393578155027487,-0.011336513382765333,-0.008883051294172963,0.13484256420582386,-0.05031266259126363,0.0,0.030806577392104253
motive_8,0.015086487941316944,-0.05992190381999618,0.09052189245273722,-0.08432719426250415,-0.0038557576760442393,-0.08680410717209303,0.030806577392104253,0.0
