,motive_1,motive_2,motive_3,motive_4,motive_5,motive_6,motive_7,motive_8
satisfaction,0.3118265344314206,-0.014356639090092743,0.33616699150524265,-0.11767098123233319,-0.058441464160731205,-0.008456567642839391,0.05541770536431815,0.40762313112204784
