,motive_1,motive_2,motive_3,motive_4,motive_5,motive_6,motive_7,motive_8
motive_1,0.0,0.4946321264096695,0.39596229832350366,0.7134543490524949,0.8091666989898384,0.26618415276849544,0.45842629703829696,-0.42041765739783393
motive_2,0.4946321264096695,0.0,-0.03846364893157983,0.8055668566961227,-0.03790952799070697,0.1699061065860954,0.26734902908265934,0.24945461574080363
motive_3,0.39596229832350366,-0.03846364893157983,0.0,0.3114227495494125,-0.30188382184837353,0.3146183493908855,-0.09739121195059591,-0.22709840308044496
motive_4,0.7134543490524949,0.8055668566961227,0.3114227495494125,0.0,0.3750998461970207,0.5520291224612988,-0.3899648539619391,0.10933918390383646
motive_5,0.8091666989898384,-0.03790952799070697,-0.30188382184837353,0.3750998461970207,0.0,0.7899523314455781,0.14370778690444858,0.052580179830852156
motive_6,0.26618415276849544,0.1699061065860954,0.3146183493908855,0.5520291224612988,0.7899523314455781,0.0,-0.3462831160772707,-0.18957301980261865
motive_7,0.45842629703829696,0.26734902908265934,-0.09739121195059591,-0.3899648539619391,0.14370778690444858,-0.3462831160772707,0.0,-0.26112952577097354
motive_8,-0.42041765739783393,0.24945461574080363,-0.22709840308044496,0.10933918390383646,0.052580179830852156,-0.18957301980261865,-0.26112952577097354,0.0
