,motive_1,motive_2,motive_3,motive_4,motive_5,motive_6,motive_7,motive_8
satisfaction,-0.14507381993793464,0.04112659158032209,0.0917625826299596,0.13444335356055792,0.1988149376213062,0.33857486582676477,0.20807568653652975,0.23118726959408215
