,motive_1,motive_2,motive_3,motive_4,motive_5,motive_6,motive_7,motive_8
motive_1,0.0,-0.07536011246089931,0.09109733118492654,0.25679574420822504,0.16550598257749688,0.1127386596677926,0.11150962322781938,0.11445134521608916
motive_2,-0.07536011246089931,0.0,0.1481048214030597,0.0949742599039968,-0.012025215773963538,0.13695196616314398,0.23959755099216073,0.1195722743037416
motive_3,0.09109733118492654,0.1481048214030597,0.0,0.25506704455533064,0.19143186723224034,-0.07054208027813784,0.11101751764970909,0.12367446222564824
motive_4,0.25679574420822504,0.0949742599039968,0.25506704455533064,0.0,0.11525332549054308,0.08696280099154316,0.16148542246068825,0.11799935085099378
motive_5,0.16550598257749688,-0.012025215773963538,0.19143186723224034,0.11525332549054308,0.0,0.08010664930568481,0.057476549275070316,0.20720393990442107
motive_6,0.1127386596677926,0.13695196616314398,-0.07054208027813784,0.08696280099154316,0.08010664930568481,0.0,0.11025326427375351,0.2044101457931085
motive_7,0.11150962322781938,0.23959755099216073,0.11101751764970909,0.16148542246068825,0.057476549275070316,0.11025326427375351,0.0,0.10995275880712435
motive_8,0.11445134521608916,0.1195722743037416,0.12367446222564824,0.11799935085099378,0.20720393990442107,0.2044101457931085,0.10995275880712435,0.0
