,motive_1,motive_2,motive_3,motive_4,motive_5,motive_6,motive_7,motive_8
motive_1,0.0,0.29860267503853943,0.01877513055098816,0.1188840935075027,0.23513545126638655,-0.3641646125333581,0.2123612783833757,0.3205838140982935
motive_2,0.29860267503853943,0.0,-0.11471538802063798,-0.10867469347478882,0.34428959582365287,0.6122866578175574,0.41626974937583067,0.17905278360054233
motive_3,0.01877513055098816,-0.11471538802063798,0.0,-0.33887464895339725,0.1837985189974345,0.05466764703996731,0.27761988492305334,0.1907016647097673
motive_4,0.1188840935075027,-0.10867469347478882,-0.33887464895339725,0.0,0.2383510263684497,0.5526908126632524,0.24254633336963163,0.23119687682716114
motive_5,0.23513545126638655,0.34428959582365287,0.1837985189974345,0.2383510263684497,0.0,-0.04521346266398234,0.2548929505913305,-0.03818705010888873
motive_6,-0.3641646125333581,0.6122866578175574,0.05466764703996731,0.5526908126632524,-0.04521346266398234,0.0,0.13104868695140423,0.38272878771960694
motive_7,0.2123612783833757,0.41626974937583067,0.27761988492305334,0.24254633336963163,0.2548929505913305,0.13104868695140423,0.0,0.10191802347108261
motive_8,0.3205838140982935,0.17905278360054233,0.1907016647097673,0.23119687682716114,-0.03818705010888873,0.38272878771960694,0.10191802347108261,0.0
