,motive_1,motive_2,motive_3,motive_4,motive_5,motive_6,motive_7,motive_8
motive_1,0.0,0.022069866324184683,-0.036539873232196665,0.05614819615650609,-0.00857544327669699,0.07164337288567378,-0.0008853940585519995,0.05399583613778111
motive_2,0.022069866324184683,0.0,0.03138130613596065,0.05275946954235306,-0.1034336673664485,-0.0661110743550293,-0.03349738952077436,-0.0089293631965809
motive_3,-0.036539873232196665,0.03138130613596065,0.0,-0.10423211491957027,0.009229571474061175,0.08469478961199677,-0.02724577230535586,-0.0422466534339228
motive_4,0.05614819615650609,0.05275946954235306,-0.10423211491957027,0.0,-0.0549366935974919,0.0006416918036776156,-0.01130781029708973,-0.09743578150104913
motive_5,-0.00857544327669699,-0.1034336673664485,0.009229571474061175,-0.0549366935974919,0.0,-0.026232356454395173,-0.06793165569515396,-0.042797577132712594
motive_6,0.07164337288567378,-0.0661110743550293,0.08469478961199677,0.0006416918036776156,-0.026232356454395173,0.0,-0.015590257486102418,0.03980331173684781
motive_7,-0.0008853940585519995,-0.03349738952077436,-0.02724577230535586,-0.01130781029708973,-0.06793165569515396,-0.015590257486102418,0.0,0.0717545044027198
motive_8,0.05399583613778111,-0.0089293631965809,-0.0422466534339228,-0.09743578150104913,-0.042797577132712594,0.03980331173684781,0.0717545044027198,0.0
