,motive_1,motive_2,motive_3,motive_4,motive_5,motive_6,motive_7,motive_8
motive_1,0.0,0.09848539470742036,0.07017966480702123,0.13378201491795585,0.07290768734157234,0.11958904031325288,0.1517390145345126,0.17396908117290727
motive_2,0.09848539470742036,0.0,0.0524885918644378,0.08264242292718323,0.11302855778961998,0.02577794490612583,0.21950003987632766,0.25387172866554897
motive_3,0.07017966480702123,0.0524885918644378,0.0,0.06634352407547356,0.0882312934941451,0.10440878483836598,0.07492137596323997,-0.011383865210341005
motive_4,0.13378201491795585,0.08264242292718323,0.06634352407547356,0.0,0.1719274339669019,0.010749877464886447,0.19187762907337463,0.12246866589621065
motive_5,0.07290768734157234,0.11302855778961998,0.0882312934941451,0.1719274339669019,0.0,0.054609135856165614,0.15850377291537124,0.08960842500189875
motive_6,0.11958904031325288,0.02577794490612583,0.10440878483836598,0.010749877464886447,0.054609135856165614,0.0,0.06335560180608425,0.11954120570916899
motive_7,0.1517390145345126,0.21950003987632766,0.07492137596323997,0.19187762907337463,0.15850377291537124,0.06335560180608425,0.0,0.07016617173346859
motive_8,0.17396908117290727,0.25387172866554897,-0.011383865210341005,0.12246866589621065,0.08960842500189875,0.11954120570916899,0.07016617173346859,0.0
