,motive_1,motive_2,motive_3,motive_4,motive_5,motive_6,motive_7,motive_8
motive_1,0.0,0.08428567787857331,0.09278162104683778,0.22217028979393205,0.11691415073701084,0.16447055318406173,0.17441331579774222,0.16172563627828798
motive_2,0.08428567787857331,0.0,0.05992659938727237,0.11286294879309695,0.02579750670263275,0.09412452438988157,-0.018544114266450924,0.17141932838092572
motive_3,0.09278162104683778,0.05992659938727237,0.0,0.1049923995931641,0.14302314097258573,-0.0070556046720488055,0.09800652082771714,0.08879151620474213
motive_4,0.22217028979393205,0.11286294879309695,0.1049923995931641,0.0,0.17807833533441028,0.12087342479561908,0.17251665083709294,0.09033302862574225
motive_5,0.11691415073701084,0.02579750670263275,0.14302314097258573,0.17807833533441028,0.0,0.08079155090263064,-0.07471269107003728,0.17248533879166572
motive_6,0.16447055318406173,0.09412452438988157,-0.0070556046720488055,0.12087342479561908,0.08079155090263064,0.0,0.06094143266041316,0.13293103235379672
motive_7,0.17441331579774222,-0.018544114266450924,0.09800652082771714,0.17251665083709294,-0.07471269107003728,0.06094143266041316,0.0,-0.008796151316032577
motive_8,0.16172563627828798,0.17141932838092572,0.08879151620474213,0.09033302862574225,0.17248533879166572,0.13293103235379672,-0.008796151316032577,0.0
