,motive_1,motive_2,motive_3,motive_4,motive_5,motive_6,motive_7,motive_8
motive_1,0.0,0.12911639274965717,0.09998763778792535,0.31741017977644587,0.13913275856898633,-0.024694182695682763,0.15064377547905639,0.1083468291281972
motive_2,0.12911639274965717,0.0,0.14625068060319338,0.1867277076873688,0.11133673242220288,0.1767699999188968,0.155651995599465,0.09138018974565809
motive_3,0.09998763778792535,0.14625068060319338,0.0,0.08139571761203616,0.019240689693734464,0.1850674367890936,0.10366185790315949,-0.00784760555736361
motive_4,0.31741017977644587,0.1867277076873688,0.08139571761203616,0.0,0.08799667174430319,0.03327731150257755,0.11223342200724615,0.104962162464304
motive_5,0.13913275856898633,0.11133673242220288,0.019240689693734464,0.08799667174430319,0.0,0.1171165914461754,0.09656683719118161,0.25533989359180115
motive_6,-0.024694182695682763,0.1767699999188968,0.1850674367890936,0.03327731150257755,0.1171165914461754,0.0,0.22329593477552928,-0.009195101904225234
motive_7,0.15064377547905639,0.155651995599465,0.10366185790315949,0.11223342200724615,0.09656683719118161,0.22329593477552928,0.0,0.12586238437165473
motive_8,0.1083468291281972,0.09138018974565809,-0.00784760555736361,0.104962162464304,0.25533989359180115,-0.009195101904225234,0.12586238437165473,0.0
