,motive_1,motive_2,motive_3,motive_4,motive_5,motive_6,motive_7,motive_8
motive_1,0.0,-0.2869655894703316,0.13489510167500587,0.31213667292967606,-0.22391033961026655,0.30038054727025054,-0.14444177844302225,-0.24146931372796393
motive_2,-0.2869655894703316,0.0,-0.3424980229911091,0.011801613593846898,-0.0649167083347863,-0.7423488433576881,-0.631841781118957,0.032638287372962316
motive_3,0.13489510167500587,-0.3424980229911091,0.0,1.0243255407490384,0.6701347261684688,0.14623159566572613,-0.3543747159313197,-0.8015461501051205
motive_4,0.31213667292967606,0.011801613593846898,1.0243255407490384,0.0,0.016080717581771764,0.2573357674029222,0.004046582439212298,0.14337285636778774
motive_5,-0.22391033961026655,-0.0649167083347863,0.6701347261684688,0.016080717581771764,0.0,-0.16228337894431966,-0.27365590841556714,0.19347568770836301
motive_6,0.30038054727025054,-0.7423488433576881,0.14623159566572613,0.2573357674029222,-0.16228337894431966,0.0,0.03702178317913772,0.08738965512431246
motive_7,-0.14444177844302225,-0.631841781118957,-0.3543747159313197,0.004046582439212298,-0.27365590841556714,0.03702178317913772,0.0,0.03037216071952703
motive_8,-0.24146931372796393,0.032638287372962316,-0.8015461501051205,0.14337285636778774,0.19347568770836301,0.08738965512431246,0.03037216071952703,0.0
