,motive_1,motive_2,motive_3,motive_4,motive_5,motive_6,motive_7,motive_8
motive_1,0.0,-0.0446822644273054,0.04953576579753695,-0.048530295571107385,-0.09888829603933029,-0.06475810070953626,0.010210167515423588,0.0026154615720590134
motive_2,-0.0446822644273054,0.0,0.0830174027633936,0.05415395493945538,0.06558609346995634,-0.03180151423801094,0.0037048387532002403,0.0783891145666434
motive_3,0.04953576579753695,0.0830174027633936,0.0,-0.11524769713572483,0.10584716086474663,0.005792009896996436,0.07984173533229844,-0.08574732755052297
motive_4,-0.048530295571107385,0.05415395493945538,-0.11524769713572483,0.0,0.1319318036480914,-0.0998897378599822,0.012245257550890577,0.15185118222563437
motive_5,-0.09888829603933029,0.06558609346995634,0.10584716086474663,0.1319318036480914,0.0,0.009436275865090188,0.016815731128693338,0.14262156125016134
motive_6,-0.06475810070953626,-0.03180151423801094,0.005792009896996436,-0.0998897378599822,0.009436275865090188,0.0,-0.04229086987616434,-0.08991712839945852
motive_7,0.010210167515423588,0.0037048387532002403,0.07984173533229844,0.012245257550890577,0.016815731128693338,-0.04229086987616434,0.0,0.04027152565981114
motive_8,0.0026154615720590134,0.0783891145666434,-0.08574732755052297,0.15185118222563437,0.14262156125016134,-0.08991712839945852,0.04027152565981114,0.0
