,motive_1,motive_2,motive_3,motive_4,motive_5,motive_6,motive_7,motive_8
motive_1,0.0,-0.31528057192436604,0.4906308900472124,0.8558843650380311,0.3503155902163393,0.2059425619139893,-0.005891461952404031,0.47094906509795365
motive_2,-0.31528057192436604,0.0,-0.005026831703302481,-0.09385848453673057,-0.7347331176618095,-0.03429211371180048,0.4975975163129099,-0.009766365784580733
motive_3,0.4906308900472124,-0.005026831703302481,0.0,-1.3046115258705446,0.30232998764115054,0.26183889009539174,-0.332082620684329,0.37329652149110315
motive_4,0.8558843650380311,-0.09385848453673057,-1.3046115258705446,0.0,0.15159111185608432,-0.5804186523639489,-0.07075575055038699,-0.13299240938600404
motive_5,0.3503155902163393,-0.7347331176618095,0.30232998764115054,0.15159111185608432,0.0,-0.3746461247619897,-0.5299720817222512,-0.892004100763079
motive_6,0.2059425619139893,-0.03429211371180048,0.26183889009539174,-0.5804186523639489,-0.3746461247619897,0.0,-0.4165212964212518,0.21838858578628495
motive_7,-0.005891461952404031,0.4975975163129099,-0.332082620684329,-0.07075575055038699,-0.5299720817222512,-0.4165212964212518,0.0,0.08041048622772298
motive_8,0.47094906509795365,-0.009766365784580733,0.37329652149110315,-0.13299240938600404,-0.892004100763079,0.21838858578628495,0.08041048622772298,0.0
