,motive_1,motive_2,motive_3,motive_4,motive_5,motive_6,motive_7,motive_8
motive_1,0.0,0.03573292900175989,0.25518095850561984,-0.046926369434099,0.0050474526783222395,0.16051846574397147,0.15164340760937894,0.15901110840200441
motive_2,0.03573292900175989,0.0,0.15963216280860126,-0.06131531041179513,0.13929213975728508,0.2623877653082127,0.05131329276243293,0.05886701764670075
motive_3,0.25518095850561984,0.15963216280860126,0.0,0.15912072431157354,0.09019901550316635,0.20794780225882373,0.032850765180779604,0.06780346207270804
motive_4,-0.046926369434099,-0.06131531041179513,0.15912072431157354,0.0,0.1378963254276364,0.08006966765974341,0.16479209129066166,0.0019880317335054763
motive_5,0.0050474526783222395,0.13929213975728508,0.09019901550316635,0.1378963254276364,0.0,0.1076586522705483,0.11252626717477218,0.06719007078811526
motive_6,0.16051846574397147,0.2623877653082127,0.20794780225882373,0.08006966765974341,0.1076586522705483,0.0,0.017552649828071115,-0.02395472843713954
motive_7,0.15164340760937894,0.05131329276243293,0.032850765180779604,0.16479209129066166,0.11252626717477218,0.017552649828071115,0.0,0.16012741411954484
motive_8,0.15901110840200441,0.05886701764670075,0.06780346207270804,0.0019880317335054763,0.06719007078811526,-0.02395472843713954,0.16012741411954484,0.0
