,motive_1,motive_2,motive_3,motive_4,motive_5,motive_6,motive_7,motive_8
motive_1,0.0,0.19139549631416042,0.36320596053037685,0.08061596876933097,0.6444723067791392,0.17142708748780577,0.1867108248076325,0.8802452175680107
motive_2,0.19139549631416042,0.0,0.335875118791993,0.6727601741741087,0.5159529379958497,0.5647411730248931,-0.2652454646955203,0.33157539244612183
motive_3,0.36320596053037685,0.335875118791993,0.0,-0.3821000177190137,-0.43538144420653924,-0.20871260969516797,0.1708879601226197,0.4190096342760274
motive_4,0.08061596876933097,0.6727601741741087,-0.3821000177190137,0.0,0.6207652441559626,0.1314700045705522,-1.1856766360646869,0.22120733140946
motive_5,0.6444723067791392,0.5159529379958497,-0.43538144420653924,0.6207652441559626,0.0,0.511292237108301,-0.9450980452186094,0.14568468644390536
motive_6,0.17142708748780577,0.5647411730248931,-0.20871260969516797,0.1314700045705522,0.511292237108301,0.0,-0.030733697421245987,0.32007988842897395
motive_7,0.1867108248076325,-0.2652454646955203,0.1708879601226197,-1.1856766360646869,-0.9450980452186094,-0.030733697421245987,0.0,0.16151859454695106
motive_8,0.8802452175680107,0.33157539244612183,0.4190096342760274,0.22120733140946,0.14568468644390536,0.32007988842897395,0.16151859454695106,0.0
