,motive_1,motive_2,motive_3,motive_4,motive_5,motive_6,motive_7,motive_8
motive_1,0.0,0.3829061064335965,0.1901296720860726,0.6990594576402539,0.37892547867956405,0.6268765774252751,0.7706595298249505,0.40084176954030937
motive_2,0.3829061064335965,0.0,0.19378858896735285,0.8688983693384339,0.3944608795239977,0.4439890093858647,0.21490871032019554,0.02743059441272651
motive_3,0.1901296720860726,0.19378858896735285,0.0,0.1016820130481779,0.6235999278940683,0.25238775443645123,0.47659765078521266,0.3311002787691699
motive_4,0.6990594576402539,0.8688983693384339,0.1016820130481779,0.0,0.6682940342415647,0.2523981601851333,0.3353489565414352,0.5262168132893351
motive_5,0.37892547867956405,0.3944608795239977,0.6235999278940683,0.6682940342415647,0.0,0.4577325208247291,0.20455685228102938,0.08538392877584342
motive_6,0.6268765774252751,0.4439890093858647,0.25238775443645123,0.2523981601851333,0.4577325208247291,0.0,0.653300116504486,0.13838588459632603
motive_7,0.7706595298249505,0.21490871032019554,0.47659765078521266,0.3353489565414352,0.20455685228102938,0.653300116504486,0.0,0.3415913794784832
motive_8,0.40084176954030937,0.02743059441272651,0.3311002787691699,0.5262168132893351,0.08538392877584342,0.13838588459632603,0.3415913794784832,0.0
