,motive_1,motive_2,motive_3,motive_4,motive_5,motive_6,motive_7,motive_8
satisfaction,-0.04279207527518475,0.23251294342080553,0.30575020180044543,0.057157351043550575,-0.029398674120785007,-0.0484525115872928,0.1672407015264602,0.5304800371079735
