,motive_1,motive_2,motive_3,motive_4,motive_5,motive_6,motive_7,motive_8
satisfaction,-0.3065983622995875,0.3492721713736387,-0.028758033143046147,0.02411891711142468,0.22147045851548536,-0.03801811076109951,-0.3336791844117444,-0.008676260874129454
