,motive_1,motive_2,motive_3,motive_4,motive_5,motive_6,motive_7,motive_8
satisfaction,0.4247619988298368,0.056538592856585634,-0.23786541161906946,-0.08724780125718892,0.32205725404169705,0.29080510674831506,0.09234609479815292,0.2265107263603681
