,motive_1,motive_2,motive_3,motive_4,motive_5,motive_6,motive_7,motive_8
motive_1,0.0,0.06769951370225234,-0.07505365407868103,0.13558129147378037,-0.014011118049280673,0.1458191528734725,0.07706890877868569,0.06446336690208623
motive_2,0.06769951370225234,0.0,0.08604185102303989,0.10213244848892332,0.13833043277475973,0.007021681661558532,0.18267956564213517,0.09619506364666672
motive_3,-0.07505365407868103,0.08604185102303989,0.0,0.06352436346498744,0.1990050343489445,-0.061186843982284606,0.1162692189049219,0.14692320597571412
motive_4,0.13558129147378037,0.10213244848892332,0.06352436346498744,0.0,0.06407130848679139,0.0851041944470954,0.08585858630775732,0.04276933134990306
motive_5,-0.014011118049280673,0.13833043277475973,0.1990050343489445,0.06407130848679139,0.0,0.12070000618372867,0.22484792984768048,0.013862693042051726
motive_6,0.1458191528734725,0.007021681661558532,-0.061186843982284606,0.0851041944470954,0.12070000618372867,0.0,0.11147472101392586,0.06309054423028598
motive_7,0.07706890877868569,0.18267956564213517,0.1162692189049219,0.08585858630775732,0.22484792984768048,0.11147472101392586,0.0,0.08963057230248922
motive_8,0.06446336690208623,0.09619506364666672,0.14692320597571412,0.04276933134990306,0.013862693042051726,0.06309054423028598,0.08963057230248922,0.0
