,motive_1,motive_2,motive_3,motive_4,motive_5,motive_6,motive_7,motive_8
satisfaction,0.24064775820163634,0.13836728950994137,0.3383663296684241,0.3399705533797848,0.13577992443217224,0.1299615932713944,0.2710140285810875,0.3967213681668147
