,motive_1,motive_2,motive_3,motive_4,motive_5,motive_6,motive_7,motive_8
motive_1,0.0,-0.011036615303352013,-0.022949565997767613,0.0844176418167488,0.02683361439025441,-0.06912426255802487,0.03863873223171864,-0.058674143605578856
motive_2,-0.011036615303352013,0.0,0.026835298963974623,-0.07929362652731972,0.05769142166188365,-0.12194344954808004,0.007902912558485943,-0.03258617981779459
motive_3,-0.022949565997767613,0.026835298963974623,0.0,-0.015912580540578855,0.031484610550464275,-0.06330819349995753,-0.024201094386790245,0.13448405739632968
motive_4,0.0844176418167488,-0.07929362652731972,-0.015912580540578855,0.0,0.10143228919471084,0.12101465723561183,0.0428048369803037,0.0040847728870718105
motive_5,0.02683361439025441,0.05769142166188365,0.031484610550464275,0.10143228919471084,0.0,0.1094169930319814,-0.0438450168127788,-0.028992238697756353
motive_6,-0.06912426255802487,-0.12194344954808004,-0.06330819349995753,0.12101465723561183,0.1094169930319814,0.0,-0.12233931522737819,0.09813439762917778
motive_7,0.03863873223171864,0.007902912558485943,-0.024201094386790245,0.0428048369803037,-0.0438450168127788,-0.12233931522737819,0.0,-0.03724826921941052
motive_8,-0.058674143605578856,-0.03258617981779459,0.13448405739632968,0.0040847728870718105,-0.028992238697756353,0.09813439762917778,-0.03724826921941052,0.0
