,motive_1,motive_2,motive_3,motive_4,motive_5,motive_6,motive_7,motive_8
motive_1,0.0,-0.013594256090918654,0.0055045128968365595,-0.038273396167918,-0.03101959652406582,0.11451415568913012,0.08804278281290882,-0.017732200845562512
motive_2,-0.013594256090918654,0.0,-0.020150754149630724,0.0017140104770179826,-0.06622684829659471,-0.06611418048422081,0.015496288676568569,-0.1025782469704741
motive_3,0.0055045128968365595,-0.020150754149630724,0.0,0.1227673814340913,-0.004248095896815976,0.047760613104927775,0.006390627960076535,-0.0002916608820007216
motive_4,-0.038273396167918,0.0017140104770179826,0.1227673814340913,0.0,0.007394252389882533,-0.006182967712388833,0.13317644708338955,0.04513762233982847
motive_5,-0.03101959652406582,-0.06622684829659471,-0.004248095896815976,0.007394252389882533,0.0,0.06970307001310935,0.0013217731818610124,-0.05716171428602372
motive_6,0.11451415568913012,-0.06611418048422081,0.047760613104927775,-0.006182967712388833,0.06970307001310935,0.0,-0.005713226134151858,0.08480071763147262
motive_7,0.08804278281290882,0.015496288676568569,0.006390627960076535,0.13317644708338955,0.0013217731818610124,-0.005713226134151858,0.0,0.04244654688880249
motive_8,-0.017732200845562512,-0.1025782469704741,-0.0002916608820007216,0.04513762233982847,-0.05716171428602372,0.08480071763147262,0.04244654688880249,0.0
