,motive_1,motive_2,motive_3,motive_4,motive_5,motive_6,motive_7,motive_8
motive_1,0.0,0.3996143370736892,0.5030699980839897,0.2661435020132641,0.2652232608538864,0.17600373480597487,0.2685984101006359,0.10258539957227056
motive_2,0.3996143370736892,0.0,0.3127118438122389,0.41113212846997704,0.46423209644074404,0.44228453852200633,0.4809915713927414,0.1582209773467199
motive_3,0.5030699980839897,0.3127118438122389,0.0,0.005379812349512125,0.5937906790516039,0.026460466812943104,0.6892768768431151,0.38834449834077306
motive_4,0.2661435020132641,0.41113212846997704,0.005379812349512125,0.0,-0.01618317869532787,0.39958982345711,0.392352984166926,0.5801194349570018
motive_5,0.2652232608538864,0.46423209644074404,0.5937906790516039,-0.01618317869532787,0.0,0.1014913565733537,0.6381511923588618,0.5770520077620553
motive_6,0.17600373480597487,0.44228453852200633,0.026460466812943104,0.39958982345711,0.1014913565733537,0.0,0.155757325004651,0.5789494621671214
motive_7,0.2685984101006359,0.4809915713927414,0.6892768768431151,0.392352984166926,0.6381511923588618,0.155757325004651,0.0,0.40078170098949983
motive_8,0.10258539957227056,0.1582209773467199,0.38834449834077306,0.5801194349570018,0.5770520077620553,0.5789494621671214,0.40078170098949983,0.0
