,motive_1,motive_2,motive_3,motive_4,motive_5,motive_6,motive_7,motive_8
motive_1,0.0,0.020615668247640533,-0.03811213435121674,-0.0893495262824025,-0.0648703882415421,0.04817746368673322,0.025849672465961156,-0.02679638228821412
motive_2,0.020615668247640533,0.0,-0.011711702342024916,-0.036159711813054544,-0.05941068028248683,0.16624642653656108,-0.013233572269824275,0.009336798549506475
motive_3,-0.03811213435121674,-0.011711702342024916,0.0,0.043779762434883095,0.004562735754465008,-0.04106298487223104,0.007961918397799528,0.006216945967861091
motive_4,-0.0893495262824025,-0.036159711813054544,0.043779762434883095,0.0,0.007536458263834804,0.029350970527051004,-0.0032630993378738524,0.06951523332007832
motive_5,-0.0648703882415421,-0.05941068028248683,0.004562735754465008,0.007536458263834804,0.0,-0.049068526752987014,0.14558279560281925,0.03623928388162439
motive_6,0.04817746368673322,0.16624642653656108,-0.04106298487223104,0.029350970527051004,-0.049068526752987014,0.0,-0.07391217867708622,-0.006770584863451327
motive_7,0.025849672465961156,-0.013233572269824275,0.007961918397799528,-0.0032630993378738524,0.14558279560281925,-0.07391217867708622,0.0,0.14862803507818678
motive_8,-0.02679638228821412,0.009336798549506475,0.006216945967861091,0.06951523332007832,0.03623928388162439,-0.006770584863451327,0.14862803507818678,0.0
