,motive_1,motive_2,motive_3,motive_4,motive_5,motive_6,motive_7,motive_8
motive_1,0.0,0.09095004098849374,0.0634780446776267,0.014992213611998775,0.08802572119692412,0.044968432496967935,0.05543101038036865,0.16122157490593766
motive_2,0.09095004098849374,0.0,0.11360717238461238,0.09821662136199459,0.059089952224960676,0.21742617909206752,0.03196140975502326,0.09278325426566562
motive_3,0.0634780446776267,0.11360717238461238,0.0,0.19649176225111004,0.09897244924078871,-0.007842590611953727,0.07641637416717902,0.20525490409999378
motive_4,0.014992213611998775,0.09821662136199459,0.19649176225111004,0.0,0.08520914800398877,0.1284730552955195,0.026154610570612156,-0.017328542843262275
motive_5,0.08802572119692412,0.059089952224960676,0.09897244924078871,0.08520914800398877,0.0,0.03449442121620181,0.11717765200222806,0.09703198142730486
motive_6,0.044968432496967935,0.21742617909206752,-0.007842590611953727,0.1284730552955195,0.03449442121620181,0.0,0.012950041204148936,0.08869832650630412
motive_7,0.05543101038036865,0.03196140975502326,0.07641637416717902,0.026154610570612156,0.11717765200222806,0.012950041204148936,0.0,0.0613531945929964
motive_8,0.16122157490593766,0.09278325426566562,0.20525490409999378,-0.017328542843262275,0.09703198142730486,0.08869832650630412,0.0613531945929964,0.0
