,motive_1,motive_2,motive_3,motive_4,motive_5,motive_6,motive_7,motive_8
satisfaction,0.22518795893638158,0.5194416508692984,0.538461714933796,0.3381925189603241,-0.061440859085905464,0.13831286010895424,0.049267606635082034,0.8254539261431835
