,motive_1,motive_2,motive_3,motive_4,motive_5,motive_6,motive_7,motive_8
motive_1,0.0,0.44792747489098295,0.5232597764663284,0.49287029392796944,0.1477609578175822,0.39477222310555155,0.8854523331743792,0.05481909114323716
motive_2,0.44792747489098295,0.0,0.4564372991334783,0.7904348464908995,0.582982013945465,0.33764262840598863,0.5609773955368889,0.33308054570701284
motive_3,0.5232597764663284,0.4564372991334783,0.0,0.5032172595323298,0.08154965438853623,0.5243348405706633,0.5303124897185076,0.04363626615203392
motive_4,0.49287029392796944,0.7904348464908995,0.5032172595323298,0.0,0.29090569228256535,0.3172942634227699,0.18721665270681914,0.29618833733395766
motive_5,0.1477609578175822,0.582982013945465,0.08154965438853623,0.29090569228256535,0.0,0.6969409397902275,0.5835768753518763,0.4499795534831065
motive_6,0.39477222310555155,0.33764262840598863,0.5243348405706633,0.3172942634227699,0.6969409397902275,0.0,0.013898545994769973,0.4664328953977308
motive_7,0.8854523331743792,0.5609773955368889,0.5303124897185076,0.18721665270681914,0.5835768753518763,0.013898545994769973,0.0,0.7944541590477521
motive_8,0.05481909114323716,0.33308054570701284,0.04363626615203392,0.29618833733395766,0.4499795534831065,0.4664328953977308,0.7944541590477521,0.0
