,motive_1,motive_2,motive_3,motive_4,motive_5,motive_6,motive_7,motive_8
motive_1,0.0,0.04691141501526867,0.015942379713206643,0.028069100600862276,-0.000730624652876018,0.03071158037495184,0.06569274958226279,-0.08275607510922499
motive_2,0.04691141501526867,0.0,-0.003480086971060366,0.1030351664737573,-0.01889031894028119,-0.18926907127107645,0.09818142997639459,-0.06841593211721338
motive_3,0.015942379713206643,-0.003480086971060366,0.0,0.1480492871706683,-0.05792122601007234,0.03761181737616363,0.057968413941993535,-0.02385557502680482
motive_4,0.028069100600862276,0.1030351664737573,0.1480492871706683,0.0,0.006422228905022854,0.07016891267292649,0.02388232554054383,-0.02202412682399879
motive_5,-0.000730624652876018,-0.01889031894028119,-0.05792122601007234,0.006422228905022854,0.0,0.04754663421564058,0.044471748727191604,-0.07461406036849758
motive_6,0.03071158037495184,-0.18926907127107645,0.03761181737616363,0.07016891267292649,0.04754663421564058,0.0,0.01574751348720624,0.04096503982139629
motive_7,0.06569274958226279,0.09818142997639459,0.057968413941993535,0.02388232554054383,0.044471748727191604,0.01574751348720624,0.0,0.033978990549752584
motive_8,-0.08275607510922499,-0.06841593211721338,-0.02385557502680482,-0.02202412682399879,-0.07461406036849758,0.04096503982139629,0.033978990549752584,0.0
