,motive_1,motive_2,motive_3,motive_4,motive_5,motive_6,motive_7,motive_8
motive_1,0.0,0.29540564595355023,0.2921096626216708,0.5616252628778118,0.500259456543507,0.21220465144286887,0.8052113722348337,0.1874827870171089
motive_2,0.29540564595355023,0.0,0.14721901901783607,0.5890191626562764,0.005825049989374581,0.1999041659205957,0.4365693829024867,0.6356200671264789
motive_3,0.2921096626216708,0.14721901901783607,0.0,0.04373515600117492,0.636424158282621,0.2479036351560553,0.38746643699560324,0.44449406438898226
motive_4,0.5616252628778118,0.5890191626562764,0.04373515600117492,0.0,0.2501806329567919,-0.030016118046157003,0.5310580882727173,0.6226072520652435
motive_5,0.500259456543507,0.005825049989374581,0.636424158282621,0.2501806329567919,0.0,0.3649207438713,0.42410284325483116,0.23623491657613577
motive_6,0.21220465144286887,0.1999041659205957,0.2479036351560553,-0.030016118046157003,0.3649207438713,0.0,0.2494630703357175,0.39130871580329024
motive_7,0.8052113722348337,0.4365693829024867,0.38746643699560324,0.5310580882727173,0.42410284325483116,0.2494630703357175,0.0,0.6579147688041492
motive_8,0.1874827870171089,0.6356200671264789,0.44449406438898226,0.6226072520652435,0.23623491657613577,0.39130871580329024,0.6579147688041492,0.0
