,motive_1,motive_2,motive_3,motive_4,motive_5,motive_6,motive_7,motive_8
motive_1,0.0,-0.008224937181260772,-0.8647448412073341,-0.5979722434874771,-0.34778638885312485,0.028209456799630536,0.2091888512718556,-0.18174189159303442
motive_2,-0.008224937181260772,0.0,-0.02249014261664012,0.5065377900781309,0.5314406151692697,-0.1721298447491995,0.21493051836201904,0.562695915111474
motive_3,-0.8647448412073341,-0.02249014261664012,0.0,0.09292018742683823,0.06542909726183843,0.4709621672996788,0.3670540447180541,-0.4719537743570362
motive_4,-0.5979722434874771,0.5065377900781309,0.09292018742683823,0.0,0.7126538619850149,-0.47203024263493265,0.03856199094668522,0.0976986704259076
motive_5,-0.34778638885312485,0.5314406151692697,0.06542909726183843,0.7126538619850149,0.0,0.04437845357160253,-0.0776482388868659,0.1145456233716825
motive_6,0.028209456799630536,-0.1721298447491995,0.4709621672996788,-0.47203024263493265,0.04437845357160253,0.0,0.34231490376947526,-0.6827395726198842
motive_7,0.2091888512718556,0.21493051836201904,0.3670540447180541,0.03856199094668522,-0.0776482388868659,0.34231490376947526,0.0,-0.201769672600285
motive_8,-0.18174189159303442,0.562695915111474,-0.4719537743570362,0.0976986704259076,0.1145456233716825,-0.6827395726198842,-0.201769672600285,0.0
