,motive_1,motive_2,motive_3,motive_4,motive_5,motive_6,motive_7,motive_8
motive_1,0.0,-0.07244606246674304,0.07144332064918157,0.8047717535674415,-0.30921146894992074,0.4139750553446478,0.8932604576455014,-0.14489562872762662
motive_2,-0.07244606246674304,0.0,0.05745674738656248,0.229093116189861,0.25672721279068883,0.4551671653274414,0.31866946242691563,0.26180773268006574
motive_3,0.07144332064918157,0.05745674738656248,0.0,0.1642138995742668,0.23913738107418636,-0.05231914142001079,0.64086585560921,0.8238848753180854
motive_4,0.8047717535674415,0.229093116189861,0.1642138995742668,0.0,-0.005799690423151153,0.6548652635421128,0.6161987788488107,-0.03276414248396187
motive_5,-0.30921146894992074,0.25672721279068883,0.23913738107418636,-0.005799690423151153,0.0,-0.10640645434450363,0.45848473150814134,-0.7031305034627309
motive_6,0.4139750553446478,0.4551671653274414,-0.05231914142001079,0.6548652635421128,-0.10640645434450363,0.0,-0.3337253941084152,-0.6002970480524786
motive_7,0.8932604576455014,0.31866946242691563,0.64086585560921,0.6161987788488107,0.45848473150814134,-0.3337253941084152,0.0,-0.11524442071240563
motive_8,-0.14489562872762662,0.26180773268006574,0.8238848753180854,-0.03276414248396187,-0.7031305034627309,-0.6002970480524786,-0.11524442071240563,0.0
