,motive_1,motive_2,motive_3,motive_4,motive_5,motive_6,motive_7,motive_8
motive_1,0.0,0.1914946697120602,0.5648145653272388,0.4553477549824572,0.4231020887580906,0.20311276831504013,0.5960154189783761,0.352013663602754
motive_2,0.1914946697120602,0.0,0.7761356227303281,0.3702290964170738,0.31519384126137423,0.3156891173171311,0.168475589181451,0.8226880971636534
motive_3,0.5648145653272388,0.7761356227303281,0.0,0.5275620282447592,0.30388885679998767,0.48356174973922744,0.030788309388154744,0.05605951343016724
motive_4,0.4553477549824572,0.3702290964170738,0.5275620282447592,0.0,0.5938686342159021,0.41099892323840237,0.44385527649711753,0.5410186309514482
motive_5,0.4231020887580906,0.31519384126137423,0.30388885679998767,0.5938686342159021,0.0,0.8391608421013126,0.4577730595139713,0.7574023896224678
motive_6,0.20311276831504013,0.3156891173171311,0.48356174973922744,0.41099892323840237,0.8391608421013126,0.0,0.32334592255761874,0.8100766545744711
motive_7,0.5960154189783761,0.168475589181451,0.030788309388154744,0.44385527649711753,0.4577730595139713,0.32334592255761874,0.0,0.4972437404631965
motive_8,0.352013663602754,0.8226880971636534,0.05605951343016724,0.5410186309514482,0.7574023896224678,0.8100766545744711,0.4972437404631965,0.0
