,motive_1,motive_2,motive_3,motive_4,motive_5,motive_6,motive_7,motive_8
motive_1,0.0,0.5203476052499414,0.2526882160555339,0.5292053107894655,0.7419592651438957,0.5882862280780573,0.6512991368542984,0.41748967434755113
motive_2,0.5203476052499414,0.0,0.5659060167838972,0.18567143961650193,0.4675535205936979,0.17785821733892404,0.45940484214033067,0.17559529309472263
motive_3,0.2526882160555339,0.5659060167838972,0.0,0.1261362652249385,0.7481023329731477,0.4905883752743677,0.5530358235448497,0.3172674841478875
motive_4,0.5292053107894655,0.18567143961650193,0.1261362652249385,0.0,0.7075270340272013,0.472718617624423,0.13400969439745886,0.4843979710189368
motive_5,0.7419592651438957,0.4675535205936979,0.7481023329731477,0.7075270340272013,0.0,0.342422880039005,0.20118780289491286,0.4756321021755159
motive_6,0.5882862280780573,0.17785821733892404,0.4905883752743677,0.472718617624423,0.342422880039005,0.0,0.6522788409168042,0.2988292115219066
motive_7,0.6512991368542984,0.45940484214033067,0.5530358235448497,0.13400969439745886,0.20118780289491286,0.6522788409168042,0.0,-0.09001504254776463
motive_8,0.41748967434755113,0.17559529309472263,0.3172674841478875,0.4843979710189368,0.4756321021755159,0.2988292115219066,-0.09001504254776463,0.0
