,motive_1,motive_2,motive_3,motive_4,motive_5,motive_6,motive_7,motive_8
motive_1,0.0,0.15688652488252813,0.14491377781018758,0.05840243974551352,0.0984888697750621,-0.04351805952565356,0.09057959705760418,0.03714448288205103
motive_2,0.15688652488252813,0.0,0.051884180250692774,0.02445247959713566,0.15429071598715535,0.10159842301167371,0.17221501003436637,0.15368617698781262
motive_3,0.14491377781018758,0.051884180250692774,0.0,0.026943014122937106,0.09581911622833378,0.0758512181290151,0.05668063196257625,0.10880261260959868
motive_4,0.05840243974551352,0.02445247959713566,0.026943014122937106,0.0,0.10102189567128834,0.0962302456097001,0.04148142313618414,0.000482745087454349
motive_5,0.0984888697750621,0.15429071598715535,0.09581911622833378,0.10102189567128834,0.0,0.07428600910429875,0.051805127934006504,0.05239435078562057
motive_6,-0.04351805952565356,0.10159842301167371,0.0758512181290151,0.0962302456097001,0.07428600910429875,0.0,0.2674384469415626,0.15143302492629415
motive_7,0.09057959705760418,0.17221501003436637,0.05668063196257625,0.04148142313618414,0.051805127934006504,0.2674384469415626,0.0,0.18344929328328038
motive_8,0.03714448288205103,0.15368617698781262,0.10880261260959868,0.000482745087454349,0.05239435078562057,0.15143302492629415,0.18344929328328038,0.0
