,motive_1,motive_2,motive_3,motive_4,motive_5,motive_6,motive_7,motive_8
satisfaction,0.704616913782675,-0.26445713222860934,0.28042598894264015,-0.10177427397052835,-0.0035386340723893017,0.17234905283467084,0.31644369877142403,0.19833430132082783
