,motive_1,motive_2,motive_3,motive_4,motive_5,motive_6,motive_7,motive_8
motive_1,0.0,0.13901840616951322,0.06141019861965062,0.1439781017964637,0.0673174887349855,0.10090136382892309,0.15247849797629648,0.12957059891807704
motive_2,0.13901840616951322,0.0,0.05896925546847058,0.012338069840356722,-0.03750804551484559,0.05970805709132025,0.10242014634635921,0.13254112457507627
motive_3,0.06141019861965062,0.05896925546847058,0.0,0.0010485340166811775,0.18267674043321974,0.08340772255839865,0.06190724437679731,0.19041696863186922
motive_4,0.1439781017964637,0.012338069840356722,0.0010485340166811775,0.0,0.25154779624126206,0.15599511783514453,0.0866880413992604,0.007989444471064443
motive_5,0.0673174887349855,-0.03750804551484559,0.18267674043321974,0.25154779624126206,0.0,0.08168754837710909,0.15617256632552784,0.23238297869254637
motive_6,0.10090136382892309,0.05970805709132025,0.08340772255839865,0.15599511783514453,0.08168754837710909,0.0,0.169241751070897,0.20758012351893962
motive_7,0.15247849797629648,0.10242014634635921,0.06190724437679731,0.0866880413992604,0.15617256632552784,0.169241751070897,0.0,0.09686368248189631
motive_8,0.12957059891807704,0.13254112457507627,0.19041696863186922,0.007989444471064443,0.23238297869254637,0.20758012351893962,0.09686368248189631,0.0
