,motive_1,motive_2,motive_3,motive_4,motive_5,motive_6,motive_7,motive_8
motive_1,0.0,0.15548464340643947,-0.14055824394199243,0.772439733012433,-0.029483613520147875,0.3304888709533944,0.1830166243620796,0.18325371656216977
motive_2,0.15548464340643947,0.0,0.5106040193411483,0.012704420282570156,0.10535217465925575,0.6463574317214286,-0.03763686496668947,0.00011327237195836448
motive_3,-0.14055824394199243,0.5106040193411483,0.0,0.34201958284934364,0.0066901536082032975,0.4787561843996424,0.37466192406397614,-0.20241625637025712
motive_4,0.772439733012433,0.012704420282570156,0.34201958284934364,0.0,0.711700224720328,0.1614010317904988,0.3256958119909494,0.015416283942191161
motive_5,-0.029483613520147875,0.10535217465925575,0.0066901536082032975,0.711700224720328,0.0,0.14017383151263396,0.2053276570204864,0.08589926896820047
motive_6,0.3304888709533944,0.6463574317214286,0.4787561843996424,0.1614010317904988,0.14017383151263396,0.0,0.161638175616516,0.22899169901638228
motive_7,0.1830166243620796,-0.03763686496668947,0.37466192406397614,0.3256958119909494,0.2053276570204864,0.161638175616516,0.0,0.6080519835269491
motive_8,0.18325371656216977,0.00011327237195836448,-0.20241625637025712,0.015416283942191161,0.08589926896820047,0.22899169901638228,0.6080519835269491,0.0
