,motive_1,motive_2,motive_3,motive_4,motive_5,motive_6,motive_7,motive_8
motive_1,0.0,0.5448832525357761,0.3102328952632469,0.24228577357713388,-0.028868117484991226,0.15057283023748366,0.3597214865356113,0.16187961830662956
motive_2,0.5448832525357761,0.0,0.24592376147191292,0.3290610913662582,0.2388311267014755,0.23183623548897442,0.07829913140041345,0.023489857789541962
motive_3,0.3102328952632469,0.24592376147191292,0.0,0.2673691653639904,0.27584146727644465,0.15878584347158253,0.08933097007727955,0.27033791809035235
motive_4,0.24228577357713388,0.3290610913662582,0.2673691653639904,0.0,0.18413036171659747,0.0683978797452521,0.48056598695310193,-0.013759118178669441
motive_5,-0.028868117484991226,0.2388311267014755,0.27584146727644465,0.18413036171659747,0.0,0.20312273842317122,-0.11587347729941963,0.3320091726582253
motive_6,0.15057283023748366,0.23183623548897442,0.15878584347158253,0.0683978797452521,0.20312273842317122,0.0,-0.019789429398648035,-0.10210630731301479
motive_7,0.3597214865356113,0.07829913140041345,0.08933097007727955,0.48056598695310193,-0.11587347729941963,-0.019789429398648035,0.0,0.132156454554491
motive_8,0.16187961830662956,0.023489857789541962,0.27033791809035235,-0.013759118178669441,0.3320091726582253,-0.10210630731301479,0.132156454554491,0.0
