,motive_1,motive_2,motive_3,motive_4,motive_5,motive_6,motive_7,motive_8
motive_1,0.0,0.2317948309251829,0.34611247120541494,0.44122903308152106,0.3883888819022806,0.2626482185374297,0.22916815175023603,0.4086500226099835
motive_2,0.2317948309251829,0.0,0.5349643667419908,-0.019965403717791902,0.3836349923776215,0.41121961048893796,0.10131586510836346,0.3571216615669527
motive_3,0.34611247120541494,0.5349643667419908,0.0,0.5464764653879155,0.31517118827301355,0.12851124487844734,0.4178503394424513,-0.12867609498162436
motive_4,0.44122903308152106,-0.019965403717791902,0.5464764653879155,0.0,0.43285023321755334,0.08584555429022322,0.4109442936271578,0.39859625506528
motive_5,0.3883888819022806,0.3836349923776215,0.31517118827301355,0.43285023321755334,0.0,0.22338439019608008,0.30109025929186245,0.5262353135062874
motive_6,0.2626482185374297,0.41121961048893796,0.12851124487844734,0.08584555429022322,0.22338439019608008,0.0,0.6996684844495571,0.23668541257118508
motive_7,0.22916815175023603,0.10131586510836346,0.4178503394424513,0.4109442936271578,0.30109025929186245,0.6996684844495571,0.0,0.6679120844248474
motive_8,0.4086500226099835,0.3571216615669527,-0.12867609498162436,0.39859625506528,0.5262353135062874,0.23668541257118508,0.6679120844248474,0.0
