,motive_1,motive_2,motive_3,motive_4,motive_5,motive_6,motive_7,motive_8
motive_1,0.0,-0.01433977345196005,-0.057891067973548614,-0.004318753436834161,0.1141410621727148,-0.045951617213622675,0.034874874078838,-0.012884260766570812
motive_2,-0.01433977345196005,0.0,0.09589784341827765,0.12608882214997783,0.01655194639475477,0.0012436163315458354,-0.0053198864568176196,-0.11101158031793346
motive_3,-0.057891067973548614,0.09589784341827765,0.0,0.044062371611918005,-0.06633838083650363,-0.03514638957360028,0.030735639703911275,-0.05552318840832376
motive_4,-0.004318753436834161,0.12608882214997783,0.044062371611918005,0.0,0.09570839316551426,0.07488637662879206,0.02938493356172524,0.10499931073318591
motive_5,0.1141410621727148,0.01655194639475477,-0.06633838083650363,0.09570839316551426,0.0,-0.05883374001500575,0.08389357155684471,0.11292779652498519
motive_6,-0.045951617213622675,0.0012436163315458354,-0.03514638957360028,0.07488637662879206,-0.05883374001500575,0.0,0.0338458800784621,-0.1315084691449144
motive_7,0.034874874078838,-0.0053198864568176196,0.030735639703911275,0.02938493356172524,0.08389357155684471,0.0338458800784621,0.0,-0.0849520568936368
motive_8,-0.012884260766570812,-0.11101158031793346,-0.05552318840832376,0.10499931073318591,0.11292779652498519,-0.1315084691449144,-0.0849520568936368,0.0
