,motive_1,motive_2,motive_3,motive_4,motive_5,motive_6,motive_7,motive_8
satisfaction,-0.4931516935647196,-0.07214475249349861,-0.43372232392701987,0.36296904094732707,0.8178616879419265,0.32784400175793194,-0.03633021339204623,-0.1667630079658597
