,motive_1,motive_2,motive_3,motive_4,motive_5,motive_6,motive_7,motive_8
motive_1,0.0,0.07379216813741907,0.012034717639045369,0.0924919289150413,0.25034656908917463,0.08754043768081088,0.08977629076890668,0.11448515332283117
motive_2,0.07379216813741907,0.0,0.014214117972259396,0.01186592578383698,0.04575243690880258,0.11284330126124231,0.08942654495169469,0.18535800942527736
motive_3,0.012034717639045369,0.014214117972259396,0.0,0.1379709549437153,0.017924371156842075,0.09003725905205584,-0.002112005960746441,-0.03904528853524033
motive_4,0.0924919289150413,0.01186592578383698,0.1379709549437153,0.0,0.04962059398252516,0.04021120566836965,-0.016816185524248954,0.047988571230807374
motive_5,0.25034656908917463,0.04575243690880258,0.017924371156842075,0.04962059398252516,0.0,0.12683950743854916,0.03603871718961519,0.23325668282801248
motive_6,0.08754043768081088,0.11284330126124231,0.09003725905205584,0.04021120566836965,0.12683950743854916,0.0,0.0984579147763128,0.16826974083739898
motive_7,0.08977629076890668,0.08942654495169469,-0.002112005960746441,-0.016816185524248954,0.03603871718961519,0.0984579147763128,0.0,0.06524500295437946
motive_8,0.11448515332283117,0.18535800942527736,-0.03904528853524033,0.047988571230807374,0.23325668282801248,0.16826974083739898,0.06524500295437946,0.0
