,motive_1,motive_2,motive_3,motive_4,motive_5,motive_6,motive_7,motive_8
motive_1,0.0,-0.7048940217279092,0.23151523134638113,-0.20383760220828467,0.23371742226901993,-0.10470516292077023,-0.49206422412754725,0.7023008234707269
motive_2,-0.7048940217279092,0.0,0.6458170663458969,-0.09593338550988464,0.33955268476225986,0.262510894718901,0.19570717054722253,0.7391379463421752
motive_3,0.23151523134638113,0.6458170663458969,0.0,0.07679020686145739,0.1674658429631797,0.6262276970592812,0.5483591123875369,0.4929041075256875
motive_4,-0.20383760220828467,-0.09593338550988464,0.07679020686145739,0.0,0.29851461884531993,0.38805958029495824,0.5304547520848328,0.2552047725516542
motive_5,0.23371742226901993,0.33955268476225986,0.1674658429631797,0.29851461884531993,0.0,0.2596534887605157,-0.45651071252378067,0.3597783538607443
motive_6,-0.10470516292077023,0.262510894718901,0.6262276970592812,0.38805958029495824,0.2596534887605157,0.0,0.18188428951522012,0.16906432381684444
motive_7,-0.49206422412754725,0.19570717054722253,0.5483591123875369,0.5304547520848328,-0.45651071252378067,0.18188428951522012,0.0,0.23845968787589433
motive_8,0.7023008234707269,0.7391379463421752,0.4929041075256875,0.2552047725516542,0.3597783538607443,0.16906432381684444,0.23845968787589433,0.0
