,motive_1,motive_2,motive_3,motive_4,motive_5,motive_6,motive_7,motive_8
motive_1,0.5,0.0,0.25,0.08333333333333333,0.0,0.16666666666666666,0.0,0.0
motive_2,0.0,0.5,0.14285714285714285,0.14285714285714285,0.03571428571428571,0.10714285714285714,0.07142857142857142,0.0
motive_3,0.0,0.02631578947368421,0.5,0.05263157894736842,0.02631578947368421,0.07894736842105263,0.18421052631578946,0.13157894736842105
motive_4,0.13333333333333333,0.03333333333333333,0.06666666666666667,0.5,0.03333333333333333,0.03333333333333333,0.06666666666666667,0.13333333333333333
motive_5,0.0,0.3,0.2,0.0,0.5,0.0,0.0,0.0
motive_6,0.0,0.15789473684210525,0.10526315789473684,0.15789473684210525,0.0,0.5263157894736842,0.05263157894736842,0.0
motive_7,0.08333333333333333,0.125,0.16666666666666666,0.08333333333333333,0.041666666666666664,0.0,0.5,0.0
motive_8,0.0,0.16666666666666666,0.05555555555555555,0.16666666666666666,0.05555555555555555,0.05555555555555555,0.0,0.5
