,motive_1,motive_2,motive_3,motive_4,motive_5,motive_6,motive_7,motive_8
satisfaction,0.3305349207842543,0.2632137648723218,-0.12218070862069952,0.19131839570485062,-0.09654310266568827,0.8524879730534116,-0.2481222972084619,0.9430225122880793
