,motive_1,motive_2,motive_3,motive_4,motive_5,motive_6,motive_7,motive_8
satisfaction,0.03322154444625719,-0.4873441417974837,-0.2515378037029661,-0.17282189468180031,0.0615837809889801,-0.17003241929667856,0.345333344670541,0.3764378604389773
