,motive_1,motive_2,motive_3,motive_4,motive_5,motive_6,motive_7,motive_8
motive_1,0.0,-0.3425971097245667,0.7381505821586787,-0.4735338299457429,0.427929037386615,-0.5102267846293089,0.5456793209333389,-0.32242654991772896
motive_2,-0.3425971097245667,0.0,0.9062613612317516,0.13084434792762167,0.22642714521827734,-0.12635249206019622,0.6820665777628945,0.4851241680405589
motive_3,0.7381505821586787,0.9062613612317516,0.0,0.3638186324175456,0.4054992615703353,-0.19119858712329074,0.05488461475006706,-0.40095221563200945
motive_4,-0.4735338299457429,0.13084434792762167,0.3638186324175456,0.0,0.1628723917657529,-0.2516095051105528,-0.1429694982208385,0.20130574108082755
motive_5,0.427929037386615,0.22642714521827734,0.4054992615703353,0.1628723917657529,0.0,0.0840643136218559,0.27013807760744224,0.4942170078767014
motive_6,-0.5102267846293089,-0.12635249206019622,-0.19119858712329074,-0.2516095051105528,0.0840643136218559,0.0,0.6562283843761233,0.703811130943504
motive_7,0.5456793209333389,0.6820665777628945,0.05488461475006706,-0.1429694982208385,0.27013807760744224,0.6562283843761233,0.0,0.18775615017707448
motive_8,-0.32242654991772896,0.4851241680405589,-0.40095221563200945,0.20130574108082755,0.4942170078767014,0.703811130943504,0.18775615017707448,0.0
