,motive_1,motive_2,motive_3,motive_4,motive_5,motive_6,motive_7,motive_8
motive_1,0.0,-0.049394226657978206,0.08852957287928555,-0.006426604713595848,-0.06752587371613203,0.02638193638515495,0.054141676221332875,-0.06818812663956464
motive_2,-0.049394226657978206,0.0,0.04944439409380968,0.1614379433991491,-0.031412639212804724,0.03324690935212717,-0.013255417556702252,-0.0753020814013108
motive_3,0.08852957287928555,0.04944439409380968,0.0,0.08049611954149166,0.08175709963855395,0.0018465796368045129,0.1096486885632065,-0.11513162444559334
motive_4,-0.006426604713595848,0.1614379433991491,0.08049611954149166,0.0,-0.05767826793043015,-0.09360368201242433,0.04276548434939745,-0.05294566574378086
motive_5,-0.06752587371613203,-0.031412639212804724,0.08175709963855395,-0.05767826793043015,0.0,0.09687281269781191,0.034400176408150386,-0.012945088694890238
motive_6,0.02638193638515495,0.03324690935212717,0.0018465796368045129,-0.09360368201242433,0.09687281269781191,0.0,0.0007854050211135791,-0.04973882091318341
motive_7,0.054141676221332875,-0.013255417556702252,0.1096486885632065,0.04276548434939745,0.034400176408150386,0.0007854050211135791,0.0,0.060324805249305766
motive_8,-0.06818812663956464,-0.0753020814013108,-0.11513162444559334,-0.05294566574378086,-0.012945088694890238,-0.04973882091318341,0.060324805249305766,0.0
