,motive_1,motive_2,motive_3,motive_4,motive_5,motive_6,motive_7,motive_8
motive_1,0.0,0.40948838171533863,-0.4494207969276542,0.035937551378959307,-0.6633065952651548,0.05120788991742233,-0.8016823717632767,0.6596574801205715
motive_2,0.40948838171533863,0.0,0.8675659597817551,0.4384623313816415,0.8880659835118456,-0.09770067867150034,-0.4396022954805624,-0.333811737159556
motive_3,-0.4494207969276542,0.8675659597817551,0.0,0.479695879963138,0.1076315217398196,0.5014453494340639,0.15586172463606812,-0.19487003399352468
motive_4,0.035937551378959307,0.4384623313816415,0.479695879963138,0.0,-0.6883504047598219,0.5152678679718063,0.8739391496421539,0.2577534903321119
motive_5,-0.6633065952651548,0.8880659835118456,0.1076315217398196,-0.6883504047598219,0.0,-0.12298246441715738,0.019306121471509452,0.3526342282320413
motive_6,0.05120788991742233,-0.09770067867150034,0.5014453494340639,0.5152678679718063,-0.12298246441715738,0.0,-0.1538126614189241,-0.14504131005845677
motive_7,-0.8016823717632767,-0.4396022954805624,0.15586172463606812,0.8739391496421539,0.019306121471509452,-0.1538126614189241,0.0,0.43041447598454274
motive_8,0.6596574801205715,-0.333811737159556,-0.19487003399352468,0.2577534903321119,0.3526342282320413,-0.14504131005845677,0.43041447598454274,0.0
