,motive_1,motive_2,motive_3,motive_4,motive_5,motive_6,motive_7,motive_8
motive_1,0.0,-0.024594672499100086,0.037299832411405276,0.04029381385970364,1.0374082219299319,-0.6534367991580945,0.25866990715434,0.35202129460494075
motive_2,-0.024594672499100086,0.0,0.44875899110870104,0.2117817412305986,0.39491495873294524,-0.32580660283642043,-0.1420700966196939,-0.06336363121739202
motive_3,0.037299832411405276,0.44875899110870104,0.0,-0.43945017146860194,0.4685464579569419,0.3800237347654446,0.7999135174226811,0.251906689010151
motive_4,0.04029381385970364,0.2117817412305986,-0.43945017146860194,0.0,-0.15626934115160418,-0.12611404703317616,-0.018734108795394083,-0.5647167070521917
motive_5,1.0374082219299319,0.39491495873294524,0.4685464579569419,-0.15626934115160418,0.0,-0.08200939448404732,0.2615437135415061,-0.6230638022253361
motive_6,-0.6534367991580945,-0.32580660283642043,0.3800237347654446,-0.12611404703317616,-0.08200939448404732,0.0,0.5004424450468713,-0.06439716234506199
motive_7,0.25866990715434,-0.1420700966196939,0.7999135174226811,-0.018734108795394083,0.2615437135415061,0.5004424450468713,0.0,0.33648058280654414
motive_8,0.35202129460494075,-0.06336363121739202,0.251906689010151,-0.5647167070521917,-0.6230638022253361,-0.06439716234506199,0.33648058280654414,0.0
