,motive_1,motive_2,motive_3,motive_4,motive_5,motive_6,motive_7,motive_8
motive_1,0.0,0.3558094980036598,0.5404086450960357,0.3203028084177405,0.20118942290288627,0.48981429881174765,0.5171000928598846,0.0634084650770545
motive_2,0.3558094980036598,0.0,0.28054661782551055,0.5097181943769887,0.47037742733776167,0.2614286896653968,0.23654106785417725,0.29264225133331223
motive_3,0.5404086450960357,0.28054661782551055,0.0,0.734083825383934,0.07952329194707818,0.1880216924999288,0.4763522346033284,0.45966023211846935
motive_4,0.3203028084177405,0.5097181943769887,0.734083825383934,0.0,0.364314994212816,0.4572406104943064,0.04126351891067642,0.49728737406336204
motive_5,0.20118942290288627,0.47037742733776167,0.07952329194707818,0.364314994212816,0.0,0.6283164551517857,0.11405142774912375,0.6174228103285524
motive_6,0.48981429881174765,0.2614286896653968,0.1880216924999288,0.4572406104943064,0.6283164551517857,0.0,0.5878966578793082,0.4221907684567081
motive_7,0.5171000928598846,0.23654106785417725,0.4763522346033284,0.04126351891067642,0.11405142774912375,0.5878966578793082,0.0,0.18424003939178257
motive_8,0.0634084650770545,0.29264225133331223,0.45966023211846935,0.49728737406336204,0.6174228103285524,0.4221907684567081,0.18424003939178257,0.0
