,motive_1,motive_2,motive_3,motive_4,motive_5,motive_6,motive_7,motive_8
motive_1,0.0,-0.4318016281486954,-0.22729021336785746,0.07483098964568817,0.5259300234076048,-0.24715820419886875,0.36770448857927723,0.13098921685161385
motive_2,-0.4318016281486954,0.0,0.6562395891054338,-0.07790967338559773,0.3144841210568748,-0.2143483712100718,0.04801362337621107,0.28493780257615453
motive_3,-0.22729021336785746,0.6562395891054338,0.0,0.3570176910279095,-0.3426356383384582,0.582788951927527,0.04726723939331623,0.6026166961648014
motive_4,0.07483098964568817,-0.07790967338559773,0.3570176910279095,0.0,0.13384373740414865,0.16302510826625494,-0.05094146213619427,-0.08631057336436157
motive_5,0.5259300234076048,0.3144841210568748,-0.3426356383384582,0.13384373740414865,0.0,0.4703126723979796,-0.02933690463068031,0.592347797375387
motive_6,-0.24715820419886875,-0.2143483712100718,0.582788951927527,0.16302510826625494,0.4703126723979796,0.0,-0.191730670410035,-0.023310041043830776
motive_7,0.36770448857927723,0.04801362337621107,0.04726723939331623,-0.05094146213619427,-0.02933690463068031,-0.191730670410035,0.0,-0.5583045000008796
motive_8,0.13098921685161385,0.28493780257615453,0.6026166961648014,-0.08631057336436157,0.592347797375387,-0.023310041043830776,-0.5583045000008796,0.0
