,motive_1,motive_2,motive_3,motive_4,motive_5,motive_6,motive_7,motive_8
motive_1,0.0,0.31675789360738005,0.7283510799196677,0.13297227784045007,1.342373567420045,0.5560049359505349,0.5574718363119002,1.0442633172934739
motive_2,0.31675789360738005,0.0,-0.003137426589350706,0.5237378613028854,0.39194853621876347,0.03246974185318363,0.014470267491877423,0.5281806348764562
motive_3,0.7283510799196677,-0.003137426589350706,0.0,0.22199516467965436,0.14958902348708497,-0.2049107577505453,0.2354785866976242,-0.21713794544627463
motive_4,0.13297227784045007,0.5237378613028854,0.22199516467965436,0.0,-0.13128404309975822,0.2967710859326109,-0.5496337301958896,0.3479430058054546
motive_5,1.342373567420045,0.39194853621876347,0.14958902348708497,-0.13128404309975822,0.0,-0.3309012939325259,0.5956125732883525,-0.8146909524057996
motive_6,0.5560049359505349,0.03246974185318363,-0.2049107577505453,0.2967710859326109,-0.3309012939325259,0.0,-0.44409211213218525,0.21289414767141152
motive_7,0.5574718363119002,0.014470267491877423,0.2354785866976242,-0.5496337301958896,0.5956125732883525,-0.44409211213218525,0.0,-0.5111063612399845
motive_8,1.0442633172934739,0.5281806348764562,-0.21713794544627463,0.3479430058054546,-0.8146909524057996,0.21289414767141152,-0.5111063612399845,0.0
