,motive_1,motive_2,motive_3,motive_4,motive_5,motive_6,motive_7,motive_8
satisfaction,0.3195329855943353,0.04636463733260561,0.26917174075907946,0.14161066653495635,0.05807692350188179,0.14158921624207982,0.3379540700786739,0.3575067489891818
