,motive_1,motive_2,motive_3,motive_4,motive_5,motive_6,motive_7,motive_8
motive_1,0.0,0.04555505603888453,0.598373764509738,-0.9020521919044024,0.47258247859619557,-0.3645495754422981,-0.08005990825876402,-0.0962133124754801
motive_2,0.04555505603888453,0.0,-0.185665296057442,0.13840248857416854,-0.06651431904373323,-0.7264310596226649,0.6648203605738114,-0.4789078043438614
motive_3,0.598373764509738,-0.185665296057442,0.0,-0.12353776198861502,-0.14261060100902456,0.37328801343952794,0.9027554781381475,0.7398315645270344
motive_4,-0.9020521919044024,0.13840248857416854,-0.12353776198861502,0.0,-0.027805057734035354,-0.1610292782044389,0.3120584431683725,-0.14383663885873252
motive_5,0.47258247859619557,-0.06651431904373323,-0.14261060100902456,-0.027805057734035354,0.0,-0.21741645490903522,-0.35851505843388565,-0.4017560272072739
motive_6,-0.3645495754422981,-0.7264310596226649,0.37328801343952794,-0.1610292782044389,-0.21741645490903522,0.0,-0.5900320324883569,0.31419539856470047
motive_7,-0.08005990825876402,0.6648203605738114,0.9027554781381475,0.3120584431683725,-0.35851505843388565,-0.5900320324883569,0.0,-0.2783408267689571
motive_8,-0.0962133124754801,-0.4789078043438614,0.7398315645270344,-0.14383663885873252,-0.4017560272072739,0.31419539856470047,-0.2783408267689571,0.0
