,motive_1,motive_2,motive_3,motive_4,motive_5,motive_6,motive_7,motive_8
motive_1,0.0,0.07478129369035022,0.13783942291064852,0.6456089717060803,0.5159337473800325,0.1246112203653232,0.3409826069826134,0.04173269636516935
motive_2,0.07478129369035022,0.0,0.6848661543096359,0.8227194985692265,0.19320310638949487,0.4562223347287654,0.26982792154151847,0.27752318854990166
motive_3,0.13783942291064852,0.6848661543096359,0.0,0.6078008672143569,0.37304184285829495,0.16646036946159692,0.22007704318287558,0.1040615654557
motive_4,0.6456089717060803,0.8227194985692265,0.6078008672143569,0.0,0.3633619592161281,0.4689939774796801,0.7616208658961707,0.2113550640374397
motive_5,0.5159337473800325,0.19320310638949487,0.37304184285829495,0.3633619592161281,0.0,0.5887879458434542,0.12983487886151215,0.5790284947080315
motive_6,0.1246112203653232,0.4562223347287654,0.16646036946159692,0.4689939774796801,0.5887879458434542,0.0,0.44137208071459544,0.18318336956474368
motive_7,0.3409826069826134,0.26982792154151847,0.22007704318287558,0.7616208658961707,0.12983487886151215,0.44137208071459544,0.0,0.12014754275790242
motive_8,0.04173269636516935,0.27752318854990166,0.1040615654557,0.2113550640374397,0.5790284947080315,0.18318336956474368,0.12014754275790242,0.0
