,motive_1,motive_2,motive_3,motive_4,motive_5,motive_6,motive_7,motive_8
motive_1,0.0,0.07296854881188439,0.015387465647692528,0.06404206949437415,-0.09738588382426717,-0.023993782521752355,0.017104644816767316,-0.060355767836526325
motive_2,0.07296854881188439,0.0,0.1065784447124935,-0.02576489174103187,-0.05629161864884164,-0.045851525416648,-0.012691029922579214,0.06221029421496653
motive_3,0.015387465647692528,0.1065784447124935,0.0,-0.0030078373268966428,0.1709401509276432,-0.010146315370928565,0.10161210533384231,-0.014121134201293337
motive_4,0.06404206949437415,-0.02576489174103187,-0.0030078373268966428,0.0,-0.08755600209489889,-0.025272876423370394,-0.008516146481842051,-0.04526517116106467
motive_5,-0.09738588382426717,-0.05629161864884164,0.1709401509276432,-0.08755600209489889,0.0,0.12375092432637898,-0.04545271355360663,0.1105489195275511
motive_6,-0.023993782521752355,-0.045851525416648,-0.010146315370928565,-0.025272876423370394,0.12375092432637898,0.0,0.0351613050647729,-0.08843102506735823
motive_7,0.017104644816767316,-0.012691029922579214,0.10161210533384231,-0.008516146481842051,-0.04545271355360663,0.0351613050647729,0.0,-0.05356528477269139
motive_8,-0.060355767836526325,0.06221029421496653,-0.014121134201293337,-0.04526517116106467,0.1105489195275511,-0.08843102506735823,-0.05356528477269139,0.0
