{
  "mean_overall_similarity": 0.3010432638003712,
  "std_overall_similarity": 0.1373396751444807,
  "mean_exact_match": 0.13476759281975287,
  "mean_frequency_similarity": 0.5050990406866239,
  "mean_edit_similarity": 0.26326315789473687,
  "num_comparisons": 45,
  "num_simulations": 10
}