,motive_1,motive_2,motive_3,motive_4,motive_5,motive_6,motive_7,motive_8
motive_1,0.0,0.018657808525707392,0.16770306578009028,0.4180929678789135,-0.012932028231119885,0.19381115008646227,0.34293442565531784,0.24806246545613453
motive_2,0.018657808525707392,0.0,0.06533673320989011,-0.14269288019234777,0.13969793420531812,0.32835314210644706,0.004452470627633182,0.180320436582232
motive_3,0.16770306578009028,0.06533673320989011,0.0,0.21195068405082246,0.5809129264671284,0.27018458242945587,0.13266877792380846,0.38882731328296316
motive_4,0.4180929678789135,-0.14269288019234777,0.21195068405082246,0.0,0.3990681375930715,0.5861048295309448,0.38897013914052775,-0.08935279583429376
motive_5,-0.012932028231119885,0.13969793420531812,0.5809129264671284,0.3990681375930715,0.0,0.372929310068866,0.28951581269722876,0.10485891909978448
motive_6,0.19381115008646227,0.32835314210644706,0.27018458242945587,0.5861048295309448,0.372929310068866,0.0,0.14428857469320536,0.03424566908512149
motive_7,0.34293442565531784,0.004452470627633182,0.13266877792380846,0.38897013914052775,0.28951581269722876,0.14428857469320536,0.0,-0.3145552951512517
motive_8,0.24806246545613453,0.180320436582232,0.38882731328296316,-0.08935279583429376,0.10485891909978448,0.03424566908512149,-0.3145552951512517,0.0
