,motive_1,motive_2,motive_3,motive_4,motive_5,motive_6,motive_7,motive_8
satisfaction,0.16790312902069582,0.3107784931668179,0.25108187438493634,0.5929909738668966,0.17608219677907952,0.32382338135251754,0.30396016454613617,0.3875011504872292
