,motive_1,motive_2,motive_3,motive_4,motive_5,motive_6,motive_7,motive_8
motive_1,0.0,0.4893733447475919,0.4554692015175579,0.13256916694269563,0.5126936137660223,0.335267544034667,0.37341844317503803,-0.12171043261252679
motive_2,0.4893733447475919,0.0,0.6337895763020971,0.34544855550724796,0.2964676000201293,0.5267888975652015,0.04368801255402188,0.035393692519412254
motive_3,0.4554692015175579,0.6337895763020971,0.0,0.24178010504547198,-0.002221069376893897,0.6041829541252679,0.2212123688332287,0.07231085102310558
motive_4,0.13256916694269563,0.34544855550724796,0.24178010504547198,0.0,0.191004744824407,0.4350451806152512,0.205610794005065,0.23166497426524774
motive_5,0.5126936137660223,0.2964676000201293,-0.002221069376893897,0.191004744824407,0.0,0.3623315327399167,0.3655761506483466,0.30676481191569394
motive_6,0.335267544034667,0.5267888975652015,0.6041829541252679,0.4350451806152512,0.3623315327399167,0.0,0.075090119015291,-0.060453442553885434
motive_7,0.37341844317503803,0.04368801255402188,0.2212123688332287,0.205610794005065,0.3655761506483466,0.075090119015291,0.0,-0.04817366907765527
motive_8,-0.12171043261252679,0.035393692519412254,0.07231085102310558,0.23166497426524774,0.30676481191569394,-0.060453442553885434,-0.04817366907765527,0.0
