,motive_1,motive_2,motive_3,motive_4,motive_5,motive_6,motive_7,motive_8
motive_1,0.0,-0.1601059894499206,0.15680191665763515,-0.2906482831825206,-0.06331652884909532,0.4079903433370085,-0.5334200439498697,-0.3370276669575556
motive_2,-0.1601059894499206,0.0,0.3260793213434182,-0.7796270320886773,-0.32366902796232855,0.020602941623592608,0.3275407948357819,0.04413356396512626
motive_3,0.15680191665763515,0.3260793213434182,0.0,-0.204981847607763,-0.05990825677653505,0.2937457585333909,0.2549061686426765,-0.40885356879853546
motive_4,-0.2906482831825206,-0.7796270320886773,-0.204981847607763,0.0,0.034472479008353624,0.14799260144967963,0.09346856976261536,-0.7553373915468363
motive_5,-0.06331652884909532,-0.32366902796232855,-0.05990825677653505,0.034472479008353624,0.0,0.19375583532100177,-0.541768326078435,0.04423106156907557
motive_6,0.4079903433370085,0.020602941623592608,0.2937457585333909,0.14799260144967963,0.19375583532100177,0.0,0.12068527418989289,-0.049801856032639404
motive_7,-0.5334200439498697,0.3275407948357819,0.2549061686426765,0.09346856976261536,-0.541768326078435,0.12068527418989289,0.0,-0.1399908290018878
motive_8,-0.3370276669575556,0.04413356396512626,-0.40885356879853546,-0.7553373915468363,0.04423106156907557,-0.049801856032639404,-0.1399908290018878,0.0
