,motive_1,motive_2,motive_3,motive_4,motive_5,motive_6,motive_7,motive_8
satisfaction,-0.12979614530913777,0.010126595426262985,0.017612123336403523,0.18663010281553355,0.0811701854866422,0.5982253396609775,-0.10293030780388665,0.27694648787240533
