,motive_1,motive_2,motive_3,motive_4,motive_5,motive_6,motive_7,motive_8
satisfaction,0.3757934616487724,-0.32073662789332297,-0.048008563590090564,0.5551502688608024,0.3065138132866065,0.9328549743870551,0.18892235945043637,-0.6135142161290548
