,motive_1,motive_2,motive_3,motive_4,motive_5,motive_6,motive_7,motive_8
motive_1,0.0,0.39517864749541765,0.3680302073563375,0.40244071965819117,0.3361072003223979,-0.4321488207210234,-0.5586865002000376,0.4199392532050575
motive_2,0.39517864749541765,0.0,0.44214398882951556,-0.39575037421276665,0.5711386455362779,-0.10216389487001382,0.20134545638047702,-0.2536919948166382
motive_3,0.3680302073563375,0.44214398882951556,0.0,-0.0323524800593976,0.09617286566721656,-0.0032792769640349606,0.17960810068540167,0.22211734764262603
motive_4,0.40244071965819117,-0.39575037421276665,-0.0323524800593976,0.0,0.8614666640173589,0.2626810085015232,0.13221526269136413,0.9068067130637654
motive_5,0.3361072003223979,0.5711386455362779,0.09617286566721656,0.8614666640173589,0.0,-0.12361021181477405,-0.5405233218209529,-0.1181012116834338
motive_6,-0.4321488207210234,-0.10216389487001382,-0.0032792769640349606,0.2626810085015232,-0.12361021181477405,0.0,-0.07255078454601266,-0.1589249710747394
motive_7,-0.5586865002000376,0.20134545638047702,0.17960810068540167,0.13221526269136413,-0.5405233218209529,-0.07255078454601266,0.0,0.9324545326618436
motive_8,0.4199392532050575,-0.2536919948166382,0.22211734764262603,0.9068067130637654,-0.1181012116834338,-0.1589249710747394,0.9324545326618436,0.0
