,motive_1,motive_2,motive_3,motive_4,motive_5,motive_6,motive_7,motive_8
motive_1,0.0,-0.042125906175418365,-0.013456014994602892,0.019126641701041745,-0.06460493354386349,-0.007078215222842717,-0.013904416273370303,-0.11009095089671575
motive_2,-0.042125906175418365,0.0,-0.0007049414182191682,-0.11024684813736438,-0.10208529625665815,0.04074674653312463,0.0013384001704550424,0.02141823443779575
motive_3,-0.013456014994602892,-0.0007049414182191682,0.0,0.06284117571603794,-0.04157277107558231,0.017271158176219596,0.0324194080760772,0.05857490471939969
motive_4,0.019126641701041745,-0.11024684813736438,0.06284117571603794,0.0,-0.16811029230699814,-0.044735219062310226,0.0898305735556989,0.04903254348594914
motive_5,-0.06460493354386349,-0.10208529625665815,-0.04157277107558231,-0.16811029230699814,0.0,0.09599619061418382,0.003593433103254183,-0.0015905974011971753
motive_6,-0.007078215222842717,0.04074674653312463,0.017271158176219596,-0.044735219062310226,0.09599619061418382,0.0,-0.0034990943503194413,-0.05104088207863258
motive_7,-0.013904416273370303,0.0013384001704550424,0.0324194080760772,0.0898305735556989,0.003593433103254183,-0.0034990943503194413,0.0,-0.052794258277099895
motive_8,-0.11009095089671575,0.02141823443779575,0.05857490471939969,0.04903254348594914,-0.0015905974011971753,-0.05104088207863258,-0.052794258277099895,0.0
