,motive_1,motive_2,motive_3,motive_4,motive_5,motive_6,motive_7,motive_8
satisfaction,-0.08381507619994283,0.08111963179134282,0.6780254642709769,0.21876227246469648,0.16125669097662365,0.3619960298875632,-0.2650210935116305,0.0033751589904620904
