,motive_1,motive_2,motive_3,motive_4,motive_5,motive_6,motive_7,motive_8
motive_1,0.0,0.8341826602935731,-0.06841535100733342,-0.14404769919595187,0.6951661149307248,-0.1868237794272946,-0.18038829200313333,-1.0474633251187022
motive_2,0.8341826602935731,0.0,0.24535205046526487,0.20436537097094382,-0.38521008420195607,-0.048229336114548216,0.2081307204990906,-0.18746368509678196
motive_3,-0.06841535100733342,0.24535205046526487,0.0,0.6227764201633106,0.0043890453646462935,0.684190750173798,0.37328418456081197,0.15006546716310704
motive_4,-0.14404769919595187,0.20436537097094382,0.6227764201633106,0.0,0.08135368413623173,0.24043562292361323,-0.47868311726908425,-0.22284515787448736
motive_5,0.6951661149307248,-0.38521008420195607,0.0043890453646462935,0.08135368413623173,0.0,-0.1926868017918557,-0.7085437333697875,-0.025962762155185337
motive_6,-0.1868237794272946,-0.048229336114548216,0.684190750173798,0.24043562292361323,-0.1926868017918557,0.0,0.6296204590175434,-0.3808227098585406
motive_7,-0.18038829200313333,0.2081307204990906,0.37328418456081197,-0.47868311726908425,-0.7085437333697875,0.6296204590175434,0.0,0.021137794332651283
motive_8,-1.0474633251187022,-0.18746368509678196,0.15006546716310704,-0.22284515787448736,-0.025962762155185337,-0.3808227098585406,0.021137794332651283,0.0
