,motive_1,motive_2,motive_3,motive_4,motive_5,motive_6,motive_7,motive_8
satisfaction,0.19691652039095156,0.24625076379058458,-0.09480215574971804,-0.023975042312711012,0.12693387933434772,0.13990090100000743,0.09868809395526593,-0.27609567497128973
