,motive_1,motive_2,motive_3,motive_4,motive_5,motive_6,motive_7,motive_8
motive_1,0.0,0.09147129371553209,-0.48020128806907453,-0.04309073151399835,-0.13106776943346843,-0.6081130214352695,-0.471819516046585,-0.0954868349128769
motive_2,0.09147129371553209,0.0,0.2641769675047648,-0.05070508723637235,-0.06355298228077827,0.381065887037475,0.775327268324655,-0.08982500011387284
motive_3,-0.48020128806907453,0.2641769675047648,0.0,0.4333307951771163,-0.004925828773514274,0.08215299889495259,-0.05963110215515034,0.15889390915689233
motive_4,-0.04309073151399835,-0.05070508723637235,0.4333307951771163,0.0,0.21761477832752257,0.3706049073939519,-0.2480603404671155,0.013710515918422372
motive_5,-0.13106776943346843,-0.06355298228077827,-0.004925828773514274,0.21761477832752257,0.0,0.2509736827482222,-0.016489466258006125,-0.8145157037933137
motive_6,-0.6081130214352695,0.381065887037475,0.08215299889495259,0.3706049073939519,0.2509736827482222,0.0,0.4914678058131491,0.7220851988215138
motive_7,-0.471819516046585,0.775327268324655,-0.05963110215515034,-0.2480603404671155,-0.016489466258006125,0.4914678058131491,0.0,0.49468313330147695
motive_8,-0.0954868349128769,-0.08982500011387284,0.15889390915689233,0.013710515918422372,-0.8145157037933137,0.7220851988215138,0.49468313330147695,0.0
