,motive_1,motive_2,motive_3,motive_4,motive_5,motive_6,motive_7,motive_8
motive_1,0.0,0.6188823170076422,0.3631068654332581,0.6440251206832261,0.693647378881147,0.22755875558453267,0.10515466499215942,0.12641310127943192
motive_2,0.6188823170076422,0.0,0.29341506103780335,0.5538559124842121,0.25958950377214857,0.360575252212602,0.3558781642470319,0.3779431996885717
motive_3,0.3631068654332581,0.29341506103780335,0.0,0.5304494416937587,0.4070655229461874,0.22554571603470422,0.4331581836999911,0.7813438598656965
motive_4,0.6440251206832261,0.5538559124842121,0.5304494416937587,0.0,0.15449744135669852,0.556080403070069,0.43908731371422954,0.6366143159339754
motive_5,0.693647378881147,0.25958950377214857,0.4070655229461874,0.15449744135669852,0.0,0.6546684446311624,0.6061853499732877,0.27745538102847517
motive_6,0.22755875558453267,0.360575252212602,0.22554571603470422,0.556080403070069,0.6546684446311624,0.0,0.05199531825517442,-0.02899433161847828
motive_7,0.10515466499215942,0.3558781642470319,0.4331581836999911,0.43908731371422954,0.6061853499732877,0.05199531825517442,0.0,0.09146215951874662
motive_8,0.12641310127943192,0.3779431996885717,0.7813438598656965,0.6366143159339754,0.27745538102847517,-0.02899433161847828,0.09146215951874662,0.0
