,motive_1,motive_2,motive_3,motive_4,motive_5,motive_6,motive_7,motive_8
motive_1,0.0,0.09732235544059147,-0.08045032392858685,0.29699759514630425,0.02199016043865655,0.24132846049507445,0.447071320651529,0.30682267430031707
motive_2,0.09732235544059147,0.0,-0.036616834633340214,0.17207892835835206,0.09641408293021153,-0.06962032700169127,0.2757519761926541,-0.25465102117073
motive_3,-0.08045032392858685,-0.036616834633340214,0.0,0.34687368555647846,0.09387797462450603,0.0889220882164857,-0.2987388566440202,-0.13421117190190357
motive_4,0.29699759514630425,0.17207892835835206,0.34687368555647846,0.0,0.1278666975855498,0.18278391790203283,0.2127915502293598,0.3097391817587638
motive_5,0.02199016043865655,0.09641408293021153,0.09387797462450603,0.1278666975855498,0.0,0.05898429937911985,0.23633658875412117,0.015519037110089562
motive_6,0.24132846049507445,-0.06962032700169127,0.0889220882164857,0.18278391790203283,0.05898429937911985,0.0,0.0056124980113820555,0.05436933838589991
motive_7,0.447071320651529,0.2757519761926541,-0.2987388566440202,0.2127915502293598,0.23633658875412117,0.0056124980113820555,0.0,-0.06996199537092057
motive_8,0.30682267430031707,-0.25465102117073,-0.13421117190190357,0.3097391817587638,0.015519037110089562,0.05436933838589991,-0.06996199537092057,0.0
