,motive_1,motive_2,motive_3,motive_4,motive_5,motive_6,motive_7,motive_8
motive_1,0.0,0.29939830866756567,0.19491163907483736,0.3868923696068602,0.26861155575296386,0.23958735785879148,0.2854785610312425,0.6779954740038969
motive_2,0.29939830866756567,0.0,0.5380374045422313,0.09469100724618564,0.003611003909316776,-0.23685193216479083,0.23168743197799452,0.16304613551216499
motive_3,0.19491163907483736,0.5380374045422313,0.0,0.0493941838398225,0.35740766371112465,0.07840072982379118,0.3584761694201479,0.36333727521082937
motive_4,0.3868923696068602,0.09469100724618564,0.0493941838398225,0.0,0.17757175020344085,0.20085011621492435,0.480389285957258,0.14458283271749905
motive_5,0.26861155575296386,0.003611003909316776,0.35740766371112465,0.17757175020344085,0.0,0.43934004894212214,0.09725616265196733,0.16069947949820648
motive_6,0.23958735785879148,-0.23685193216479083,0.07840072982379118,0.20085011621492435,0.43934004894212214,0.0,0.13758063918098926,0.2452813712350917
motive_7,0.2854785610312425,0.23168743197799452,0.3584761694201479,0.480389285957258,0.09725616265196733,0.13758063918098926,0.0,0.3294544436263829
motive_8,0.6779954740038969,0.16304613551216499,0.36333727521082937,0.14458283271749905,0.16069947949820648,0.2452813712350917,0.3294544436263829,0.0
