,motive_1,motive_2,motive_3,motive_4,motive_5,motive_6,motive_7,motive_8
motive_1,0.0,0.4693182275761492,0.38726972800246184,0.44852799767593765,0.3827371316929209,0.2927518105192579,0.18451521497646772,0.7187459660183202
motive_2,0.4693182275761492,0.0,0.43403483100295154,0.5364737969241378,0.3470194698397419,0.49753662468958537,0.44368521472395606,0.6170579613822937
motive_3,0.38726972800246184,0.43403483100295154,0.0,0.44219737566912304,0.6329085075743545,0.9178543846332061,0.5324804880229124,0.2864365051029475
motive_4,0.44852799767593765,0.5364737969241378,0.44219737566912304,0.0,0.3496588697458797,0.1828617267206617,0.5250707681057953,0.08792302134901889
motive_5,0.3827371316929209,0.3470194698397419,0.6329085075743545,0.3496588697458797,0.0,0.5061657041729494,0.8203004182289296,0.07958060985938815
motive_6,0.2927518105192579,0.49753662468958537,0.9178543846332061,0.1828617267206617,0.5061657041729494,0.0,0.6427914443257298,0.6376215929817804
motive_7,0.18451521497646772,0.44368521472395606,0.5324804880229124,0.5250707681057953,0.8203004182289296,0.6427914443257298,0.0,0.33265271200407714
motive_8,0.7187459660183202,0.6170579613822937,0.2864365051029475,0.08792302134901889,0.07958060985938815,0.6376215929817804,0.33265271200407714,0.0
