,motive_1,motive_2,motive_3,motive_4,motive_5,motive_6,motive_7,motive_8
motive_1,0.0,0.03989432793220245,0.12743526094213495,0.05954323750000214,0.13750422646271437,0.11431692325178985,0.19339439129209327,0.13004269295238557
motive_2,0.03989432793220245,0.0,0.09146329602730466,-0.02258563010800961,-0.08415143207138044,0.04957017273903957,0.04544390108324674,0.011541713617269758
motive_3,0.12743526094213495,0.09146329602730466,0.0,0.0030431042617511048,0.1861512728078416,0.21402649491640385,0.11414246391244415,0.2100975034923362
motive_4,0.05954323750000214,-0.02258563010800961,0.0030431042617511048,0.0,0.20311881800168,0.028341993585975778,-0.01534036125765588,0.23421284247436308
motive_5,0.13750422646271437,-0.08415143207138044,0.1861512728078416,0.20311881800168,0.0,0.13798714903815337,0.1364652132427534,0.10723155491823169
motive_6,0.11431692325178985,0.04957017273903957,0.21402649491640385,0.028341993585975778,0.13798714903815337,0.0,0.10016161228219425,0.12953805547269218
motive_7,0.19339439129209327,0.04544390108324674,0.11414246391244415,-0.01534036125765588,0.1364652132427534,0.10016161228219425,0.0,0.0326674709040084
motive_8,0.13004269295238557,0.011541713617269758,0.2100975034923362,0.23421284247436308,0.10723155491823169,0.12953805547269218,0.0326674709040084,0.0
