,motive_1,motive_2,motive_3,motive_4,motive_5,motive_6,motive_7,motive_8
satisfaction,0.04345994471207997,-0.18502963951474463,0.3375650215638662,0.5492933323426594,0.1297473394450817,-0.32243014510472834,-0.12114892918146608,-0.22541246946229934
