,motive_1,motive_2,motive_3,motive_4,motive_5,motive_6,motive_7,motive_8
motive_1,0.0,0.2810306448276969,0.2911372255749859,0.20381664020761653,0.2479070035882498,0.403294165244953,0.5470803698731245,0.4028846161427926
motive_2,0.2810306448276969,0.0,0.29294997070113593,0.22584770122711348,-0.16698087405381826,0.3112614135971583,0.44225908102727673,0.5356786984585522
motive_3,0.2911372255749859,0.29294997070113593,0.0,0.564891482038262,0.5313007481929786,0.33374144497989144,0.40104473305611976,0.230417649799655
motive_4,0.20381664020761653,0.22584770122711348,0.564891482038262,0.0,0.5174326611514881,0.4803559938570693,0.3028767145588407,0.45383469237090335
motive_5,0.2479070035882498,-0.16698087405381826,0.5313007481929786,0.5174326611514881,0.0,0.3477419367840926,0.34492296310036064,0.39765691670337555
motive_6,0.403294165244953,0.3112614135971583,0.33374144497989144,0.4803559938570693,0.3477419367840926,0.0,0.25970886782703817,0.34766221514866946
motive_7,0.5470803698731245,0.44225908102727673,0.40104473305611976,0.3028767145588407,0.34492296310036064,0.25970886782703817,0.0,0.2935999659932992
motive_8,0.4028846161427926,0.5356786984585522,0.230417649799655,0.45383469237090335,0.39765691670337555,0.34766221514866946,0.2935999659932992,0.0
