,motive_1,motive_2,motive_3,motive_4,motive_5,motive_6,motive_7,motive_8
satisfaction,0.7978629775365411,0.45910234736019384,0.15080259108703015,0.34123081109681774,-0.24429496625083058,-0.010666613654598284,0.28974631803747564,0.04142037959128403
