,motive_1,motive_2,motive_3,motive_4,motive_5,motive_6,motive_7,motive_8
motive_1,0.0,0.24626300816607266,0.5805880576896316,0.4383121587731524,0.3392057323050362,-0.039638293508143185,0.5452324842043881,-0.6604789546773434
motive_2,0.24626300816607266,0.0,0.518233472998775,0.41004706558009685,0.5683157666929187,-0.29164189012929637,0.5471563545667224,-0.5062913154778544
motive_3,0.5805880576896316,0.518233472998775,0.0,-0.08922243379203221,0.67353670209153,-0.08303968023949404,0.9353604683966014,0.2520932773046821
motive_4,0.4383121587731524,0.41004706558009685,-0.08922243379203221,0.0,0.5576360976769701,-0.641221933786787,-0.38817585022485657,0.5690997873267422
motive_5,0.3392057323050362,0.5683157666929187,0.67353670209153,0.5576360976769701,0.0,0.016385076106927576,-0.4054429490015955,0.35955487993929885
motive_6,-0.039638293508143185,-0.29164189012929637,-0.08303968023949404,-0.641221933786787,0.016385076106927576,0.0,-0.21213848543729394,0.34579716119226905
motive_7,0.5452324842043881,0.5471563545667224,0.9353604683966014,-0.38817585022485657,-0.4054429490015955,-0.21213848543729394,0.0,-0.3054187747542836
motive_8,-0.6604789546773434,-0.5062913154778544,0.2520932773046821,0.5690997873267422,0.35955487993929885,0.34579716119226905,-0.3054187747542836,0.0
