,motive_1,motive_2,motive_3,motive_4,motive_5,motive_6,motive_7,motive_8
motive_1,0.0,0.16279649253006345,0.4688775531385634,0.9123710849926993,0.6605864040600722,0.5984154027470028,0.34973491227441966,0.42404354660361365
motive_2,0.16279649253006345,0.0,0.4233721925246222,0.49613623224743275,0.29252582521981424,0.586856143696989,0.35730507208845086,0.27017956504867946
motive_3,0.4688775531385634,0.4233721925246222,0.0,0.7378438151273133,0.22454283834940664,0.46127603938614437,0.38957741495473974,0.38945908223543446
motive_4,0.9123710849926993,0.49613623224743275,0.7378438151273133,0.0,0.467010601420228,0.1549195722368532,0.5290991656925302,0.34293778096985006
motive_5,0.6605864040600722,0.29252582521981424,0.22454283834940664,0.467010601420228,0.0,0.07164281075686219,0.8860058595266969,0.826200906384516
motive_6,0.5984154027470028,0.586856143696989,0.46127603938614437,0.1549195722368532,0.07164281075686219,0.0,0.5927950259158309,0.4846828598792262
motive_7,0.34973491227441966,0.35730507208845086,0.38957741495473974,0.5290991656925302,0.8860058595266969,0.5927950259158309,0.0,0.8057042640392711
motive_8,0.42404354660361365,0.27017956504867946,0.38945908223543446,0.34293778096985006,0.826200906384516,0.4846828598792262,0.8057042640392711,0.0
