,motive_1,motive_2,motive_3,motive_4,motive_5,motive_6,motive_7,motive_8
motive_1,0.0,0.0559562050461419,0.48158205635839607,0.6224689250991742,0.22114579009679575,0.41122285618822285,0.4117346023995715,0.173889444495344
motive_2,0.0559562050461419,0.0,0.2709254086660057,0.32091472921891306,0.3460566184129372,0.2707149290939209,-0.10273919944944773,0.5952119428137366
motive_3,0.48158205635839607,0.2709254086660057,0.0,0.2866555451656053,0.5683557302352689,-0.1118786743803282,0.506098476191519,0.04017733785179918
motive_4,0.6224689250991742,0.32091472921891306,0.2866555451656053,0.0,0.27392162895409566,-0.002060876838993378,0.20182693104249316,0.3414614903099407
motive_5,0.22114579009679575,0.3460566184129372,0.5683557302352689,0.27392162895409566,0.0,-0.05190614933359265,0.4206858668870913,0.16468528550863773
motive_6,0.41122285618822285,0.2707149290939209,-0.1118786743803282,-0.002060876838993378,-0.05190614933359265,0.0,0.03578805717314928,-0.0604964738840732
motive_7,0.4117346023995715,-0.10273919944944773,0.506098476191519,0.20182693104249316,0.4206858668870913,0.03578805717314928,0.0,0.31159291718803434
motive_8,0.173889444495344,0.5952119428137366,0.04017733785179918,0.3414614903099407,0.16468528550863773,-0.0604964738840732,0.31159291718803434,0.0
