,motive_1,motive_2,motive_3,motive_4,motive_5,motive_6,motive_7,motive_8
motive_1,0.0,0.24604893201926425,0.4544031187017854,0.0746687552058925,0.4976173794907426,0.3837600907360571,0.3225219857790077,0.5940363392809052
motive_2,0.24604893201926425,0.0,0.10439859669339227,0.06871518133218879,0.7811873251071111,-0.08300043114373207,0.7142182105678829,0.25625078559936343
motive_3,0.4544031187017854,0.10439859669339227,0.0,0.4170493228689497,0.8041861609497939,0.04728896595714724,0.9875507004407007,0.47126033957896457
motive_4,0.0746687552058925,0.06871518133218879,0.4170493228689497,0.0,0.38379353967646546,0.5915718107346956,0.6832653172165689,0.3025124348506402
motive_5,0.4976173794907426,0.7811873251071111,0.8041861609497939,0.38379353967646546,0.0,0.35967827693006116,0.34287520720077885,0.21840720503446892
motive_6,0.3837600907360571,-0.08300043114373207,0.04728896595714724,0.5915718107346956,0.35967827693006116,0.0,0.6093172135006651,0.2818633224695182
motive_7,0.3225219857790077,0.7142182105678829,0.9875507004407007,0.6832653172165689,0.34287520720077885,0.6093172135006651,0.0,0.10036232105642345
motive_8,0.5940363392809052,0.25625078559936343,0.47126033957896457,0.3025124348506402,0.21840720503446892,0.2818633224695182,0.10036232105642345,0.0
