,motive_1,motive_2,motive_3,motive_4,motive_5,motive_6,motive_7,motive_8
satisfaction,-0.22073153674611845,0.07342348505001409,0.2652179555949036,0.4543950544580753,-0.33860738336590207,0.855126414690935,0.03697961670909852,0.03310391127623091
