,motive_1,motive_2,motive_3,motive_4,motive_5,motive_6,motive_7,motive_8
motive_1,0.0,0.4901429775258121,0.3827894656723488,0.3739564340649357,0.3483457439383387,0.010301007578648935,0.6682948050862756,0.16167694950432382
motive_2,0.4901429775258121,0.0,0.5467176902157946,0.11758365106390599,0.2693806186418679,0.5017400697761856,-0.1460188391669934,0.27537087656489617
motive_3,0.3827894656723488,0.5467176902157946,0.0,0.07906951975589543,0.2184496841945498,0.588425884836428,0.4600269238369441,0.35184669577956923
motive_4,0.3739564340649357,0.11758365106390599,0.07906951975589543,0.0,-0.09315336513756453,0.17393072635594767,0.6152669969529174,0.23031974804345148
motive_5,0.3483457439383387,0.2693806186418679,0.2184496841945498,-0.09315336513756453,0.0,0.2993245250719191,0.5054333881206887,0.32984161884392615
motive_6,0.010301007578648935,0.5017400697761856,0.588425884836428,0.17393072635594767,0.2993245250719191,0.0,0.10778430180681609,-0.23740434615957742
motive_7,0.6682948050862756,-0.1460188391669934,0.4600269238369441,0.6152669969529174,0.5054333881206887,0.10778430180681609,0.0,-0.08059387061198957
motive_8,0.16167694950432382,0.27537087656489617,0.35184669577956923,0.23031974804345148,0.32984161884392615,-0.23740434615957742,-0.08059387061198957,0.0
