,motive_1,motive_2,motive_3,motive_4,motive_5,motive_6,motive_7,motive_8
motive_1,0.0,0.19845015867825244,0.2754792535144315,-0.016357263749361334,0.469637905458039,-0.028826134032005957,0.03334142387608342,0.11383574288408552
motive_2,0.19845015867825244,0.0,0.061995578836431954,0.03174100363030302,-0.08832127947852081,0.49533992798008525,0.19139624493466403,-0.3578241345987056
motive_3,0.2754792535144315,0.061995578836431954,0.0,0.29798989790433783,0.21532218657860933,-0.08798250184315445,0.18249371036034004,0.097247078772938
motive_4,-0.016357263749361334,0.03174100363030302,0.29798989790433783,0.0,0.1859137114966782,0.26512543288196366,0.4839992790686286,0.1780331016086921
motive_5,0.469637905458039,-0.08832127947852081,0.21532218657860933,0.1859137114966782,0.0,0.013665923838307503,0.045344026292763615,0.21009833618800816
motive_6,-0.028826134032005957,0.49533992798008525,-0.08798250184315445,0.26512543288196366,0.013665923838307503,0.0,-0.19784148135205784,0.49169314189812247
motive_7,0.03334142387608342,0.19139624493466403,0.18249371036034004,0.4839992790686286,0.045344026292763615,-0.19784148135205784,0.0,0.4687728357110621
motive_8,0.11383574288408552,-0.3578241345987056,0.097247078772938,0.1780331016086921,0.21009833618800816,0.49169314189812247,0.4687728357110621,0.0
