,motive_1,motive_2,motive_3,motive_4,motive_5,motive_6,motive_7,motive_8
motive_1,0.0,0.33875363297492306,-0.09627977918175529,0.08910876142754703,0.78908144450253,0.5510411427799953,-0.37212077458989645,-0.4660268021173268
motive_2,0.33875363297492306,0.0,0.4327854300413511,0.1415598830062369,0.9830905541024058,-0.7041178285087287,0.2853149306608934,0.7406174885940118
motive_3,-0.09627977918175529,0.4327854300413511,0.0,-0.6355499078476897,0.3607994086077547,0.5185392357280402,0.277601126942712,-0.4635384687781848
motive_4,0.08910876142754703,0.1415598830062369,-0.6355499078476897,0.0,0.25737622018729894,-0.06284979932980626,-0.22560575084425546,0.638767865921102
motive_5,0.78908144450253,0.9830905541024058,0.3607994086077547,0.25737622018729894,0.0,0.9990482973387635,-0.1629688987808236,-0.17541754085924646
motive_6,0.5510411427799953,-0.7041178285087287,0.5185392357280402,-0.06284979932980626,0.9990482973387635,0.0,0.5715236319195434,0.045453361248589216
motive_7,-0.37212077458989645,0.2853149306608934,0.277601126942712,-0.22560575084425546,-0.1629688987808236,0.5715236319195434,0.0,0.11745375989664511
motive_8,-0.4660268021173268,0.7406174885940118,-0.4635384687781848,0.638767865921102,-0.17541754085924646,0.045453361248589216,0.11745375989664511,0.0
