,motive_1,motive_2,motive_3,motive_4,motive_5,motive_6,motive_7,motive_8
motive_1,0.0,0.3088066777447983,0.2871150258430406,0.6566183085535444,0.14045125134092662,0.426880979407893,0.32686110727184625,0.26929963900629156
motive_2,0.3088066777447983,0.0,0.44872457084810713,0.3558016069478849,0.3944535549424264,0.17170383871518088,0.3605607342624779,0.5107002704856396
motive_3,0.2871150258430406,0.44872457084810713,0.0,0.2583616200077741,0.4894557227618985,0.04688909823914772,0.2417200783997676,-0.05081036838552627
motive_4,0.6566183085535444,0.3558016069478849,0.2583616200077741,0.0,0.028972096812930087,0.44870939866239956,0.4763759584314702,0.17824961586197
motive_5,0.14045125134092662,0.3944535549424264,0.4894557227618985,0.028972096812930087,0.0,0.17671336002947835,0.43668097025101,0.5376171182966997
motive_6,0.426880979407893,0.17170383871518088,0.04688909823914772,0.44870939866239956,0.17671336002947835,0.0,0.3742661192289909,0.45550270859076714
motive_7,0.32686110727184625,0.3605607342624779,0.2417200783997676,0.4763759584314702,0.43668097025101,0.3742661192289909,0.0,0.37508642140426174
motive_8,0.26929963900629156,0.5107002704856396,-0.05081036838552627,0.17824961586197,0.5376171182966997,0.45550270859076714,0.37508642140426174,0.0
