,motive_1,motive_2,motive_3,motive_4,motive_5,motive_6,motive_7,motive_8
satisfaction,0.225293920557018,0.24918017700262807,0.3121254649919575,0.13192794491593923,-0.0013823213762618747,0.294232963827505,0.6453254339283029,0.3956492473981479
