,motive_1,motive_2,motive_3,motive_4,motive_5,motive_6,motive_7,motive_8
motive_1,0.0,-0.11130150502693359,0.02575704072226513,-0.047457878758639375,0.008682770984669474,0.030939524405936742,-0.06872292506758478,0.06579099109444202
motive_2,-0.11130150502693359,0.0,0.03391550277603181,0.0028536422453028978,0.01593687149406113,0.005015072088159683,0.0663229760667597,0.04132750851442151
motive_3,0.02575704072226513,0.03391550277603181,0.0,0.04565230674939538,0.00912534488608225,0.012414886708634748,0.04887438323421534,-0.053903103663696585
motive_4,-0.047457878758639375,0.0028536422453028978,0.04565230674939538,0.0,-0.01882809327272296,0.18347854176067235,-0.029694237619278724,0.08842897122916973
motive_5,0.008682770984669474,0.01593687149406113,0.00912534488608225,-0.01882809327272296,0.0,0.01604564968835305,0.09107469277910961,0.012501638281837833
motive_6,0.030939524405936742,0.005015072088159683,0.012414886708634748,0.18347854176067235,0.01604564968835305,0.0,0.019587085057879292,-0.02659015385501321
motive_7,-0.06872292506758478,0.0663229760667597,0.04887438323421534,-0.029694237619278724,0.09107469277910961,0.019587085057879292,0.0,0.04032969938148323
motive_8,0.06579099109444202,0.04132750851442151,-0.053903103663696585,0.08842897122916973,0.012501638281837833,-0.02659015385501321,0.04032969938148323,0.0
