,motive_1,motive_2,motive_3,motive_4,motive_5,motive_6,motive_7,motive_8
motive_1,0.0,0.5382901913437639,0.2888470022582259,-0.10960029352556629,0.6698636161014309,0.5667528074840265,0.38205607915394724,0.18475349393805449
motive_2,0.5382901913437639,0.0,0.24582343854310362,0.5476510052095178,0.24170408239812785,0.7704962510677106,0.4419278037198826,0.41280394569864487
motive_3,0.2888470022582259,0.24582343854310362,0.0,0.27491520569641104,0.5558135872474694,0.35456135277026035,0.4512001938237088,0.1384304110645
motive_4,-0.10960029352556629,0.5476510052095178,0.27491520569641104,0.0,0.5309087662010225,0.6381005588577745,0.21787397681778325,0.24319242015571546
motive_5,0.6698636161014309,0.24170408239812785,0.5558135872474694,0.5309087662010225,0.0,0.20503125981976106,-0.034987720449282,0.44657433547038516
motive_6,0.5667528074840265,0.7704962510677106,0.35456135277026035,0.6381005588577745,0.20503125981976106,0.0,0.38817709850502724,0.38304047694406973
motive_7,0.38205607915394724,0.4419278037198826,0.4512001938237088,0.21787397681778325,-0.034987720449282,0.38817709850502724,0.0,-0.03246165126634479
motive_8,0.18475349393805449,0.41280394569864487,0.1384304110645,0.24319242015571546,0.44657433547038516,0.38304047694406973,-0.03246165126634479,0.0
