,motive_1,motive_2,motive_3,motive_4,motive_5,motive_6,motive_7,motive_8
motive_1,0.0,0.07334309203125583,0.012626769759461996,0.01990658071778375,-0.021334843160494547,-0.05169067857002896,0.15925432972673303,0.11377879073424049
motive_2,0.07334309203125583,0.0,0.01148495786548235,0.03935631620415559,0.019154701355195758,0.041948027058338055,0.1328746398730315,-0.014398077209692516
motive_3,0.012626769759461996,0.01148495786548235,0.0,0.027147778481587323,-0.055839891597528314,0.0319779991009118,-0.0551029152000157,-0.034386705297171895
motive_4,0.01990658071778375,0.03935631620415559,0.027147778481587323,0.0,0.06315390699383344,-0.1228067475920011,-0.06167252751550384,-0.016942232947887603
motive_5,-0.021334843160494547,0.019154701355195758,-0.055839891597528314,0.06315390699383344,0.0,0.08060301295780427,-0.06313736508755129,0.09822864345286847
motive_6,-0.05169067857002896,0.041948027058338055,0.0319779991009118,-0.1228067475920011,0.08060301295780427,0.0,-0.1011537366684469,0.010159489503301002
motive_7,0.15925432972673303,0.1328746398730315,-0.0551029152000157,-0.06167252751550384,-0.06313736508755129,-0.1011537366684469,0.0,-0.05921570974232532
motive_8,0.11377879073424049,-0.014398077209692516,-0.034386705297171895,-0.016942232947887603,0.09822864345286847,0.010159489503301002,-0.05921570974232532,0.0
