,motive_1,motive_2,motive_3,motive_4,motive_5,motive_6,motive_7,motive_8
satisfaction,0.0744293663382432,-0.05719088202507086,0.07565329747386826,0.044432735220922254,0.1129679400353018,-0.010567818480747948,-0.009352894486404043,0.06374265177331395
