,motive_1,motive_2,motive_3,motive_4,motive_5,motive_6,motive_7,motive_8
motive_1,0.0,0.1960662521810764,0.677378340406329,0.7471204198513616,0.37042576837139984,0.17619543428675608,0.4045316418530829,0.9242109300064438
motive_2,0.1960662521810764,0.0,0.12789003204541363,0.4481422976414696,0.3713708463746825,0.4992478470440559,0.6100492206615125,-0.04996423086076232
motive_3,0.677378340406329,0.12789003204541363,0.0,0.3429343292994739,0.3572948925560942,0.36607755537447384,0.4001442657388836,0.34282869109146086
motive_4,0.7471204198513616,0.4481422976414696,0.3429343292994739,0.0,0.7358076551988512,0.3534079758097012,0.36195574480664566,-0.152992771071764
motive_5,0.37042576837139984,0.3713708463746825,0.3572948925560942,0.7358076551988512,0.0,0.26318317845379247,0.817464809009772,0.21957386943140447
motive_6,0.17619543428675608,0.4992478470440559,0.36607755537447384,0.3534079758097012,0.26318317845379247,0.0,0.16204317978184712,-0.08477150033978245
motive_7,0.4045316418530829,0.6100492206615125,0.4001442657388836,0.36195574480664566,0.817464809009772,0.16204317978184712,0.0,0.33557464403426596
motive_8,0.9242109300064438,-0.04996423086076232,0.34282869109146086,-0.152992771071764,0.21957386943140447,-0.08477150033978245,0.33557464403426596,0.0
