,motive_1,motive_2,motive_3,motive_4,motive_5,motive_6,motive_7,motive_8
motive_1,0.0,0.15720611153558564,0.2071669956589599,0.07338578484945124,0.03609237067998479,0.1664155018160863,-0.04305697405865464,0.16243638626478596
motive_2,0.15720611153558564,0.0,0.1421950935275847,0.10443032944942936,0.13735332162026873,-0.09875178617402494,0.18701020380671074,0.1732439290093124
motive_3,0.2071669956589599,0.1421950935275847,0.0,0.14791632261092932,-0.016916969116891688,0.07072955806570028,0.09887535756903251,0.03743978422639313
motive_4,0.07338578484945124,0.10443032944942936,0.14791632261092932,0.0,0.022646387028857164,0.02121019727042308,0.14659328561657917,0.05142167590757973
motive_5,0.03609237067998479,0.13735332162026873,-0.016916969116891688,0.022646387028857164,0.0,0.03219950331473799,0.05048974443133948,0.1240230643910743
motive_6,0.1664155018160863,-0.09875178617402494,0.07072955806570028,0.02121019727042308,0.03219950331473799,0.0,-0.01953487385455009,0.035148490756184425
motive_7,-0.04305697405865464,0.18701020380671074,0.09887535756903251,0.14659328561657917,0.05048974443133948,-0.01953487385455009,0.0,0.13768151546582286
motive_8,0.16243638626478596,0.1732439290093124,0.03743978422639313,0.05142167590757973,0.1240230643910743,0.035148490756184425,0.13768151546582286,0.0
