,motive_1,motive_2,motive_3,motive_4,motive_5,motive_6,motive_7,motive_8
satisfaction,0.20761955734206478,0.28063565604213225,0.24035170939619543,0.3135160502010993,0.02920740250377102,0.25240846813732354,-0.15354710882928665,-0.046855141361023034
