,motive_1,motive_2,motive_3,motive_4,motive_5,motive_6,motive_7,motive_8
motive_1,0.0,0.764805259671229,0.43824288108806986,0.37390007338931885,0.12253469719796536,0.534370924453241,0.28205220962523847,0.6705560647701269
motive_2,0.764805259671229,0.0,0.6694277228069827,0.5461256669109555,0.18958559495682115,0.6820225287696662,-0.1179485179261382,0.019034128438219472
motive_3,0.43824288108806986,0.6694277228069827,0.0,0.7237087732654213,0.7101123822767912,0.34866701641386,0.4620496306390184,0.4645865366971007
motive_4,0.37390007338931885,0.5461256669109555,0.7237087732654213,0.0,0.46631885510287197,0.500890721826178,0.25305551021876294,0.6477157076051063
motive_5,0.12253469719796536,0.18958559495682115,0.7101123822767912,0.46631885510287197,0.0,0.16624082825532688,0.20495526688960816,0.31824326952256365
motive_6,0.534370924453241,0.6820225287696662,0.34866701641386,0.500890721826178,0.16624082825532688,0.0,0.9058184567559647,0.46519186886055497
motive_7,0.28205220962523847,-0.1179485179261382,0.4620496306390184,0.25305551021876294,0.20495526688960816,0.9058184567559647,0.0,0.6138108985986855
motive_8,0.6705560647701269,0.019034128438219472,0.4645865366971007,0.6477157076051063,0.31824326952256365,0.46519186886055497,0.6138108985986855,0.0
