,motive_1,motive_2,motive_3,motive_4,motive_5,motive_6,motive_7,motive_8
motive_1,0.0,-0.6725808133953527,-0.2895834460826607,-0.0855984858054507,0.23809561547717062,0.8711800583708795,0.21477157138763409,-0.39635413609525405
motive_2,-0.6725808133953527,0.0,0.13159178013142736,0.20570478923720376,-0.0350480945331762,0.29594630279458756,-0.10393780018191351,-0.07814474926518589
motive_3,-0.2895834460826607,0.13159178013142736,0.0,0.9233231585544361,-0.06266045865383862,0.7420280460612674,0.464132582414432,0.0485121325192112
motive_4,-0.0855984858054507,0.20570478923720376,0.9233231585544361,0.0,-0.4539904317090216,0.06478770640039211,0.3426121703665099,-0.0643361154557741
motive_5,0.23809561547717062,-0.0350480945331762,-0.06266045865383862,-0.4539904317090216,0.0,0.726197377750162,-0.18365537481610403,0.19599908570573427
motive_6,0.8711800583708795,0.29594630279458756,0.7420280460612674,0.06478770640039211,0.726197377750162,0.0,-0.501135822023153,0.08525989913875393
motive_7,0.21477157138763409,-0.10393780018191351,0.464132582414432,0.3426121703665099,-0.18365537481610403,-0.501135822023153,0.0,0.2463867147088527
motive_8,-0.39635413609525405,-0.07814474926518589,0.0485121325192112,-0.0643361154557741,0.19599908570573427,0.08525989913875393,0.2463867147088527,0.0
