,motive_1,motive_2,motive_3,motive_4,motive_5,motive_6,motive_7,motive_8
motive_1,0.0,0.09037445738901287,0.5415887651356064,0.7102290273773759,0.22638831427239603,0.20119696839722379,0.3812422974738886,0.3031117439657675
motive_2,0.09037445738901287,0.0,0.16885476991403753,0.1443734490600178,0.11906111906995835,0.5321286139148402,0.12775498229358068,0.3312259484885205
motive_3,0.5415887651356064,0.16885476991403753,0.0,0.10996592594539653,0.4113665394258438,0.3112064880380007,0.255981418794503,0.2137838074926623
motive_4,0.7102290273773759,0.1443734490600178,0.10996592594539653,0.0,0.24062812641073789,0.3601884512841347,0.03886337444522426,-0.1484547044808319
motive_5,0.22638831427239603,0.11906111906995835,0.4113665394258438,0.24062812641073789,0.0,0.6476367932289606,0.39193724090118254,0.16060463058761074
motive_6,0.20119696839722379,0.5321286139148402,0.3112064880380007,0.3601884512841347,0.6476367932289606,0.0,0.3778333040244799,-0.11270217659237261
motive_7,0.3812422974738886,0.12775498229358068,0.255981418794503,0.03886337444522426,0.39193724090118254,0.3778333040244799,0.0,0.11478613432531448
motive_8,0.3031117439657675,0.3312259484885205,0.2137838074926623,-0.1484547044808319,0.16060463058761074,-0.11270217659237261,0.11478613432531448,0.0
