,motive_1,motive_2,motive_3,motive_4,motive_5,motive_6,motive_7,motive_8
motive_1,0.0,-0.10289083458087384,-0.05517822509428328,-0.017654839701418342,-0.02700459463350576,0.03000324472596802,0.05806770674182048,-0.06646814165203793
motive_2,-0.10289083458087384,0.0,0.03053865418577416,-0.15261020144991003,-0.054497713654916076,-0.10666114361266175,-0.03898622747101071,0.01621997361386411
motive_3,-0.05517822509428328,0.03053865418577416,0.0,0.04796348625401886,0.08983602875010727,-0.07172469733825138,-0.07730773409715744,-0.07829316818428297
motive_4,-0.017654839701418342,-0.15261020144991003,0.04796348625401886,0.0,0.016156854057179468,-0.0033634715150212477,-0.08436733612670208,0.007329845655738743
motive_5,-0.02700459463350576,-0.054497713654916076,0.08983602875010727,0.016156854057179468,0.0,-0.039191530417782304,0.05322457527060137,-0.11287508965968746
motive_6,0.03000324472596802,-0.10666114361266175,-0.07172469733825138,-0.0033634715150212477,-0.039191530417782304,0.0,0.10339886654266907,0.11594649195562062
motive_7,0.05806770674182048,-0.03898622747101071,-0.07730773409715744,-0.08436733612670208,0.05322457527060137,0.10339886654266907,0.0,0.0036632741691723057
motive_8,-0.06646814165203793,0.01621997361386411,-0.07829316818428297,0.007329845655738743,-0.11287508965968746,0.11594649195562062,0.0036632741691723057,0.0
