,motive_1,motive_2,motive_3,motive_4,motive_5,motive_6,motive_7,motive_8
motive_1,0.0,0.33355798575332807,0.3781422433917539,0.6294585741623584,-0.1170394431930182,0.40097337076633927,0.15783100127654454,0.6476475486588471
motive_2,0.33355798575332807,0.0,0.5732601289141092,0.3003851887877612,0.5015468982733524,0.29990941848638447,0.5167234986171239,0.37787574318520994
motive_3,0.3781422433917539,0.5732601289141092,0.0,0.31611680020385824,0.5160111425062271,0.3320728373979002,0.38378482379820367,0.27691827080821685
motive_4,0.6294585741623584,0.3003851887877612,0.31611680020385824,0.0,0.5353393370696464,0.5803637556149166,0.6299587919427312,0.5583364644593956
motive_5,-0.1170394431930182,0.5015468982733524,0.5160111425062271,0.5353393370696464,0.0,0.4851156276077392,0.536744020667105,0.016978929950843297
motive_6,0.40097337076633927,0.29990941848638447,0.3320728373979002,0.5803637556149166,0.4851156276077392,0.0,0.3411976150114383,0.3192396332605025
motive_7,0.15783100127654454,0.5167234986171239,0.38378482379820367,0.6299587919427312,0.536744020667105,0.3411976150114383,0.0,0.0400014235738826
motive_8,0.6476475486588471,0.37787574318520994,0.27691827080821685,0.5583364644593956,0.016978929950843297,0.3192396332605025,0.0400014235738826,0.0
