,motive_1,motive_2,motive_3,motive_4,motive_5,motive_6,motive_7,motive_8
satisfaction,0.1668588090561097,0.1430117066853977,-0.11344524515305332,-0.18592259445239395,0.12644792116527756,-0.19697317057628472,0.3560553450398857,1.0
