,motive_1,motive_2,motive_3,motive_4,motive_5,motive_6,motive_7,motive_8
satisfaction,0.9687809577138382,0.5548256240793936,0.4394411391052251,-0.0048120678674867245,-0.34796348379557746,0.32080383465439055,0.4720559319786103,-0.3832045883999364
