,motive_1,motive_2,motive_3,motive_4,motive_5,motive_6,motive_7,motive_8
motive_1,0.0,0.582757398952608,0.4044366131520559,0.4561744416952157,0.5748673124351806,0.4247691336425987,0.4129354642244401,0.24224031079345798
motive_2,0.582757398952608,0.0,0.3127409201261748,0.5772027698297925,0.0249870228799616,0.40951955794405825,0.5802626214278,0.38535020746558757
motive_3,0.4044366131520559,0.3127409201261748,0.0,0.3226863542569567,0.059656848267697016,0.18446743117253145,0.489208632151335,0.33524783025164984
motive_4,0.4561744416952157,0.5772027698297925,0.3226863542569567,0.0,0.5853916917188255,0.07174002004903107,0.5582740671023989,0.6293569965043876
motive_5,0.5748673124351806,0.0249870228799616,0.059656848267697016,0.5853916917188255,0.0,0.36286118520489014,0.36931655104109307,0.23619929884531432
motive_6,0.4247691336425987,0.40951955794405825,0.18446743117253145,0.07174002004903107,0.36286118520489014,0.0,0.2046638548137052,0.2947708106582627
motive_7,0.4129354642244401,0.5802626214278,0.489208632151335,0.5582740671023989,0.36931655104109307,0.2046638548137052,0.0,0.40897311992539603
motive_8,0.24224031079345798,0.38535020746558757,0.33524783025164984,0.6293569965043876,0.23619929884531432,0.2947708106582627,0.40897311992539603,0.0
