,motive_1,motive_2,motive_3,motive_4,motive_5,motive_6,motive_7,motive_8
satisfaction,0.24008359308179217,-0.2782004683618296,-0.23909109187462768,-0.13734661800856374,0.5530893502503726,0.15301316533814985,0.23152276051476073,0.1735074061473187
