,motive_1,motive_2,motive_3,motive_4,motive_5,motive_6,motive_7,motive_8
motive_1,0.0,0.05001578498141219,0.18477451703751757,0.22997819480819748,0.11526315818478852,0.0022954622164954586,0.027964914793467067,0.24969319860893413
motive_2,0.05001578498141219,0.0,0.06337583099172085,0.1613002945826465,0.042914559498443326,0.1522893663171607,0.11127697787977149,0.1599479419680328
motive_3,0.18477451703751757,0.06337583099172085,0.0,0.06105083863757246,0.02780080693501221,0.1813663464684785,0.0671385976844947,-0.009520692964141736
motive_4,0.22997819480819748,0.1613002945826465,0.06105083863757246,0.0,0.13947361673168462,0.05755797746572107,0.08425634246864722,0.1079544256556771
motive_5,0.11526315818478852,0.042914559498443326,0.02780080693501221,0.13947361673168462,0.0,0.08960482978077,0.12114481583261519,0.13382564861920215
motive_6,0.0022954622164954586,0.1522893663171607,0.1813663464684785,0.05755797746572107,0.08960482978077,0.0,0.07421075711297001,0.18765916453373277
motive_7,0.027964914793467067,0.11127697787977149,0.0671385976844947,0.08425634246864722,0.12114481583261519,0.07421075711297001,0.0,0.080130940907252
motive_8,0.24969319860893413,0.1599479419680328,-0.009520692964141736,0.1079544256556771,0.13382564861920215,0.18765916453373277,0.080130940907252,0.0
