,motive_1,motive_2,motive_3,motive_4,motive_5,motive_6,motive_7,motive_8
motive_1,0.0,0.20578227326034187,0.35832361575187777,0.3644300331350228,0.07322918606301554,0.7049248055033982,0.6412163983728608,0.31302485593455587
motive_2,0.20578227326034187,0.0,0.16614536428501753,0.5733218802142942,0.3212695546471751,0.07685382857166123,-0.06042836007475774,0.15430837725324686
motive_3,0.35832361575187777,0.16614536428501753,0.0,0.27786796254304247,0.29100799952076106,-0.1278965684379151,0.1442633606269635,0.8075968747987665
motive_4,0.3644300331350228,0.5733218802142942,0.27786796254304247,0.0,0.37986441697289663,0.5365331814401537,-0.1101096301146719,-0.028294679344326112
motive_5,0.07322918606301554,0.3212695546471751,0.29100799952076106,0.37986441697289663,0.0,0.4109344887831585,0.44020400808337334,0.6433383428985235
motive_6,0.7049248055033982,0.07685382857166123,-0.1278965684379151,0.5365331814401537,0.4109344887831585,0.0,0.08149086531319072,0.44019562383415733
motive_7,0.6412163983728608,-0.06042836007475774,0.1442633606269635,-0.1101096301146719,0.44020400808337334,0.08149086531319072,0.0,0.6699394976134941
motive_8,0.31302485593455587,0.15430837725324686,0.8075968747987665,-0.028294679344326112,0.6433383428985235,0.44019562383415733,0.6699394976134941,0.0
