,motive_1,motive_2,motive_3,motive_4,motive_5,motive_6,motive_7,motive_8
motive_1,0.0,0.1442164614422397,0.14669779971101035,0.16614591585514554,0.08943970754224505,0.06076917123490291,0.08878188757883984,0.18473673195323684
motive_2,0.1442164614422397,0.0,0.010021805082122297,0.18380594268365813,0.06710704499235055,0.03181126209843402,0.010208501761104632,0.23264766173839316
motive_3,0.14669779971101035,0.010021805082122297,0.0,-0.03934545340319244,-0.00940043994654946,0.10438459978316783,0.04054132298012671,0.1392238127096332
motive_4,0.16614591585514554,0.18380594268365813,-0.03934545340319244,0.0,-0.043188840081470496,0.1533281946445384,0.17781712379304698,-0.10995374029269459
motive_5,0.08943970754224505,0.06710704499235055,-0.00940043994654946,-0.043188840081470496,0.0,0.11541659022672124,0.23909794490187455,0.06293974883608182
motive_6,0.06076917123490291,0.03181126209843402,0.10438459978316783,0.1533281946445384,0.11541659022672124,0.0,-0.0048736845003612,0.18400866416455838
motive_7,0.08878188757883984,0.010208501761104632,0.04054132298012671,0.17781712379304698,0.23909794490187455,-0.0048736845003612,0.0,0.1342535212708986
motive_8,0.18473673195323684,0.23264766173839316,0.1392238127096332,-0.10995374029269459,0.06293974883608182,0.18400866416455838,0.1342535212708986,0.0
