,motive_1,motive_2,motive_3,motive_4,motive_5,motive_6,motive_7,motive_8
motive_1,0.0,0.45813855976183515,-0.06371409445937877,0.2683495408869244,0.29965642944436244,0.7748031461992824,-0.02464573586618706,-0.08838275786505656
motive_2,0.45813855976183515,0.0,-0.404384713811452,0.3255701134190035,0.6510639610217288,-0.22119373566647677,-0.29579961200525773,0.32454822710409575
motive_3,-0.06371409445937877,-0.404384713811452,0.0,0.04065509179678667,0.26377745774886624,-0.10453268420814829,0.579546064898772,-0.3006894867899243
motive_4,0.2683495408869244,0.3255701134190035,0.04065509179678667,0.0,-0.2559635653202604,0.02696666567274486,0.3916090593512459,0.28503515222626347
motive_5,0.29965642944436244,0.6510639610217288,0.26377745774886624,-0.2559635653202604,0.0,-0.07167386851926277,0.6900525777630805,0.1760206141022522
motive_6,0.7748031461992824,-0.22119373566647677,-0.10453268420814829,0.02696666567274486,-0.07167386851926277,0.0,-0.010425682784793333,0.07979976759716428
motive_7,-0.02464573586618706,-0.29579961200525773,0.579546064898772,0.3916090593512459,0.6900525777630805,-0.010425682784793333,0.0,0.2167768930185156
motive_8,-0.08838275786505656,0.32454822710409575,-0.3006894867899243,0.28503515222626347,0.1760206141022522,0.07979976759716428,0.2167768930185156,0.0
