,motive_1,motive_2,motive_3,motive_4,motive_5,motive_6,motive_7,motive_8
motive_1,0.0,-0.053598823037901165,0.05781055162278044,-0.07172082422206226,0.03295795304490973,-0.04467665047950694,0.19901204562167352,0.0011177539461623958
motive_2,-0.053598823037901165,0.0,0.0021906265559467064,-0.1236452340163231,-0.10324576227070262,-0.06446122879332204,-0.041167819855327095,0.04531022942271777
motive_3,0.05781055162278044,0.0021906265559467064,0.0,-0.20686890312059578,0.04185570475962362,-0.028587258898013328,0.007504822580163786,-0.005567903491696991
motive_4,-0.07172082422206226,-0.1236452340163231,-0.20686890312059578,0.0,0.10801455525331194,0.016913380124666727,0.09591918710809591,0.03503127068923943
motive_5,0.03295795304490973,-0.10324576227070262,0.04185570475962362,0.10801455525331194,0.0,-0.12360834978193976,0.1413402259702174,0.08659552530653265
motive_6,-0.04467665047950694,-0.06446122879332204,-0.028587258898013328,0.016913380124666727,-0.12360834978193976,0.0,0.04130739234347652,0.07448997658036309
motive_7,0.19901204562167352,-0.041167819855327095,0.007504822580163786,0.09591918710809591,0.1413402259702174,0.04130739234347652,0.0,0.09017525801248359
motive_8,0.0011177539461623958,0.04531022942271777,-0.005567903491696991,0.03503127068923943,0.08659552530653265,0.07448997658036309,0.09017525801248359,0.0
