,motive_1,motive_2,motive_3,motive_4,motive_5,motive_6,motive_7,motive_8
motive_1,0.0,-0.09526353495036621,0.13686495064992701,0.29703341973188707,0.14785786819858723,0.12243204478313344,0.3444903923700964,0.20988265062171024
motive_2,-0.09526353495036621,0.0,0.6611870370035781,0.18763421882474404,0.1806415634334902,0.10558543544723939,0.4453684754969735,0.2371598055357766
motive_3,0.13686495064992701,0.6611870370035781,0.0,0.19819767104318792,0.4031127235555293,0.3530932432672339,0.20304683330974807,0.3088953586149731
motive_4,0.29703341973188707,0.18763421882474404,0.19819767104318792,0.0,0.512046539604867,0.10191604516573652,-0.022661835490248694,-0.15597440513439395
motive_5,0.14785786819858723,0.1806415634334902,0.4031127235555293,0.512046539604867,0.0,0.4827702939603324,-0.10210557834131113,0.1879046656647633
motive_6,0.12243204478313344,0.10558543544723939,0.3530932432672339,0.10191604516573652,0.4827702939603324,0.0,0.280638596212922,-0.18325791534577196
motive_7,0.3444903923700964,0.4453684754969735,0.20304683330974807,-0.022661835490248694,-0.10210557834131113,0.280638596212922,0.0,0.08849116518567005
motive_8,0.20988265062171024,0.2371598055357766,0.3088953586149731,-0.15597440513439395,0.1879046656647633,-0.18325791534577196,0.08849116518567005,0.0
