,motive_1,motive_2,motive_3,motive_4,motive_5,motive_6,motive_7,motive_8
motive_1,0.0,0.9980056508077468,0.12055722702194482,0.2115162561810137,0.39637187846377947,0.6706296197516313,-0.34793147666511653,-0.4983526571812285
motive_2,0.9980056508077468,0.0,-0.01614254304048718,0.5688647107554317,0.6679242459748941,-0.4117740652838653,0.5262616788381826,1.0611957154197214
motive_3,0.12055722702194482,-0.01614254304048718,0.0,-0.6742712959529834,-0.04833472573728051,-0.8675302943004095,0.48232411630653993,-0.0683451775846768
motive_4,0.2115162561810137,0.5688647107554317,-0.6742712959529834,0.0,-0.3377504561286525,0.019380765134129507,0.22635238638086597,0.35767858832960386
motive_5,0.39637187846377947,0.6679242459748941,-0.04833472573728051,-0.3377504561286525,0.0,-0.5007829048654234,0.45158186640607123,0.4129493612247276
motive_6,0.6706296197516313,-0.4117740652838653,-0.8675302943004095,0.019380765134129507,-0.5007829048654234,0.0,0.09007825192017166,0.3779125297666536
motive_7,-0.34793147666511653,0.5262616788381826,0.48232411630653993,0.22635238638086597,0.45158186640607123,0.09007825192017166,0.0,-0.010548744082844452
motive_8,-0.4983526571812285,1.0611957154197214,-0.0683451775846768,0.35767858832960386,0.4129493612247276,0.3779125297666536,-0.010548744082844452,0.0
