,motive_1,motive_2,motive_3,motive_4,motive_5,motive_6,motive_7,motive_8
motive_1,0.0,0.007988025387275171,0.06966971413015516,0.005951996154930594,-0.060965032908899125,0.09108572301307312,-0.007222677770438164,0.018761846951637573
motive_2,0.007988025387275171,0.0,-0.08449268772114985,0.02834845505764401,0.09900982777308169,-0.1144204644338561,0.17698365560488663,-0.02770477141074547
motive_3,0.06966971413015516,-0.08449268772114985,0.0,-0.02639519080328946,0.01002096282581303,0.03947497192235379,-0.11698286851917827,-0.12727624786680414
motive_4,0.005951996154930594,0.02834845505764401,-0.02639519080328946,0.0,0.07506366144091886,-0.05201046737306645,0.0512399507837088,0.016172419796438242
motive_5,-0.060965032908899125,0.09900982777308169,0.01002096282581303,0.07506366144091886,0.0,0.025432145152054678,-0.047993944025788125,0.025502686137841263
motive_6,0.09108572301307312,-0.1144204644338561,0.03947497192235379,-0.05201046737306645,0.025432145152054678,0.0,0.04932747485133446,0.003361025413805764
motive_7,-0.007222677770438164,0.17698365560488663,-0.11698286851917827,0.0512399507837088,-0.047993944025788125,0.04932747485133446,0.0,-0.006475694963727893
motive_8,0.018761846951637573,-0.02770477141074547,-0.12727624786680414,0.016172419796438242,0.025502686137841263,0.003361025413805764,-0.006475694963727893,0.0
