,motive_1,motive_2,motive_3,motive_4,motive_5,motive_6,motive_7,motive_8
motive_1,0.0,0.2559562050461419,0.6815820563583961,0.8224689250991742,0.42114579009679576,0.6112228561882229,0.6117346023995716,0.373889444495344
motive_2,0.2559562050461419,0.0,0.47092540866600563,0.5209147292189131,0.5460566184129372,0.4707149290939209,0.0972608005505523,0.7952119428137366
motive_3,0.6815820563583961,0.47092540866600563,0.0,0.48665554516560533,0.7683557302352688,0.08812132561967181,0.7060984761915191,0.24017733785179918
motive_4,0.8224689250991742,0.5209147292189131,0.48665554516560533,0.0,0.47392162895409573,0.19793912316100665,0.4018269310424932,0.5414614903099407
motive_5,0.42114579009679576,0.5460566184129372,0.7683557302352688,0.47392162895409573,0.0,0.14809385066640737,0.6206858668870914,0.36468528550863777
motive_6,0.6112228561882229,0.4707149290939209,0.08812132561967181,0.19793912316100665,0.14809385066640737,0.0,0.23578805717314927,0.1395035261159268
motive_7,0.6117346023995716,0.0972608005505523,0.7060984761915191,0.4018269310424932,0.6206858668870914,0.23578805717314927,0.0,0.5115929171880343
motive_8,0.373889444495344,0.7952119428137366,0.24017733785179918,0.5414614903099407,0.36468528550863777,0.1395035261159268,0.5115929171880343,0.0
