,motive_1,motive_2,motive_3,motive_4,motive_5,motive_6,motive_7,motive_8
satisfaction,0.27097527668110793,0.2707398039512558,-0.18004038112060722,-0.4100995620363756,0.4623784494044147,0.5339745210632758,0.600328872979832,-0.49803795250685107
