,motive_1,motive_2,motive_3,motive_4,motive_5,motive_6,motive_7,motive_8
satisfaction,0.004692728394106921,-0.5580373024377281,0.1712091843608036,0.7633191111744708,0.3057758273075486,0.29842129496978964,-0.09051517910633233,0.21539287234823845
