,motive_1,motive_2,motive_3,motive_4,motive_5,motive_6,motive_7,motive_8
satisfaction,0.1906962080534923,0.2844688296513741,0.05853006034469459,0.024816007758169792,0.22797679465604073,0.5107386472590764,-0.08566704516200782,-0.05493200662576156
