,motive_1,motive_2,motive_3,motive_4,motive_5,motive_6,motive_7,motive_8
motive_1,0.0,0.11162260580477998,0.004140010093446361,0.015330050307988504,0.036206100306775055,0.010753595864591809,0.05588810138475322,0.0401839493147891
motive_2,0.11162260580477998,0.0,0.06806969712147817,-0.05118740535170293,0.005454720201970603,0.04475033978032945,0.08123577498589116,0.044100260541166676
motive_3,0.004140010093446361,0.06806969712147817,0.0,-0.08329325305941779,-0.03833545611611939,0.043429080776428666,0.07029946121420053,-0.03638246476164726
motive_4,0.015330050307988504,-0.05118740535170293,-0.08329325305941779,0.0,0.09567836376564881,-0.09926120206784601,0.007909802861181016,0.06903885622912496
motive_5,0.036206100306775055,0.005454720201970603,-0.03833545611611939,0.09567836376564881,0.0,0.01683837254725111,-0.057424582733071966,-0.02109472146267678
motive_6,0.010753595864591809,0.04475033978032945,0.043429080776428666,-0.09926120206784601,0.01683837254725111,0.0,-0.07553008630542966,-0.024188022069763195
motive_7,0.05588810138475322,0.08123577498589116,0.07029946121420053,0.007909802861181016,-0.057424582733071966,-0.07553008630542966,0.0,0.004553068797569698
motive_8,0.0401839493147891,0.044100260541166676,-0.03638246476164726,0.06903885622912496,-0.02109472146267678,-0.024188022069763195,0.004553068797569698,0.0
