,motive_1,motive_2,motive_3,motive_4,motive_5,motive_6,motive_7,motive_8
satisfaction,0.35871813939245567,0.616692064992502,0.489828863858176,-0.14128618143750676,1.0,0.2835831379789505,0.3208443999426249,-0.078170042533524
