,motive_1,motive_2,motive_3,motive_4,motive_5,motive_6,motive_7,motive_8
motive_1,0.0,0.24078813000228777,0.5066344406099919,0.37848861389452493,0.8253110989504341,0.05716457682366036,0.5082043482707377,0.6568568734332982
motive_2,0.24078813000228777,0.0,0.2881277095060919,0.1125466833783553,0.4246026441790428,0.11614306848011388,-0.1659188695600701,0.30485636836280283
motive_3,0.5066344406099919,0.2881277095060919,0.0,0.40910933286942675,0.32291143715439224,0.3797495564991065,0.13000126709963183,0.39884752303183346
motive_4,0.37848861389452493,0.1125466833783553,0.40910933286942675,0.0,0.6556279313079153,0.25875782433297645,0.4479657158220576,0.6078153046247445
motive_5,0.8253110989504341,0.4246026441790428,0.32291143715439224,0.6556279313079153,0.0,0.19698977299779732,0.6844159931756537,0.5106620606623091
motive_6,0.05716457682366036,0.11614306848011388,0.3797495564991065,0.25875782433297645,0.19698977299779732,0.0,0.6279544589742851,0.5094224150128515
motive_7,0.5082043482707377,-0.1659188695600701,0.13000126709963183,0.4479657158220576,0.6844159931756537,0.6279544589742851,0.0,0.6787038949724684
motive_8,0.6568568734332982,0.30485636836280283,0.39884752303183346,0.6078153046247445,0.5106620606623091,0.5094224150128515,0.6787038949724684,0.0
