,motive_1,motive_2,motive_3,motive_4,motive_5,motive_6,motive_7,motive_8
satisfaction,-0.024647709204859397,-0.1297251934586422,0.6476334354775479,0.22407440211166801,0.2064146605395637,0.5414947551408673,0.10799477160327119,-0.33179966977190284
