,motive_1,motive_2,motive_3,motive_4,motive_5,motive_6,motive_7,motive_8
motive_1,0.0,0.21448871868749167,-0.007410894553618222,0.37247762734815115,0.35774585898141514,-0.3707699183033547,0.08379344430779528,0.08627419569184462
motive_2,0.21448871868749167,0.0,0.3613830985588701,-0.4587975714699084,0.5735384070426234,0.31437766854775695,0.06345804701271199,-0.0394141503064489
motive_3,-0.007410894553618222,0.3613830985588701,0.0,0.21895169756942467,0.13800251701898125,0.8308438430233175,0.327952329677304,0.41185708740719995
motive_4,0.37247762734815115,-0.4587975714699084,0.21895169756942467,0.0,-0.05874656409567014,0.21309678162410456,-0.22042241814422167,0.343022558232385
motive_5,0.35774585898141514,0.5735384070426234,0.13800251701898125,-0.05874656409567014,0.0,0.6302420779550577,0.19967047600755494,-0.08011484062749209
motive_6,-0.3707699183033547,0.31437766854775695,0.8308438430233175,0.21309678162410456,0.6302420779550577,0.0,0.06168316030565191,0.5260134233270801
motive_7,0.08379344430779528,0.06345804701271199,0.327952329677304,-0.22042241814422167,0.19967047600755494,0.06168316030565191,0.0,0.02979491952273039
motive_8,0.08627419569184462,-0.0394141503064489,0.41185708740719995,0.343022558232385,-0.08011484062749209,0.5260134233270801,0.02979491952273039,0.0
