,motive_1,motive_2,motive_3,motive_4,motive_5,motive_6,motive_7,motive_8
satisfaction,0.15953220258801531,0.5987852369230866,-0.0103074151622993,0.42840339554369083,-0.09382054159642006,0.11563047016568308,0.1032620937299931,0.4185539215515588
