,motive_1,motive_2,motive_3,motive_4,motive_5,motive_6,motive_7,motive_8
motive_1,0.0,-0.04998421501858782,0.08477451703751757,0.12997819480819744,0.015263158184788518,-0.09770453778350455,-0.07203508520653294,0.1496931986089341
motive_2,-0.04998421501858782,0.0,-0.03662416900827915,0.06130029458264648,-0.05708544050155668,0.0522893663171607,0.011276977879771485,0.059947941968032804
motive_3,0.08477451703751757,-0.03662416900827915,0.0,-0.03894916136242754,-0.07219919306498779,0.08136634646847848,-0.03286140231550531,-0.10952069296414174
motive_4,0.12997819480819744,0.06130029458264648,-0.03894916136242754,0.0,0.039473616731684605,-0.042442022534278936,-0.015743657531352782,0.007954425655677094
motive_5,0.015263158184788518,-0.05708544050155668,-0.07219919306498779,0.039473616731684605,0.0,-0.010395170219230008,0.021144815832615182,0.033825648619202155
motive_6,-0.09770453778350455,0.0522893663171607,0.08136634646847848,-0.042442022534278936,-0.010395170219230008,0.0,-0.025789242887030002,0.08765916453373276
motive_7,-0.07203508520653294,0.011276977879771485,-0.03286140231550531,-0.015743657531352782,0.021144815832615182,-0.025789242887030002,0.0,-0.019869059092748016
motive_8,0.1496931986089341,0.059947941968032804,-0.10952069296414174,0.007954425655677094,0.033825648619202155,0.08765916453373276,-0.019869059092748016,0.0
