,motive_1,motive_2,motive_3,motive_4,motive_5,motive_6,motive_7,motive_8
motive_1,0.0,-0.2154775734879265,0.3076649032672518,-0.0691189785853609,0.14645895102540146,0.8260452190167532,0.34566937656453833,-0.06708266020072581
motive_2,-0.2154775734879265,0.0,-0.1745579507501887,0.0470226394704808,-0.27965681050967567,-0.5051697970495087,-0.20611594500953884,0.24711203018702116
motive_3,0.3076649032672518,-0.1745579507501887,0.0,-0.6511533976015424,-0.42279617914740075,-0.5196391696206035,1.0250795624534714,0.08262410603620682
motive_4,-0.0691189785853609,0.0470226394704808,-0.6511533976015424,0.0,-0.06147257293455538,0.5212365555612253,0.09226923932602227,-0.6320132009421989
motive_5,0.14645895102540146,-0.27965681050967567,-0.42279617914740075,-0.06147257293455538,0.0,0.6245263676347012,0.24449158252453634,0.11877675126183079
motive_6,0.8260452190167532,-0.5051697970495087,-0.5196391696206035,0.5212365555612253,0.6245263676347012,0.0,0.3887819508751866,-0.15959140935246263
motive_7,0.34566937656453833,-0.20611594500953884,1.0250795624534714,0.09226923932602227,0.24449158252453634,0.3887819508751866,0.0,0.5172646973027459
motive_8,-0.06708266020072581,0.24711203018702116,0.08262410603620682,-0.6320132009421989,0.11877675126183079,-0.15959140935246263,0.5172646973027459,0.0
