,motive_1,motive_2,motive_3,motive_4,motive_5,motive_6,motive_7,motive_8
motive_1,0.0,0.044603589419420164,-0.2887992963782547,0.16417800414239103,-0.23243776756813322,0.011794692251218819,0.3576592819087523,0.22295408900559666
motive_2,0.044603589419420164,0.0,0.14646995978087207,-0.3251604535464107,-0.3160543055587411,-0.13638097889326542,0.15187574089634945,-0.32694250220016374
motive_3,-0.2887992963782547,0.14646995978087207,0.0,0.14090158381931162,-0.19891716593442726,0.14753212562190907,0.16789217624621422,0.09813716380435945
motive_4,0.16417800414239103,-0.3251604535464107,0.14090158381931162,0.0,-0.025113266329625517,-0.5927113870500176,0.22390455023589934,-0.8579014342662505
motive_5,-0.23243776756813322,-0.3160543055587411,-0.19891716593442726,-0.025113266329625517,0.0,0.3937273531223077,0.024176480139401768,0.3146889350311781
motive_6,0.011794692251218819,-0.13638097889326542,0.14753212562190907,-0.5927113870500176,0.3937273531223077,0.0,-0.2624315270277915,0.448745215768523
motive_7,0.3576592819087523,0.15187574089634945,0.16789217624621422,0.22390455023589934,0.024176480139401768,-0.2624315270277915,0.0,0.8002246518926766
motive_8,0.22295408900559666,-0.32694250220016374,0.09813716380435945,-0.8579014342662505,0.3146889350311781,0.448745215768523,0.8002246518926766,0.0
