,motive_1,motive_2,motive_3,motive_4,motive_5,motive_6,motive_7,motive_8
satisfaction,-0.24584326532790776,0.12626093046931647,0.0865128026126048,-0.16821328017317858,-0.12405158310548742,-0.041685447653065755,-0.06652067412784271,0.11963998304912762
