,motive_1,motive_2,motive_3,motive_4,motive_5,motive_6,motive_7,motive_8
satisfaction,0.15723492056288485,0.5158278286950838,0.5004652012596147,0.15237884468472584,0.2725823295244641,0.4248169562651125,-0.026255875260963346,0.3361240557487729
