,motive_1,motive_2,motive_3,motive_4,motive_5,motive_6,motive_7,motive_8
motive_1,0.0,0.06387224600377657,0.12475638196047288,0.149397430207951,0.047000966151756224,0.0991282894320609,0.044790068027518046,0.07121176093017223
motive_2,0.06387224600377657,0.0,0.02146453164759979,0.19572202601956407,0.09492367181393456,-0.0686808014261979,0.04644538305234738,-0.021136689574516847
motive_3,0.12475638196047288,0.02146453164759979,0.0,0.12702438844642866,0.10444616320591804,0.029573329315820712,0.13499159962475232,0.18947820499359908
motive_4,0.149397430207951,0.19572202601956407,0.12702438844642866,0.0,0.07511272546638292,0.10482122681971281,0.16709807478126823,0.18628458136168952
motive_5,0.047000966151756224,0.09492367181393456,0.10444616320591804,0.07511272546638292,0.0,0.14492991954611645,-0.01160687782563434,0.17072610314311545
motive_6,0.0991282894320609,-0.0686808014261979,0.029573329315820712,0.10482122681971281,0.14492991954611645,0.0,0.26675716151879253,-0.014229065117301213
motive_7,0.044790068027518046,0.04644538305234738,0.13499159962475232,0.16709807478126823,-0.01160687782563434,0.26675716151879253,0.0,0.03798855793129259
motive_8,0.07121176093017223,-0.021136689574516847,0.18947820499359908,0.18628458136168952,0.17072610314311545,-0.014229065117301213,0.03798855793129259,0.0
