,motive_1,motive_2,motive_3,motive_4,motive_5,motive_6,motive_7,motive_8
motive_1,0.0,0.3828520639704385,0.5831021467543548,0.11301658801299114,0.27856188078724603,0.205537145378227,0.17065385316356108,0.3110390565253828
motive_2,0.3828520639704385,0.0,0.05240210782023087,0.2032785536113623,0.5640292980320611,0.350395688938816,0.60274939221865,-0.15964103604794938
motive_3,0.5831021467543548,0.05240210782023087,0.0,0.26842539674842547,-0.0729574006504961,0.6389079178941439,0.3338503795022042,0.2646682408483498
motive_4,0.11301658801299114,0.2032785536113623,0.26842539674842547,0.0,0.01141680809622593,0.1866522995293976,0.5736628988074144,-0.07075379720219813
motive_5,0.27856188078724603,0.5640292980320611,-0.0729574006504961,0.01141680809622593,0.0,0.3871237871195824,0.34760048022518575,0.16485285709701053
motive_6,0.205537145378227,0.350395688938816,0.6389079178941439,0.1866522995293976,0.3871237871195824,0.0,-0.21572493192553596,0.14395535180255523
motive_7,0.17065385316356108,0.60274939221865,0.3338503795022042,0.5736628988074144,0.34760048022518575,-0.21572493192553596,0.0,0.26962413466762064
motive_8,0.3110390565253828,-0.15964103604794938,0.2646682408483498,-0.07075379720219813,0.16485285709701053,0.14395535180255523,0.26962413466762064,0.0
