,motive_1,motive_2,motive_3,motive_4,motive_5,motive_6,motive_7,motive_8
satisfaction,0.04222454624744712,0.19750052238006052,0.15613805018511698,-0.059970532467419235,0.20602011742906326,0.23997382586085955,0.08307702424465054,-0.026440947320054226
