,motive_1,motive_2,motive_3,motive_4,motive_5,motive_6,motive_7,motive_8
satisfaction,0.14599535445994555,0.2305160066059912,0.6174540220489264,0.375395929008313,0.7476874135829572,0.7885630117427473,0.3942956474930255,0.5978709172662227
