,motive_1,motive_2,motive_3,motive_4,motive_5,motive_6,motive_7,motive_8
motive_1,0.0,0.17945590067380257,-0.09879899832763855,0.17285934068191056,0.12279676370963051,0.25548005508459226,0.051481326295796374,-0.009192760793259286
motive_2,0.17945590067380257,0.0,0.1108547794441181,0.17125800560131244,0.08493492275563878,0.17111263819074315,0.21366126411269967,0.23730757790087786
motive_3,-0.09879899832763855,0.1108547794441181,0.0,0.21337066429332396,0.026134044494117416,0.08117680488609022,0.4569611295422508,0.2960448809140562
motive_4,0.17285934068191056,0.17125800560131244,0.21337066429332396,0.0,0.16160609310133023,0.3406095662793971,0.043278465440139226,0.11160968587789924
motive_5,0.12279676370963051,0.08493492275563878,0.026134044494117416,0.16160609310133023,0.0,0.06461799158646456,0.1741582597262674,0.11302971285250099
motive_6,0.25548005508459226,0.17111263819074315,0.08117680488609022,0.3406095662793971,0.06461799158646456,0.0,-0.03172828842165386,-0.28737801910213745
motive_7,0.051481326295796374,0.21366126411269967,0.4569611295422508,0.043278465440139226,0.1741582597262674,-0.03172828842165386,0.0,0.4503864529362749
motive_8,-0.009192760793259286,0.23730757790087786,0.2960448809140562,0.11160968587789924,0.11302971285250099,-0.28737801910213745,0.4503864529362749,0.0
