,motive_1,motive_2,motive_3,motive_4,motive_5,motive_6,motive_7,motive_8
motive_1,0.0,0.25374745192903975,0.021721363666921678,0.2534723470819712,0.2313112058022872,0.21738812292978738,0.24733046880910126,-0.013008656825062637
motive_2,0.25374745192903975,0.0,0.08614138444055136,0.12368476297280367,0.6423949409940584,-0.10215104028075749,-0.2142237356927021,0.5460114312828785
motive_3,0.021721363666921678,0.08614138444055136,0.0,0.9123896756220349,-0.13678772831717756,0.3854257020017809,0.729309194322403,-0.02762606936335041
motive_4,0.2534723470819712,0.12368476297280367,0.9123896756220349,0.0,-0.806901840562279,0.24204294116374686,-0.6934410983218178,0.3837065034084743
motive_5,0.2313112058022872,0.6423949409940584,-0.13678772831717756,-0.806901840562279,0.0,0.8461265746217213,0.5645761194312594,-0.0815782291336132
motive_6,0.21738812292978738,-0.10215104028075749,0.3854257020017809,0.24204294116374686,0.8461265746217213,0.0,-0.340614647743697,-0.6396731405104787
motive_7,0.24733046880910126,-0.2142237356927021,0.729309194322403,-0.6934410983218178,0.5645761194312594,-0.340614647743697,0.0,-0.0327440692653011
motive_8,-0.013008656825062637,0.5460114312828785,-0.02762606936335041,0.3837065034084743,-0.0815782291336132,-0.6396731405104787,-0.0327440692653011,0.0
