,motive_1,motive_2,motive_3,motive_4,motive_5,motive_6,motive_7,motive_8
motive_1,0.0,0.07704580007393291,0.13756741575590492,-0.05960857255169891,0.10212630622846804,0.1452695428177374,0.0888035876098136,0.014407369485874184
motive_2,0.07704580007393291,0.0,0.06861672631038979,0.08601032401180957,0.12096748271686289,0.1988425806361858,-0.0876017690122363,0.07999797205357852
motive_3,0.13756741575590492,0.06861672631038979,0.0,-0.07297423419743888,-0.014280823515381437,0.027980371221180203,0.1442488664513274,0.04477457421881884
motive_4,-0.05960857255169891,0.08601032401180957,-0.07297423419743888,0.0,0.03167048745991952,-0.006604043944875439,0.15641448324477877,0.017564843411728703
motive_5,0.10212630622846804,0.12096748271686289,-0.014280823515381437,0.03167048745991952,0.0,-0.13341742037773807,0.27848251537420604,0.1262611822194067
motive_6,0.1452695428177374,0.1988425806361858,0.027980371221180203,-0.006604043944875439,-0.13341742037773807,0.0,0.17836703760783873,0.07640622523784846
motive_7,0.0888035876098136,-0.0876017690122363,0.1442488664513274,0.15641448324477877,0.27848251537420604,0.17836703760783873,0.0,0.17409010237898215
motive_8,0.014407369485874184,0.07999797205357852,0.04477457421881884,0.017564843411728703,0.1262611822194067,0.07640622523784846,0.17409010237898215,0.0
