,motive_1,motive_2,motive_3,motive_4,motive_5,motive_6,motive_7,motive_8
motive_1,0.0,0.10801848173382378,-0.09199639334521098,-0.03494901208866243,-0.14807715336909738,-0.04253956708950244,-0.023861264928359553,0.07040671326289859
motive_2,0.10801848173382378,0.0,0.1034887716057709,-0.10129098803628186,-0.028478606236326472,-0.029463348129638123,0.007893079480575452,0.0707320126072172
motive_3,-0.09199639334521098,0.1034887716057709,0.0,0.04312469825237571,-0.07657520125595135,0.03512375143983146,0.07520677674000378,-0.020252848015627503
motive_4,-0.03494901208866243,-0.10129098803628186,0.04312469825237571,0.0,-0.061593184518072976,-0.018086511011477326,0.15261696301267627,0.03475615974977519
motive_5,-0.14807715336909738,-0.028478606236326472,-0.07657520125595135,-0.061593184518072976,0.0,-0.05752405160802852,-0.06601515903046892,0.03244555554267434
motive_6,-0.04253956708950244,-0.029463348129638123,0.03512375143983146,-0.018086511011477326,-0.05752405160802852,0.0,0.10651361917305989,0.03932586753830805
motive_7,-0.023861264928359553,0.007893079480575452,0.07520677674000378,0.15261696301267627,-0.06601515903046892,0.10651361917305989,0.0,-8.709223788355008e-05
motive_8,0.07040671326289859,0.0707320126072172,-0.020252848015627503,0.03475615974977519,0.03244555554267434,0.03932586753830805,-8.709223788355008e-05,0.0
