,motive_1,motive_2,motive_3,motive_4,motive_5,motive_6,motive_7,motive_8
motive_1,0.0,-0.002735925784010218,0.3196888557077824,0.10076109696544609,0.4510817240723649,0.018444215635230993,0.0633997379286616,-0.10069669465310664
motive_2,-0.002735925784010218,0.0,0.23670201525917728,0.3201209517270971,-0.10368635969126846,0.371509260988116,0.11290107789794145,0.12998606691377512
motive_3,0.3196888557077824,0.23670201525917728,0.0,0.48772387180664256,0.10117621310596667,0.3959185554181235,0.6731500679208001,0.3429951215238566
motive_4,0.10076109696544609,0.3201209517270971,0.48772387180664256,0.0,-0.36080141252677145,0.21779379447563896,-0.05180426623484023,0.5956748630407207
motive_5,0.4510817240723649,-0.10368635969126846,0.10117621310596667,-0.36080141252677145,0.0,0.30768137671022117,0.19951053506956498,0.13658961101864056
motive_6,0.018444215635230993,0.371509260988116,0.3959185554181235,0.21779379447563896,0.30768137671022117,0.0,0.033453441727257824,0.5158641880378269
motive_7,0.0633997379286616,0.11290107789794145,0.6731500679208001,-0.05180426623484023,0.19951053506956498,0.033453441727257824,0.0,0.6540084954455369
motive_8,-0.10069669465310664,0.12998606691377512,0.3429951215238566,0.5956748630407207,0.13658961101864056,0.5158641880378269,0.6540084954455369,0.0
