,motive_1,motive_2,motive_3,motive_4,motive_5,motive_6,motive_7,motive_8
satisfaction,0.12153788863470863,-0.28051118056836455,-0.14042041391550245,-0.2973182658279018,0.20272431247285816,-0.09394699585370575,0.15974433818792835,0.24178498296990872
