,motive_1,motive_2,motive_3,motive_4,motive_5,motive_6,motive_7,motive_8
satisfaction,-0.2783300562030936,0.005046041633392728,-0.10230784530318063,-0.05031932934740446,0.06912474750689362,-0.30184489554029603,0.19211312031197042,-0.008392391815296801
