,motive_1,motive_2,motive_3,motive_4,motive_5,motive_6,motive_7,motive_8
motive_1,0.0,0.561039642668848,0.42418964776333,-0.36535932020520034,-0.14579366077696299,-0.473731562557542,-0.06457961114254387,0.0650298301938533
motive_2,0.561039642668848,0.0,0.6657886162920992,0.5340717816459112,0.032511416409690574,0.49761372881963806,0.23996663081462175,-0.010711900135062069
motive_3,0.42418964776333,0.6657886162920992,0.0,-0.22492535420782406,0.6432088207794178,0.41325886954504537,0.02197877805854398,0.7953868458017637
motive_4,-0.36535932020520034,0.5340717816459112,-0.22492535420782406,0.0,1.0723838595165978,-0.019638104467470885,0.13007462486875998,0.2312296225446618
motive_5,-0.14579366077696299,0.032511416409690574,0.6432088207794178,1.0723838595165978,0.0,-0.2181930334107673,-0.010463521381509508,0.29839865339818306
motive_6,-0.473731562557542,0.49761372881963806,0.41325886954504537,-0.019638104467470885,-0.2181930334107673,0.0,-0.02656045241874741,0.013921646329419252
motive_7,-0.06457961114254387,0.23996663081462175,0.02197877805854398,0.13007462486875998,-0.010463521381509508,-0.02656045241874741,0.0,-0.6188039574348704
motive_8,0.0650298301938533,-0.010711900135062069,0.7953868458017637,0.2312296225446618,0.29839865339818306,0.013921646329419252,-0.6188039574348704,0.0
