,motive_1,motive_2,motive_3,motive_4,motive_5,motive_6,motive_7,motive_8
motive_1,0.0,0.1802987981307141,0.11896761465869699,0.11657311886820666,0.11860436522911924,0.08650559664011674,0.14370703333965548,0.2368594936888796
motive_2,0.1802987981307141,0.0,0.16532107336300061,0.21220458520378682,0.10379847367830164,0.08614784244448032,0.04291746345359558,-0.0027238603625864624
motive_3,0.11896761465869699,0.16532107336300061,0.0,0.1031318815426574,0.19970896521313058,0.10102704534526359,0.13019462845849855,0.08270873347980237
motive_4,0.11657311886820666,0.21220458520378682,0.1031318815426574,0.0,0.17025640417688184,0.15330661124869663,-0.008486928386472165,0.019671552558371858
motive_5,0.11860436522911924,0.10379847367830164,0.19970896521313058,0.17025640417688184,0.0,0.1785415582121837,0.10045698275829314,0.13043659699564708
motive_6,0.08650559664011674,0.08614784244448032,0.10102704534526359,0.15330661124869663,0.1785415582121837,0.0,0.1580773661762062,0.0737733566040281
motive_7,0.14370703333965548,0.04291746345359558,0.13019462845849855,-0.008486928386472165,0.10045698275829314,0.1580773661762062,0.0,0.11837046083838097
motive_8,0.2368594936888796,-0.0027238603625864624,0.08270873347980237,0.019671552558371858,0.13043659699564708,0.0737733566040281,0.11837046083838097,0.0
