,motive_1,motive_2,motive_3,motive_4,motive_5,motive_6,motive_7,motive_8
satisfaction,0.20574277450785727,0.3649985271913201,0.01018649758045384,0.12894353129718858,0.30274492700461764,-0.23636208903042819,0.17160028690547174,0.11838702204685882
