,motive_1,motive_2,motive_3,motive_4,motive_5,motive_6,motive_7,motive_8
motive_1,0.0,-0.015544172847712038,0.07231475437427662,-0.05633865925378673,-0.10737185802182059,0.016634715863522845,-0.05789687327317865,0.036435795996720005
motive_2,-0.015544172847712038,0.0,0.04185949999443487,-0.11803796373249413,-0.05064442464227724,-0.029481549859389892,-0.01639856190071482,0.018027205312312947
motive_3,0.07231475437427662,0.04185949999443487,0.0,-0.058191623275347173,-0.012383145566300907,-0.056403917549877954,0.01993727735334664,-0.08381591690352516
motive_4,-0.05633865925378673,-0.11803796373249413,-0.058191623275347173,0.0,0.0771718026455548,-0.13547563925454414,-0.10705384001049362,0.025826960516377576
motive_5,-0.10737185802182059,-0.05064442464227724,-0.012383145566300907,0.0771718026455548,0.0,0.029202500068298148,0.06721206308470841,-0.01418749248604915
motive_6,0.016634715863522845,-0.029481549859389892,-0.056403917549877954,-0.13547563925454414,0.029202500068298148,0.0,-0.015624067174898112,-0.10802480859195634
motive_7,-0.05789687327317865,-0.01639856190071482,0.01993727735334664,-0.10705384001049362,0.06721206308470841,-0.015624067174898112,0.0,0.05205116125611304
motive_8,0.036435795996720005,0.018027205312312947,-0.08381591690352516,0.025826960516377576,-0.01418749248604915,-0.10802480859195634,0.05205116125611304,0.0
