,motive_1,motive_2,motive_3,motive_4,motive_5,motive_6,motive_7,motive_8
motive_1,0.0,0.1071683211044771,-0.19394572108368974,0.2860951668479661,-0.13974731044384625,0.14701514853354705,0.2665774379796856,0.24254546200148563
motive_2,0.1071683211044771,0.0,-0.09382056993911014,-0.25581946861311355,-0.1617618245933044,0.2134119012113882,0.30452717576734767,0.18506974287063022
motive_3,-0.19394572108368974,-0.09382056993911014,0.0,0.16806432776996041,0.003649275714611412,-0.11881380902535185,-0.1946667958414488,0.384395480248102
motive_4,0.2860951668479661,-0.25581946861311355,0.16806432776996041,0.0,0.15731134849732795,0.24240893441705236,0.33791517265488935,0.14817550371388175
motive_5,-0.13974731044384625,-0.1617618245933044,0.003649275714611412,0.15731134849732795,0.0,-0.001151532755734333,-0.13150315686426123,0.05341634108321948
motive_6,0.14701514853354705,0.2134119012113882,-0.11881380902535185,0.24240893441705236,-0.001151532755734333,0.0,0.08090770786081895,0.2756379481047676
motive_7,0.2665774379796856,0.30452717576734767,-0.1946667958414488,0.33791517265488935,-0.13150315686426123,0.08090770786081895,0.0,0.30654773361957965
motive_8,0.24254546200148563,0.18506974287063022,0.384395480248102,0.14817550371388175,0.05341634108321948,0.2756379481047676,0.30654773361957965,0.0
