,motive_1,motive_2,motive_3,motive_4,motive_5,motive_6,motive_7,motive_8
motive_1,0.0,0.5326493843267192,0.540093399133031,0.5984377475654367,0.36831912262673516,0.28230751370470875,0.36634566273651953,0.6542101958597104
motive_2,0.5326493843267192,0.0,0.13006541524636692,0.6514178280509744,0.30132113497705165,0.19543378629530211,0.13062550528331393,0.7979429852151795
motive_3,0.540093399133031,0.13006541524636692,0.0,-0.018036360209577273,0.07179868016035162,0.41315379934950347,0.22162396894038014,0.5176714381288995
motive_4,0.5984377475654367,0.6514178280509744,-0.018036360209577273,0.0,-0.029566520244411476,0.5599845839336152,0.6334513713791409,-0.2298612208780837
motive_5,0.36831912262673516,0.30132113497705165,0.07179868016035162,-0.029566520244411476,0.0,0.4462497706801637,0.8172938347056237,0.2888192465082454
motive_6,0.28230751370470875,0.19543378629530211,0.41315379934950347,0.5599845839336152,0.4462497706801637,0.0,0.08537894649891642,0.6520259924936751
motive_7,0.36634566273651953,0.13062550528331393,0.22162396894038014,0.6334513713791409,0.8172938347056237,0.08537894649891642,0.0,0.5027605638126957
motive_8,0.6542101958597104,0.7979429852151795,0.5176714381288995,-0.2298612208780837,0.2888192465082454,0.6520259924936751,0.5027605638126957,0.0
