,motive_1,motive_2,motive_3,motive_4,motive_5,motive_6,motive_7,motive_8
motive_1,0.0,0.03760805968650441,0.42035164513827067,0.7277566649166474,-0.046270068073937236,0.6646825846445613,0.5701833322921253,0.24237891279830504
motive_2,0.03760805968650441,0.0,-0.33096890764251147,0.25172089585693375,0.012433130373662615,0.13942042066192295,0.3031279429571009,-0.3730673516697348
motive_3,0.42035164513827067,-0.33096890764251147,0.0,0.17898373403802126,-0.5245888072475791,-0.09440659533412704,0.8672781142890682,-0.36363934185939917
motive_4,0.7277566649166474,0.25172089585693375,0.17898373403802126,0.0,-0.0966336043075483,-0.43924678983756754,-0.21735842611398,0.5774009605589672
motive_5,-0.046270068073937236,0.012433130373662615,-0.5245888072475791,-0.0966336043075483,0.0,-0.21827147727893303,-0.29509570314247746,-0.5734725785168737
motive_6,0.6646825846445613,0.13942042066192295,-0.09440659533412704,-0.43924678983756754,-0.21827147727893303,0.0,0.6793741829992797,-0.21737616974087176
motive_7,0.5701833322921253,0.3031279429571009,0.8672781142890682,-0.21735842611398,-0.29509570314247746,0.6793741829992797,0.0,-0.12616660493533566
motive_8,0.24237891279830504,-0.3730673516697348,-0.36363934185939917,0.5774009605589672,-0.5734725785168737,-0.21737616974087176,-0.12616660493533566,0.0
