,motive_1,motive_2,motive_3,motive_4,motive_5,motive_6,motive_7,motive_8
satisfaction,0.28004599799186464,0.030976085358235844,0.711846999568363,0.26904070399412305,0.019859366794232808,0.1416433747755984,0.28574279401303415,0.3594162082997834
