,motive_1,motive_2,motive_3,motive_4,motive_5,motive_6,motive_7,motive_8
motive_1,0.0,-0.11310520434871937,0.0013412866823454585,-0.062024485472752786,0.09143043356601074,0.030794623681795787,0.08562315508547218,0.018475333054330606
motive_2,-0.11310520434871937,0.0,0.022975154699523083,0.1183687551189444,-0.024080998814031543,-0.07933576184302857,0.010452609958514558,-0.021081964699594013
motive_3,0.0013412866823454585,0.022975154699523083,0.0,-0.11079570013621337,0.02954673014284354,0.041377039118331224,-0.02977224186789746,-0.14894333673963536
motive_4,-0.062024485472752786,0.1183687551189444,-0.11079570013621337,0.0,-0.009942828372770572,0.03298492843533052,0.03378324865381216,0.08210415014429426
motive_5,0.09143043356601074,-0.024080998814031543,0.02954673014284354,-0.009942828372770572,0.0,-0.06565587951893595,0.015617989389781744,0.042650511895429614
motive_6,0.030794623681795787,-0.07933576184302857,0.041377039118331224,0.03298492843533052,-0.06565587951893595,0.0,0.03988848223115917,0.018758164097927004
motive_7,0.08562315508547218,0.010452609958514558,-0.02977224186789746,0.03378324865381216,0.015617989389781744,0.03988848223115917,0.0,0.00290257989063835
motive_8,0.018475333054330606,-0.021081964699594013,-0.14894333673963536,0.08210415014429426,0.042650511895429614,0.018758164097927004,0.00290257989063835,0.0
