,motive_1,motive_2,motive_3,motive_4,motive_5,motive_6,motive_7,motive_8
satisfaction,0.2604922836820145,0.1544250289208961,0.1664789322070429,0.28103322132140507,0.1341922047841562,0.01879134635041904,0.4683430170320013,0.060992367594082726
