,motive_1,motive_2,motive_3,motive_4,motive_5,motive_6,motive_7,motive_8
motive_1,0.0,-0.002171356055487156,0.1268752777353579,0.017602281619646762,0.06573583167624264,0.13638813771129266,0.011626605744689059,0.04359885000010694
motive_2,-0.002171356055487156,0.0,-0.0341422769638496,0.28476909820380253,0.04999277506743436,0.1366038850213088,0.10520878673794633,0.014083613146807367
motive_3,0.1268752777353579,-0.0341422769638496,0.0,0.15894030044017543,-0.022557073934081722,0.09547683378349803,0.10263818537878748,0.19534804999987893
motive_4,0.017602281619646762,0.28476909820380253,0.15894030044017543,0.0,-0.012324213252193641,0.02564296558717459,0.06055206277601932,0.19138252610204068
motive_5,0.06573583167624264,0.04999277506743436,-0.022557073934081722,-0.012324213252193641,0.0,0.054088682430313,0.07833603309643902,0.0957037507909364
motive_6,0.13638813771129266,0.1366038850213088,0.09547683378349803,0.02564296558717459,0.054088682430313,0.0,0.09326010464696949,0.045725659409616454
motive_7,0.011626605744689059,0.10520878673794633,0.10263818537878748,0.06055206277601932,0.07833603309643902,0.09326010464696949,0.0,0.15347684634101227
motive_8,0.04359885000010694,0.014083613146807367,0.19534804999987893,0.19138252610204068,0.0957037507909364,0.045725659409616454,0.15347684634101227,0.0
