,motive_1,motive_2,motive_3,motive_4,motive_5,motive_6,motive_7,motive_8
motive_1,0.0,0.4898257026638743,0.5499046303415009,0.5480730388017484,0.3761684850387931,0.28773913086685887,0.4995327676400936,0.1808384615753031
motive_2,0.4898257026638743,0.0,0.6063759453993279,0.8545757096822917,0.6227545883943102,0.49797213467784535,0.034601418205656695,0.7876887596847717
motive_3,0.5499046303415009,0.6063759453993279,0.0,0.1530120486473428,0.19917967831045816,0.5072071200226651,0.11117633328251322,0.05077197848619053
motive_4,0.5480730388017484,0.8545757096822917,0.1530120486473428,0.0,0.7745412477637031,0.05978205688830453,0.3024437784184964,0.536389257363266
motive_5,0.3761684850387931,0.6227545883943102,0.19917967831045816,0.7745412477637031,0.0,0.30367156219598385,0.5916383725671235,0.16888313740933827
motive_6,0.28773913086685887,0.49797213467784535,0.5072071200226651,0.05978205688830453,0.30367156219598385,0.0,0.23957507217256713,1.1261030180233809
motive_7,0.4995327676400936,0.034601418205656695,0.11117633328251322,0.3024437784184964,0.5916383725671235,0.23957507217256713,0.0,0.4087166065936715
motive_8,0.1808384615753031,0.7876887596847717,0.05077197848619053,0.536389257363266,0.16888313740933827,1.1261030180233809,0.4087166065936715,0.0
