,motive_1,motive_2,motive_3,motive_4,motive_5,motive_6,motive_7,motive_8
satisfaction,-0.2528149264795502,0.09971751602354026,-0.10327714235473895,0.2469127470205444,-0.012004750007588688,-0.2141468296263701,-0.06953146249127173,0.44390889133769973
