,motive_1,motive_2,motive_3,motive_4,motive_5,motive_6,motive_7,motive_8
motive_1,0.0,0.23215976362015053,0.5454385470599595,0.27193537839283066,0.18071892290283914,0.5375909571299983,0.4938201143492843,0.2892046415718682
motive_2,0.23215976362015053,0.0,0.22922281814056802,0.6225293987150279,0.4460721579863331,0.15839147878340157,0.1306683965771006,0.24371643884821936
motive_3,0.5454385470599595,0.22922281814056802,0.0,0.5648087028052828,0.6844090139485606,0.4887382498699361,0.46925998148359793,0.3221655170029127
motive_4,0.27193537839283066,0.6225293987150279,0.5648087028052828,0.0,0.5134011142454985,0.44304204613186493,0.19269718720996942,0.5717087023444727
motive_5,0.18071892290283914,0.4460721579863331,0.6844090139485606,0.5134011142454985,0.0,0.44146284305379674,0.2836339369746095,-0.0031694915504859034
motive_6,0.5375909571299983,0.15839147878340157,0.4887382498699361,0.44304204613186493,0.44146284305379674,0.0,0.07466836691230472,0.516631843996422
motive_7,0.4938201143492843,0.1306683965771006,0.46925998148359793,0.19269718720996942,0.2836339369746095,0.07466836691230472,0.0,0.33938608969712714
motive_8,0.2892046415718682,0.24371643884821936,0.3221655170029127,0.5717087023444727,-0.0031694915504859034,0.516631843996422,0.33938608969712714,0.0
