,motive_1,motive_2,motive_3,motive_4,motive_5,motive_6,motive_7,motive_8
motive_1,0.0,0.46732326398295165,0.34429883962782715,0.5592502455818664,0.6204891354274653,0.47645474639510044,0.4427452553749952,0.5278307048664713
motive_2,0.46732326398295165,0.0,0.4752238985698463,0.49504844020656785,0.5745243484235076,0.34136618989889717,0.349671817867421,0.5453707173345367
motive_3,0.34429883962782715,0.4752238985698463,0.0,0.4035290792678804,0.518470495762156,0.5641225411132522,0.4840570817446942,0.8007601346926021
motive_4,0.5592502455818664,0.49504844020656785,0.4035290792678804,0.0,-0.037055383335819564,0.4215385690662745,0.3174632555284463,0.6705760593208404
motive_5,0.6204891354274653,0.5745243484235076,0.518470495762156,-0.037055383335819564,0.0,0.4018800683944513,0.5961183540616186,0.22140969701541213
motive_6,0.47645474639510044,0.34136618989889717,0.5641225411132522,0.4215385690662745,0.4018800683944513,0.0,0.5556633818052737,0.702986411027368
motive_7,0.4427452553749952,0.349671817867421,0.4840570817446942,0.3174632555284463,0.5961183540616186,0.5556633818052737,0.0,0.4489552106603555
motive_8,0.5278307048664713,0.5453707173345367,0.8007601346926021,0.6705760593208404,0.22140969701541213,0.702986411027368,0.4489552106603555,0.0
