,motive_1,motive_2,motive_3,motive_4,motive_5,motive_6,motive_7,motive_8
motive_1,0.0,0.03996501286063635,0.37055890421938215,0.30401383554695366,0.26179567489349936,-0.3495792336683789,0.22462955754247493,0.07358199236162667
motive_2,0.03996501286063635,0.0,0.5023069187434317,0.5202076861728688,-0.07985474740872006,0.31000951749143135,0.03936485548879115,-0.21455084191498164
motive_3,0.37055890421938215,0.5023069187434317,0.0,-0.04392388527175271,-0.14640516411989585,0.6076791138111921,0.24185407773525297,0.039388737500424015
motive_4,0.30401383554695366,0.5202076861728688,-0.04392388527175271,0.0,-0.015685051789302268,0.550337702468506,0.06008729366733451,-0.3897714157621605
motive_5,0.26179567489349936,-0.07985474740872006,-0.14640516411989585,-0.015685051789302268,0.0,-0.3620985521187449,0.04130293771432475,0.33599434154013114
motive_6,-0.3495792336683789,0.31000951749143135,0.6076791138111921,0.550337702468506,-0.3620985521187449,0.0,-0.478880300103399,0.7447492660465029
motive_7,0.22462955754247493,0.03936485548879115,0.24185407773525297,0.06008729366733451,0.04130293771432475,-0.478880300103399,0.0,0.01881166179971827
motive_8,0.07358199236162667,-0.21455084191498164,0.039388737500424015,-0.3897714157621605,0.33599434154013114,0.7447492660465029,0.01881166179971827,0.0
