,motive_1,motive_2,motive_3,motive_4,motive_5,motive_6,motive_7,motive_8
satisfaction,0.0750318627037791,0.38599602251786813,-0.04782112873038466,-0.09847691352088453,-0.016372017826986246,0.23198480737380173,-0.35182883226400985,0.5079564138729392
