,motive_1,motive_2,motive_3,motive_4,motive_5,motive_6,motive_7,motive_8
motive_1,0.0,0.2004797406345802,0.025906549044510854,0.04439183697690399,0.2305725711265531,0.13065187782563417,0.02851819205602269,0.11964339552240319
motive_2,0.2004797406345802,0.0,0.09433961446559533,0.02948372136376968,0.04566984778310798,0.23086068102309448,0.114134767648508,-0.06207871154814136
motive_3,0.025906549044510854,0.09433961446559533,0.0,0.16178856928897065,-0.0005659092602047222,0.25834354271601,0.17518153247969015,0.2439225185833489
motive_4,0.04439183697690399,0.02948372136376968,0.16178856928897065,0.0,0.05054750965460328,0.10728814472663398,0.05777641079307592,0.05692311890501296
motive_5,0.2305725711265531,0.04566984778310798,-0.0005659092602047222,0.05054750965460328,0.0,0.20091941530031313,0.06774125333058546,0.052307632561706854
motive_6,0.13065187782563417,0.23086068102309448,0.25834354271601,0.10728814472663398,0.20091941530031313,0.0,0.0539964936548976,0.14847849949141778
motive_7,0.02851819205602269,0.114134767648508,0.17518153247969015,0.05777641079307592,0.06774125333058546,0.0539964936548976,0.0,0.10845364258667131
motive_8,0.11964339552240319,-0.06207871154814136,0.2439225185833489,0.05692311890501296,0.052307632561706854,0.14847849949141778,0.10845364258667131,0.0
