,motive_1,motive_2,motive_3,motive_4,motive_5,motive_6,motive_7,motive_8
motive_1,0.0,0.31892134117032983,0.2356512509588951,0.6398937543483034,0.4465731460269214,0.3230574901097627,0.2630969165965449,0.5431026700221454
motive_2,0.31892134117032983,0.0,0.37212088959783596,0.4788417917554936,0.2644075319702651,0.35410666619023146,0.6737117164562573,0.33332881820719285
motive_3,0.2356512509588951,0.37212088959783596,0.0,0.44121119497621863,0.3872447735622955,0.3556345173566605,0.26959811247322263,0.43696373040832737
motive_4,0.6398937543483034,0.4788417917554936,0.44121119497621863,0.0,0.47329463022736995,0.5930782017786866,0.5323818657041269,0.7246644641908632
motive_5,0.4465731460269214,0.2644075319702651,0.3872447735622955,0.47329463022736995,0.0,0.1568430713783144,0.4406756284503826,0.2441832437962395
motive_6,0.3230574901097627,0.35410666619023146,0.3556345173566605,0.5930782017786866,0.1568430713783144,0.0,0.1955704727743331,0.780437595379345
motive_7,0.2630969165965449,0.6737117164562573,0.26959811247322263,0.5323818657041269,0.4406756284503826,0.1955704727743331,0.0,0.6493636722948997
motive_8,0.5431026700221454,0.33332881820719285,0.43696373040832737,0.7246644641908632,0.2441832437962395,0.780437595379345,0.6493636722948997,0.0
