,motive_1,motive_2,motive_3,motive_4,motive_5,motive_6,motive_7,motive_8
motive_1,0.0,0.2635611028494664,0.43281923910965897,0.39356052685437537,0.20586000867866344,0.31563664188272145,0.40281938010492924,0.5154772511364452
motive_2,0.2635611028494664,0.0,0.5884495082160623,0.4953000058005825,0.3080104040619137,0.54816597854291,0.20775372397711184,0.3048683493958729
motive_3,0.43281923910965897,0.5884495082160623,0.0,0.6475832539377435,0.33015128964717844,0.3242859408231762,0.3530023995870346,0.3661324484020912
motive_4,0.39356052685437537,0.4953000058005825,0.6475832539377435,0.0,0.4742597654589109,0.32056568752508985,0.4905418554385359,0.3550421677853025
motive_5,0.20586000867866344,0.3080104040619137,0.33015128964717844,0.4742597654589109,0.0,0.3854629841653963,0.15042086151031167,0.7780689037354062
motive_6,0.31563664188272145,0.54816597854291,0.3242859408231762,0.32056568752508985,0.3854629841653963,0.0,0.540464460158337,0.3049342669210104
motive_7,0.40281938010492924,0.20775372397711184,0.3530023995870346,0.4905418554385359,0.15042086151031167,0.540464460158337,0.0,0.9411706082277497
motive_8,0.5154772511364452,0.3048683493958729,0.3661324484020912,0.3550421677853025,0.7780689037354062,0.3049342669210104,0.9411706082277497,0.0
