,motive_1,motive_2,motive_3,motive_4,motive_5,motive_6,motive_7,motive_8
satisfaction,0.07648788689617908,0.5385368289885195,0.24568438961355485,0.1289891894292511,-0.16823391355104603,-0.3044959452754802,0.10461045023045239,0.09551722663676272
