,motive_1,motive_2,motive_3,motive_4,motive_5,motive_6,motive_7,motive_8
motive_1,0.0,0.22399077879534404,0.05799514370905465,0.08699464427079154,0.07374395520548949,0.10659128947536173,0.017976796306371688,0.08279814738585482
motive_2,0.22399077879534404,0.0,0.0772547216325207,-0.08309930380085578,0.16546053422503687,0.01288160312687922,0.11343064561734006,0.05895354897874029
motive_3,0.05799514370905465,0.0772547216325207,0.0,0.13154046098982558,-0.02652991260942207,0.25895294538478375,0.17700637531671143,0.061244597425752195
motive_4,0.08699464427079154,-0.08309930380085578,0.13154046098982558,0.0,0.16729870368257202,0.07995280605112486,0.14772273337546846,0.15025964350536142
motive_5,0.07374395520548949,0.16546053422503687,-0.02652991260942207,0.16729870368257202,0.0,-0.02016346173893275,0.0687590202542893,0.10206457747300113
motive_6,0.10659128947536173,0.01288160312687922,0.25895294538478375,0.07995280605112486,-0.02016346173893275,0.0,0.1120355177888438,0.15954815395330943
motive_7,0.017976796306371688,0.11343064561734006,0.17700637531671143,0.14772273337546846,0.0687590202542893,0.1120355177888438,0.0,0.0850816134919042
motive_8,0.08279814738585482,0.05895354897874029,0.061244597425752195,0.15025964350536142,0.10206457747300113,0.15954815395330943,0.0850816134919042,0.0
