,motive_1,motive_2,motive_3,motive_4,motive_5,motive_6,motive_7,motive_8
motive_1,0.0,0.07554337921968876,0.026692392092262256,0.03685932793855724,0.11475094871450736,0.09124209004644296,0.08911254997495967,0.10643687499972941
motive_2,0.07554337921968876,0.0,0.0910912786042034,0.07417858842364675,-0.12790100337495433,0.13469559839464826,0.04770927247840282,0.11653191981824355
motive_3,0.026692392092262256,0.0910912786042034,0.0,0.14611117181585007,0.1825234486765834,0.15063508619181876,0.10811377279362543,-0.00889526439666602
motive_4,0.03685932793855724,0.07417858842364675,0.14611117181585007,0.0,0.10818463479253652,-0.05817726770333598,0.11811275120134143,-0.04912671151284541
motive_5,0.11475094871450736,-0.12790100337495433,0.1825234486765834,0.10818463479253652,0.0,0.1273145333663444,0.21084473472294063,0.15142073270003786
motive_6,0.09124209004644296,0.13469559839464826,0.15063508619181876,-0.05817726770333598,0.1273145333663444,0.0,0.16419322128862404,0.05211336586195034
motive_7,0.08911254997495967,0.04770927247840282,0.10811377279362543,0.11811275120134143,0.21084473472294063,0.16419322128862404,0.0,0.09647461723861797
motive_8,0.10643687499972941,0.11653191981824355,-0.00889526439666602,-0.04912671151284541,0.15142073270003786,0.05211336586195034,0.09647461723861797,0.0
