,motive_1,motive_2,motive_3,motive_4,motive_5,motive_6,motive_7,motive_8
satisfaction,0.22050055152728004,-0.29848657929671646,0.43197312239607455,-0.3769545781883486,0.16990812744102798,0.2823049877463729,0.2732822404587588,0.43564988078327227
