,motive_1,motive_2,motive_3,motive_4,motive_5,motive_6,motive_7,motive_8
motive_1,0.0,0.22163622670323052,-0.0035623244064487136,0.3325996720822827,0.49922251244523286,0.627001084551613,0.4756838910365022,0.2052072565908385
motive_2,0.22163622670323052,0.0,0.5766901607575816,0.4303908330379087,0.22015298071829884,0.3856069938767979,0.30507632383248295,0.5317996791632369
motive_3,-0.0035623244064487136,0.5766901607575816,0.0,0.4954688842192634,0.1606949214372783,0.6212282740374546,0.1530528184704617,0.3134489984481177
motive_4,0.3325996720822827,0.4303908330379087,0.4954688842192634,0.0,0.7831798253850422,0.116903666488094,0.4871469270920633,0.6822358200702632
motive_5,0.49922251244523286,0.22015298071829884,0.1606949214372783,0.7831798253850422,0.0,0.32233796548887494,0.44100224938282945,0.4732961562453864
motive_6,0.627001084551613,0.3856069938767979,0.6212282740374546,0.116903666488094,0.32233796548887494,0.0,0.41768018323922845,0.22186750732769425
motive_7,0.4756838910365022,0.30507632383248295,0.1530528184704617,0.4871469270920633,0.44100224938282945,0.41768018323922845,0.0,-0.010128881632911924
motive_8,0.2052072565908385,0.5317996791632369,0.3134489984481177,0.6822358200702632,0.4732961562453864,0.22186750732769425,-0.010128881632911924,0.0
