,motive_1,motive_2,motive_3,motive_4,motive_5,motive_6,motive_7,motive_8
satisfaction,0.20595276494667447,-0.11267638654908363,0.17884770903582933,0.07898410211859655,-0.02356368260266943,0.27974090995750056,0.39356485142401454,0.11373455654070694
