,motive_1,motive_2,motive_3,motive_4,motive_5,motive_6,motive_7,motive_8
motive_1,0.0,0.37658038268752764,-0.1223059954835482,-0.9192005870511326,0.6397272322028618,0.4335056149680529,0.0641121583078943,-0.33049301212389104
motive_2,0.37658038268752764,0.0,-0.20835312291379282,0.39530201041903545,-0.21659183520374437,0.8409925021354212,0.1838556074397652,0.12560789139728978
motive_3,-0.1223059954835482,-0.20835312291379282,0.0,-0.15016958860717794,0.411627174494939,0.009122705540520706,0.20240038764741752,-0.4231391778710001
motive_4,-0.9192005870511326,0.39530201041903545,-0.15016958860717794,0.0,0.36181753240204484,0.5762011177155489,-0.26425204636443356,-0.21361515968856915
motive_5,0.6397272322028618,-0.21659183520374437,0.411627174494939,0.36181753240204484,0.0,-0.28993748036047795,-0.769975440898564,0.1931486709407702
motive_6,0.4335056149680529,0.8409925021354212,0.009122705540520706,0.5762011177155489,-0.28993748036047795,0.0,0.07635419701005437,0.06608095388813949
motive_7,0.0641121583078943,0.1838556074397652,0.20240038764741752,-0.26425204636443356,-0.769975440898564,0.07635419701005437,0.0,-0.7649233025326896
motive_8,-0.33049301212389104,0.12560789139728978,-0.4231391778710001,-0.21361515968856915,0.1931486709407702,0.06608095388813949,-0.7649233025326896,0.0
