,motive_1,motive_2,motive_3,motive_4,motive_5,motive_6,motive_7,motive_8
motive_1,0.0,0.4602838067172208,0.31221530583510654,0.23194607387178645,0.3308128689390809,0.2579987470101137,0.2852496446134647,0.439083838834738
motive_2,0.4602838067172208,0.0,0.727124701080573,0.3253483456823758,0.2791627209955306,0.5323409261895004,0.48463158975773735,0.47332289125572746
motive_3,0.31221530583510654,0.727124701080573,0.0,0.3121534144214843,0.3473635831703139,0.6782986794704138,0.6582714461397791,0.5350208169899665
motive_4,0.23194607387178645,0.3253483456823758,0.3121534144214843,0.0,0.3937017215019937,0.580191178605072,0.5086020917488264,0.55094748804955
motive_5,0.3308128689390809,0.2791627209955306,0.3473635831703139,0.3937017215019937,0.0,0.8624577525319866,0.48801173913623097,0.6951535650415377
motive_6,0.2579987470101137,0.5323409261895004,0.6782986794704138,0.580191178605072,0.8624577525319866,0.0,0.3744689848551022,0.43313075931809714
motive_7,0.2852496446134647,0.48463158975773735,0.6582714461397791,0.5086020917488264,0.48801173913623097,0.3744689848551022,0.0,0.5432144818121607
motive_8,0.439083838834738,0.47332289125572746,0.5350208169899665,0.55094748804955,0.6951535650415377,0.43313075931809714,0.5432144818121607,0.0
