,motive_1,motive_2,motive_3,motive_4,motive_5,motive_6,motive_7,motive_8
motive_1,0.0,0.09287728942209289,0.7861224492740618,-0.15955452606934636,-0.49233239971991777,0.35873758671097355,0.18629384098937923,0.6527235500169615
motive_2,0.09287728942209289,0.0,0.11024377748780287,-0.4707352899417297,0.14212464059128144,0.43766002831137063,-0.2834976685367557,0.5385910828953487
motive_3,0.7861224492740618,0.11024377748780287,0.0,0.5054247004077679,0.21941692043361527,1.148625082313334,0.2700255940514454,0.35272300375594934
motive_4,-0.15955452606934636,-0.4707352899417297,0.5054247004077679,0.0,0.0232667114192866,0.2401453027807115,0.04694099905742355,0.14310534816257958
motive_5,-0.49233239971991777,0.14212464059128144,0.21941692043361527,0.0232667114192866,0.0,0.701464044902269,-0.00019217157338148605,0.18122470252226536
motive_6,0.35873758671097355,0.43766002831137063,1.148625082313334,0.2401453027807115,0.701464044902269,0.0,-0.0070776544483788645,0.3130882976968601
motive_7,0.18629384098937923,-0.2834976685367557,0.2700255940514454,0.04694099905742355,-0.00019217157338148605,-0.0070776544483788645,0.0,0.4477408964867807
motive_8,0.6527235500169615,0.5385910828953487,0.35272300375594934,0.14310534816257958,0.18122470252226536,0.3130882976968601,0.4477408964867807,0.0
