,motive_1,motive_2,motive_3,motive_4,motive_5,motive_6,motive_7,motive_8
motive_1,0.0,-0.05460158257191958,-0.005535880842171145,0.042984957347253896,0.12726493591816543,0.0631548065984104,-0.013949552629512581,0.05932590217564828
motive_2,-0.05460158257191958,0.0,0.088502555886602,0.11109936897190069,0.013776294012546899,0.04057157838214413,0.07808728640634813,-0.07866717273498844
motive_3,-0.005535880842171145,0.088502555886602,0.0,-0.06901840018334689,0.0019666376525001167,-0.05608160398155486,-0.037721652870865166,-0.018960045840109713
motive_4,0.042984957347253896,0.11109936897190069,-0.06901840018334689,0.0,-0.10454167557078928,-0.08666949951062336,-0.15272376183589556,0.017361907882563095
motive_5,0.12726493591816543,0.013776294012546899,0.0019666376525001167,-0.10454167557078928,0.0,-0.08782124449742221,0.0699951395266195,-0.0047136880972368095
motive_6,0.0631548065984104,0.04057157838214413,-0.05608160398155486,-0.08666949951062336,-0.08782124449742221,0.0,0.04180253834089851,-0.0263557350965539
motive_7,-0.013949552629512581,0.07808728640634813,-0.037721652870865166,-0.15272376183589556,0.0699951395266195,0.04180253834089851,0.0,0.07591800951386421
motive_8,0.05932590217564828,-0.07866717273498844,-0.018960045840109713,0.017361907882563095,-0.0047136880972368095,-0.0263557350965539,0.07591800951386421,0.0
