,motive_1,motive_2,motive_3,motive_4,motive_5,motive_6,motive_7,motive_8
satisfaction,0.35713541626740286,0.36167772072117066,0.19883371606749417,0.40865148810755003,0.5615263682105258,0.5599551904389595,0.5151881865115479,0.7184876346290245
