,motive_1,motive_2,motive_3,motive_4,motive_5,motive_6,motive_7,motive_8
motive_1,0.0,0.08683143285558872,0.13954247368414918,0.4958241022900918,0.08098594041215913,-0.2616233884330097,0.014882609905482375,-0.029734064013350492
motive_2,0.08683143285558872,0.0,0.418850637664418,0.41448748232488064,0.2525901199253058,0.3092399109918009,0.6099144375567492,0.2522844781290341
motive_3,0.13954247368414918,0.418850637664418,0.0,0.11833957228123049,0.3822601887127801,0.3729594323447858,0.011725218008770077,-0.00015735969074915507
motive_4,0.4958241022900918,0.41448748232488064,0.11833957228123049,0.0,0.10700388127973459,-0.0063637906515632,0.42042240459359653,0.4029217266669853
motive_5,0.08098594041215913,0.2525901199253058,0.3822601887127801,0.10700388127973459,0.0,0.33644251996522,0.2115110378951412,0.4934429739313179
motive_6,-0.2616233884330097,0.3092399109918009,0.3729594323447858,-0.0063637906515632,0.33644251996522,0.0,0.1501460038142862,0.052673006347058016
motive_7,0.014882609905482375,0.6099144375567492,0.011725218008770077,0.42042240459359653,0.2115110378951412,0.1501460038142862,0.0,0.517295296175655
motive_8,-0.029734064013350492,0.2522844781290341,-0.00015735969074915507,0.4029217266669853,0.4934429739313179,0.052673006347058016,0.517295296175655,0.0
