,motive_1,motive_2,motive_3,motive_4,motive_5,motive_6,motive_7,motive_8
satisfaction,0.21889281815112796,0.40380084407222916,0.08425393891953584,-0.07084616075723546,0.13166640075411862,0.05713404786675891,-0.23946854193093828,0.03526788390566894
