,motive_1,motive_2,motive_3,motive_4,motive_5,motive_6,motive_7,motive_8
motive_1,0.0,0.3671325411208498,0.7260957324985035,0.5086957090773334,-0.20746435541144287,0.308902940768749,0.4892821129847781,0.3782079897491505
motive_2,0.3671325411208498,0.0,0.41999352469692974,0.5138840234537991,0.36924073648081784,0.07488369883228814,0.19953531450747716,0.333561063315867
motive_3,0.7260957324985035,0.41999352469692974,0.0,0.4778550290386465,0.6686819415093181,0.413196855870038,0.5358549803034212,0.7786754942918334
motive_4,0.5086957090773334,0.5138840234537991,0.4778550290386465,0.0,-0.2614510849774779,0.5189915762367416,0.5895996095648588,0.8381233002454078
motive_5,-0.20746435541144287,0.36924073648081784,0.6686819415093181,-0.2614510849774779,0.0,0.2648793918019205,0.29982953473990687,0.292316108859009
motive_6,0.308902940768749,0.07488369883228814,0.413196855870038,0.5189915762367416,0.2648793918019205,0.0,0.21869136305983586,0.30272248164960713
motive_7,0.4892821129847781,0.19953531450747716,0.5358549803034212,0.5895996095648588,0.29982953473990687,0.21869136305983586,0.0,0.6544031779076586
motive_8,0.3782079897491505,0.333561063315867,0.7786754942918334,0.8381233002454078,0.292316108859009,0.30272248164960713,0.6544031779076586,0.0
