,motive_1,motive_2,motive_3,motive_4,motive_5,motive_6,motive_7,motive_8
motive_1,0.0,-0.07411275291815955,-0.05177100665248006,0.04160878219442946,-0.06013315735076891,-0.12025799023252487,0.19884310300979405,0.0005556784765133951
motive_2,-0.07411275291815955,0.0,0.06464165386098614,0.0705033048578168,0.02226000160752028,0.08626166538542107,0.022281139574068767,-0.053777553185324845
motive_3,-0.05177100665248006,0.06464165386098614,0.0,0.005747056917917423,-0.07966327726866751,-0.04042304924747466,-0.01438824393184577,0.019419963619175286
motive_4,0.04160878219442946,0.0705033048578168,0.005747056917917423,0.0,-0.05837651098515228,-0.12804703499090409,0.1303838619853686,0.03273082883704448
motive_5,-0.06013315735076891,0.02226000160752028,-0.07966327726866751,-0.05837651098515228,0.0,0.017692609861594627,0.06537363389572401,0.04225864324466822
motive_6,-0.12025799023252487,0.08626166538542107,-0.04042304924747466,-0.12804703499090409,0.017692609861594627,0.0,0.08411858667005084,0.044143200395538644
motive_7,0.19884310300979405,0.022281139574068767,-0.01438824393184577,0.1303838619853686,0.06537363389572401,0.08411858667005084,0.0,0.04208959040657173
motive_8,0.0005556784765133951,-0.053777553185324845,0.019419963619175286,0.03273082883704448,0.04225864324466822,0.044143200395538644,0.04208959040657173,0.0
