,motive_1,motive_2,motive_3,motive_4,motive_5,motive_6,motive_7,motive_8
satisfaction,0.4221512945284149,0.1784727858285955,0.609596702646651,0.3368462953307947,0.26247890990590883,0.14850760641798894,0.30375491746497485,-0.5302615978121272
