,motive_1,motive_2,motive_3,motive_4,motive_5,motive_6,motive_7,motive_8
motive_1,0.0,0.3575964084601826,0.6150053039582504,0.1256130176723531,0.38110347204922074,0.5044750408073919,0.10307698921326025,0.4255177466744403
motive_2,0.3575964084601826,0.0,0.43127441246796877,0.16563454820898266,0.4696121442317025,0.7863240916940837,0.2556392011919591,0.2737267359858148
motive_3,0.6150053039582504,0.43127441246796877,0.0,0.42165668535530465,0.49444237855639983,0.23209898999385262,0.5643268721567258,0.63026387699619
motive_4,0.1256130176723531,0.16563454820898266,0.42165668535530465,0.0,0.5450841459602913,0.09320606428179717,0.5342477788594049,0.22918489646221724
motive_5,0.38110347204922074,0.4696121442317025,0.49444237855639983,0.5450841459602913,0.0,0.27045433453238593,0.378079030726942,0.6839492790472386
motive_6,0.5044750408073919,0.7863240916940837,0.23209898999385262,0.09320606428179717,0.27045433453238593,0.0,0.5988458976088529,0.16899296700199384
motive_7,0.10307698921326025,0.2556392011919591,0.5643268721567258,0.5342477788594049,0.378079030726942,0.5988458976088529,0.0,-0.03601497370506124
motive_8,0.4255177466744403,0.2737267359858148,0.63026387699619,0.22918489646221724,0.6839492790472386,0.16899296700199384,-0.03601497370506124,0.0
