,motive_1,motive_2,motive_3,motive_4,motive_5,motive_6,motive_7,motive_8
satisfaction,0.22887026483769946,0.23801185836071298,-0.02481538097993445,0.24761463330329037,0.3870049113668991,0.05736864701319243,-0.10538997633187669,0.3793517369986731
