,motive_1,motive_2,motive_3,motive_4,motive_5,motive_6,motive_7,motive_8
motive_1,0.0,0.2010558183377617,0.15553964063638237,0.09504159881558166,0.17541311033243645,0.121271242257198,0.1275155519882466,-0.04196584012436835
motive_2,0.2010558183377617,0.0,0.15694095639506414,-0.03321617892437965,0.1266728342443627,0.05391409405554559,0.07634852319812521,0.21375273109771142
motive_3,0.15553964063638237,0.15694095639506414,0.0,0.02736459759541561,0.010672971502420789,0.031112208656799013,0.11983629951631057,0.18469917609729636
motive_4,0.09504159881558166,-0.03321617892437965,0.02736459759541561,0.0,0.22706786645452307,0.1000978488296361,0.10828336386549997,0.0694327242326189
motive_5,0.17541311033243645,0.1266728342443627,0.010672971502420789,0.22706786645452307,0.0,0.14753890333557232,0.09836072957765346,0.04251353025362939
motive_6,0.121271242257198,0.05391409405554559,0.031112208656799013,0.1000978488296361,0.14753890333557232,0.0,0.2095619473353116,-0.016664322352611984
motive_7,0.1275155519882466,0.07634852319812521,0.11983629951631057,0.10828336386549997,0.09836072957765346,0.2095619473353116,0.0,0.03444879043699496
motive_8,-0.04196584012436835,0.21375273109771142,0.18469917609729636,0.0694327242326189,0.04251353025362939,-0.016664322352611984,0.03444879043699496,0.0
