,motive_1,motive_2,motive_3,motive_4,motive_5,motive_6,motive_7,motive_8
motive_1,0.0,0.03541995922224406,0.3027093243364799,1.1206284711913284,-0.6275671653165118,0.3641780888186642,0.713567526822934,0.26419580602654197
motive_2,0.03541995922224406,0.0,-0.5002736794558258,0.4579789322312853,0.664822398683758,-0.32162329116038263,-0.5383877180334542,0.42411725217476415
motive_3,0.3027093243364799,-0.5002736794558258,0.0,0.9360413651090166,0.5030807406386328,0.04975445770470999,0.16109016603117043,0.4585897000062957
motive_4,1.1206284711913284,0.4579789322312853,0.9360413651090166,0.0,0.06602921214773072,-0.5535123926693208,-0.1757755474465549,0.7070247763296731
motive_5,-0.6275671653165118,0.664822398683758,0.5030807406386328,0.06602921214773072,0.0,-0.23122673756896972,0.5314787347442153,-0.2567814242408589
motive_6,0.3641780888186642,-0.32162329116038263,0.04975445770470999,-0.5535123926693208,-0.23122673756896972,0.0,0.36488437054011724,0.4415863591032425
motive_7,0.713567526822934,-0.5383877180334542,0.16109016603117043,-0.1757755474465549,0.5314787347442153,0.36488437054011724,0.0,0.3009105823707059
motive_8,0.26419580602654197,0.42411725217476415,0.4585897000062957,0.7070247763296731,-0.2567814242408589,0.4415863591032425,0.3009105823707059,0.0
