,motive_1,motive_2,motive_3,motive_4,motive_5,motive_6,motive_7,motive_8
motive_1,0.0,0.0035176835429751724,0.010619360591514262,0.07601769381657938,0.21706770506338754,0.07590851111270637,0.10865558052912307,0.31529829083505845
motive_2,0.0035176835429751724,0.0,0.006844484243480331,0.061659811332758566,0.17206652382119159,0.13199636873573817,-0.005543947504431504,0.20985106707104856
motive_3,0.010619360591514262,0.006844484243480331,0.0,0.11489812344128214,0.11282024548756714,0.05731390185328265,0.21022467579707216,0.15470430196662815
motive_4,0.07601769381657938,0.061659811332758566,0.11489812344128214,0.0,0.15040766837549496,0.2870649764180546,0.0899731512059845,0.2366018778853547
motive_5,0.21706770506338754,0.17206652382119159,0.11282024548756714,0.15040766837549496,0.0,0.029369693251055515,0.08649058662093756,0.1232480588668859
motive_6,0.07590851111270637,0.13199636873573817,0.05731390185328265,0.2870649764180546,0.029369693251055515,0.0,0.13845492866942746,0.08687141424027271
motive_7,0.10865558052912307,-0.005543947504431504,0.21022467579707216,0.0899731512059845,0.08649058662093756,0.13845492866942746,0.0,-0.003575702114637584
motive_8,0.31529829083505845,0.20985106707104856,0.15470430196662815,0.2366018778853547,0.1232480588668859,0.08687141424027271,-0.003575702114637584,0.0
