,motive_1,motive_2,motive_3,motive_4,motive_5,motive_6,motive_7,motive_8
satisfaction,0.25095063874960977,-0.020488922106148694,0.2752108343926568,0.5905321488605457,0.09693643281408805,0.18004029359910073,0.3951602929984299,0.14799033277176812
