,motive_1,motive_2,motive_3,motive_4,motive_5,motive_6,motive_7,motive_8
satisfaction,-0.13508583298823493,0.23928016950670578,0.15682115580531034,-0.10389638972626894,0.3193501580247442,0.14832934228467629,0.02659206449152189,-0.33978955146948686
