,motive_1,motive_2,motive_3,motive_4,motive_5,motive_6,motive_7,motive_8
satisfaction,0.19202007105981797,0.26470104700343833,0.02358486125294565,0.4527044678415097,0.0497798668231067,0.26700089335272226,0.5525039429628225,0.5072959608282703
