,motive_1,motive_2,motive_3,motive_4,motive_5,motive_6,motive_7,motive_8
motive_1,0.0,0.384033375973147,0.014604635539756716,0.28483364660592414,0.06897865848534923,1.7020129772415997,0.33742798706480653,-0.2962937350948663
motive_2,0.384033375973147,0.0,0.04548264990324587,0.030330846963809513,-0.2108496978451278,-0.1855213807718755,-0.01478622868570205,0.9509262982397293
motive_3,0.014604635539756716,0.04548264990324587,0.0,0.404512184056095,-0.16010509101427134,-0.013542021554052278,0.135757613144959,-0.4504903950145978
motive_4,0.28483364660592414,0.030330846963809513,0.404512184056095,0.0,0.2827721662230046,0.23473219466300632,-0.4495925689354669,0.098850440913049
motive_5,0.06897865848534923,-0.2108496978451278,-0.16010509101427134,0.2827721662230046,0.0,-0.4939548632905956,0.5601147141924416,0.1501597509550763
motive_6,1.7020129772415997,-0.1855213807718755,-0.013542021554052278,0.23473219466300632,-0.4939548632905956,0.0,-0.1548406945625161,-0.15338689396002075
motive_7,0.33742798706480653,-0.01478622868570205,0.135757613144959,-0.4495925689354669,0.5601147141924416,-0.1548406945625161,0.0,0.12381832009900806
motive_8,-0.2962937350948663,0.9509262982397293,-0.4504903950145978,0.098850440913049,0.1501597509550763,-0.15338689396002075,0.12381832009900806,0.0
