,motive_1,motive_2,motive_3,motive_4,motive_5,motive_6,motive_7,motive_8
satisfaction,0.3341586561508817,0.4794502996850766,0.1432397105228242,-0.10572351417523815,-0.09841604785626476,0.23490585562491986,-0.047819097195072796,0.2818459635037647
