,motive_1,motive_2,motive_3,motive_4,motive_5,motive_6,motive_7,motive_8
motive_1,0.0,-0.2957865459858319,0.7709107317372728,-0.023362562865493375,0.3050115256568389,0.11236764290680296,0.45536758747240097,0.4432761898383056
motive_2,-0.2957865459858319,0.0,0.04140392252216257,0.030118268445775975,-0.22918305452813292,0.3684394681275445,-0.3194073315567431,0.17904367744061328
motive_3,0.7709107317372728,0.04140392252216257,0.0,-0.3101367159154809,-0.025242879740487334,0.09639566449314713,0.4929028428189898,0.20170425593477134
motive_4,-0.023362562865493375,0.030118268445775975,-0.3101367159154809,0.0,0.3244257793954947,-0.33577890121028964,0.8393066337912732,-0.10659469890773607
motive_5,0.3050115256568389,-0.22918305452813292,-0.025242879740487334,0.3244257793954947,0.0,-0.22873756937624937,-0.7600886178080408,0.37251344414941645
motive_6,0.11236764290680296,0.3684394681275445,0.09639566449314713,-0.33577890121028964,-0.22873756937624937,0.0,-0.0231988351548697,0.05388149605127229
motive_7,0.45536758747240097,-0.3194073315567431,0.4929028428189898,0.8393066337912732,-0.7600886178080408,-0.0231988351548697,0.0,-0.20629995662600012
motive_8,0.4432761898383056,0.17904367744061328,0.20170425593477134,-0.10659469890773607,0.37251344414941645,0.05388149605127229,-0.20629995662600012,0.0
