,motive_1,motive_2,motive_3,motive_4,motive_5,motive_6,motive_7,motive_8
motive_1,0.0,0.509677807948633,0.36793555592883065,0.19034523519896732,0.3484197630538358,0.10033465565205657,-0.3159685280193704,-0.26284457089627933
motive_2,0.509677807948633,0.0,-0.20542757291496833,0.2623415450517516,0.0938569392365442,0.002136236453328444,0.04513396117560776,-0.3966960035902676
motive_3,0.36793555592883065,-0.20542757291496833,0.0,0.3568241162118403,0.6147531890940927,0.07556454425046773,0.2141203955539524,-0.10208400461013435
motive_4,0.19034523519896732,0.2623415450517516,0.3568241162118403,0.0,0.34754406889790235,0.23001635515414665,0.2693308686832061,-0.08662674413278534
motive_5,0.3484197630538358,0.0938569392365442,0.6147531890940927,0.34754406889790235,0.0,-0.43189958607543477,0.35333197302143515,-0.07752884621833261
motive_6,0.10033465565205657,0.002136236453328444,0.07556454425046773,0.23001635515414665,-0.43189958607543477,0.0,0.07501461556309497,-0.33213020502170126
motive_7,-0.3159685280193704,0.04513396117560776,0.2141203955539524,0.2693308686832061,0.35333197302143515,0.07501461556309497,0.0,0.4273731990987578
motive_8,-0.26284457089627933,-0.3966960035902676,-0.10208400461013435,-0.08662674413278534,-0.07752884621833261,-0.33213020502170126,0.4273731990987578,0.0
