,motive_1,motive_2,motive_3,motive_4,motive_5,motive_6,motive_7,motive_8
motive_1,0.0,0.4791794621063759,-0.11715986541334653,0.34688990262848685,-0.05006785011832075,0.6307734160919847,0.3672340588318014,-0.1555626431142223
motive_2,0.4791794621063759,0.0,-0.2828726123333197,1.2740397588968697,0.30620359519438967,-0.29999487941030295,0.19280593894539927,-0.02731023110391069
motive_3,-0.11715986541334653,-0.2828726123333197,0.0,0.4848780691365536,-0.1846476765085213,0.4819771302005451,-0.07688877404133981,-0.0029551880701820105
motive_4,0.34688990262848685,1.2740397588968697,0.4848780691365536,0.0,-0.0914777099757768,0.3462664752999656,0.059829824315292865,0.780023606772003
motive_5,-0.05006785011832075,0.30620359519438967,-0.1846476765085213,-0.0914777099757768,0.0,0.2633535683666135,0.3552538097451398,0.2440543536372322
motive_6,0.6307734160919847,-0.29999487941030295,0.4819771302005451,0.3462664752999656,0.2633535683666135,0.0,0.13243596562593324,0.05645243413445923
motive_7,0.3672340588318014,0.19280593894539927,-0.07688877404133981,0.059829824315292865,0.3552538097451398,0.13243596562593324,0.0,0.6598379232938922
motive_8,-0.1555626431142223,-0.02731023110391069,-0.0029551880701820105,0.780023606772003,0.2440543536372322,0.05645243413445923,0.6598379232938922,0.0
