,motive_1,motive_2,motive_3,motive_4,motive_5,motive_6,motive_7,motive_8
satisfaction,0.05656950778856074,-0.010201306902900734,0.32125017824590796,0.21902754783463793,0.15682344811665086,0.23478686532035212,0.19368767830495956,-0.03663670793230661
