,motive_1,motive_2,motive_3,motive_4,motive_5,motive_6,motive_7,motive_8
motive_1,0.0,0.29895076889505684,0.1871632620944157,0.17192552846141465,-0.07418556682998562,0.5737195618176232,-0.2227933321951605,-0.14388137887952526
motive_2,0.29895076889505684,0.0,-0.28069475052347415,0.22465436505739295,0.3436399793397952,0.0830300021581768,0.2794182173686965,0.24007535094500515
motive_3,0.1871632620944157,-0.28069475052347415,0.0,-0.010915686150558906,0.2535158002276543,1.5066994823445974,0.14594890219433546,0.42491186135470776
motive_4,0.17192552846141465,0.22465436505739295,-0.010915686150558906,0.0,0.5469273816104377,-0.0018767237225426614,0.29704681958837853,-0.043246901808597915
motive_5,-0.07418556682998562,0.3436399793397952,0.2535158002276543,0.5469273816104377,0.0,-0.46385007346904183,-0.4783419627202065,0.7830152354562521
motive_6,0.5737195618176232,0.0830300021581768,1.5066994823445974,-0.0018767237225426614,-0.46385007346904183,0.0,0.04971822628992796,0.5825872684738972
motive_7,-0.2227933321951605,0.2794182173686965,0.14594890219433546,0.29704681958837853,-0.4783419627202065,0.04971822628992796,0.0,0.4818641446941072
motive_8,-0.14388137887952526,0.24007535094500515,0.42491186135470776,-0.043246901808597915,0.7830152354562521,0.5825872684738972,0.4818641446941072,0.0
