,motive_1,motive_2,motive_3,motive_4,motive_5,motive_6,motive_7,motive_8
satisfaction,0.34537478058642734,0.4193761456858769,-0.09220323362457705,0.014037436530933506,0.24040081900152158,0.25985135150001115,0.1980321409328989,-0.3641435124569345
