,motive_1,motive_2,motive_3,motive_4,motive_5,motive_6,motive_7,motive_8
motive_1,0.0,-0.46405297229199866,-0.3368275702866597,0.10090588168101473,-0.12276888401320668,0.3133802515996156,0.7168808522417185,-0.2321457520009731
motive_2,-0.46405297229199866,0.0,-0.07170030908617953,0.3662280823308775,-0.3465409686700396,0.4391612578519914,-0.45447188862763294,-0.06404302080886433
motive_3,-0.3368275702866597,-0.07170030908617953,0.0,0.7287234013137037,-0.45805028726790525,-0.10428673370480701,0.1127787272276427,0.31194946834635895
motive_4,0.10090588168101473,0.3662280823308775,0.7287234013137037,0.0,0.6849082625164946,0.3944526823158336,0.16363775066940828,0.026825140340374393
motive_5,-0.12276888401320668,-0.3465409686700396,-0.45805028726790525,0.6849082625164946,0.0,-0.2040316318628892,0.8841459434696173,-0.23707217214634424
motive_6,0.3133802515996156,0.4391612578519914,-0.10428673370480701,0.3944526823158336,-0.2040316318628892,0.0,1.0108280778337269,0.3691529432367969
motive_7,0.7168808522417185,-0.45447188862763294,0.1127787272276427,0.16363775066940828,0.8841459434696173,1.0108280778337269,0.0,0.44626764726506574
motive_8,-0.2321457520009731,-0.06404302080886433,0.31194946834635895,0.026825140340374393,-0.23707217214634424,0.3691529432367969,0.44626764726506574,0.0
