,motive_1,motive_2,motive_3,motive_4,motive_5,motive_6,motive_7,motive_8
satisfaction,-0.010694052521777742,-0.14203660968515774,0.027531696589516874,-0.15745955063118183,0.44885233668529934,0.10334306424469529,0.39911666674838286,-0.06875724255517168
