,motive_1,motive_2,motive_3,motive_4,motive_5,motive_6,motive_7,motive_8
motive_1,0.0,-0.35870877405424,0.24076626772169513,0.46791580031848057,-0.7905823060716675,-0.01358367971095309,0.029197341850660516,0.7410590760278692
motive_2,-0.35870877405424,0.0,-0.11273581666897525,-0.8024786850418945,-0.17947557194270047,0.14749284937187032,0.21695672125676918,-0.39793912089406286
motive_3,0.24076626772169513,-0.11273581666897525,0.0,0.11339324709516763,0.6289680408924712,-0.14076766233434246,0.15559361782466657,-0.3503051981364276
motive_4,0.46791580031848057,-0.8024786850418945,0.11339324709516763,0.0,0.45369939613099963,0.3806986861328711,0.013180826501964518,0.12416416071055149
motive_5,-0.7905823060716675,-0.17947557194270047,0.6289680408924712,0.45369939613099963,0.0,-0.004192722248440556,-0.7453081597300911,0.22318052166967067
motive_6,-0.01358367971095309,0.14749284937187032,-0.14076766233434246,0.3806986861328711,-0.004192722248440556,0.0,1.1197012249962106,0.845345474845842
motive_7,0.029197341850660516,0.21695672125676918,0.15559361782466657,0.013180826501964518,-0.7453081597300911,1.1197012249962106,0.0,0.31207229500517425
motive_8,0.7410590760278692,-0.39793912089406286,-0.3503051981364276,0.12416416071055149,0.22318052166967067,0.845345474845842,0.31207229500517425,0.0
