,motive_1,motive_2,motive_3,motive_4,motive_5,motive_6,motive_7,motive_8
motive_1,0.0,-0.013821475448418004,0.09861910794727283,-0.11631759036890965,-0.017492010229966343,-0.08441030038062973,-0.08218355112143694,0.003537692889536686
motive_2,-0.013821475448418004,0.0,-0.1043031906905867,-0.0502375930458959,-0.051266869491672806,-0.06172773620273054,0.06432610447899935,0.15982781098144982
motive_3,0.09861910794727283,-0.1043031906905867,0.0,0.11006747386004052,0.08639228559887693,-0.0506968803183882,-0.0027068864946751467,-0.1135097343111984
motive_4,-0.11631759036890965,-0.0502375930458959,0.11006747386004052,0.0,0.017758400345122875,0.025520220894689593,0.17072322192304243,-0.08933706460104376
motive_5,-0.017492010229966343,-0.051266869491672806,0.08639228559887693,0.017758400345122875,0.0,-0.08069229353422425,-0.0830515289381446,0.117740140473436
motive_6,-0.08441030038062973,-0.06172773620273054,-0.0506968803183882,0.025520220894689593,-0.08069229353422425,0.0,-0.0695328307180062,0.0958255562062309
motive_7,-0.08218355112143694,0.06432610447899935,-0.0027068864946751467,0.17072322192304243,-0.0830515289381446,-0.0695328307180062,0.0,0.010894847170606108
motive_8,0.003537692889536686,0.15982781098144982,-0.1135097343111984,-0.08933706460104376,0.117740140473436,0.0958255562062309,0.010894847170606108,0.0
