,motive_1,motive_2,motive_3,motive_4,motive_5,motive_6,motive_7,motive_8
satisfaction,0.14270020127599403,0.2505804256596561,0.21314646347246938,0.15854540082857696,-0.09416295807003777,-0.07336422784454724,0.08551763346664137,-0.02967426186532046
