,motive_1,motive_2,motive_3,motive_4,motive_5,motive_6,motive_7,motive_8
motive_1,0.0,0.039683649925822004,0.03554531979821321,0.03458676504536418,0.18667999023947124,0.09002215166334726,-0.0029401842699414357,0.2131660328024823
motive_2,0.039683649925822004,0.0,0.27733362003308,0.07868878953746744,0.1113856860244499,0.07590496282065405,0.06930446988223594,0.10358908654045978
motive_3,0.03554531979821321,0.27733362003308,0.0,0.16336010305396034,0.050005548616121,0.11055353879245473,0.17406063636764588,0.12119415064985878
motive_4,0.03458676504536418,0.07868878953746744,0.16336010305396034,0.0,0.055787915184791856,0.051260820543556504,0.12212801681908597,0.17186591864440587
motive_5,0.18667999023947124,0.1113856860244499,0.050005548616121,0.055787915184791856,0.0,0.0785910851908668,0.18695302590508284,0.06833342895451769
motive_6,0.09002215166334726,0.07590496282065405,0.11055353879245473,0.051260820543556504,0.0785910851908668,0.0,0.13895768292430555,0.09255802946724792
motive_7,-0.0029401842699414357,0.06930446988223594,0.17406063636764588,0.12212801681908597,0.18695302590508284,0.13895768292430555,0.0,0.08953433327766869
motive_8,0.2131660328024823,0.10358908654045978,0.12119415064985878,0.17186591864440587,0.06833342895451769,0.09255802946724792,0.08953433327766869,0.0
