,motive_1,motive_2,motive_3,motive_4,motive_5,motive_6,motive_7,motive_8
motive_1,0.0,0.13129778677737886,0.026416815564949153,0.024955252023920044,-0.0562343973357663,-0.0005030159174396302,-0.045093050803111434,3.678167735695834e-05
motive_2,0.13129778677737886,0.0,-0.025038864108929044,0.025472290467444633,-0.014971863797802836,0.03605769046653881,-0.11371582699797392,-0.033269293082708776
motive_3,0.026416815564949153,-0.025038864108929044,0.0,-0.018143384322099283,0.09898946701969717,-0.013062000342730633,-0.02403672552225828,-0.01921939595365016
motive_4,0.024955252023920044,0.025472290467444633,-0.018143384322099283,0.0,-0.09204341464189146,0.009112281682678717,-0.09784485077534644,-0.03123487256626928
motive_5,-0.0562343973357663,-0.014971863797802836,0.09898946701969717,-0.09204341464189146,0.0,-0.04852479445256581,0.05693078680749546,0.09760945534671361
motive_6,-0.0005030159174396302,0.03605769046653881,-0.013062000342730633,0.009112281682678717,-0.04852479445256581,0.0,-0.026318311944351296,0.025464559348641308
motive_7,-0.045093050803111434,-0.11371582699797392,-0.02403672552225828,-0.09784485077534644,0.05693078680749546,-0.026318311944351296,0.0,0.04385801577349804
motive_8,3.678167735695834e-05,-0.033269293082708776,-0.01921939595365016,-0.03123487256626928,0.09760945534671361,0.025464559348641308,0.04385801577349804,0.0
