,motive_1,motive_2,motive_3,motive_4,motive_5,motive_6,motive_7,motive_8
motive_1,0.0,-0.0750645770881128,0.7200464830805912,0.1700729667845686,0.9604039811486702,0.3088314402677702,0.5868130023012247,0.26343242926598465
motive_2,-0.0750645770881128,0.0,-0.13321799657424943,-0.28467867654154233,0.25108693076293037,-0.41435623433103774,0.5023630313288256,0.7137802347981776
motive_3,0.7200464830805912,-0.13321799657424943,0.0,0.2998290935405258,0.8778558426928689,-1.2333511888275455,0.5749487079289273,0.5527099777137711
motive_4,0.1700729667845686,-0.28467867654154233,0.2998290935405258,0.0,-0.2088767084344597,0.10999970088032018,-0.50491883184137,0.23786076616715068
motive_5,0.9604039811486702,0.25108693076293037,0.8778558426928689,-0.2088767084344597,0.0,0.19860076560333756,-0.434691670485825,0.5219611860631993
motive_6,0.3088314402677702,-0.41435623433103774,-1.2333511888275455,0.10999970088032018,0.19860076560333756,0.0,-0.49190809951825465,-0.3283552783076354
motive_7,0.5868130023012247,0.5023630313288256,0.5749487079289273,-0.50491883184137,-0.434691670485825,-0.49190809951825465,0.0,-0.027420929827305027
motive_8,0.26343242926598465,0.7137802347981776,0.5527099777137711,0.23786076616715068,0.5219611860631993,-0.3283552783076354,-0.027420929827305027,0.0
