,motive_1,motive_2,motive_3,motive_4,motive_5,motive_6,motive_7,motive_8
satisfaction,-0.002418253093514011,0.2451850596095067,0.24588371082874452,-0.1192585821809573,0.33138398338402464,0.7816935381201482,-0.10747926238242594,0.46980153375224426
