,motive_1,motive_2,motive_3,motive_4,motive_5,motive_6,motive_7,motive_8
motive_1,0.0,0.14846708522318297,0.19193226675118652,0.42323505760549324,0.5821317709183955,0.2490555563017195,-0.29220450759326116,0.07235180944782542
motive_2,0.14846708522318297,0.0,0.5443575679530624,-0.996605579077194,0.8580547173125833,0.8290387117263361,0.43211278939501424,0.36483976584911776
motive_3,0.19193226675118652,0.5443575679530624,0.0,0.26645827985374304,0.3492423895014468,0.22096440105680593,-0.05607323343743287,0.3871316564920403
motive_4,0.42323505760549324,-0.996605579077194,0.26645827985374304,0.0,-0.3528224723899802,0.5269242744433531,0.19687722950821568,-0.3080832557747747
motive_5,0.5821317709183955,0.8580547173125833,0.3492423895014468,-0.3528224723899802,0.0,0.09739360067612068,0.5476708385956883,-0.5532319524068221
motive_6,0.2490555563017195,0.8290387117263361,0.22096440105680593,0.5269242744433531,0.09739360067612068,0.0,-0.12814584274679064,0.2590977997679921
motive_7,-0.29220450759326116,0.43211278939501424,-0.05607323343743287,0.19687722950821568,0.5476708385956883,-0.12814584274679064,0.0,0.14389891542259903
motive_8,0.07235180944782542,0.36483976584911776,0.3871316564920403,-0.3080832557747747,-0.5532319524068221,0.2590977997679921,0.14389891542259903,0.0
