,motive_1,motive_2,motive_3,motive_4,motive_5,motive_6,motive_7,motive_8
motive_1,0.0,0.051374444390535304,0.09471828017130375,-0.028140951934860575,0.049082113490977276,-0.06200950352059782,0.033047584326311566,-0.052331807597884354
motive_2,0.051374444390535304,0.0,-0.013852070449117765,-0.04273854294058412,0.07177316713820725,0.0503743957836625,-0.03067347532821357,0.03652503990919094
motive_3,0.09471828017130375,-0.013852070449117765,0.0,-0.03787761038721389,0.08532639658543939,-0.013580760283226249,0.0017714315207380434,-0.02893079637846513
motive_4,-0.028140951934860575,-0.04273854294058412,-0.03787761038721389,0.0,0.052360102233702986,0.16925193386301018,0.06064392617549376,-0.027689361345059366
motive_5,0.049082113490977276,0.07177316713820725,0.08532639658543939,0.052360102233702986,0.0,-0.11886007762125064,0.10358077912196155,0.02188553900784565
motive_6,-0.06200950352059782,0.0503743957836625,-0.013580760283226249,0.16925193386301018,-0.11886007762125064,0.0,0.1328363884246705,-0.029547578778303323
motive_7,0.033047584326311566,-0.03067347532821357,0.0017714315207380434,0.06064392617549376,0.10358077912196155,0.1328363884246705,0.0,-0.0024197831017301833
motive_8,-0.052331807597884354,0.03652503990919094,-0.02893079637846513,-0.027689361345059366,0.02188553900784565,-0.029547578778303323,-0.0024197831017301833,0.0
