,motive_1,motive_2,motive_3,motive_4,motive_5,motive_6,motive_7,motive_8
motive_1,0.0,0.08775136089097027,0.20047987190996314,0.1717169287485581,0.07396382563485412,0.2322286496821107,0.050489334237007376,0.10444801638980863
motive_2,0.08775136089097027,0.0,0.08243288838367303,0.11173732222440473,0.15195143383615484,0.20183926705764185,-0.010353735579947163,0.11742776154421138
motive_3,0.20047987190996314,0.08243288838367303,0.0,0.020177752186583756,0.019035232913673435,0.06442129872648797,0.17466457964871301,0.046165914659007205
motive_4,0.1717169287485581,0.11173732222440473,0.020177752186583756,0.0,0.011378424502438013,0.15976243069695006,0.1610297442720195,0.11387458283028673
motive_5,0.07396382563485412,0.15195143383615484,0.019035232913673435,0.011378424502438013,0.0,0.025781695709915002,0.0879815606300434,0.04428895815895331
motive_6,0.2322286496821107,0.20183926705764185,0.06442129872648797,0.15976243069695006,0.025781695709915002,0.0,0.12652570454296608,0.09115175393354712
motive_7,0.050489334237007376,-0.010353735579947163,0.17466457964871301,0.1610297442720195,0.0879815606300434,0.12652570454296608,0.0,0.0723214279915738
motive_8,0.10444801638980863,0.11742776154421138,0.046165914659007205,0.11387458283028673,0.04428895815895331,0.09115175393354712,0.0723214279915738,0.0
