,motive_1,motive_2,motive_3,motive_4,motive_5,motive_6,motive_7,motive_8
motive_1,0.0,0.0869642988534396,0.115850581940201,0.24297501086408596,0.0983606222823464,0.18617039785784253,0.1040837199693422,0.10430370123083077
motive_2,0.0869642988534396,0.0,0.14852204332537544,0.10590987818170439,0.1034096004100312,0.06113187460055662,0.07541326796878417,0.025535874956307256
motive_3,0.115850581940201,0.14852204332537544,0.0,0.09723622736559615,0.09685363279820199,0.037543699582454015,0.04688097652953454,-0.01147670610829788
motive_4,0.24297501086408596,0.10590987818170439,0.09723622736559615,0.0,0.10816467835370783,0.015183994166878795,0.09180827674011358,0.11361678876905477
motive_5,0.0983606222823464,0.1034096004100312,0.09685363279820199,0.10816467835370783,0.0,0.10646609554496266,0.19483751764012325,0.03237639496305232
motive_6,0.18617039785784253,0.06113187460055662,0.037543699582454015,0.015183994166878795,0.10646609554496266,0.0,0.12242540249934972,0.10545473260651599
motive_7,0.1040837199693422,0.07541326796878417,0.04688097652953454,0.09180827674011358,0.19483751764012325,0.12242540249934972,0.0,0.15360246219709411
motive_8,0.10430370123083077,0.025535874956307256,-0.01147670610829788,0.11361678876905477,0.03237639496305232,0.10545473260651599,0.15360246219709411,0.0
