,motive_1,motive_2,motive_3,motive_4,motive_5,motive_6,motive_7,motive_8
motive_1,0.0,0.312588312757369,0.009383166616664385,0.4762146546099548,0.4004317734785612,0.4585886678785677,0.3021840878331966,0.18954901411996694
motive_2,0.312588312757369,0.0,-0.02510194398401383,0.4147915498946626,0.3991320670326818,0.7647019812741049,-0.02681206621112585,0.213948924046114
motive_3,0.009383166616664385,-0.02510194398401383,0.0,0.2948219322632677,0.1371060651555401,0.09539986599358066,0.44601071524573144,0.2841224234860595
motive_4,0.4762146546099548,0.4147915498946626,0.2948219322632677,0.0,0.5510704823330679,0.0797476748435685,-0.33787197513300193,0.3286966438483913
motive_5,0.4004317734785612,0.3991320670326818,0.1371060651555401,0.5510704823330679,0.0,0.3991815526823972,0.6438359652216749,0.010391671308745881
motive_6,0.4585886678785677,0.7647019812741049,0.09539986599358066,0.0797476748435685,0.3991815526823972,0.0,0.14847820402494713,-0.08268987590831045
motive_7,0.3021840878331966,-0.02681206621112585,0.44601071524573144,-0.33787197513300193,0.6438359652216749,0.14847820402494713,0.0,0.21595129386877782
motive_8,0.18954901411996694,0.213948924046114,0.2841224234860595,0.3286966438483913,0.010391671308745881,-0.08268987590831045,0.21595129386877782,0.0
