,motive_1,motive_2,motive_3,motive_4,motive_5,motive_6,motive_7,motive_8
motive_1,0.0,-0.10532619407329574,-0.1355174944189645,0.23557131400322784,0.7203669794752134,0.1914675260598388,-0.3116725777288872,0.3228451657823542
motive_2,-0.10532619407329574,0.0,-0.15793548893757098,-0.26944647766543706,0.4374794522231874,0.14218162826622804,-0.793320141421772,-0.30162557474681384
motive_3,-0.1355174944189645,-0.15793548893757098,0.0,0.9214942016472752,0.18420848136127765,0.40694606496554864,0.03166345282507049,-0.36592341112530785
motive_4,0.23557131400322784,-0.26944647766543706,0.9214942016472752,0.0,0.42907192244361203,-0.18130503601700165,0.8070065652300324,0.5989562486611106
motive_5,0.7203669794752134,0.4374794522231874,0.18420848136127765,0.42907192244361203,0.0,0.3732388221843303,0.30012783502783824,-0.10337360940003629
motive_6,0.1914675260598388,0.14218162826622804,0.40694606496554864,-0.18130503601700165,0.3732388221843303,0.0,0.08835609701081687,0.12843608455316402
motive_7,-0.3116725777288872,-0.793320141421772,0.03166345282507049,0.8070065652300324,0.30012783502783824,0.08835609701081687,0.0,0.5753479713457329
motive_8,0.3228451657823542,-0.30162557474681384,-0.36592341112530785,0.5989562486611106,-0.10337360940003629,0.12843608455316402,0.5753479713457329,0.0
