,motive_1,motive_2,motive_3,motive_4,motive_5,motive_6,motive_7,motive_8
motive_1,0.0,-0.008505330287939789,0.3648145653272388,0.2553477549824572,0.22310208875809057,0.003112768315040121,0.39601541897837605,0.152013663602754
motive_2,-0.008505330287939789,0.0,0.576135622730328,0.1702290964170738,0.11519384126137423,0.11568911731713113,-0.03152441081854901,0.6226880971636535
motive_3,0.3648145653272388,0.576135622730328,0.0,0.32756202824475916,0.10388885679998766,0.28356174973922743,-0.16921169061184527,-0.14394048656983277
motive_4,0.2553477549824572,0.1702290964170738,0.32756202824475916,0.0,0.393868634215902,0.21099892323840236,0.24385527649711755,0.3410186309514482
motive_5,0.22310208875809057,0.11519384126137423,0.10388885679998766,0.393868634215902,0.0,0.6391608421013126,0.25777305951397134,0.5574023896224678
motive_6,0.003112768315040121,0.11568911731713113,0.28356174973922743,0.21099892323840236,0.6391608421013126,0.0,0.12334592255761874,0.6100766545744711
motive_7,0.39601541897837605,-0.03152441081854901,-0.16921169061184527,0.24385527649711755,0.25777305951397134,0.12334592255761874,0.0,0.2972437404631965
motive_8,0.152013663602754,0.6226880971636535,-0.14394048656983277,0.3410186309514482,0.5574023896224678,0.6100766545744711,0.2972437404631965,0.0
