,motive_1,motive_2,motive_3,motive_4,motive_5,motive_6,motive_7,motive_8
satisfaction,-0.015567909728079837,0.45954755180521495,0.19834286023721528,0.43220791535930897,0.13967504870635383,0.0562773677246009,0.5359354741082656,0.31284352140543853
