,motive_1,motive_2,motive_3,motive_4,motive_5,motive_6,motive_7,motive_8
motive_1,0.0,0.5976523919969139,0.3101604452044272,0.3941505695872337,0.15622460295511215,0.28074007381682986,-0.1121538192581128,-0.01664683003456427
motive_2,0.5976523919969139,0.0,0.20227462260265627,0.15732871544760693,-0.14030416730133533,0.2866576119246062,0.21365944822248178,0.14107602873751418
motive_3,0.3101604452044272,0.20227462260265627,0.0,0.4529592064071687,0.41132888500138354,-0.28607002284572164,0.2701357160061909,-0.03223869563717549
motive_4,0.3941505695872337,0.15732871544760693,0.4529592064071687,0.0,0.5203467783232762,-0.0851881099998588,-0.32832373460337516,0.18883484130210526
motive_5,0.15622460295511215,-0.14030416730133533,0.41132888500138354,0.5203467783232762,0.0,0.329326479424533,-0.003701664094909851,0.05242738900579927
motive_6,0.28074007381682986,0.2866576119246062,-0.28607002284572164,-0.0851881099998588,0.329326479424533,0.0,-0.16553768950524111,0.4446688541049761
motive_7,-0.1121538192581128,0.21365944822248178,0.2701357160061909,-0.32832373460337516,-0.003701664094909851,-0.16553768950524111,0.0,0.05520350849872979
motive_8,-0.01664683003456427,0.14107602873751418,-0.03223869563717549,0.18883484130210526,0.05242738900579927,0.4446688541049761,0.05520350849872979,0.0
