,motive_1,motive_2,motive_3,motive_4,motive_5,motive_6,motive_7,motive_8
satisfaction,-0.25493424817582233,0.2104524618133682,-0.10624510402100024,0.4224858648897303,0.36661070142757435,0.37731976532688993,0.43518592365682085,-0.10025632017518979
