,motive_1,motive_2,motive_3,motive_4,motive_5,motive_6,motive_7,motive_8
motive_1,0.0,-0.13780880802654616,0.16328506152350836,-0.11169061936939689,0.677933951885993,0.19603672099457664,0.09100858676092544,0.5972231096993996
motive_2,-0.13780880802654616,0.0,-0.6706487767598206,0.9805778767058619,0.17546960366181302,-0.2355404701164271,0.19976149518463854,-0.2067848820471244
motive_3,0.16328506152350836,-0.6706487767598206,0.0,-0.17894441790022708,0.6926297660398432,-0.34609285730165296,-0.18700409988865085,0.8163591070355545
motive_4,-0.11169061936939689,0.9805778767058619,-0.17894441790022708,0.0,0.15538503025583983,-0.5139401318549985,-0.5987950683344481,0.08836044142157712
motive_5,0.677933951885993,0.17546960366181302,0.6926297660398432,0.15538503025583983,0.0,0.34278198955377037,0.14125837753458448,-0.005796209199313063
motive_6,0.19603672099457664,-0.2355404701164271,-0.34609285730165296,-0.5139401318549985,0.34278198955377037,0.0,0.23806909867026743,0.5448917670689363
motive_7,0.09100858676092544,0.19976149518463854,-0.18700409988865085,-0.5987950683344481,0.14125837753458448,0.23806909867026743,0.0,0.4926152337183116
motive_8,0.5972231096993996,-0.2067848820471244,0.8163591070355545,0.08836044142157712,-0.005796209199313063,0.5448917670689363,0.4926152337183116,0.0
