,motive_1,motive_2,motive_3,motive_4,motive_5,motive_6,motive_7,motive_8
motive_1,0.0,-0.235680472759699,0.3908770941199189,-0.1561292432143387,-0.3385621541943218,0.3751819142599965,0.2876402286985686,-0.12159071685626369
motive_2,-0.235680472759699,0.0,-0.24155436371886402,0.5450587974300558,0.19214431597266618,-0.38321704243319693,-0.4386632068457988,-0.21256712230356123
motive_3,0.3908770941199189,-0.24155436371886402,0.0,0.4296174056105656,0.6688180278971212,0.2774764997398721,0.2385199629671959,-0.0556689659941747
motive_4,-0.1561292432143387,0.5450587974300558,0.4296174056105656,0.0,0.326802228490997,0.18608409226372982,-0.3146056255800612,0.44341740468894547
motive_5,-0.3385621541943218,0.19214431597266618,0.6688180278971212,0.326802228490997,0.0,0.1829256861075934,-0.13273212605078105,-0.7063389831009719
motive_6,0.3751819142599965,-0.38321704243319693,0.2774764997398721,0.18608409226372982,0.1829256861075934,0.0,-0.5506632661753905,0.333263687992844
motive_7,0.2876402286985686,-0.4386632068457988,0.2385199629671959,-0.3146056255800612,-0.13273212605078105,-0.5506632661753905,0.0,-0.02122782060574585
motive_8,-0.12159071685626369,-0.21256712230356123,-0.0556689659941747,0.44341740468894547,-0.7063389831009719,0.333263687992844,-0.02122782060574585,0.0
