,motive_1,motive_2,motive_3,motive_4,motive_5,motive_6,motive_7,motive_8
motive_1,0.0,-0.014493589233361817,-0.11464613348562933,-0.0520005486649763,0.06023507590728258,0.0016142126531845762,-0.008961266281198723,-0.05537705010790775
motive_2,-0.014493589233361817,0.0,0.00400935157798523,-0.017458452714136277,-0.05835957542841669,0.0270054800643682,0.007171409403662416,-0.027111398876460233
motive_3,-0.11464613348562933,0.00400935157798523,0.0,0.07001430258357416,-0.037262301177284074,0.01147323919057076,0.10014836605624158,-0.05164737718593396
motive_4,-0.0520005486649763,-0.017458452714136277,0.07001430258357416,0.0,-0.00940820581230314,0.027094134475999537,0.04227584548128373,-0.17316998675401432
motive_5,0.06023507590728258,-0.05835957542841669,-0.037262301177284074,-0.00940820581230314,0.0,-0.09542242159747469,-0.02511832015660735,-0.08159964251691071
motive_6,0.0016142126531845762,0.0270054800643682,0.01147323919057076,0.027094134475999537,-0.09542242159747469,0.0,-0.09023963098495862,-0.033940380764613316
motive_7,-0.008961266281198723,0.007171409403662416,0.10014836605624158,0.04227584548128373,-0.02511832015660735,-0.09023963098495862,0.0,-0.04469724188030513
motive_8,-0.05537705010790775,-0.027111398876460233,-0.05164737718593396,-0.17316998675401432,-0.08159964251691071,-0.033940380764613316,-0.04469724188030513,0.0
