,motive_1,motive_2,motive_3,motive_4,motive_5,motive_6,motive_7,motive_8
motive_1,0.0,0.34279035599456886,0.1733706192341856,0.32151768835495387,0.3415511488397469,0.19781863659423699,0.08307082577563565,0.17633678924646293
motive_2,0.34279035599456886,0.0,0.5089709382410894,0.2673296432963808,0.43914596544919215,0.3606093489554386,0.42590751806682914,0.6536317089638626
motive_3,0.1733706192341856,0.5089709382410894,0.0,0.0794084536057379,0.3102232063515548,0.19638474996968278,0.4358465449729384,0.4926069675020244
motive_4,0.32151768835495387,0.2673296432963808,0.0794084536057379,0.0,0.20037218783825456,0.4719878563112866,0.42534185116572926,0.6224442284214868
motive_5,0.3415511488397469,0.43914596544919215,0.3102232063515548,0.20037218783825456,0.0,-0.045238746128956675,0.3812897604477008,0.38297882466140715
motive_6,0.19781863659423699,0.3606093489554386,0.19638474996968278,0.4719878563112866,-0.045238746128956675,0.0,0.5983069630946782,0.4245325311022524
motive_7,0.08307082577563565,0.42590751806682914,0.4358465449729384,0.42534185116572926,0.3812897604477008,0.5983069630946782,0.0,0.7700541042367481
motive_8,0.17633678924646293,0.6536317089638626,0.4926069675020244,0.6224442284214868,0.38297882466140715,0.4245325311022524,0.7700541042367481,0.0
