,motive_1,motive_2,motive_3,motive_4,motive_5,motive_6,motive_7,motive_8
motive_1,0.0,-0.007207175309675303,0.053718903576588005,0.009957622355501603,0.013782131050021733,0.04972942962818795,0.08447111090911998,0.08793683469239397
motive_2,-0.007207175309675303,0.0,-0.035094738422741606,-0.03651575806467523,0.011967522540176617,0.09259897789429111,0.0053582600760136295,0.002510259659163218
motive_3,0.053718903576588005,-0.035094738422741606,0.0,0.05520232862337828,0.14631126044252124,-0.029275089521361722,-0.1136363044278855,-0.012961872676684322
motive_4,0.009957622355501603,-0.03651575806467523,0.05520232862337828,0.0,-0.02013045547159497,0.033672045772823074,0.09131323283770576,0.0614630402224852
motive_5,0.013782131050021733,0.011967522540176617,0.14631126044252124,-0.02013045547159497,0.0,0.06445272556871497,-0.0600828762743208,-0.04616780069251976
motive_6,0.04972942962818795,0.09259897789429111,-0.029275089521361722,0.033672045772823074,0.06445272556871497,0.0,0.0006042640568337393,0.052886574152387816
motive_7,0.08447111090911998,0.0053582600760136295,-0.1136363044278855,0.09131323283770576,-0.0600828762743208,0.0006042640568337393,0.0,-0.023200532864414106
motive_8,0.08793683469239397,0.002510259659163218,-0.012961872676684322,0.0614630402224852,-0.04616780069251976,0.052886574152387816,-0.023200532864414106,0.0
