,motive_1,motive_2,motive_3,motive_4,motive_5,motive_6,motive_7,motive_8
motive_1,0.0,0.23816151395334034,0.4978309913357689,0.5000883914887031,0.6224948713464338,0.1751596287929043,0.6491484864033745,0.3217382690802907
motive_2,0.23816151395334034,0.0,0.26251062869269914,0.34665730919757065,0.31379146998131147,0.514788603276998,-0.07429207629024867,0.60058705782122
motive_3,0.4978309913357689,0.26251062869269914,0.0,0.686499128566217,0.6502344315023463,0.8081110718143146,0.4280089460569805,0.23030378625967185
motive_4,0.5000883914887031,0.34665730919757065,0.686499128566217,0.0,0.1234142820804892,0.00717910643608885,0.21742812675774117,0.4314264928167536
motive_5,0.6224948713464338,0.31379146998131147,0.6502344315023463,0.1234142820804892,0.0,0.8145344219057067,0.40538325007578335,0.5218874567735642
motive_6,0.1751596287929043,0.514788603276998,0.8081110718143146,0.00717910643608885,0.8145344219057067,0.0,0.15728473861532266,0.10149727979751877
motive_7,0.6491484864033745,-0.07429207629024867,0.4280089460569805,0.21742812675774117,0.40538325007578335,0.15728473861532266,0.0,0.3183055634137081
motive_8,0.3217382690802907,0.60058705782122,0.23030378625967185,0.4314264928167536,0.5218874567735642,0.10149727979751877,0.3183055634137081,0.0
