,motive_1,motive_2,motive_3,motive_4,motive_5,motive_6,motive_7,motive_8
motive_1,0.0,0.7559474129190725,0.5321970792470458,0.6023742216931791,0.6907576708290024,0.48102829906181743,0.5827813056340907,0.1093143406227407
motive_2,0.7559474129190725,0.0,0.36363205504330676,0.5112046013197276,0.6182416714247001,0.01904995958881156,0.606099409586623,0.6184953111184879
motive_3,0.5321970792470458,0.36363205504330676,0.0,-0.0707111065152502,0.16181980764985598,0.3421310768681961,0.4486258472847247,0.28827950072137964
motive_4,0.6023742216931791,0.5112046013197276,-0.0707111065152502,0.0,0.2863257336494462,0.5666805118479779,0.8423643700346268,0.6704211398835757
motive_5,0.6907576708290024,0.6182416714247001,0.16181980764985598,0.2863257336494462,0.0,0.7586887704158856,0.18150983304506244,0.6277413218919056
motive_6,0.48102829906181743,0.01904995958881156,0.3421310768681961,0.5666805118479779,0.7586887704158856,0.0,0.40608321876705594,0.3331931457528069
motive_7,0.5827813056340907,0.606099409586623,0.4486258472847247,0.8423643700346268,0.18150983304506244,0.40608321876705594,0.0,-0.24988737496558283
motive_8,0.1093143406227407,0.6184953111184879,0.28827950072137964,0.6704211398835757,0.6277413218919056,0.3331931457528069,-0.24988737496558283,0.0
