,motive_1,motive_2,motive_3,motive_4,motive_5,motive_6,motive_7,motive_8
satisfaction,0.8591994734020945,0.5412405458424128,-0.09499190168506078,0.027756848082401614,0.5748702348196151,-0.13969886088601768,0.2360191929134449,0.07032157556043672
