,motive_1,motive_2,motive_3,motive_4,motive_5,motive_6,motive_7,motive_8
motive_1,0.0,-0.018547779214839934,0.1236610072991918,-0.006017634821348634,-0.07590107162756754,-0.18265922201669094,-0.1710530231333006,0.007881650268996912
motive_2,-0.018547779214839934,0.0,-0.027350445068933728,-0.011349551940284044,0.02176420291121263,0.08007500255635028,0.11810885441047533,0.025377109088452875
motive_3,0.1236610072991918,-0.027350445068933728,0.0,-0.044744751345817846,-0.06512706568809778,-0.012472461648986688,-0.08194212287417728,-0.009122469788870127
motive_4,-0.006017634821348634,-0.011349551940284044,-0.044744751345817846,0.0,-0.02643348680389767,-0.03597154404953769,-0.004666771329570791,-0.011873632394348639
motive_5,-0.07590107162756754,0.02176420291121263,-0.06512706568809778,-0.02643348680389767,0.0,0.1068443236679946,0.04486435958844304,0.05037215136045527
motive_6,-0.18265922201669094,0.08007500255635028,-0.012472461648986688,-0.03597154404953769,0.1068443236679946,0.0,0.013656828945666735,0.04537420696056371
motive_7,-0.1710530231333006,0.11810885441047533,-0.08194212287417728,-0.004666771329570791,0.04486435958844304,0.013656828945666735,0.0,-0.04658810803398558
motive_8,0.007881650268996912,0.025377109088452875,-0.009122469788870127,-0.011873632394348639,0.05037215136045527,0.04537420696056371,-0.04658810803398558,0.0
