,motive_1,motive_2,motive_3,motive_4,motive_5,motive_6,motive_7,motive_8
satisfaction,0.23823906648083715,0.2804149471049183,-0.005187837456907096,0.11016786736442122,-0.37641086069992785,0.11755375949296452,-0.37617463217543473,0.39434972152803965
