,motive_1,motive_2,motive_3,motive_4,motive_5,motive_6,motive_7,motive_8
motive_1,0.0,-0.012389298656682451,0.41732826901686837,0.05514810532229619,0.2542582582344273,0.48232855071255504,0.35475313589374596,-0.0400661238952438
motive_2,-0.012389298656682451,0.0,-0.1595434645478021,0.3659869972963162,0.42138490362045766,0.5573557489286234,0.2430110883154381,-0.3596419404354812
motive_3,0.41732826901686837,-0.1595434645478021,0.0,0.5279909744933138,0.20662597584163855,-0.058855901848555894,0.21171572438415737,0.5047472179001501
motive_4,0.05514810532229619,0.3659869972963162,0.5279909744933138,0.0,0.5206175211758266,0.3398499354213311,0.5866583702414974,0.5696387325952124
motive_5,0.2542582582344273,0.42138490362045766,0.20662597584163855,0.5206175211758266,0.0,0.23955854139439942,0.19046085452590777,0.24102062404794755
motive_6,0.48232855071255504,0.5573557489286234,-0.058855901848555894,0.3398499354213311,0.23955854139439942,0.0,0.1556750536027625,0.46427274396184964
motive_7,0.35475313589374596,0.2430110883154381,0.21171572438415737,0.5866583702414974,0.19046085452590777,0.1556750536027625,0.0,0.39908950270205024
motive_8,-0.0400661238952438,-0.3596419404354812,0.5047472179001501,0.5696387325952124,0.24102062404794755,0.46427274396184964,0.39908950270205024,0.0
