,motive_1,motive_2,motive_3,motive_4,motive_5,motive_6,motive_7,motive_8
motive_1,0.0,0.13959442945510286,0.36259816138053064,-0.3307361193927662,-0.22025506095792213,-1.4142745916392605,0.4100428691000582,0.26352450141218264
motive_2,0.13959442945510286,0.0,0.06841495735580183,-0.5060581791180454,0.21858452692320315,0.18374808118941832,0.1147099589997131,0.20588880266200055
motive_3,0.36259816138053064,0.06841495735580183,0.0,0.3574173132544763,0.6012159997822278,0.6095979709170332,0.5931226407660593,0.35668696420144747
motive_4,-0.3307361193927662,-0.5060581791180454,0.3574173132544763,0.0,0.31072300812176634,-0.37843578641645365,0.2279761948866988,-0.3430032521642775
motive_5,-0.22025506095792213,0.21858452692320315,0.6012159997822278,0.31072300812176634,0.0,-0.46139939518986856,0.24226688727161966,0.6681553509577641
motive_6,-1.4142745916392605,0.18374808118941832,0.6095979709170332,-0.37843578641645365,-0.46139939518986856,0.0,-0.04845200408318738,0.6120660757868214
motive_7,0.4100428691000582,0.1147099589997131,0.5931226407660593,0.2279761948866988,0.24226688727161966,-0.04845200408318738,0.0,0.23646670062607333
motive_8,0.26352450141218264,0.20588880266200055,0.35668696420144747,-0.3430032521642775,0.6681553509577641,0.6120660757868214,0.23646670062607333,0.0
