,motive_1,motive_2,motive_3,motive_4,motive_5,motive_6,motive_7,motive_8
motive_1,0.0,0.5670913301467866,0.11579232449633331,0.07797615040202407,0.4975830574653624,0.05658811028635271,0.05980585399843334,-0.3737316625593512
motive_2,0.5670913301467866,0.0,0.27267602523263246,0.25218268548547196,-0.04260504210097804,0.1258853319427259,0.2540653602495453,0.05626815745160904
motive_3,0.11579232449633331,0.27267602523263246,0.0,0.4613882100816553,0.15219452268232314,0.49209537508689905,0.336642092280406,0.2250327335815535
motive_4,0.07797615040202407,0.25218268548547196,0.4613882100816553,0.0,0.19067684206811586,0.2702178114618066,-0.08934155863454211,0.03857742106275632
motive_5,0.4975830574653624,-0.04260504210097804,0.15219452268232314,0.19067684206811586,0.0,0.05365659910407216,-0.20427186668489372,0.13701861892240733
motive_6,0.05658811028635271,0.1258853319427259,0.49209537508689905,0.2702178114618066,0.05365659910407216,0.0,0.4648102295087717,-0.04041135492927028
motive_7,0.05980585399843334,0.2540653602495453,0.336642092280406,-0.08934155863454211,-0.20427186668489372,0.4648102295087717,0.0,0.16056889716632566
motive_8,-0.3737316625593512,0.05626815745160904,0.2250327335815535,0.03857742106275632,0.13701861892240733,-0.04041135492927028,0.16056889716632566,0.0
