,motive_1,motive_2,motive_3,motive_4,motive_5,motive_6,motive_7,motive_8
motive_1,0.0,0.4910172301802013,-0.16990169194377194,0.3516106555889311,-0.15520574055311756,0.4478749635071184,0.1680392495235088,0.4840376085856617
motive_2,0.4910172301802013,0.0,-0.05668735934408479,0.3442859940777332,0.17046972692677825,0.19091713290149281,-0.2637195918702097,0.5020913491162572
motive_3,-0.16990169194377194,-0.05668735934408479,0.0,0.17338125706130753,-0.1436615525395396,-0.0360987868279423,-0.4044087985852196,0.24392593740419943
motive_4,0.3516106555889311,0.3442859940777332,0.17338125706130753,0.0,1.0609800231505375,0.1963824337484652,-0.4051220341605436,0.35032225446092824
motive_5,-0.15520574055311756,0.17046972692677825,-0.1436615525395396,1.0609800231505375,0.0,-0.1756329333119634,0.020912801069275247,-0.350176594270067
motive_6,0.4478749635071184,0.19091713290149281,-0.0360987868279423,0.1963824337484652,-0.1756329333119634,0.0,-0.41527990928268027,-0.0050924476752354855
motive_7,0.1680392495235088,-0.2637195918702097,-0.4044087985852196,-0.4051220341605436,0.020912801069275247,-0.41527990928268027,0.0,0.32279653473675807
motive_8,0.4840376085856617,0.5020913491162572,0.24392593740419943,0.35032225446092824,-0.350176594270067,-0.0050924476752354855,0.32279653473675807,0.0
