,motive_1,motive_2,motive_3,motive_4,motive_5,motive_6,motive_7,motive_8
motive_1,0.0,-0.2876579577083561,0.26540463657184454,0.5908810225848661,0.3735073883747362,-0.009872975431610281,0.41201582893111555,0.14976951936110666
motive_2,-0.2876579577083561,0.0,-0.014247180169012559,0.09844026740857936,0.012196491480451349,0.7082909740408935,-0.15522975749512197,-0.02177716465975707
motive_3,0.26540463657184454,-0.014247180169012559,0.0,-0.26884309302725373,0.4953556951334125,0.07306528379050949,0.35445734226673964,0.022744890202515466
motive_4,0.5908810225848661,0.09844026740857936,-0.26884309302725373,0.0,0.22168241989601783,-0.06325746958485354,0.481860969370422,0.532755030498884
motive_5,0.3735073883747362,0.012196491480451349,0.4953556951334125,0.22168241989601783,0.0,0.23627573420984904,0.47871396228806873,0.15293556001284003
motive_6,-0.009872975431610281,0.7082909740408935,0.07306528379050949,-0.06325746958485354,0.23627573420984904,0.0,0.35256292928945987,0.09229246144144829
motive_7,0.41201582893111555,-0.15522975749512197,0.35445734226673964,0.481860969370422,0.47871396228806873,0.35256292928945987,0.0,-0.006139503998117399
motive_8,0.14976951936110666,-0.02177716465975707,0.022744890202515466,0.532755030498884,0.15293556001284003,0.09229246144144829,-0.006139503998117399,0.0
