,motive_1,motive_2,motive_3,motive_4,motive_5,motive_6,motive_7,motive_8
motive_1,0.0,0.09733690296335212,0.08224125279051778,0.26778565700161394,0.5101834897376067,0.24573376302991942,-0.005836288864443567,0.3114225828911771
motive_2,0.09733690296335212,0.0,0.07103225553121453,0.015276761167281494,0.3687397261115937,0.22109081413311404,-0.246660070710886,-0.000812787373406898
motive_3,0.08224125279051778,0.07103225553121453,0.0,0.6107471008236376,0.24210424068063885,0.35347303248277434,0.16583172641253527,-0.032961705562653904
motive_4,0.26778565700161394,0.015276761167281494,0.6107471008236376,0.0,0.36453596122180604,0.05934748199149918,0.5535032826150162,0.4494781243305553
motive_5,0.5101834897376067,0.3687397261115937,0.24210424068063885,0.36453596122180604,0.0,0.3366194110921652,0.30006391751391914,0.09831319529998186
motive_6,0.24573376302991942,0.22109081413311404,0.35347303248277434,0.05934748199149918,0.3366194110921652,0.0,0.19417804850540846,0.21421804227658198
motive_7,-0.005836288864443567,-0.246660070710886,0.16583172641253527,0.5535032826150162,0.30006391751391914,0.19417804850540846,0.0,0.4376739856728665
motive_8,0.3114225828911771,-0.000812787373406898,-0.032961705562653904,0.4494781243305553,0.09831319529998186,0.21421804227658198,0.4376739856728665,0.0
