,motive_1,motive_2,motive_3,motive_4,motive_5,motive_6,motive_7,motive_8
motive_1,0.0,0.0062610164238553895,0.20749901644370378,0.04975191326027603,0.07767475601560131,0.5462308581533926,0.4666601111719784,0.06571264373508932
motive_2,0.0062610164238553895,0.0,0.31429769530171786,0.2310493185294749,0.2589181224696937,0.5737940529993553,0.4995798281466066,0.40622407147573747
motive_3,0.20749901644370378,0.31429769530171786,0.0,0.5505018397431295,0.13470741899500135,0.4656460204797114,0.18459895068210438,0.5327524049818537
motive_4,0.04975191326027603,0.2310493185294749,0.5505018397431295,0.0,0.7743521439770514,0.6804273506937595,0.7113412638618523,0.36529551581661207
motive_5,0.07767475601560131,0.2589181224696937,0.13470741899500135,0.7743521439770514,0.0,0.5366619783498985,0.5573194864008117,0.2967250115634156
motive_6,0.5462308581533926,0.5737940529993553,0.4656460204797114,0.6804273506937595,0.5366619783498985,0.0,0.6744880389910528,0.4533562725386229
motive_7,0.4666601111719784,0.4995798281466066,0.18459895068210438,0.7113412638618523,0.5573194864008117,0.6744880389910528,0.0,0.5820048068509863
motive_8,0.06571264373508932,0.40622407147573747,0.5327524049818537,0.36529551581661207,0.2967250115634156,0.4533562725386229,0.5820048068509863,0.0
