,motive_1,motive_2,motive_3,motive_4,motive_5,motive_6,motive_7,motive_8
motive_1,0.0,0.5432167795344398,0.14370662472242943,0.521413095444297,0.6781657855594632,0.7053258878148637,0.4082021004862101,0.6503040619173268
motive_2,0.5432167795344398,0.0,0.3659803927336243,0.34066727492223736,0.7732706288890216,0.49910825608622544,0.3453012573880774,0.6328699775299969
motive_3,0.14370662472242943,0.3659803927336243,0.0,0.04469929845722341,0.03023425194413966,0.21968264982367539,0.01134718136559447,0.3945460348090536
motive_4,0.521413095444297,0.34066727492223736,0.04469929845722341,0.0,0.29234937636210084,0.13652747309731894,0.22645032198475962,0.6512572033666282
motive_5,0.6781657855594632,0.7732706288890216,0.03023425194413966,0.29234937636210084,0.0,0.330176059864964,0.21740110657182024,0.4304265421836837
motive_6,0.7053258878148637,0.49910825608622544,0.21968264982367539,0.13652747309731894,0.330176059864964,0.0,0.3549768875026311,0.5298667561181878
motive_7,0.4082021004862101,0.3453012573880774,0.01134718136559447,0.22645032198475962,0.21740110657182024,0.3549768875026311,0.0,0.4582922659375175
motive_8,0.6503040619173268,0.6328699775299969,0.3945460348090536,0.6512572033666282,0.4304265421836837,0.5298667561181878,0.4582922659375175,0.0
