,motive_1,motive_2,motive_3,motive_4,motive_5,motive_6,motive_7,motive_8
motive_1,0.0,0.11669670291562473,0.0903185450986054,-0.06524471009752494,-0.10809546624153718,0.027953935051043766,-0.060016504613601834,-0.09094356905855687
motive_2,0.11669670291562473,0.0,-0.08568920893474556,0.043961205646677694,-0.0034399319500609538,-0.07616484380892713,-0.052797158773593034,0.05856171976703871
motive_3,0.0903185450986054,-0.08568920893474556,0.0,0.028043029560446752,-0.11590532084937497,-0.08477422363108553,-0.03304832371275669,0.009940906716089937
motive_4,-0.06524471009752494,0.043961205646677694,0.028043029560446752,0.0,0.08365209825680883,-0.10284090182806953,-0.10066187815082264,-0.006228979857326673
motive_5,-0.10809546624153718,-0.0034399319500609538,-0.11590532084937497,0.08365209825680883,0.0,0.0010351553514871027,0.0792757893458771,0.0015755458859760853
motive_6,0.027953935051043766,-0.07616484380892713,-0.08477422363108553,-0.10284090182806953,0.0010351553514871027,0.0,0.037315175616080457,-0.025348165575610995
motive_7,-0.060016504613601834,-0.052797158773593034,-0.03304832371275669,-0.10066187815082264,0.0792757893458771,0.037315175616080457,0.0,0.13042715913065006
motive_8,-0.09094356905855687,0.05856171976703871,0.009940906716089937,-0.006228979857326673,0.0015755458859760853,-0.025348165575610995,0.13042715913065006,0.0
