,motive_1,motive_2,motive_3,motive_4,motive_5,motive_6,motive_7,motive_8
motive_1,0.0,0.046574464534573326,-0.03936732170725289,0.07419959768991705,-0.05624243307429903,0.0593858994392218,0.020909190285534025,-0.03310318829318255
motive_2,0.046574464534573326,0.0,0.0538627197848523,0.04306543556307204,0.058601850615292314,-0.14360051183819764,0.03765399578162244,0.03164365923886216
motive_3,-0.03936732170725289,0.0538627197848523,0.0,-0.09167618783148059,-0.23416703706900838,-0.018874625777420957,-0.06610140978844856,0.03070851002908717
motive_4,0.07419959768991705,0.04306543556307204,-0.09167618783148059,0.0,0.011553387821139821,0.0927556714732019,-0.06660677581523979,-0.024386914732124565
motive_5,-0.05624243307429903,0.058601850615292314,-0.23416703706900838,0.011553387821139821,0.0,0.012268657233528473,0.001455847646722623,-0.015458006880975358
motive_6,0.0593858994392218,-0.14360051183819764,-0.018874625777420957,0.0927556714732019,0.012268657233528473,0.0,-0.08473450279010664,0.0233893503156017
motive_7,0.020909190285534025,0.03765399578162244,-0.06610140978844856,-0.06660677581523979,0.001455847646722623,-0.08473450279010664,0.0,0.047596993691808955
motive_8,-0.03310318829318255,0.03164365923886216,0.03070851002908717,-0.024386914732124565,-0.015458006880975358,0.0233893503156017,0.047596993691808955,0.0
