,motive_1,motive_2,motive_3,motive_4,motive_5,motive_6,motive_7,motive_8
satisfaction,0.21875489267314993,-0.019904752802359565,-0.26742031426157997,0.18378535195582466,0.11972735428399547,0.03057874734650537,-0.09919954335118891,0.12714300414115215
