,motive_1,motive_2,motive_3,motive_4,motive_5,motive_6,motive_7,motive_8
motive_1,0.0,0.1448006613978831,0.47790708618090005,0.47505689778194954,0.21429018934540914,0.24183862247125654,0.11200968983394236,0.0013258607903463837
motive_2,0.1448006613978831,0.0,0.36764901568629826,0.18250492635537094,0.24090305922606212,0.31446317237716326,0.47822566086188956,0.45090116453117196
motive_3,0.47790708618090005,0.36764901568629826,0.0,0.16095716225319906,-0.05888039752983157,0.4815598365800713,0.4944027367620101,0.07951476106674252
motive_4,0.47505689778194954,0.18250492635537094,0.16095716225319906,0.0,0.3381784559538812,0.769260696168535,1.0138275724359733,0.060193663378939305
motive_5,0.21429018934540914,0.24090305922606212,-0.05888039752983157,0.3381784559538812,0.0,0.5088103063971259,0.3462705643010756,0.2029855499399113
motive_6,0.24183862247125654,0.31446317237716326,0.4815598365800713,0.769260696168535,0.5088103063971259,0.0,0.3231485253022018,0.8578071137482034
motive_7,0.11200968983394236,0.47822566086188956,0.4944027367620101,1.0138275724359733,0.3462705643010756,0.3231485253022018,0.0,0.3119332044372808
motive_8,0.0013258607903463837,0.45090116453117196,0.07951476106674252,0.060193663378939305,0.2029855499399113,0.8578071137482034,0.3119332044372808,0.0
