,motive_1,motive_2,motive_3,motive_4,motive_5,motive_6,motive_7,motive_8
motive_1,0.0,0.03449589065923871,0.16361508009370462,0.06783644030958547,0.2193764583211133,0.06484789321399136,0.16060756818023803,0.17844573825300272
motive_2,0.03449589065923871,0.0,0.0899453092913794,0.1100534733536199,0.12067375345717342,0.027136854546224075,0.14075244264778905,0.06348908523020437
motive_3,0.16361508009370462,0.0899453092913794,0.0,0.22975707783275792,0.08499729704005267,-0.02366554832584062,0.040569381976073265,0.015027718592482565
motive_4,0.06783644030958547,0.1100534733536199,0.22975707783275792,0.0,0.16667381610009563,0.16813516696391773,0.04952397157234663,0.13176338208300453
motive_5,0.2193764583211133,0.12067375345717342,0.08499729704005267,0.16667381610009563,0.0,0.08190049744458697,0.14411312446892907,0.16026086227276737
motive_6,0.06484789321399136,0.027136854546224075,-0.02366554832584062,0.16813516696391773,0.08190049744458697,0.0,0.05207378046566807,0.12476928603836096
motive_7,0.16060756818023803,0.14075244264778905,0.040569381976073265,0.04952397157234663,0.14411312446892907,0.05207378046566807,0.0,0.21440281942806416
motive_8,0.17844573825300272,0.06348908523020437,0.015027718592482565,0.13176338208300453,0.16026086227276737,0.12476928603836096,0.21440281942806416,0.0
