,motive_1,motive_2,motive_3,motive_4,motive_5,motive_6,motive_7,motive_8
motive_1,0.0,0.19805145005181754,0.36325758952047243,0.5465711164552758,0.5642393350321009,0.8551445805683029,0.24451164997408967,0.19713371134069563
motive_2,0.19805145005181754,0.0,0.386818591942508,0.30355177149835655,0.3890307148042039,0.6419346703594155,0.29671584509693805,0.6031193643024687
motive_3,0.36325758952047243,0.386818591942508,0.0,0.705408084707389,0.41467890909453653,0.33938266212266055,0.5961474983802106,0.2997344722038987
motive_4,0.5465711164552758,0.30355177149835655,0.705408084707389,0.0,0.3277032448029816,0.4823733432866978,0.29763979012733854,0.14329372531426282
motive_5,0.5642393350321009,0.3890307148042039,0.41467890909453653,0.3277032448029816,0.0,0.5495369096224603,0.5857245512949101,0.5358544393245569
motive_6,0.8551445805683029,0.6419346703594155,0.33938266212266055,0.4823733432866978,0.5495369096224603,0.0,0.22428135627331727,0.07489240463213001
motive_7,0.24451164997408967,0.29671584509693805,0.5961474983802106,0.29763979012733854,0.5857245512949101,0.22428135627331727,0.0,0.7823204097218437
motive_8,0.19713371134069563,0.6031193643024687,0.2997344722038987,0.14329372531426282,0.5358544393245569,0.07489240463213001,0.7823204097218437,0.0
