,motive_1,motive_2,motive_3,motive_4,motive_5,motive_6,motive_7,motive_8
motive_1,0.0,0.0634464160488217,0.06823028609834231,0.00380085904745113,0.015459919174602467,0.03821333079353375,0.041094397220303155,-0.036037755016938594
motive_2,0.0634464160488217,0.0,-0.1680250823541925,-0.06709191544505264,0.12271541092654906,0.12576948999399726,-0.04941581734538319,0.005104277452375128
motive_3,0.06823028609834231,-0.1680250823541925,0.0,0.009107525395206754,-0.004627717503286829,0.16043520788112825,-0.06004342841426549,-0.07326906572921474
motive_4,0.00380085904745113,-0.06709191544505264,0.009107525395206754,0.0,-0.014765435699624123,-0.06661647353737292,0.023109951402157353,-0.04680613362778653
motive_5,0.015459919174602467,0.12271541092654906,-0.004627717503286829,-0.014765435699624123,0.0,0.07554132458512436,0.118372050393015,0.05424878064235493
motive_6,0.03821333079353375,0.12576948999399726,0.16043520788112825,-0.06661647353737292,0.07554132458512436,0.0,-0.07269420721002255,-0.01501836624752359
motive_7,0.041094397220303155,-0.04941581734538319,-0.06004342841426549,0.023109951402157353,0.118372050393015,-0.07269420721002255,0.0,0.1484784505935831
motive_8,-0.036037755016938594,0.005104277452375128,-0.07326906572921474,-0.04680613362778653,0.05424878064235493,-0.01501836624752359,0.1484784505935831,0.0
