,motive_1,motive_2,motive_3,motive_4,motive_5,motive_6,motive_7,motive_8
motive_1,0.0,0.13964489659038243,0.016443229484537254,0.08677943642481649,0.02488753871448304,0.007592039571770415,-0.06424938321308532,0.01495968868486433
motive_2,0.13964489659038243,0.0,0.07880431178092462,-0.025361674028714386,0.022016079607143635,-0.1114829846729389,0.027825785940579904,0.031701912683302136
motive_3,0.016443229484537254,0.07880431178092462,0.0,-0.019953314071916348,0.08311091489362021,-0.027304289455769633,0.0035374678621380717,0.06894382660226539
motive_4,0.08677943642481649,-0.025361674028714386,-0.019953314071916348,0.0,0.0678460230069022,-0.023541431663154727,0.06302414708173962,0.059166349251943584
motive_5,0.02488753871448304,0.022016079607143635,0.08311091489362021,0.0678460230069022,0.0,-0.04295545421127994,0.06218364304990515,-0.025799854335563026
motive_6,0.007592039571770415,-0.1114829846729389,-0.027304289455769633,-0.023541431663154727,-0.04295545421127994,0.0,-0.12773925557763324,-0.10417164651696961
motive_7,-0.06424938321308532,0.027825785940579904,0.0035374678621380717,0.06302414708173962,0.06218364304990515,-0.12773925557763324,0.0,0.05052459507782635
motive_8,0.01495968868486433,0.031701912683302136,0.06894382660226539,0.059166349251943584,-0.025799854335563026,-0.10417164651696961,0.05052459507782635,0.0
