,motive_1,motive_2,motive_3,motive_4,motive_5,motive_6,motive_7,motive_8
motive_1,0.0,0.7546359991849397,0.7740162336835368,0.6071695891814266,0.04377809688453452,0.5138687104333369,0.5997980930217444,0.4966536721253448
motive_2,0.7546359991849397,0.0,0.4223195565587087,-0.10310663848196536,0.1585642676487584,0.6270265322421162,0.18481117667869096,0.492479074681938
motive_3,0.7740162336835368,0.4223195565587087,0.0,0.29169933481971777,0.21962329048274404,0.43510994774057454,0.5610143528075413,0.3297627708933828
motive_4,0.6071695891814266,-0.10310663848196536,0.29169933481971777,0.0,0.4773161390314849,0.37877020694926933,0.6284537748055378,0.2525145595410594
motive_5,0.04377809688453452,0.1585642676487584,0.21962329048274404,0.4773161390314849,0.0,0.6746014571014615,0.39443359403119904,0.41165695003503444
motive_6,0.5138687104333369,0.6270265322421162,0.43510994774057454,0.37877020694926933,0.6746014571014615,0.0,-0.0179518410897664,0.4784998599331426
motive_7,0.5997980930217444,0.18481117667869096,0.5610143528075413,0.6284537748055378,0.39443359403119904,-0.0179518410897664,0.0,0.849085538428285
motive_8,0.4966536721253448,0.492479074681938,0.3297627708933828,0.2525145595410594,0.41165695003503444,0.4784998599331426,0.849085538428285,0.0
