,motive_1,motive_2,motive_3,motive_4,motive_5,motive_6,motive_7,motive_8
motive_1,0.0,0.5377646340152844,0.02621373086651624,0.5880502413664522,0.687294757762294,-0.24488248883093466,-0.4896906700156811,-0.4471737974411362
motive_2,0.5377646340152844,0.0,-0.11316987792439329,0.40771182496842395,-0.18082099245570293,0.021150504425203942,0.011756328494063717,0.0558863993771434
motive_3,0.02621373086651624,-0.11316987792439329,0.0,0.3608988833875174,0.11413104589237476,-0.2489085679305916,0.1663163673999821,0.8626877197313931
motive_4,0.5880502413664522,0.40771182496842395,0.3608988833875174,0.0,-0.39100511728660303,0.41216080614013806,0.17817462742845905,0.5732286318679509
motive_5,0.687294757762294,-0.18082099245570293,0.11413104589237476,-0.39100511728660303,0.0,0.6093368892623247,0.5123706999465751,-0.14508923794304962
motive_6,-0.24488248883093466,0.021150504425203942,-0.2489085679305916,0.41216080614013806,0.6093368892623247,0.0,-0.5960093634896513,-0.7579886632369566
motive_7,-0.4896906700156811,0.011756328494063717,0.1663163673999821,0.17817462742845905,0.5123706999465751,-0.5960093634896513,0.0,-0.5170756809625068
motive_8,-0.4471737974411362,0.0558863993771434,0.8626877197313931,0.5732286318679509,-0.14508923794304962,-0.7579886632369566,-0.5170756809625068,0.0
