,motive_1,motive_2,motive_3,motive_4,motive_5,motive_6,motive_7,motive_8
motive_1,0.0,0.4309926182951553,0.1744750404281201,0.33053253262430526,0.14955521126115712,0.8549161160999008,0.25694472262597545,0.10692042878066835
motive_2,0.4309926182951553,0.0,-0.06664359775228917,0.017991072829021765,0.17767309150507288,0.3874699050234084,0.20336983928398755,0.2472157895674985
motive_3,0.1744750404281201,-0.06664359775228917,0.0,0.1833306094984598,0.18888919662289955,0.14409235715141905,0.15638102977967044,0.18509823427743233
motive_4,0.33053253262430526,0.017991072829021765,0.1833306094984598,0.0,0.254120632276745,0.6675478549474592,0.24325388545339072,0.15360287925747956
motive_5,0.14955521126115712,0.17767309150507288,0.18888919662289955,0.254120632276745,0.0,0.08229333283365364,0.48286092301932393,0.01147652717509659
motive_6,0.8549161160999008,0.3874699050234084,0.14409235715141905,0.6675478549474592,0.08229333283365364,0.0,0.14949272623842402,0.19337063710090566
motive_7,0.25694472262597545,0.20336983928398755,0.15638102977967044,0.24325388545339072,0.48286092301932393,0.14949272623842402,0.0,0.15104653395655268
motive_8,0.10692042878066835,0.2472157895674985,0.18509823427743233,0.15360287925747956,0.01147652717509659,0.19337063710090566,0.15104653395655268,0.0
