,motive_1,motive_2,motive_3,motive_4,motive_5,motive_6,motive_7,motive_8
satisfaction,0.31207350082340235,0.19157186883258606,0.4838972175514643,0.2381255462078753,-0.4491253365017727,0.4072376186290009,0.2856741083281414,0.3169531545222305
