,motive_1,motive_2,motive_3,motive_4,motive_5,motive_6,motive_7,motive_8
satisfaction,0.14860617093011244,0.08265580548346387,0.11112107930340406,0.25711623395800487,-0.17451930471212593,0.040020713494497595,0.062033633334784344,0.16023859597935403
