,motive_1,motive_2,motive_3,motive_4,motive_5,motive_6,motive_7,motive_8
motive_1,0.0,-0.036775847587017574,0.10647255077235619,0.20602528160543698,0.056532264028281105,0.12813899053438638,0.10087413427022646,0.017398189350656977
motive_2,-0.036775847587017574,0.0,0.24526327849742233,0.0634164147644106,0.1286957162950376,0.08086886055127324,0.011819327991128115,-0.05721852767163773
motive_3,0.10647255077235619,0.24526327849742233,0.0,0.23638280680126272,0.007250165977264529,0.09440564641958421,0.03688188578120043,0.16221280346705222
motive_4,0.20602528160543698,0.0634164147644106,0.23638280680126272,0.0,0.1890315507232092,0.12784416528702508,0.13390253623811532,0.03932167478624395
motive_5,0.056532264028281105,0.1286957162950376,0.007250165977264529,0.1890315507232092,0.0,0.13881580562258422,0.10065149227388483,0.01569551377742063
motive_6,0.12813899053438638,0.08086886055127324,0.09440564641958421,0.12784416528702508,0.13881580562258422,0.0,0.06139017323355128,-0.024815836429020285
motive_7,0.10087413427022646,0.011819327991128115,0.03688188578120043,0.13390253623811532,0.10065149227388483,0.06139017323355128,0.0,0.12099849917935673
motive_8,0.017398189350656977,-0.05721852767163773,0.16221280346705222,0.03932167478624395,0.01569551377742063,-0.024815836429020285,0.12099849917935673,0.0
