,motive_1,motive_2,motive_3,motive_4,motive_5,motive_6,motive_7,motive_8
motive_1,0.0,0.07102776105145911,0.005876841861212255,0.12459123921162248,0.09474259303652607,0.22348151715137626,0.1439076043074209,0.0679533634080848
motive_2,0.07102776105145911,0.0,0.05887507064600585,0.1385677543103589,0.07868815350111741,0.0266708009502043,0.04363289043374512,0.07394511374824594
motive_3,0.005876841861212255,0.05887507064600585,0.0,0.11261323881923163,0.10722995131889469,0.16787809239703239,0.155747828706224,0.06096119727199446
motive_4,0.12459123921162248,0.1385677543103589,0.11261323881923163,0.0,0.05077442804034052,0.08986137479260237,0.03740679529763427,0.1046160316635986
motive_5,0.09474259303652607,0.07868815350111741,0.10722995131889469,0.05077442804034052,0.0,0.05176119823944787,0.06367242059692249,0.10992141788889674
motive_6,0.22348151715137626,0.0266708009502043,0.16787809239703239,0.08986137479260237,0.05176119823944787,0.0,0.07375392686276493,0.03116699828308418
motive_7,0.1439076043074209,0.04363289043374512,0.155747828706224,0.03740679529763427,0.06367242059692249,0.07375392686276493,0.0,0.1265813862996966
motive_8,0.0679533634080848,0.07394511374824594,0.06096119727199446,0.1046160316635986,0.10992141788889674,0.03116699828308418,0.1265813862996966,0.0
