,motive_1,motive_2,motive_3,motive_4,motive_5,motive_6,motive_7,motive_8
motive_1,0.0,0.4101273681461528,0.6523372537099887,0.3159703166385339,-0.5207488828021565,0.08725727476867984,0.36124438324858543,-0.028622939505364195
motive_2,0.4101273681461528,0.0,0.38838290513599655,0.11683891084384021,0.4074062691544132,0.19571524046713945,0.2904974577106222,0.1464697701810294
motive_3,0.6523372537099887,0.38838290513599655,0.0,0.1436701881306712,0.1636876954994561,0.27963130112877643,0.19984610842102263,0.16561538974398965
motive_4,0.3159703166385339,0.11683891084384021,0.1436701881306712,0.0,0.28724237262919583,0.21383786687297873,0.3239137329551587,-0.009370841631931234
motive_5,-0.5207488828021565,0.4074062691544132,0.1636876954994561,0.28724237262919583,0.0,0.6211276310682821,0.27043304183858674,0.2834903040246092
motive_6,0.08725727476867984,0.19571524046713945,0.27963130112877643,0.21383786687297873,0.6211276310682821,0.0,0.27669998312330857,0.013365686799978321
motive_7,0.36124438324858543,0.2904974577106222,0.19984610842102263,0.3239137329551587,0.27043304183858674,0.27669998312330857,0.0,-0.1491616326991407
motive_8,-0.028622939505364195,0.1464697701810294,0.16561538974398965,-0.009370841631931234,0.2834903040246092,0.013365686799978321,-0.1491616326991407,0.0
