,motive_1,motive_2,motive_3,motive_4,motive_5,motive_6,motive_7,motive_8
motive_1,0.0,0.17541721511049246,0.048696361205090105,0.1424632381347661,0.08759999288756401,0.17627379646446573,-0.046510438424862494,0.6634166987872094
motive_2,0.17541721511049246,0.0,0.6934165599714758,0.14931421338193063,0.05671868158866639,0.16779495474785364,0.4661579446352952,0.4115594089758457
motive_3,0.048696361205090105,0.6934165599714758,0.0,0.44123164200622256,-0.08040086100035439,0.08619657722788496,0.39631393982048724,0.354607590955601
motive_4,0.1424632381347661,0.14931421338193063,0.44123164200622256,0.0,0.555564203127251,0.3028912207950394,0.20352839600818207,0.20993467683448633
motive_5,0.08759999288756401,0.05671868158866639,-0.08040086100035439,0.555564203127251,0.0,-0.016042447663568715,0.3356755400828856,-0.013815459450411155
motive_6,0.17627379646446573,0.16779495474785364,0.08619657722788496,0.3028912207950394,-0.016042447663568715,0.0,0.13542613998229164,0.03844004715246761
motive_7,-0.046510438424862494,0.4661579446352952,0.39631393982048724,0.20352839600818207,0.3356755400828856,0.13542613998229164,0.0,0.053428657210649516
motive_8,0.6634166987872094,0.4115594089758457,0.354607590955601,0.20993467683448633,-0.013815459450411155,0.03844004715246761,0.053428657210649516,0.0
