,motive_1,motive_2,motive_3,motive_4,motive_5,motive_6,motive_7,motive_8
motive_1,0.0,-0.08958244197594312,0.48285127990952315,-0.09125186523399442,0.35570956233518203,0.16284005977048105,0.47974145908622506,-0.29560915928766635
motive_2,-0.08958244197594312,0.0,-0.16491181268160732,0.3120218630997126,0.8770226845244831,-0.26496272618126826,0.6151704810173777,0.9914166725900351
motive_3,0.48285127990952315,-0.16491181268160732,0.0,1.4265330260237186,-0.10572473086350284,-0.05539069105340378,-0.31853265662250574,0.3540178600809448
motive_4,-0.09125186523399442,0.3120218630997126,1.4265330260237186,0.0,0.3411834020876529,0.057897453241526176,0.12595809163698102,0.3951077692498355
motive_5,0.35570956233518203,0.8770226845244831,-0.10572473086350284,0.3411834020876529,0.0,-0.03369843738172751,-0.20865787638899236,-0.026259157547394336
motive_6,0.16284005977048105,-0.26496272618126826,-0.05539069105340378,0.057897453241526176,-0.03369843738172751,0.0,0.23607332062878636,0.2096447931771284
motive_7,0.47974145908622506,0.6151704810173777,-0.31853265662250574,0.12595809163698102,-0.20865787638899236,0.23607332062878636,0.0,-0.14324120905080184
motive_8,-0.29560915928766635,0.9914166725900351,0.3540178600809448,0.3951077692498355,-0.026259157547394336,0.2096447931771284,-0.14324120905080184,0.0
