,motive_1,motive_2,motive_3,motive_4,motive_5,motive_6,motive_7,motive_8
motive_1,0.0,0.24078455022194847,0.2592165424583093,0.16743527889258802,0.6585240336727972,0.8343378994218811,0.6807101844213733,0.33643258340569926
motive_2,0.24078455022194847,0.0,0.4511572384127573,0.2945640273968275,0.46857593497976935,-0.035085160687903905,0.49823037731171727,0.4819217676581413
motive_3,0.2592165424583093,0.4511572384127573,0.0,0.1869687485444693,0.4638334537414598,0.2670478496862535,0.5264888158264923,0.20976183006737478
motive_4,0.16743527889258802,0.2945640273968275,0.1869687485444693,0.0,0.7258994132971122,0.34083352419311364,0.4418289332890406,0.5167567585509691
motive_5,0.6585240336727972,0.46857593497976935,0.4638334537414598,0.7258994132971122,0.0,0.17239244952252075,0.5494196425730951,0.44646460518853903
motive_6,0.8343378994218811,-0.035085160687903905,0.2670478496862535,0.34083352419311364,0.17239244952252075,0.0,-0.09327991205340158,0.3225232665067144
motive_7,0.6807101844213733,0.49823037731171727,0.5264888158264923,0.4418289332890406,0.5494196425730951,-0.09327991205340158,0.0,0.5661832336387186
motive_8,0.33643258340569926,0.4819217676581413,0.20976183006737478,0.5167567585509691,0.44646460518853903,0.3225232665067144,0.5661832336387186,0.0
