,motive_1,motive_2,motive_3,motive_4,motive_5,motive_6,motive_7,motive_8
motive_1,0.0,0.2196829837966074,0.4823057828264048,0.27862971250000645,0.5125126793881432,0.44295076975536957,0.6801831738762798,0.4901280788571567
motive_2,0.2196829837966074,0.0,0.374389888081914,0.03224310967597119,-0.15245429621414125,0.24871051821711873,0.2363317032497403,0.1346251408518093
motive_3,0.4823057828264048,0.374389888081914,0.0,0.10912931278525334,0.6584538184235248,0.7420794847492115,0.44242739173733237,0.7302925104770085
motive_4,0.27862971250000645,0.03224310967597119,0.10912931278525334,0.0,0.7093564540050401,0.18502598075792734,0.05397891622703238,0.8026385274230892
motive_5,0.5125126793881432,-0.15245429621414125,0.6584538184235248,0.7093564540050401,0.0,0.5139614471144601,0.5093956397282602,0.4216946647546951
motive_6,0.44295076975536957,0.24871051821711873,0.7420794847492115,0.18502598075792734,0.5139614471144601,0.0,0.40048483684658276,0.48861416641807653
motive_7,0.6801831738762798,0.2363317032497403,0.44242739173733237,0.05397891622703238,0.5093956397282602,0.40048483684658276,0.0,0.1980024127120252
motive_8,0.4901280788571567,0.1346251408518093,0.7302925104770085,0.8026385274230892,0.4216946647546951,0.48861416641807653,0.1980024127120252,0.0
