,motive_1,motive_2,motive_3,motive_4,motive_5,motive_6,motive_7,motive_8
motive_1,0.0,-0.024750193024097,-0.04846511028123331,-0.06753320879942806,-0.04398181795497473,-0.035768618974452326,-0.0682499433099975,-0.11643200258073982
motive_2,-0.024750193024097,0.0,-0.12993229285624003,0.026067872721010195,-0.05442226105522992,-0.007611356604088845,0.03851650850472513,0.015979045542354697
motive_3,-0.04846511028123331,-0.12993229285624003,0.0,-0.0731883643264486,-0.0462798471248946,0.08890150177438688,0.01812621681284484,-0.10466747396862819
motive_4,-0.06753320879942806,0.026067872721010195,-0.0731883643264486,0.0,0.004583683904719499,0.10076784462344555,-0.045195073226148505,-0.019341856250394928
motive_5,-0.04398181795497473,-0.05442226105522992,-0.0462798471248946,0.004583683904719499,0.0,-0.0015606339692293553,0.06980437774209243,0.054470652928056855
motive_6,-0.035768618974452326,-0.007611356604088845,0.08890150177438688,0.10076784462344555,-0.0015606339692293553,0.0,0.01409282234871333,-0.038217218968180186
motive_7,-0.0682499433099975,0.03851650850472513,0.01812621681284484,-0.045195073226148505,0.06980437774209243,0.01409282234871333,0.0,-0.12711199386812214
motive_8,-0.11643200258073982,0.015979045542354697,-0.10466747396862819,-0.019341856250394928,0.054470652928056855,-0.038217218968180186,-0.12711199386812214,0.0
