,motive_1,motive_2,motive_3,motive_4,motive_5,motive_6,motive_7,motive_8
motive_1,0.0,0.43584244551369167,0.8520232419656918,0.016059136886375724,-0.48762948923306193,-0.6479667494823955,-0.29814802218828157,-0.3950976155047691
motive_2,0.43584244551369167,0.0,0.20298617515428793,0.06164320999238121,-0.304671418293457,0.6757793898614004,0.13783941486752216,0.6042158222989317
motive_3,0.8520232419656918,0.20298617515428793,0.0,0.0599895665586269,0.4281731452030568,0.31881992031315154,-0.011742413415435374,0.880695796223779
motive_4,0.016059136886375724,0.06164320999238121,0.0599895665586269,0.0,0.5589964164264758,0.5524332619990364,0.045624084652857666,-0.5393624591683002
motive_5,-0.48762948923306193,-0.304671418293457,0.4281731452030568,0.5589964164264758,0.0,0.014185202005780669,0.2140341880569092,0.021945054986855672
motive_6,-0.6479667494823955,0.6757793898614004,0.31881992031315154,0.5524332619990364,0.014185202005780669,0.0,0.4526848456906789,0.6717787680689593
motive_7,-0.29814802218828157,0.13783941486752216,-0.011742413415435374,0.045624084652857666,0.2140341880569092,0.4526848456906789,0.0,0.11323431845963454
motive_8,-0.3950976155047691,0.6042158222989317,0.880695796223779,-0.5393624591683002,0.021945054986855672,0.6717787680689593,0.11323431845963454,0.0
