,motive_1,motive_2,motive_3,motive_4,motive_5,motive_6,motive_7,motive_8
motive_1,0.0,-0.09122773039521723,0.22027352833954456,0.07432277046585442,0.05743799913545207,0.09871433694634835,0.06269814869605751,0.1290912373406713
motive_2,-0.09122773039521723,0.0,0.07626980206560183,0.07438382036924783,0.024091624850637657,0.06086430993091355,-0.02590073007220413,0.010566407209425165
motive_3,0.22027352833954456,0.07626980206560183,0.0,0.15810239579202634,0.06644261292753766,0.037476488794570835,0.19406993898035155,0.1627037424538208
motive_4,0.07432277046585442,0.07438382036924783,0.15810239579202634,0.0,0.15285880063884338,0.1596858816409838,0.17876476690175352,0.1456351830243975
motive_5,0.05743799913545207,0.024091624850637657,0.06644261292753766,0.15285880063884338,0.0,0.1867793467640722,0.06180421461815319,-0.05690404982034762
motive_6,0.09871433694634835,0.06086430993091355,0.037476488794570835,0.1596858816409838,0.1867793467640722,0.0,0.07445398673794668,0.1519266607368489
motive_7,0.06269814869605751,-0.02590073007220413,0.19406993898035155,0.17876476690175352,0.06180421461815319,0.07445398673794668,0.0,0.0904060323345503
motive_8,0.1290912373406713,0.010566407209425165,0.1627037424538208,0.1456351830243975,-0.05690404982034762,0.1519266607368489,0.0904060323345503,0.0
