,motive_1,motive_2,motive_3,motive_4,motive_5,motive_6,motive_7,motive_8
motive_1,0.0,0.0756149266530032,0.10304890973429467,0.06266443255516374,0.049479624764941096,0.21993598238022538,0.0331324384172963,0.07585372457491062
motive_2,0.0756149266530032,0.0,0.15202185832772597,0.15796987115972888,0.17525202071390486,0.024629586839241838,0.13217701568360024,0.19055773462309822
motive_3,0.10304890973429467,0.15202185832772597,0.0,-0.0802518762612405,0.015830568109646184,0.1543744440996803,0.1292976196298583,0.005373422007427138
motive_4,0.06266443255516374,0.15796987115972888,-0.0802518762612405,0.0,0.11379115344681905,0.13951950900516102,0.14222484204272215,0.17029566620117248
motive_5,0.049479624764941096,0.17525202071390486,0.015830568109646184,0.11379115344681905,0.0,0.06372710076412422,0.11885819903547315,0.03510161789490689
motive_6,0.21993598238022538,0.024629586839241838,0.1543744440996803,0.13951950900516102,0.06372710076412422,0.0,0.058045664187827604,0.06684604237647827
motive_7,0.0331324384172963,0.13217701568360024,0.1292976196298583,0.14222484204272215,0.11885819903547315,0.058045664187827604,0.0,0.06733724406566949
motive_8,0.07585372457491062,0.19055773462309822,0.005373422007427138,0.17029566620117248,0.03510161789490689,0.06684604237647827,0.06733724406566949,0.0
