,motive_1,motive_2,motive_3,motive_4,motive_5,motive_6,motive_7,motive_8
motive_1,0.0,0.07097600703073588,0.016218343696036475,-0.133924968280731,-0.1634466895769615,-0.035038059762593894,-0.09481349951724069,-0.06006972194568729
motive_2,0.07097600703073588,0.0,0.07560988156086287,-0.015606023308536679,0.02022721894710211,0.058358499650751586,0.04513437062066866,0.04488232387778299
motive_3,0.016218343696036475,0.07560988156086287,0.0,0.019751000365470145,-0.12826954280584527,-0.08262537641123309,-0.012231439711178495,-0.005017282564884998
motive_4,-0.133924968280731,-0.015606023308536679,0.019751000365470145,0.0,-0.09395548273071777,0.063747543527242,0.06182920246036507,-0.001379169738688929
motive_5,-0.1634466895769615,0.02022721894710211,-0.12826954280584527,-0.09395548273071777,0.0,0.008913458111544533,0.07220862341825195,0.009626679382785927
motive_6,-0.035038059762593894,0.058358499650751586,-0.08262537641123309,0.063747543527242,0.008913458111544533,0.0,0.04240490455057094,0.034002123092517725
motive_7,-0.09481349951724069,0.04513437062066866,-0.012231439711178495,0.06182920246036507,0.07220862341825195,0.04240490455057094,0.0,0.06027509322063354
motive_8,-0.06006972194568729,0.04488232387778299,-0.005017282564884998,-0.001379169738688929,0.009626679382785927,0.034002123092517725,0.06027509322063354,0.0
