,motive_1,motive_2,motive_3,motive_4,motive_5,motive_6,motive_7,motive_8
satisfaction,0.12447007075562365,0.9232869354140958,0.2842458010026282,-0.049546531318477666,0.32624447013313895,0.1350957605879645,0.7607903535698766,0.5464943839535428
