,motive_1,motive_2,motive_3,motive_4,motive_5,motive_6,motive_7,motive_8
motive_1,0.0,0.1105728709757774,-0.3085781361796532,0.32332839494680543,0.7286842235225033,0.1384787392836412,0.2578366141584845,0.4849602046821593
motive_2,0.1105728709757774,0.0,0.4521944678971348,0.7958659410593727,0.27864644881138534,0.301373958089476,-0.14803390551144313,-0.08210716107438594
motive_3,-0.3085781361796532,0.4521944678971348,0.0,0.16579159272125704,0.4075584926034339,-0.027399578330749158,0.6564006493748861,0.541218571411247
motive_4,0.32332839494680543,0.7958659410593727,0.16579159272125704,0.0,0.7332367331454173,0.27035911360629794,0.5619064114230256,-0.1603946206125706
motive_5,0.7286842235225033,0.27864644881138534,0.4075584926034339,0.7332367331454173,0.0,0.002826804103943509,0.3269049277698354,0.319070610297413
motive_6,0.1384787392836412,0.301373958089476,-0.027399578330749158,0.27035911360629794,0.002826804103943509,0.0,0.08214477796666807,0.5124785951723992
motive_7,0.2578366141584845,-0.14803390551144313,0.6564006493748861,0.5619064114230256,0.3269049277698354,0.08214477796666807,0.0,0.03439981142363607
motive_8,0.4849602046821593,-0.08210716107438594,0.541218571411247,-0.1603946206125706,0.319070610297413,0.5124785951723992,0.03439981142363607,0.0
