,motive_1,motive_2,motive_3,motive_4,motive_5,motive_6,motive_7,motive_8
motive_1,0.0,0.358535573654746,0.6958573238418184,0.05104722889327107,0.347523969310101,0.14676909885811082,0.15344934663568927,0.4106130786686101
motive_2,0.358535573654746,0.0,0.08709042792823998,0.2492872208623123,0.24619939152498163,0.21481679139180843,0.592978313436998,0.8794834329443495
motive_3,0.6958573238418184,0.08709042792823998,0.0,0.7302024215801215,0.6591768567966307,0.24790935904483546,0.3918793405159746,0.059470797066404846
motive_4,0.05104722889327107,0.2492872208623123,0.7302024215801215,0.0,0.45327520103536867,0.4765606626840687,0.9121696657691273,0.13198880619686879
motive_5,0.347523969310101,0.24619939152498163,0.6591768567966307,0.45327520103536867,0.0,0.15792311939732728,0.15084541318556624,0.7532204214203079
motive_6,0.14676909885811082,0.21481679139180843,0.24790935904483546,0.4765606626840687,0.15792311939732728,0.0,0.19140150784598142,0.6874766686186927
motive_7,0.15344934663568927,0.592978313436998,0.3918793405159746,0.9121696657691273,0.15084541318556624,0.19140150784598142,0.0,0.4326845415118184
motive_8,0.4106130786686101,0.8794834329443495,0.059470797066404846,0.13198880619686879,0.7532204214203079,0.6874766686186927,0.4326845415118184,0.0
