,motive_1,motive_2,motive_3,motive_4,motive_5,motive_6,motive_7,motive_8
motive_1,0.0,-0.6874779671522893,-0.2850019671125925,-0.600496173479448,-0.5446504879687974,0.39246171630678517,0.23332022234395683,-0.5685747125298214
motive_2,-0.6874779671522893,0.0,-0.07140460939656429,-0.23790136294105022,-0.18216375506061266,0.4475881059987106,0.2991596562932133,0.11244814295147476
motive_3,-0.2850019671125925,-0.07140460939656429,0.0,0.40100367948625903,-0.43058516200999736,0.23129204095942274,-0.3308020986357913,0.3655048099637074
motive_4,-0.600496173479448,-0.23790136294105022,0.40100367948625903,0.0,0.8487042879541029,0.6608547013875191,0.7226825277237044,0.03059103163322406
motive_5,-0.5446504879687974,-0.18216375506061266,-0.43058516200999736,0.8487042879541029,0.0,0.3733239566997968,0.41463897280162354,-0.10654997687316892
motive_6,0.39246171630678517,0.4475881059987106,0.23129204095942274,0.6608547013875191,0.3733239566997968,0.0,0.6489760779821054,0.20671254507724576
motive_7,0.23332022234395683,0.2991596562932133,-0.3308020986357913,0.7226825277237044,0.41463897280162354,0.6489760779821054,0.0,0.4640096137019727
motive_8,-0.5685747125298214,0.11244814295147476,0.3655048099637074,0.03059103163322406,-0.10654997687316892,0.20671254507724576,0.4640096137019727,0.0
