,motive_1,motive_2,motive_3,motive_4,motive_5,motive_6,motive_7,motive_8
motive_1,0.0,0.06674062403207405,0.02375428224463403,0.06276171892997243,0.08640768190737537,-0.061242665395342503,-0.01620622919969798,-0.15803275226490307
motive_2,0.06674062403207405,0.0,0.03965615630135901,0.03917334125488591,0.05393361420843205,0.03237859580649994,-0.04044577851055646,0.01109573258775451
motive_3,0.02375428224463403,0.03965615630135901,0.0,0.017895474104601065,-0.15354400824415076,-0.03629017008534626,-0.029897251581576516,-0.01959257042624592
motive_4,0.06276171892997243,0.03917334125488591,0.017895474104601065,0.0,0.11074533807582715,0.0614261223661915,-0.014830600893698115,-0.05235537443288334
motive_5,0.08640768190737537,0.05393361420843205,-0.15354400824415076,0.11074533807582715,0.0,-0.11329635803595466,-0.005109363486456476,-0.0017078445647757887
motive_6,-0.061242665395342503,0.03237859580649994,-0.03629017008534626,0.0614261223661915,-0.11329635803595466,0.0,0.04844391441102404,0.009818427161353284
motive_7,-0.01620622919969798,-0.04044577851055646,-0.029897251581576516,-0.014830600893698115,-0.005109363486456476,0.04844391441102404,0.0,0.1174472687865695
motive_8,-0.15803275226490307,0.01109573258775451,-0.01959257042624592,-0.05235537443288334,-0.0017078445647757887,0.009818427161353284,0.1174472687865695,0.0
