,motive_1,motive_2,motive_3,motive_4,motive_5,motive_6,motive_7,motive_8
motive_1,0.0,0.14452603681867418,0.14736244719558578,0.2146741592764833,0.12466743037868372,0.09366596631754184,0.15020774244530882,0.20077969024419454
motive_2,0.14452603681867418,0.0,0.008613649279657715,0.16557444339816146,0.13814146250641868,0.023768366807586372,0.10412381018528255,0.14948645852193743
motive_3,0.14736244719558578,0.008613649279657715,0.0,0.2541436163358616,0.05193563317397768,0.12765998041030488,0.04474569488278128,0.05947495159395233
motive_4,0.2146741592764833,0.16557444339816146,0.2541436163358616,0.0,0.07040284383430878,0.1528889535189361,0.15279181770177283,0.008779842650316783
motive_5,0.12466743037868372,0.13814146250641868,0.05193563317397768,0.07040284383430878,0.0,0.06789123272027275,0.2568011876430226,0.061656829917184616
motive_6,0.09366596631754184,0.023768366807586372,0.12765998041030488,0.1528889535189361,0.06789123272027275,0.0,0.12283830461547642,0.047419374800710824
motive_7,0.15020774244530882,0.10412381018528255,0.04474569488278128,0.15279181770177283,0.2568011876430226,0.12283830461547642,0.0,0.15469097942408905
motive_8,0.20077969024419454,0.14948645852193743,0.05947495159395233,0.008779842650316783,0.061656829917184616,0.047419374800710824,0.15469097942408905,0.0
