,motive_1,motive_2,motive_3,motive_4,motive_5,motive_6,motive_7,motive_8
motive_1,0.0,-0.06306855609516103,-0.01911210756357447,-0.0072595254102308035,-0.018083729063049184,0.01588826489651815,0.014556844145214125,0.1522152131731546
motive_2,-0.06306855609516103,0.0,-0.02779422460187236,0.06807766702506439,-0.02381331283137831,-0.03914326403635994,0.0708630628490932,0.04201929991530745
motive_3,-0.01911210756357447,-0.02779422460187236,0.0,0.10997980485039978,-0.08395284990537455,-0.09839222272727788,-0.055939279862537356,-0.0738511671780089
motive_4,-0.0072595254102308035,0.06807766702506439,0.10997980485039978,0.0,0.12019954943268979,-0.16817175715895705,0.10227787350571038,0.009888223630224131
motive_5,-0.018083729063049184,-0.02381331283137831,-0.08395284990537455,0.12019954943268979,0.0,0.10857339991859216,-0.0013040526519758656,-0.05676533043430184
motive_6,0.01588826489651815,-0.03914326403635994,-0.09839222272727788,-0.16817175715895705,0.10857339991859216,0.0,-0.0347884941635591,0.10091320275182081
motive_7,0.014556844145214125,0.0708630628490932,-0.055939279862537356,0.10227787350571038,-0.0013040526519758656,-0.0347884941635591,0.0,-0.01833555248710352
motive_8,0.1522152131731546,0.04201929991530745,-0.0738511671780089,0.009888223630224131,-0.05676533043430184,0.10091320275182081,-0.01833555248710352,0.0
