,motive_1,motive_2,motive_3,motive_4,motive_5,motive_6,motive_7,motive_8
motive_1,0.0,0.04316939964974365,0.059895209831679036,-0.05509023946489515,-0.05468870775435579,-0.106685579106117,0.015107570907814658,-0.08054764881871916
motive_2,0.04316939964974365,0.0,-0.028113623659046794,-0.07870039518548405,-0.03639673682788427,-0.024293921832667733,0.1484353424411653,0.00481042097063801
motive_3,0.059895209831679036,-0.028113623659046794,0.0,-0.11061993423450409,0.038874846961074766,-0.0016641662913648542,0.054641529581633194,0.06357125762648047
motive_4,-0.05509023946489515,-0.07870039518548405,-0.11061993423450409,0.0,0.02496108309068939,0.0423786694986024,-0.1115115709993301,0.021786612302037794
motive_5,-0.05468870775435579,-0.03639673682788427,0.038874846961074766,0.02496108309068939,0.0,0.020507320398537067,0.08212559316377244,0.004270986982549296
motive_6,-0.106685579106117,-0.024293921832667733,-0.0016641662913648542,0.0423786694986024,0.020507320398537067,0.0,0.06993874455863253,-0.0880400272962004
motive_7,0.015107570907814658,0.1484353424411653,0.054641529581633194,-0.1115115709993301,0.08212559316377244,0.06993874455863253,0.0,0.13908508662243965
motive_8,-0.08054764881871916,0.00481042097063801,0.06357125762648047,0.021786612302037794,0.004270986982549296,-0.0880400272962004,0.13908508662243965,0.0
