,motive_1,motive_2,motive_3,motive_4,motive_5,motive_6,motive_7,motive_8
motive_1,0.0,0.2248822319449495,0.36455955494852765,0.5875556497867859,0.13377232237296138,0.44106035773282126,0.3077369172339413,0.06948741245737443
motive_2,0.2248822319449495,0.0,0.27946086186436747,0.30737190524725877,0.3433409414053954,0.3869676095520689,0.32780207729639577,0.1505822289820079
motive_3,0.36455955494852765,0.27946086186436747,0.0,0.37278249083876314,0.3763851202024573,0.2874154176290102,0.5115134371590643,0.2676055386184534
motive_4,0.5875556497867859,0.30737190524725877,0.37278249083876314,0.0,0.7885600009438043,0.46834474727495135,0.6489406246010607,0.1403588963467135
motive_5,0.13377232237296138,0.3433409414053954,0.3763851202024573,0.7885600009438043,0.0,0.3854549574483349,0.572570786844218,0.09003352648991672
motive_6,0.44106035773282126,0.3869676095520689,0.2874154176290102,0.46834474727495135,0.3854549574483349,0.0,0.8519354187980237,0.6147045780378483
motive_7,0.3077369172339413,0.32780207729639577,0.5115134371590643,0.6489406246010607,0.572570786844218,0.8519354187980237,0.0,0.6536383998008473
motive_8,0.06948741245737443,0.1505822289820079,0.2676055386184534,0.1403588963467135,0.09003352648991672,0.6147045780378483,0.6536383998008473,0.0
