,motive_1,motive_2,motive_3,motive_4,motive_5,motive_6,motive_7,motive_8
satisfaction,0.44073842552302167,0.28163754338134417,0.29971839831056435,0.4715498319821076,0.2512883071762343,0.07818701952562856,0.7525145255480019,0.1414885513911241
