,motive_1,motive_2,motive_3,motive_4,motive_5,motive_6,motive_7,motive_8
motive_1,0.0,0.09430551863102557,-0.05437110999210867,-0.15161698185303507,-0.11326136302580087,0.07377429730860405,-0.07035417995203574,0.06965475659928827
motive_2,0.09430551863102557,0.0,-0.07071080714092999,0.07164113302850947,-0.047069860626051736,-0.028976265778382908,0.03805874649626649,-0.12174331001877456
motive_3,-0.05437110999210867,-0.07071080714092999,0.0,0.0163416007641803,0.06419699201241272,-0.0231630889674588,-0.1022023786123333,0.03773551446348276
motive_4,-0.15161698185303507,0.07164113302850947,0.0163416007641803,0.0,-0.018994267562092354,-0.029864224286894538,-0.0168294452230182,0.05017378283624692
motive_5,-0.11326136302580087,-0.047069860626051736,0.06419699201241272,-0.018994267562092354,0.0,-0.06601181342699997,-0.01865732466394614,-0.015619469524224874
motive_6,0.07377429730860405,-0.028976265778382908,-0.0231630889674588,-0.029864224286894538,-0.06601181342699997,0.0,0.017550609793401298,0.14414545614126098
motive_7,-0.07035417995203574,0.03805874649626649,-0.1022023786123333,-0.0168294452230182,-0.01865732466394614,0.017550609793401298,0.0,0.06153731679196628
motive_8,0.06965475659928827,-0.12174331001877456,0.03773551446348276,0.05017378283624692,-0.015619469524224874,0.14414545614126098,0.06153731679196628,0.0
