,motive_1,motive_2,motive_3,motive_4,motive_5,motive_6,motive_7,motive_8
motive_1,0.0,0.17036461481047316,-0.46401718928457913,0.5735555826356736,0.07426702543280858,0.8699049283790503,0.840998015856496,0.05610607660369843
motive_2,0.17036461481047316,0.0,0.1571529049430302,0.30158113310046386,0.4098833253222754,0.6203931195679524,-0.42577655961281086,-0.24910680072579494
motive_3,-0.46401718928457913,0.1571529049430302,0.0,0.28209297583334336,-0.4985693198749962,-0.3486517612516877,0.3473204643080534,0.23087096615492889
motive_4,0.5735555826356736,0.30158113310046386,0.28209297583334336,0.0,0.6513714853129391,-0.14231817812108313,-0.07724992331195552,0.9260054191659861
motive_5,0.07426702543280858,0.4098833253222754,-0.4985693198749962,0.6513714853129391,0.0,-0.7711021788779764,-0.5218165583206082,-0.3208864780482701
motive_6,0.8699049283790503,0.6203931195679524,-0.3486517612516877,-0.14231817812108313,-0.7711021788779764,0.0,0.4596235173439532,0.7305330819251694
motive_7,0.840998015856496,-0.42577655961281086,0.3473204643080534,-0.07724992331195552,-0.5218165583206082,0.4596235173439532,0.0,-0.11432576334356992
motive_8,0.05610607660369843,-0.24910680072579494,0.23087096615492889,0.9260054191659861,-0.3208864780482701,0.7305330819251694,-0.11432576334356992,0.0
