,motive_1,motive_2,motive_3,motive_4,motive_5,motive_6,motive_7,motive_8
motive_1,0.0,0.18977517907772876,0.06959494296560331,0.13690461321981034,0.22777144744626238,0.2893731820778434,0.17141576125261493,0.15711807855628787
motive_2,0.18977517907772876,0.0,0.16701086202711743,0.44072486513515485,0.14912684173393453,0.34221094242493455,-0.020622855542027696,0.055645371041419145
motive_3,0.06959494296560331,0.16701086202711743,0.0,0.16319592953297496,-0.027099466413844794,0.11237325468113843,0.24123241301693776,0.19822697682185242
motive_4,0.13690461321981034,0.44072486513515485,0.16319592953297496,0.0,0.24461768017788998,0.2294587820066776,0.15180004708335343,0.2233794154276158
motive_5,0.22777144744626238,0.14912684173393453,-0.027099466413844794,0.24461768017788998,0.0,0.3125740904356603,0.5731630777002664,0.11389169872658837
motive_6,0.2893731820778434,0.34221094242493455,0.11237325468113843,0.2294587820066776,0.3125740904356603,0.0,0.19349566884456249,0.04487593282589941
motive_7,0.17141576125261493,-0.020622855542027696,0.24123241301693776,0.15180004708335343,0.5731630777002664,0.19349566884456249,0.0,0.02633053080903447
motive_8,0.15711807855628787,0.055645371041419145,0.19822697682185242,0.2233794154276158,0.11389169872658837,0.04487593282589941,0.02633053080903447,0.0
