,motive_1,motive_2,motive_3,motive_4,motive_5,motive_6,motive_7,motive_8
satisfaction,0.6741050467822605,0.2134635240455364,-0.09129153584524285,0.2608324214194253,0.5002307739599718,0.6689540755349515,-0.028490233200147985,0.3956271881517801
