,motive_1,motive_2,motive_3,motive_4,motive_5,motive_6,motive_7,motive_8
satisfaction,0.2186623072761445,0.20989299103144846,0.005754316098735279,-0.5620715475330562,-0.030738584942042346,0.7095629447484677,0.14768344029442054,0.7017918767932692
