,motive_1,motive_2,motive_3,motive_4,motive_5,motive_6,motive_7,motive_8
satisfaction,0.06230019474938667,0.04500190163751386,0.4847533885693033,0.41657552790330504,0.035541085595295036,0.02322061360750044,0.35324128079603734,-0.042666149563922284
