,motive_1,motive_2,motive_3,motive_4,motive_5,motive_6,motive_7,motive_8
motive_1,0.0,0.3936895796972911,0.6108529628932122,0.32175987651669957,0.5830308230076191,0.7926292523316414,0.2868043409532421,0.3720615964871338
motive_2,0.3936895796972911,0.0,0.3517173602286502,0.48701291752571485,0.7754127015265884,0.4913386981255038,0.60685739411698,0.6012111106409103
motive_3,0.6108529628932122,0.3517173602286502,0.0,0.41457596914093153,0.6715668926639793,0.7718146015733511,0.7452832872235848,0.2153877888536125
motive_4,0.32175987651669957,0.48701291752571485,0.41457596914093153,0.0,0.14881918434275349,0.4171587088654012,0.26958443337989685,0.5627301158455675
motive_5,0.5830308230076191,0.7754127015265884,0.6715668926639793,0.14881918434275349,0.0,-0.08889329895042553,0.14754432125573147,0.2840030852190112
motive_6,0.7926292523316414,0.4913386981255038,0.7718146015733511,0.4171587088654012,-0.08889329895042553,0.0,0.2880385856418794,0.5182435066912285
motive_7,0.2868043409532421,0.60685739411698,0.7452832872235848,0.26958443337989685,0.14754432125573147,0.2880385856418794,0.0,0.5653682252428905
motive_8,0.3720615964871338,0.6012111106409103,0.2153877888536125,0.5627301158455675,0.2840030852190112,0.5182435066912285,0.5653682252428905,0.0
