,motive_1,motive_2,motive_3,motive_4,motive_5,motive_6,motive_7,motive_8
motive_1,0.0,0.1643061989401174,0.3815863755484866,0.239112612140035,0.058795811455517905,0.31349954868305735,0.398146147660285,0.29266746138581845
motive_2,0.1643061989401174,0.0,0.6116993344637807,0.13571489430859532,0.43298808386258625,0.6312785084156455,0.5396912829755938,0.21981088408089786
motive_3,0.3815863755484866,0.6116993344637807,0.0,0.21360014240325398,0.45410364143902765,0.08332738290907601,0.8021419249331481,0.10951419064381004
motive_4,0.239112612140035,0.13571489430859532,0.21360014240325398,0.0,0.1888140019380763,0.21282700769153196,0.716327668110547,0.3589497333614509
motive_5,0.058795811455517905,0.43298808386258625,0.45410364143902765,0.1888140019380763,0.0,0.5586302706276194,0.5078477952727367,0.6006330306472452
motive_6,0.31349954868305735,0.6312785084156455,0.08332738290907601,0.21282700769153196,0.5586302706276194,0.0,0.40155423261006473,0.5934231406659376
motive_7,0.398146147660285,0.5396912829755938,0.8021419249331481,0.716327668110547,0.5078477952727367,0.40155423261006473,0.0,0.1823246282952779
motive_8,0.29266746138581845,0.21981088408089786,0.10951419064381004,0.3589497333614509,0.6006330306472452,0.5934231406659376,0.1823246282952779,0.0
