,motive_1,motive_2,motive_3,motive_4,motive_5,motive_6,motive_7,motive_8
motive_1,0.0,-0.1913225379836647,0.4967195528563081,0.07082918674473429,0.3885176292960761,0.14714133232406376,0.17988354216654268,0.25341544646076253
motive_2,-0.1913225379836647,0.0,0.2854577351913082,0.2472371257625701,0.1809003928970023,0.5198148121051297,0.3232587979079999,0.1524178626396832
motive_3,0.4967195528563081,0.2854577351913082,0.0,0.30927135418529456,0.2031822501894019,0.5054944193120624,0.3158875438694846,-0.1153643581808737
motive_4,0.07082918674473429,0.2472371257625701,0.30927135418529456,0.0,0.338572686771336,-0.25718855099740456,-0.02861696155596373,0.06827060243413433
motive_5,0.3885176292960761,0.1809003928970023,0.2031822501894019,0.338572686771336,0.0,0.07523401027183887,0.31488302070425567,0.14491754403309265
motive_6,0.14714133232406376,0.5198148121051297,0.5054944193120624,-0.25718855099740456,0.07523401027183887,0.0,0.36617422849664555,0.20923790755712673
motive_7,0.17988354216654268,0.3232587979079999,0.3158875438694846,-0.02861696155596373,0.31488302070425567,0.36617422849664555,0.0,0.10268609507600834
motive_8,0.25341544646076253,0.1524178626396832,-0.1153643581808737,0.06827060243413433,0.14491754403309265,0.20923790755712673,0.10268609507600834,0.0
