,motive_1,motive_2,motive_3,motive_4,motive_5,motive_6,motive_7,motive_8
satisfaction,-0.054592751777242376,0.1058829107913083,0.2428861639782329,-0.010564394719713238,0.19234662592282295,0.120422935453052,-0.3084524254200822,-0.11732638504776124
