,motive_1,motive_2,motive_3,motive_4,motive_5,motive_6,motive_7,motive_8
motive_1,0.0,0.07333732526064546,0.05816376127275427,0.06696652398419592,0.18625274962909394,0.0916471328294109,0.2310415540336166,0.17660234985578527
motive_2,0.07333732526064546,0.0,0.078901021418493,0.16169093534431567,0.04442842969868026,0.06966205608414874,0.09488078984831935,0.05516602749998061
motive_3,0.05816376127275427,0.078901021418493,0.0,0.22495473626678772,0.07625779870419526,0.11352110142932077,0.20255446314189773,0.10716953601436235
motive_4,0.06696652398419592,0.16169093534431567,0.22495473626678772,0.0,0.03707905118105358,0.15463717419529052,0.09680133937214366,0.041020383578840025
motive_5,0.18625274962909394,0.04442842969868026,0.07625779870419526,0.03707905118105358,0.0,0.22800132371302775,0.20604846792753984,0.032060065676321414
motive_6,0.0916471328294109,0.06966205608414874,0.11352110142932077,0.15463717419529052,0.22800132371302775,0.0,0.20601936405634802,0.1672516034364256
motive_7,0.2310415540336166,0.09488078984831935,0.20255446314189773,0.09680133937214366,0.20604846792753984,0.20601936405634802,0.0,0.1439315815602772
motive_8,0.17660234985578527,0.05516602749998061,0.10716953601436235,0.041020383578840025,0.032060065676321414,0.1672516034364256,0.1439315815602772,0.0
