,motive_1,motive_2,motive_3,motive_4,motive_5,motive_6,motive_7,motive_8
satisfaction,0.11525409860857541,0.2723760683006615,0.07427059054360555,0.43369995119089133,-0.09250607092794036,0.11120406769636025,0.026149410043013438,0.03091976837348251
