,motive_1,motive_2,motive_3,motive_4,motive_5,motive_6,motive_7,motive_8
motive_1,0.0,0.337989612410313,0.36920303180418196,0.6367223222749411,0.22603766639619916,-0.1456023611043192,0.32727449774545125,0.67953168509153
motive_2,0.337989612410313,0.0,0.35245450805959766,-0.018479226098012946,0.4470675694419238,0.7087022418824265,0.52643975755902,0.22015874254629414
motive_3,0.36920303180418196,0.35245450805959766,0.0,0.3558356778457785,0.27680779446903975,0.9449060470428468,0.30682394731691937,0.4090672457568618
motive_4,0.6367223222749411,-0.018479226098012946,0.3558356778457785,0.0,0.3978580805042543,0.3246707637170112,0.7292069850452406,0.2512754197992508
motive_5,0.22603766639619916,0.4470675694419238,0.27680779446903975,0.3978580805042543,0.0,0.4967623135648799,0.29587743660472143,0.1549439426642198
motive_6,-0.1456023611043192,0.7087022418824265,0.9449060470428468,0.3246707637170112,0.4967623135648799,0.0,0.32650882361122624,0.6978460945115688
motive_7,0.32727449774545125,0.52643975755902,0.30682394731691937,0.7292069850452406,0.29587743660472143,0.32650882361122624,0.0,0.4612645013094462
motive_8,0.67953168509153,0.22015874254629414,0.4090672457568618,0.2512754197992508,0.1549439426642198,0.6978460945115688,0.4612645013094462,0.0
