,motive_1,motive_2,motive_3,motive_4,motive_5,motive_6,motive_7,motive_8
motive_1,0.0,-0.0721932312767454,-0.022462320698257255,0.10861927506068988,0.08457838960975594,0.03997057920422917,0.049477079394271,0.11362530107384106
motive_2,-0.0721932312767454,0.0,-0.009382501949945617,0.06020783577417815,0.035975255647009034,0.03760547122863438,0.06829608664674879,-0.037596577277229384
motive_3,-0.022462320698257255,-0.009382501949945617,0.0,0.08660490255265837,0.06489680602350506,-0.007426377166732237,-0.0023007821459173714,0.029478271148533762
motive_4,0.10861927506068988,0.06020783577417815,0.08660490255265837,0.0,-0.026092542896274856,0.051137449608920055,0.15434699513109518,-0.05704355131047948
motive_5,0.08457838960975594,0.035975255647009034,0.06489680602350506,-0.026092542896274856,0.0,0.17138499300647314,0.03621964183141882,0.007050479180410747
motive_6,0.03997057920422917,0.03760547122863438,-0.007426377166732237,0.051137449608920055,0.17138499300647314,0.0,0.09827613614895594,0.05843730367679047
motive_7,0.049477079394271,0.06829608664674879,-0.0023007821459173714,0.15434699513109518,0.03621964183141882,0.09827613614895594,0.0,-0.014263183940242341
motive_8,0.11362530107384106,-0.037596577277229384,0.029478271148533762,-0.05704355131047948,0.007050479180410747,0.05843730367679047,-0.014263183940242341,0.0
