,motive_1,motive_2,motive_3,motive_4,motive_5,motive_6,motive_7,motive_8
motive_1,0.0,-0.05307176343878037,-0.23601657960115735,0.3782258963997932,0.0916554990795124,0.49655156897340036,0.8226989135537113,0.5304098283894972
motive_2,-0.05307176343878037,0.0,0.20620325127693112,0.6009031869227159,-0.019348191697220435,0.18791201495356386,-0.3487866048170093,0.4158758758553445
motive_3,-0.23601657960115735,0.20620325127693112,0.0,0.20486610396114685,0.17139466796842429,-0.09678260971085767,0.23670515336156106,0.31980549169599115
motive_4,0.3782258963997932,0.6009031869227159,0.20486610396114685,0.0,-0.021560536768504536,-0.12837217301240242,0.43348970482046134,0.08883449976899624
motive_5,0.0916554990795124,-0.019348191697220435,0.17139466796842429,-0.021560536768504536,0.0,0.4285405028884578,-0.08638693538238328,0.5526892530659011
motive_6,0.49655156897340036,0.18791201495356386,-0.09678260971085767,-0.12837217301240242,0.4285405028884578,0.0,0.41980639087579225,0.18026064868811278
motive_7,0.8226989135537113,-0.3487866048170093,0.23670515336156106,0.43348970482046134,-0.08638693538238328,0.41980639087579225,0.0,-0.05525266519411837
motive_8,0.5304098283894972,0.4158758758553445,0.31980549169599115,0.08883449976899624,0.5526892530659011,0.18026064868811278,-0.05525266519411837,0.0
