,motive_1,motive_2,motive_3,motive_4,motive_5,motive_6,motive_7,motive_8
motive_1,0.5,0.16666666666666666,0.25,0.08333333333333333,0.0,0.0,0.0,0.0
motive_2,0.0,0.5,0.06666666666666667,0.03333333333333333,0.06666666666666667,0.13333333333333333,0.2,0.0
motive_3,0.02857142857142857,0.05714285714285714,0.5142857142857142,0.08571428571428572,0.02857142857142857,0.11428571428571428,0.14285714285714285,0.02857142857142857
motive_4,0.1,0.13333333333333333,0.06666666666666667,0.5,0.0,0.0,0.03333333333333333,0.16666666666666666
motive_5,0.0,0.1,0.2,0.2,0.5,0.0,0.0,0.0
motive_6,0.05555555555555555,0.0,0.16666666666666666,0.16666666666666666,0.0,0.5,0.0,0.1111111111111111
motive_7,0.041666666666666664,0.041666666666666664,0.16666666666666666,0.125,0.041666666666666664,0.041666666666666664,0.5,0.041666666666666664
motive_8,0.0,0.2222222222222222,0.1111111111111111,0.1111111111111111,0.05555555555555555,0.0,0.0,0.5
