,motive_1,motive_2,motive_3,motive_4,motive_5,motive_6,motive_7,motive_8
motive_1,0.0,-0.03288402849334393,0.056284486783507726,0.5589171483247168,-0.9340788863860364,0.10194674153267852,-0.384337997446911,0.5952950973176943
motive_2,-0.03288402849334393,0.0,0.44652025782821825,-0.09922962242447755,0.3030937965467047,-0.1001811630272311,0.33344699723424764,0.05575148637041988
motive_3,0.056284486783507726,0.44652025782821825,0.0,-0.06776639959228348,0.3320222850124543,-0.03585432520419951,0.06756964759640732,-0.14616345838356634
motive_4,0.5589171483247168,-0.09922962242447755,-0.06776639959228348,0.0,0.37067867413929284,0.4607275112298332,0.5599175838854622,0.41667292891879104
motive_5,-0.9340788863860364,0.3030937965467047,0.3320222850124543,0.37067867413929284,0.0,0.2702312552154783,0.37348804133421,-0.6660421400983134
motive_6,0.10194674153267852,-0.1001811630272311,-0.03585432520419951,0.4607275112298332,0.2702312552154783,0.0,-0.017604769977123513,-0.06152073347899509
motive_7,-0.384337997446911,0.33344699723424764,0.06756964759640732,0.5599175838854622,0.37348804133421,-0.017604769977123513,0.0,-0.6199971528522348
motive_8,0.5952950973176943,0.05575148637041988,-0.14616345838356634,0.41667292891879104,-0.6660421400983134,-0.06152073347899509,-0.6199971528522348,0.0
