,motive_1,motive_2,motive_3,motive_4,motive_5,motive_6,motive_7,motive_8
satisfaction,-0.307805700858681,0.11889746186901023,0.03703533292496672,0.1980629434209142,0.17099523753099966,0.29014226911781094,0.2520743597622367,0.10230072524444284
