,motive_1,motive_2,motive_3,motive_4,motive_5,motive_6,motive_7,motive_8
motive_1,0.0,0.44836553820772546,-0.0536823852996024,0.25625642181082153,0.782285279669733,0.443920875370051,0.18272468058213664,0.3582706915019294
motive_2,0.44836553820772546,0.0,0.28442690176965996,0.3432431534845939,0.32985409077058564,0.06668460428100714,-0.22612277163874203,0.07042224732375418
motive_3,-0.0536823852996024,0.28442690176965996,0.0,0.22954257730697947,0.18557174656460107,-0.019101481373627063,0.23468657898443762,-0.020193354793205304
motive_4,0.25625642181082153,0.3432431534845939,0.22954257730697947,0.0,-0.009146794939939112,0.1502464001177778,-0.08640663255435133,-0.2728359709859035
motive_5,0.782285279669733,0.32985409077058564,0.18557174656460107,-0.009146794939939112,0.0,0.3016718270849745,0.10846877144090039,0.43677107673826354
motive_6,0.443920875370051,0.06668460428100714,-0.019101481373627063,0.1502464001177778,0.3016718270849745,0.0,0.21072557642332646,0.013708328640289029
motive_7,0.18272468058213664,-0.22612277163874203,0.23468657898443762,-0.08640663255435133,0.10846877144090039,0.21072557642332646,0.0,0.2333129706986582
motive_8,0.3582706915019294,0.07042224732375418,-0.020193354793205304,-0.2728359709859035,0.43677107673826354,0.013708328640289029,0.2333129706986582,0.0
