,motive_1,motive_2,motive_3,motive_4,motive_5,motive_6,motive_7,motive_8
motive_1,0.0,0.1634464160488217,0.1682302860983423,0.10380085904745114,0.11545991917460247,0.13821333079353376,0.14109439722030317,0.06396224498306141
motive_2,0.1634464160488217,0.0,-0.06802508235419251,0.03290808455494737,0.22271541092654906,0.2257694899939973,0.05058418265461682,0.10510427745237513
motive_3,0.1682302860983423,-0.06802508235419251,0.0,0.10910752539520675,0.09537228249671317,0.26043520788112823,0.03995657158573451,0.026730934270785274
motive_4,0.10380085904745114,0.03290808455494737,0.10910752539520675,0.0,0.08523456430037589,0.033383526462627086,0.12310995140215736,0.053193866372213475
motive_5,0.11545991917460247,0.22271541092654906,0.09537228249671317,0.08523456430037589,0.0,0.17554132458512436,0.21837205039301502,0.15424878064235492
motive_6,0.13821333079353376,0.2257694899939973,0.26043520788112823,0.033383526462627086,0.17554132458512436,0.0,0.027305792789977454,0.08498163375247642
motive_7,0.14109439722030317,0.05058418265461682,0.03995657158573451,0.12310995140215736,0.21837205039301502,0.027305792789977454,0.0,0.24847845059358312
motive_8,0.06396224498306141,0.10510427745237513,0.026730934270785274,0.053193866372213475,0.15424878064235492,0.08498163375247642,0.24847845059358312,0.0
