,motive_1,motive_2,motive_3,motive_4,motive_5,motive_6,motive_7,motive_8
satisfaction,0.5081615802750238,0.254353899204428,0.010624864673331375,0.40672114354210176,0.21062870431895012,-0.01540079564253749,0.0749959160397681,-0.021795055225287394
