,motive_1,motive_2,motive_3,motive_4,motive_5,motive_6,motive_7,motive_8
motive_1,0.0,0.5966234435806115,0.2576764533134548,0.8189133634678796,-0.008026538855124832,0.2084968383226826,0.1486752667874652,0.501892187498101
motive_2,0.5966234435806115,0.0,-0.11818181111206089,0.314381216353942,0.22394655442084888,0.13795902008720218,0.1609885344486704,0.5424550068327549
motive_3,0.2576764533134548,-0.11818181111206089,0.0,-0.24061078499206606,0.06999034017648337,-0.6059576121546191,-0.48461519981613244,0.3017923259022367
motive_4,0.8189133634678796,0.314381216353942,-0.24061078499206606,0.0,-0.09208052902167614,-0.12317396862867669,-0.19803173480770794,0.05415553107139642
motive_5,-0.008026538855124832,0.22394655442084888,0.06999034017648337,-0.09208052902167614,0.0,0.24700662850610244,-0.43853953537270784,0.6063750924786685
motive_6,0.2084968383226826,0.13795902008720218,-0.6059576121546191,-0.12317396862867669,0.24700662850610244,0.0,0.12326920370323813,-0.3862735608721757
motive_7,0.1486752667874652,0.1609885344486704,-0.48461519981613244,-0.19803173480770794,-0.43853953537270784,0.12326920370323813,0.0,0.6747947778383308
motive_8,0.501892187498101,0.5424550068327549,0.3017923259022367,0.05415553107139642,0.6063750924786685,-0.3862735608721757,0.6747947778383308,0.0
