,motive_1,motive_2,motive_3,motive_4,motive_5,motive_6,motive_7,motive_8
motive_1,0.0,0.4413191492951686,0.36948266686112546,-0.14958536152691887,0.09093321865037264,-0.7611083571539213,0.043477582345625126,-0.2771331027076938
motive_2,0.4413191492951686,0.0,-0.18869491849584336,-0.35328512241718607,0.42574429592293195,0.10959053807004222,0.5332900602061982,0.42211706192687576
motive_3,0.36948266686112546,-0.18869491849584336,0.0,-0.3383419152623774,0.07491469737000261,-0.04489269122590942,-0.1599162082245425,0.15281567565759208
motive_4,-0.14958536152691887,-0.35328512241718607,-0.3383419152623774,0.0,0.10613137402772999,0.07738147365820057,-0.2511114611828952,-0.49710352947527386
motive_5,0.09093321865037264,0.42574429592293195,0.07491469737000261,0.10613137402772999,0.0,-0.054283945374207554,-0.189169232395961,-0.18563389528627658
motive_6,-0.7611083571539213,0.10959053807004222,-0.04489269122590942,0.07738147365820057,-0.054283945374207554,0.0,1.1046306816493754,0.40859814955776486
motive_7,0.043477582345625126,0.5332900602061982,-0.1599162082245425,-0.2511114611828952,-0.189169232395961,1.1046306816493754,0.0,0.6006957596996823
motive_8,-0.2771331027076938,0.42211706192687576,0.15281567565759208,-0.49710352947527386,-0.18563389528627658,0.40859814955776486,0.6006957596996823,0.0
