,motive_1,motive_2,motive_3,motive_4,motive_5,motive_6,motive_7,motive_8
satisfaction,0.3179520202900561,0.609137305579404,-0.17458430131540295,0.07242606963901375,-0.15938572274905563,0.16975035045843845,-0.1629019841896682,-0.03660200441163561
