,motive_1,motive_2,motive_3,motive_4,motive_5,motive_6,motive_7,motive_8
satisfaction,0.33962107162372385,0.3639167096229188,-0.04635499827184686,0.14623400010903986,0.20986558753460013,0.4518323794331624,0.014083181808102974,0.2846311545226688
