,motive_1,motive_2,motive_3,motive_4,motive_5,motive_6,motive_7,motive_8
motive_1,0.5,0.16666666666666666,0.25,0.08333333333333333,0.0,0.0,0.0,0.0
motive_2,0.0,0.5,0.10714285714285714,0.10714285714285714,0.07142857142857142,0.14285714285714285,0.07142857142857142,0.0
motive_3,0.0,0.058823529411764705,0.5,0.029411764705882353,0.0,0.14705882352941177,0.20588235294117646,0.058823529411764705
motive_4,0.16129032258064516,0.0967741935483871,0.0,0.5161290322580645,0.0,0.0,0.0,0.22580645161290322
motive_5,0.0,0.125,0.25,0.0,0.5,0.0,0.125,0.0
motive_6,0.0,0.16666666666666666,0.1111111111111111,0.2222222222222222,0.0,0.5,0.0,0.0
motive_7,0.05,0.05,0.15,0.25,0.0,0.0,0.5,0.0
motive_8,0.0,0.1111111111111111,0.2222222222222222,0.05555555555555555,0.1111111111111111,0.0,0.0,0.5
