,motive_1,motive_2,motive_3,motive_4,motive_5,motive_6,motive_7,motive_8
motive_1,0.0,0.20935290379798832,0.6320238583772892,0.6455064600950807,0.41796467654876085,0.05858093319353044,0.625020338095319,0.2727416166040759
motive_2,0.20935290379798832,0.0,0.12697116146510287,0.31061933473698655,0.8739979455280478,0.4978061515632097,0.6139247642573782,0.33668223867510166
motive_3,0.6320238583772892,0.12697116146510287,0.0,0.0976895989376359,0.8373454586082245,0.6014140615167629,0.3388649318158049,0.33104492932915075
motive_4,0.6455064600950807,0.31061933473698655,0.0976895989376359,0.0,0.5198513568623397,0.21360785332371174,0.19164869558582648,0.7010511189851478
motive_5,0.41796467654876085,0.8739979455280478,0.8373454586082245,0.5198513568623397,0.0,0.6615345091986309,0.4148524777611023,0.5183080956129671
motive_6,0.05858093319353044,0.4978061515632097,0.6014140615167629,0.21360785332371174,0.6615345091986309,0.0,0.3886250759463914,0.7437863430770002
motive_7,0.625020338095319,0.6139247642573782,0.3388649318158049,0.19164869558582648,0.4148524777611023,0.3886250759463914,0.0,0.42542110899241
motive_8,0.2727416166040759,0.33668223867510166,0.33104492932915075,0.7010511189851478,0.5183080956129671,0.7437863430770002,0.42542110899241,0.0
