,motive_1,motive_2,motive_3,motive_4,motive_5,motive_6,motive_7,motive_8
motive_1,0.0,0.53972339360372,0.28189803487824144,0.6225987930697511,0.23127270077710294,0.5781576983176654,0.4627275708566021,0.3006904351204524
motive_2,0.53972339360372,0.0,0.5615881593545569,0.5291963066892161,0.5758055518458769,-0.03080153551459286,0.5129619873448674,0.49493097771658645
motive_3,0.28189803487824144,0.5615881593545569,0.0,0.12497143650555828,-0.30250111120702505,0.34337612266773715,0.20169577063465435,0.49212553008726156
motive_4,0.6225987930697511,0.5291963066892161,0.12497143650555828,0.0,0.4346601634634195,0.6782670144196058,0.20017967255428068,0.3268392558036263
motive_5,0.23127270077710294,0.5758055518458769,-0.30250111120702505,0.4346601634634195,0.0,0.4368059717005854,0.40436754294016786,0.35362597935707396
motive_6,0.5781576983176654,-0.03080153551459286,0.34337612266773715,0.6782670144196058,0.4368059717005854,0.0,0.14579649162968014,0.4701680509468051
motive_7,0.4627275708566021,0.5129619873448674,0.20169577063465435,0.20017967255428068,0.40436754294016786,0.14579649162968014,0.0,0.5427909810754268
motive_8,0.3006904351204524,0.49493097771658645,0.49212553008726156,0.3268392558036263,0.35362597935707396,0.4701680509468051,0.5427909810754268,0.0
