,motive_1,motive_2,motive_3,motive_4,motive_5,motive_6,motive_7,motive_8
satisfaction,0.2285674910730682,0.14983158166028898,-0.21718145572588168,0.38621351729018605,-0.0059386344722811985,0.3277095041574656,0.1640482156211664,0.23807414714345324
