,motive_1,motive_2,motive_3,motive_4,motive_5,motive_6,motive_7,motive_8
motive_1,0.0,0.7863336470640037,0.38142432261539677,0.3165825743119564,0.1540027405526004,0.33991169030773793,0.29701103575389165,0.15773751455986784
motive_2,0.7863336470640037,0.0,0.46060693070958636,0.0788779994915266,0.6108137155434143,0.1707134801709953,0.32323754030842067,0.5102655964285203
motive_3,0.38142432261539677,0.46060693070958636,0.0,0.30383536416702595,0.5623022497643579,0.6323538313861259,0.30770189410245274,0.3110973651691071
motive_4,0.3165825743119564,0.0788779994915266,0.30383536416702595,0.0,0.4781626597963788,0.19138723921009038,0.26082877718343656,0.2798812978310208
motive_5,0.1540027405526004,0.6108137155434143,0.5623022497643579,0.4781626597963788,0.0,0.40755816019627256,0.5087468175698928,0.6669218619823013
motive_6,0.33991169030773793,0.1707134801709953,0.6323538313861259,0.19138723921009038,0.40755816019627256,0.0,0.33862804223433796,0.2305062321850177
motive_7,0.29701103575389165,0.32323754030842067,0.30770189410245274,0.26082877718343656,0.5087468175698928,0.33862804223433796,0.0,0.36402496324309996
motive_8,0.15773751455986784,0.5102655964285203,0.3110973651691071,0.2798812978310208,0.6669218619823013,0.2305062321850177,0.36402496324309996,0.0
