,motive_1,motive_2,motive_3,motive_4,motive_5,motive_6,motive_7,motive_8
satisfaction,0.43874530445963816,0.9318957507393251,0.15686814556432555,0.18950877794175305,-0.2954768131352845,0.3531362785290236,0.5038209955052818,0.44498843046138303
