,motive_1,motive_2,motive_3,motive_4,motive_5,motive_6,motive_7,motive_8
satisfaction,0.08684280024083042,0.4074373590441067,0.5075111900548115,0.1618590040187892,0.01582159326785726,0.495762371742881,0.3189052849502862,0.1060990288395528
