,motive_1,motive_2,motive_3,motive_4,motive_5,motive_6,motive_7,motive_8
satisfaction,-0.08348922346642726,0.3389390986657424,-0.134320440187492,0.2741621269961242,0.27725651091570785,0.26722126242785327,0.27045878553513514,0.12769583543502533
