,motive_1,motive_2,motive_3,motive_4,motive_5,motive_6,motive_7,motive_8
satisfaction,-0.0446074264942406,0.9892699884647391,0.44176631412891637,0.3990432240938704,0.6230428681705464,-0.020779729460735363,0.7865376439166039,0.40313877199431203
