,motive_1,motive_2,motive_3,motive_4,motive_5,motive_6,motive_7,motive_8
motive_1,0.0,-0.05625619843451938,-0.052181484982648546,0.026700933581813205,0.018358777250853168,-0.07139391919824048,0.01872184252377529,0.03363383732250829
motive_2,-0.05625619843451938,0.0,0.02502643977270328,0.2693294789643021,0.09336243458092254,0.06431436127497851,-0.05317775009831,-0.05771576983764752
motive_3,-0.052181484982648546,0.02502643977270328,0.0,-0.04393484323618649,-0.029270897536949315,-0.0711506789604198,0.06909169937177792,-0.08239903807434953
motive_4,0.026700933581813205,0.2693294789643021,-0.04393484323618649,0.0,0.03420143999497687,-0.01929711342210307,0.012850587151771405,0.014440599335807304
motive_5,0.018358777250853168,0.09336243458092254,-0.029270897536949315,0.03420143999497687,0.0,-0.04230462605983319,-0.009636145786283168,0.06345014400613093
motive_6,-0.07139391919824048,0.06431436127497851,-0.0711506789604198,-0.01929711342210307,-0.04230462605983319,0.0,0.025352925474607855,0.03001007901835318
motive_7,0.01872184252377529,-0.05317775009831,0.06909169937177792,0.012850587151771405,-0.009636145786283168,0.025352925474607855,0.0,-0.02562082164645216
motive_8,0.03363383732250829,-0.05771576983764752,-0.08239903807434953,0.014440599335807304,0.06345014400613093,0.03001007901835318,-0.02562082164645216,0.0
