,motive_1,motive_2,motive_3,motive_4,motive_5,motive_6,motive_7,motive_8
motive_1,0.0,0.025079331377299018,-0.03923149725288296,0.14803635609376523,0.034495506562676775,0.06217830044408862,-0.09108781614802816,-0.056087094106355984
motive_2,0.025079331377299018,0.0,0.023419490647456423,-0.052309408532555876,-0.028008754483293583,0.0022781091728355934,0.02180292674280858,-0.11512092049883296
motive_3,-0.03923149725288296,0.023419490647456423,0.0,0.06684204148432996,-0.05814751275047346,-0.010108523940718886,-0.007213482669235348,0.06612257056493628
motive_4,0.14803635609376523,-0.052309408532555876,0.06684204148432996,0.0,0.017479694775889537,-0.06052387616275134,-0.0525317062092704,0.02765177839053638
motive_5,0.034495506562676775,-0.028008754483293583,-0.05814751275047346,0.017479694775889537,0.0,-0.12792972380737064,-0.07213033868855989,-0.039507540207113036
motive_6,0.06217830044408862,0.0022781091728355934,-0.010108523940718886,-0.06052387616275134,-0.12792972380737064,0.0,-0.07790510635781407,-0.07517127716905779
motive_7,-0.09108781614802816,0.02180292674280858,-0.007213482669235348,-0.0525317062092704,-0.07213033868855989,-0.07790510635781407,0.0,0.0461984275660561
motive_8,-0.056087094106355984,-0.11512092049883296,0.06612257056493628,0.02765177839053638,-0.039507540207113036,-0.07517127716905779,0.0461984275660561,0.0
