,motive_1,motive_2,motive_3,motive_4,motive_5,motive_6,motive_7,motive_8
motive_1,0.0,0.09870054380270574,0.04856650614697181,0.027510477322815356,0.11298156488281978,0.08158596473702216,0.0519145666694162,0.28293040296566346
motive_2,0.09870054380270574,0.0,0.14039234668218548,0.09324281890435047,0.15976945452421182,0.02982388213695813,0.1721606372851896,0.21147035353040092
motive_3,0.04856650614697181,0.14039234668218548,0.0,0.060998029718372176,0.14919564480909336,0.17986651233245618,0.10981019477550841,0.06863708114835876
motive_4,0.027510477322815356,0.09324281890435047,0.060998029718372176,0.0,0.08212970254744532,0.2211298107371812,0.055333455279797716,0.1473102519303511
motive_5,0.11298156488281978,0.15976945452421182,0.14919564480909336,0.08212970254744532,0.0,-0.0860783084343246,0.06252815129128,0.07454365789176665
motive_6,0.08158596473702216,0.02982388213695813,0.17986651233245618,0.2211298107371812,-0.0860783084343246,0.0,0.13470807464244136,0.04570887303117205
motive_7,0.0519145666694162,0.1721606372851896,0.10981019477550841,0.055333455279797716,0.06252815129128,0.13470807464244136,0.0,0.14174396905796582
motive_8,0.28293040296566346,0.21147035353040092,0.06863708114835876,0.1473102519303511,0.07454365789176665,0.04570887303117205,0.14174396905796582,0.0
