,motive_1,motive_2,motive_3,motive_4,motive_5,motive_6,motive_7,motive_8
satisfaction,0.49716022012922767,-0.07252623998562077,-0.15713736704461154,0.2530840798194347,0.11783256752465732,-0.04173847328079944,0.19338535082487737,-0.2634341323950359
