,motive_1,motive_2,motive_3,motive_4,motive_5,motive_6,motive_7,motive_8
motive_1,0.0,0.20550082111960144,0.09655986670216038,-0.4265578248331261,-0.1876471309126015,0.7804424990944052,0.20021629848954253,-0.23768918590444588
motive_2,0.20550082111960144,0.0,0.523329954522513,-0.28975298135440886,-0.46991001886811157,0.7444719166157343,0.6176746588329088,-0.13935920467925272
motive_3,0.09655986670216038,0.523329954522513,0.0,0.5106904214228537,-0.2526902172936983,-0.002015710781771596,0.2357966986190703,0.06478772089304574
motive_4,-0.4265578248331261,-0.28975298135440886,0.5106904214228537,0.0,-0.10381947895711735,0.743386105973825,-0.3056854065213918,0.043139487761710324
motive_5,-0.1876471309126015,-0.46991001886811157,-0.2526902172936983,-0.10381947895711735,0.0,0.9463122349171558,-0.1521774613400927,-0.5176398909827948
motive_6,0.7804424990944052,0.7444719166157343,-0.002015710781771596,0.743386105973825,0.9463122349171558,0.0,-0.24564718429943166,-0.6775483266528053
motive_7,0.20021629848954253,0.6176746588329088,0.2357966986190703,-0.3056854065213918,-0.1521774613400927,-0.24564718429943166,0.0,0.1757835351664418
motive_8,-0.23768918590444588,-0.13935920467925272,0.06478772089304574,0.043139487761710324,-0.5176398909827948,-0.6775483266528053,0.1757835351664418,0.0
