,motive_1,motive_2,motive_3,motive_4,motive_5,motive_6,motive_7,motive_8
motive_1,0.0,-0.45199718317997384,0.6076759975461055,0.07432556011171543,0.15800738013629506,-0.2099238205455919,0.24206055047775926,0.6818962702392005
motive_2,-0.45199718317997384,0.0,0.27692659200178255,0.2744469270086889,0.48812126161346825,0.20152805686640757,-1.2205880606409076,0.3832874586020053
motive_3,0.6076759975461055,0.27692659200178255,0.0,0.03801449675901508,0.3243481814357595,0.33904672980634587,0.7750286482400844,-0.10944151281635417
motive_4,0.07432556011171543,0.2744469270086889,0.03801449675901508,0.0,0.9880253683588935,0.22012892820320462,0.07052581979470718,0.6740345644457371
motive_5,0.15800738013629506,0.48812126161346825,0.3243481814357595,0.9880253683588935,0.0,-0.0019909063766791954,0.42811729867087134,0.25590772255916033
motive_6,-0.2099238205455919,0.20152805686640757,0.33904672980634587,0.22012892820320462,-0.0019909063766791954,0.0,0.11306836199612424,-0.5681927991464377
motive_7,0.24206055047775926,-1.2205880606409076,0.7750286482400844,0.07052581979470718,0.42811729867087134,0.11306836199612424,0.0,0.4195105156912603
motive_8,0.6818962702392005,0.3832874586020053,-0.10944151281635417,0.6740345644457371,0.25590772255916033,-0.5681927991464377,0.4195105156912603,0.0
