,motive_1,motive_2,motive_3,motive_4,motive_5,motive_6,motive_7,motive_8
motive_1,0.0,0.23462745807270152,0.23481061425837405,-0.4278965421921809,0.20145052361167726,-0.2455395587633042,-0.49754323070410544,0.25312825532436023
motive_2,0.23462745807270152,0.0,0.2068427587963454,-0.2534137827261652,-0.2072697623685626,0.6345383263413691,-0.38785126894355426,0.3084903957019301
motive_3,0.23481061425837405,0.2068427587963454,0.0,0.4009307586236571,0.2203584570021206,0.317670176100689,-0.26800907158079185,0.337651584037484
motive_4,-0.4278965421921809,-0.2534137827261652,0.4009307586236571,0.0,-0.17515606293248304,0.3265160048047982,0.012167614771319835,-0.47473390590109715
motive_5,0.20145052361167726,-0.2072697623685626,0.2203584570021206,-0.17515606293248304,0.0,-0.3802114534464238,-0.031176211287387623,-0.2683655568525082
motive_6,-0.2455395587633042,0.6345383263413691,0.317670176100689,0.3265160048047982,-0.3802114534464238,0.0,0.6495736494431393,0.1324764229660707
motive_7,-0.49754323070410544,-0.38785126894355426,-0.26800907158079185,0.012167614771319835,-0.031176211287387623,0.6495736494431393,0.0,0.3137312255036107
motive_8,0.25312825532436023,0.3084903957019301,0.337651584037484,-0.47473390590109715,-0.2683655568525082,0.1324764229660707,0.3137312255036107,0.0
