,motive_1,motive_2,motive_3,motive_4,motive_5,motive_6,motive_7,motive_8
motive_1,0.0,0.12902353394275695,0.07509388523593817,-0.0863330232132587,-0.10435741743619881,-0.0037894015562153355,0.05831196089737572,0.10374980543715927
motive_2,0.12902353394275695,0.0,-0.03738616945560436,-0.06413812577323964,0.042306759911974204,0.07383965326007563,-0.02092798747295417,0.007689521754318811
motive_3,0.07509388523593817,-0.03738616945560436,0.0,0.051555300595762674,0.06495541295570682,0.08370543307511183,-0.027991115653437273,0.07306547431560642
motive_4,-0.0863330232132587,-0.06413812577323964,0.051555300595762674,0.0,-0.002607032560741629,-0.03934221610287214,-0.018702929927717243,0.008135858515000115
motive_5,-0.10435741743619881,0.042306759911974204,0.06495541295570682,-0.002607032560741629,0.0,0.06535178519342219,-0.03182426832939057,0.009872979642154936
motive_6,-0.0037894015562153355,0.07383965326007563,0.08370543307511183,-0.03934221610287214,0.06535178519342219,0.0,0.040085220761743715,0.11573277125463358
motive_7,0.05831196089737572,-0.02092798747295417,-0.027991115653437273,-0.018702929927717243,-0.03182426832939057,0.040085220761743715,0.0,-0.0542367023024808
motive_8,0.10374980543715927,0.007689521754318811,0.07306547431560642,0.008135858515000115,0.009872979642154936,0.11573277125463358,-0.0542367023024808,0.0
