,motive_1,motive_2,motive_3,motive_4,motive_5,motive_6,motive_7,motive_8
satisfaction,0.5428738058458145,0.0750860384869481,0.1496336527457066,-0.04720458212968584,-0.04779794846364516,0.04666434987036619,0.611360152160146,0.1499793329243327
