,motive_1,motive_2,motive_3,motive_4,motive_5,motive_6,motive_7,motive_8
motive_1,0.0,-0.0396348013377577,0.01054751025391807,-0.035281769894899485,0.09632232531433219,0.01600612016576277,-0.0014985688731791041,0.08287051828323326
motive_2,-0.0396348013377577,0.0,-0.12844146279330346,0.146762979450977,0.012578267276968848,-0.05592341168607119,0.016626915864106424,-0.051130813674520735
motive_3,0.01054751025391807,-0.12844146279330346,0.0,-0.046490736316704535,0.09877162767330722,-0.07434880955027551,-0.04783401664810848,0.11939318450592576
motive_4,-0.035281769894899485,0.146762979450977,-0.046490736316704535,0.0,0.009230838375973285,-0.10232335530916643,-0.11646584472240804,-0.0019399264297371363
motive_5,0.09632232531433219,0.012578267276968848,0.09877162767330722,0.009230838375973285,0.0,0.040463664925628404,0.0068763962557640765,-0.017632701533218845
motive_6,0.01600612016576277,-0.05592341168607119,-0.07434880955027551,-0.10232335530916643,0.040463664925628404,0.0,0.023011516445044573,0.07414862784482273
motive_7,-0.0014985688731791041,0.016626915864106424,-0.04783401664810848,-0.11646584472240804,0.0068763962557640765,0.023011516445044573,0.0,0.06543587228638527
motive_8,0.08287051828323326,-0.051130813674520735,0.11939318450592576,-0.0019399264297371363,-0.017632701533218845,0.07414862784482273,0.06543587228638527,0.0
