,motive_1,motive_2,motive_3,motive_4,motive_5,motive_6,motive_7,motive_8
motive_1,0.0,0.4051171980837538,0.35217327413592325,0.3770819356913832,0.2178138510683173,0.22593702726028414,0.18937352418662923,0.1998025471537024
motive_2,0.4051171980837538,0.0,0.609942994586564,0.17450254184416375,0.2493416142761084,0.3118581396060588,0.5747064388668657,0.5412912658826574
motive_3,0.35217327413592325,0.609942994586564,0.0,0.2271547323015028,0.42092265931000145,0.43493855658158875,0.7149944270520003,0.26279196338017546
motive_4,0.3770819356913832,0.17450254184416375,0.2271547323015028,0.0,0.5510245977237027,0.4933623346574586,0.16119141469260745,0.27749297437346887
motive_5,0.2178138510683173,0.2493416142761084,0.42092265931000145,0.5510245977237027,0.0,0.28558624091651386,0.5652415641796177,0.7450521472924179
motive_6,0.22593702726028414,0.3118581396060588,0.43493855658158875,0.4933623346574586,0.28558624091651386,0.0,0.07739374081161585,0.14017455466348813
motive_7,0.18937352418662923,0.5747064388668657,0.7149944270520003,0.16119141469260745,0.5652415641796177,0.07739374081161585,0.0,0.5350653637258848
motive_8,0.1998025471537024,0.5412912658826574,0.26279196338017546,0.27749297437346887,0.7450521472924179,0.14017455466348813,0.5350653637258848,0.0
