,motive_1,motive_2,motive_3,motive_4,motive_5,motive_6,motive_7,motive_8
satisfaction,-0.10994011588036545,-0.1065094312960071,0.13834913345973396,0.41158542069682064,0.2509738463956007,0.13544866325309357,0.13308195249596028,0.23183546753080364
