,motive_1,motive_2,motive_3,motive_4,motive_5,motive_6,motive_7,motive_8
satisfaction,0.11680711111392414,0.05973018492966145,0.06953956914451825,0.2788033731888239,0.16730087736922616,0.1263311355092516,0.05152203872932197,-0.020292960697698814
