,motive_1,motive_2,motive_3,motive_4,motive_5,motive_6,motive_7,motive_8
motive_1,0.0,-0.06590081407434768,0.03635489331607129,0.1874154948228441,0.4129650117038024,0.026420897900565635,0.33385224428963867,0.21549460842580692
motive_2,-0.06590081407434768,0.0,0.47811979455271686,0.11104516330720114,0.3072420605284374,0.04282581439496412,0.17400681168810556,0.29246890128807723
motive_3,0.03635489331607129,0.47811979455271686,0.0,0.32850884551395476,-0.02131781916922912,0.4413944759637635,0.17363361969665814,0.45130834808240067
motive_4,0.1874154948228441,0.11104516330720114,0.32850884551395476,0.0,0.21692186870207433,0.23151255413312744,0.12452926893190287,0.10684471331781922
motive_5,0.4129650117038024,0.3072420605284374,-0.02131781916922912,0.21692186870207433,0.0,0.38515633619898976,0.13533154768465983,0.4461738986876935
motive_6,0.026420897900565635,0.04282581439496412,0.4413944759637635,0.23151255413312744,0.38515633619898976,0.0,0.05413466479498252,0.1383449794780846
motive_7,0.33385224428963867,0.17400681168810556,0.17363361969665814,0.12452926893190287,0.13533154768465983,0.05413466479498252,0.0,-0.12915225000043978
motive_8,0.21549460842580692,0.29246890128807723,0.45130834808240067,0.10684471331781922,0.4461738986876935,0.1383449794780846,-0.12915225000043978,0.0
