,motive_1,motive_2,motive_3,motive_4,motive_5,motive_6,motive_7,motive_8
satisfaction,0.3260365681738998,0.04067260809458084,0.0878356318478281,-0.009202320793267063,0.0037560738653900916,-0.11855234825707403,-0.09641856095744028,0.28253247197612996
