,motive_1,motive_2,motive_3,motive_4,motive_5,motive_6,motive_7,motive_8
satisfaction,0.2987302402184584,0.4212150389562137,0.25527554048713386,0.38429458388236526,0.0797385875744733,0.29265363169233904,-0.05284475262374033,-0.15292756165878807
