,motive_1,motive_2,motive_3,motive_4,motive_5,motive_6,motive_7,motive_8
motive_1,0.0,-0.2606340324067853,0.26461156565280963,-0.14274057499998716,0.3250253587762863,0.18590153951073912,0.6603663477525594,0.28025615771431345
motive_2,-0.2606340324067853,0.0,0.048779776163828004,-0.6355137806480577,-1.0049085924282826,-0.2025789635657626,-0.22733659350051938,-0.4307497182963814
motive_3,0.26461156565280963,0.048779776163828004,0.0,-0.4817413744294934,0.6169076368470495,0.7841589694984229,0.18485478347466477,0.7605850209540171
motive_4,-0.14274057499998716,-0.6355137806480577,-0.4817413744294934,0.0,0.71871290801008,-0.3299480384841454,-0.5920421675459353,0.9052770548461784
motive_5,0.3250253587762863,-1.0049085924282826,0.6169076368470495,0.71871290801008,0.0,0.3279228942289202,0.31879127945652025,0.1433893295093901
motive_6,0.18590153951073912,-0.2025789635657626,0.7841589694984229,-0.3299480384841454,0.3279228942289202,0.0,0.10096967369316548,0.27722833283615306
motive_7,0.6603663477525594,-0.22733659350051938,0.18485478347466477,-0.5920421675459353,0.31879127945652025,0.10096967369316548,0.0,-0.30399517457594966
motive_8,0.28025615771431345,-0.4307497182963814,0.7605850209540171,0.9052770548461784,0.1433893295093901,0.27722833283615306,-0.30399517457594966,0.0
