,motive_1,motive_2,motive_3,motive_4,motive_5,motive_6,motive_7,motive_8
satisfaction,-0.3372393711075329,-0.18299223772787146,-0.034488270057747517,0.3396928580299915,0.3831836765876483,0.1578404838529243,0.1812515300566946,0.2368082817580052
