,motive_1,motive_2,motive_3,motive_4,motive_5,motive_6,motive_7,motive_8
motive_1,0.0,-0.024113917677391357,0.18877371381842484,0.06859234340291825,0.08218511839446245,0.16337142345600889,0.025959543265228553,0.18080235643679776
motive_2,-0.024113917677391357,0.0,0.11173769191320239,0.09146939686793551,0.11387781566332629,0.1290360441699164,0.1526806167448061,0.10894904713174625
motive_3,0.18877371381842484,0.11173769191320239,0.0,0.12813477542132562,0.19755791914841647,0.15784649077933718,0.09144738391508536,0.11864198387328301
motive_4,0.06859234340291825,0.09146939686793551,0.12813477542132562,0.0,0.1332540549267348,0.06832171875439014,0.13896562973292742,0.101017810854949
motive_5,0.08218511839446245,0.11387781566332629,0.19755791914841647,0.1332540549267348,0.0,0.020206018173238458,0.11018736708513874,0.16528724058529037
motive_6,0.16337142345600889,0.1290360441699164,0.15784649077933718,0.06832171875439014,0.020206018173238458,0.0,0.08509521575254118,0.10204933379380132
motive_7,0.025959543265228553,0.1526806167448061,0.09144738391508536,0.13896562973292742,0.11018736708513874,0.08509521575254118,0.0,-0.047387193798599625
motive_8,0.18080235643679776,0.10894904713174625,0.11864198387328301,0.101017810854949,0.16528724058529037,0.10204933379380132,-0.047387193798599625,0.0
