,motive_1,motive_2,motive_3,motive_4,motive_5,motive_6,motive_7,motive_8
motive_1,0.0,0.09092584267314743,0.18306229408495633,-0.06700869865073376,0.1620970797660326,0.022575070759616983,0.069990015290206,0.06729778125408666
motive_2,0.09092584267314743,0.0,0.05238911732375967,0.10640041476236142,0.07224761349271114,-0.03773850993711082,0.19413672676230193,0.003515365942689773
motive_3,0.18306229408495633,0.05238911732375967,0.0,0.06274370633523083,0.059564899831829235,0.14554800223992134,0.23379257968969125,0.20663859408783908
motive_4,-0.06700869865073376,0.10640041476236142,0.06274370633523083,0.0,0.07869915704432744,0.056495120299260196,0.13534307386139544,0.05936056019021125
motive_5,0.1620970797660326,0.07224761349271114,0.059564899831829235,0.07869915704432744,0.0,0.047097257515160806,0.0235808235943524,0.016373995465454358
motive_6,0.022575070759616983,-0.03773850993711082,0.14554800223992134,0.056495120299260196,0.047097257515160806,0.0,-0.015005338748059496,0.13569923309411674
motive_7,0.069990015290206,0.19413672676230193,0.23379257968969125,0.13534307386139544,0.0235808235943524,-0.015005338748059496,0.0,0.03694319553850714
motive_8,0.06729778125408666,0.003515365942689773,0.20663859408783908,0.05936056019021125,0.016373995465454358,0.13569923309411674,0.03694319553850714,0.0
