,motive_1,motive_2,motive_3,motive_4,motive_5,motive_6,motive_7,motive_8
motive_1,0.0,0.04393161030839429,0.08203749040180497,0.1137430110271737,0.09612962730076022,0.05421607284580989,0.043056050583412,0.10288334086999452
motive_2,0.04393161030839429,0.0,0.1449881222473303,-0.03998846790593066,0.09454499745920715,0.10373987016297931,0.0004386217027878142,0.08570722052231755
motive_3,0.08203749040180497,0.1449881222473303,0.0,0.1488254884626385,0.07172372942433783,0.009503748292815764,0.10595011314748377,-0.0762253649938748
motive_4,0.1137430110271737,-0.03998846790593066,0.1488254884626385,0.0,0.11095007773918444,-0.004718148569925598,0.10364809787571927,0.09953208502176
motive_5,0.09612962730076022,0.09454499745920715,0.07172372942433783,0.11095007773918444,0.0,0.04112813006536002,0.0670300864306208,0.14207843783542914
motive_6,0.05421607284580989,0.10373987016297931,0.009503748292815764,-0.004718148569925598,0.04112813006536002,0.0,0.19988949481651902,0.04556180419039502
motive_7,0.043056050583412,0.0004386217027878142,0.10595011314748377,0.10364809787571927,0.0670300864306208,0.19988949481651902,0.0,0.1893040281416158
motive_8,0.10288334086999452,0.08570722052231755,-0.0762253649938748,0.09953208502176,0.14207843783542914,0.04556180419039502,0.1893040281416158,0.0
