,motive_1,motive_2,motive_3,motive_4,motive_5,motive_6,motive_7,motive_8
motive_1,0.0,-0.22038720440662637,0.06888138639008934,0.5313794883105344,0.4656934447212696,0.2889535275006157,0.5622844992252293,0.3547738205938483
motive_2,-0.22038720440662637,0.0,0.28537878167194397,0.20144990929687298,0.7635092196411697,0.2842377589113313,0.5315359998016105,0.4543063940380575
motive_3,0.06888138639008934,0.28537878167194397,0.0,0.3388023862945651,0.1531139195129187,0.26400117311535276,0.5147215246193511,0.30719074651048334
motive_4,0.5313794883105344,0.20144990929687298,0.3388023862945651,0.0,0.23441257083663597,0.21835296810745208,0.48672469249471,-0.04784790808230495
motive_5,0.4656934447212696,0.7635092196411697,0.1531139195129187,0.23441257083663597,0.0,0.32605132884093696,0.20201926376277957,0.4774289286609757
motive_6,0.2889535275006157,0.2842377589113313,0.26400117311535276,0.21835296810745208,0.32605132884093696,0.0,0.1124943103393046,0.15893355375824877
motive_7,0.5622844992252293,0.5315359998016105,0.5147215246193511,0.48672469249471,0.20201926376277957,0.1124943103393046,0.0,0.28786894119548545
motive_8,0.3547738205938483,0.4543063940380575,0.30719074651048334,-0.04784790808230495,0.4774289286609757,0.15893355375824877,0.28786894119548545,0.0
