,motive_1,motive_2,motive_3,motive_4,motive_5,motive_6,motive_7,motive_8
motive_1,0.0,0.12898575126604028,0.20095542431106964,0.08709093851595587,0.10023516834019927,0.23465863405758322,0.11892645963114887,0.14854360486679916
motive_2,0.12898575126604028,0.0,0.13021727392593113,0.09742014942138841,0.21201258878896712,0.13760617628460134,0.15754606795615583,0.008063501046536452
motive_3,0.20095542431106964,0.13021727392593113,0.0,-0.03661678616577445,0.17466387589841798,-0.018443256411219786,0.17644812173204943,0.1471841200821225
motive_4,0.08709093851595587,0.09742014942138841,-0.03661678616577445,0.0,0.14031704135019987,0.25423985414065936,0.0644196243903051,0.13549465200837446
motive_5,0.10023516834019927,0.21201258878896712,0.17466387589841798,0.14031704135019987,0.0,0.16262423133706208,0.18663931102809583,0.11474477289348256
motive_6,0.23465863405758322,0.13760617628460134,-0.018443256411219786,0.25423985414065936,0.16262423133706208,0.0,0.06705420019317694,0.1302115509219518
motive_7,0.11892645963114887,0.15754606795615583,0.17644812173204943,0.0644196243903051,0.18663931102809583,0.06705420019317694,0.0,0.05371892094373806
motive_8,0.14854360486679916,0.008063501046536452,0.1471841200821225,0.13549465200837446,0.11474477289348256,0.1302115509219518,0.05371892094373806,0.0
