,motive_1,motive_2,motive_3,motive_4,motive_5,motive_6,motive_7,motive_8
satisfaction,0.291557490274044,-0.13441994459142367,-0.3356740601602999,0.40122274331420094,0.4539605430229159,0.23066668781906502,0.17272070882972806,0.0789565331990106
