,motive_1,motive_2,motive_3,motive_4,motive_5,motive_6,motive_7,motive_8
satisfaction,0.1288090453403706,0.5250063085621786,-0.21707425683826087,0.5929429791964942,0.2811342822279469,-0.2439938261858986,0.05259317839504982,0.6097494223283151
