,motive_1,motive_2,motive_3,motive_4,motive_5,motive_6,motive_7,motive_8
motive_1,0.0,0.2538840977611845,-0.012173479604798587,0.5019977580955677,0.6031516560502507,0.53339424141574,0.2852206684944413,0.4447209651706799
motive_2,0.2538840977611845,0.0,0.7077085819524283,0.5507365559496102,0.5087900503259071,0.30778703805029856,0.45630208038209374,0.4641837774997118
motive_3,-0.012173479604798587,0.7077085819524283,0.0,0.3356470294794959,0.3537714861132202,0.514945636876259,0.5213142573661427,0.5619266522747184
motive_4,0.5019977580955677,0.5507365559496102,0.3356470294794959,0.0,0.6275254942403998,0.6117743094206209,0.6308326901414201,0.18145445611348995
motive_5,0.6031516560502507,0.5087900503259071,0.3537714861132202,0.6275254942403998,0.0,0.04862124884098018,0.14582575022634353,0.3254806878928169
motive_6,0.53339424141574,0.30778703805029856,0.514945636876259,0.6117743094206209,0.04862124884098018,0.0,0.09060392013466498,0.5852989663330934
motive_7,0.2852206684944413,0.45630208038209374,0.5213142573661427,0.6308326901414201,0.14582575022634353,0.09060392013466498,0.0,0.4117376160612257
motive_8,0.4447209651706799,0.4641837774997118,0.5619266522747184,0.18145445611348995,0.3254806878928169,0.5852989663330934,0.4117376160612257,0.0
