,motive_1,motive_2,motive_3,motive_4,motive_5,motive_6,motive_7,motive_8
satisfaction,0.798093715099284,-0.0883616769106571,0.4709853263309669,0.5878539601179582,0.05810933933137527,0.28846747169086995,0.33096785938768036,0.46349310530174476
