,motive_1,motive_2,motive_3,motive_4,motive_5,motive_6,motive_7,motive_8
satisfaction,0.13803838292885068,0.077185554340837,0.309556157510494,-0.08430246034010888,0.15867256708112187,0.15219471399120038,0.13143944833474686,0.27383194022877144
