,motive_1,motive_2,motive_3,motive_4,motive_5,motive_6,motive_7,motive_8
motive_1,0.0,0.13692180110150443,0.05758470616535182,0.1344852430843008,0.049581883968983546,0.13450352838179996,0.06455397112454563,0.16158837833272058
motive_2,0.13692180110150443,0.0,0.21482439680552806,0.08365886063763754,0.1037056353728942,-0.08363546511000292,0.06611291761995938,0.03667219780053872
motive_3,0.05758470616535182,0.21482439680552806,0.0,-0.09449571675005065,0.11473475912408164,0.14825396168703042,0.11242660328854212,0.0541130319648733
motive_4,0.1344852430843008,0.08365886063763754,-0.09449571675005065,0.0,0.015337746723255583,-0.08120575090399297,0.11843642622243503,0.03407018190249242
motive_5,0.049581883968983546,0.1037056353728942,0.11473475912408164,0.015337746723255583,0.0,0.12178329973321894,0.05481652041979887,0.04749433343087647
motive_6,0.13450352838179996,-0.08363546511000292,0.14825396168703042,-0.08120575090399297,0.12178329973321894,0.0,0.23406110922247247,0.1197702619738893
motive_7,0.06455397112454563,0.06611291761995938,0.11242660328854212,0.11843642622243503,0.05481652041979887,0.23406110922247247,0.0,0.22224132692604687
motive_8,0.16158837833272058,0.03667219780053872,0.0541130319648733,0.03407018190249242,0.04749433343087647,0.1197702619738893,0.22224132692604687,0.0
