,motive_1,motive_2,motive_3,motive_4,motive_5,motive_6,motive_7,motive_8
satisfaction,0.6427803825647167,-0.01942787527766368,-0.12937333678741958,0.8024539914936277,-0.3316634787259842,0.38439840188009333,-0.09931430276752284,0.21917356031363464
