,motive_1,motive_2,motive_3,motive_4,motive_5,motive_6,motive_7,motive_8
motive_1,0.0,0.050137612849929174,-0.15337871449534246,0.3130869445762404,-0.00814151316387264,0.31347868391416844,0.2848540925926591,0.6228762868561646
motive_2,0.050137612849929174,0.0,0.08720342861927706,-0.005002954437414789,0.21522341533337097,0.07637709694530766,0.3103762539746098,0.0699427914313461
motive_3,-0.15337871449534246,0.08720342861927706,0.0,0.5724846818936193,-0.15257020981832578,0.8964001846487379,0.41913580708638515,0.09528879913306651
motive_4,0.3130869445762404,-0.005002954437414789,0.5724846818936193,0.0,0.030715779822165667,0.20236333465880452,0.0060221152211246964,0.5989245360686744
motive_5,-0.00814151316387264,0.21522341533337097,-0.15257020981832578,0.030715779822165667,0.0,0.30983028710574245,-0.08130535311975495,-0.33396439627624896
motive_6,0.31347868391416844,0.07637709694530766,0.8964001846487379,0.20236333465880452,0.30983028710574245,0.0,0.12883883413860123,0.34409010012223556
motive_7,0.2848540925926591,0.3103762539746098,0.41913580708638515,0.0060221152211246964,-0.08130535311975495,0.12883883413860123,0.0,0.03423227678322954
motive_8,0.6228762868561646,0.0699427914313461,0.09528879913306651,0.5989245360686744,-0.33396439627624896,0.34409010012223556,0.03423227678322954,0.0
