,motive_1,motive_2,motive_3,motive_4,motive_5,motive_6,motive_7,motive_8
motive_1,0.0,0.15133451479314694,0.6303136154438118,0.8022288343813624,0.38505768831094533,0.2781034283330145,0.3792887013189502,0.4630646743088496
motive_2,0.15133451479314694,0.0,0.2891123877751811,0.32685639298984753,0.22660777624496367,0.702021052877205,0.5113721442807797,0.6862466675484267
motive_3,0.6303136154438118,0.2891123877751811,0.0,0.2941114386481304,0.8024201664860204,0.035414099643349364,0.06513834151114889,-0.01654478426878958
motive_4,0.8022288343813624,0.32685639298984753,0.2941114386481304,0.0,0.46620326479663665,0.39894890679752515,0.34701173109737193,0.47375700006284915
motive_5,0.38505768831094533,0.22660777624496367,0.8024201664860204,0.46620326479663665,0.0,0.5333762705350977,0.2874188919330236,0.14785627289671363
motive_6,0.2781034283330145,0.702021052877205,0.035414099643349364,0.39894890679752515,0.5333762705350977,0.0,0.7613045785318698,-0.023657683731617515
motive_7,0.3792887013189502,0.5113721442807797,0.06513834151114889,0.34701173109737193,0.2874188919330236,0.7613045785318698,0.0,0.4897663168993436
motive_8,0.4630646743088496,0.6862466675484267,-0.01654478426878958,0.47375700006284915,0.14785627289671363,-0.023657683731617515,0.4897663168993436,0.0
