,motive_1,motive_2,motive_3,motive_4,motive_5,motive_6,motive_7,motive_8
satisfaction,-0.21117975661885444,-0.020880369768245963,0.07629535235857322,0.32274266620623515,0.015611916551988098,0.467277444758438,0.06451041172884164,0.02448338719074908
