,motive_1,motive_2,motive_3,motive_4,motive_5,motive_6,motive_7,motive_8
motive_1,0.0,-0.7206550855221054,0.13883530463413724,0.7361516896326217,-0.16080641583031335,0.2688339432063181,0.10524480562135871,-0.39561086389605815
motive_2,-0.7206550855221054,0.0,0.9715796709845339,-0.11950151141353649,0.2721742977702255,-0.014786836692360583,-0.42908403205323126,-0.8433111660298264
motive_3,0.13883530463413724,0.9715796709845339,0.0,0.9182968408075762,-0.4564990041364128,0.06643387851750522,-0.27870868531279747,0.47327682080231326
motive_4,0.7361516896326217,-0.11950151141353649,0.9182968408075762,0.0,0.6341893043392552,0.26706499172215054,0.303415217428692,-0.2640699512825363
motive_5,-0.16080641583031335,0.2721742977702255,-0.4564990041364128,0.6341893043392552,0.0,0.3328948337355052,0.10390895364330889,-0.4058269173354762
motive_6,0.2688339432063181,-0.014786836692360583,0.06643387851750522,0.26706499172215054,0.3328948337355052,0.0,-0.1316589605986923,-0.6488950185741218
motive_7,0.10524480562135871,-0.42908403205323126,-0.27870868531279747,0.303415217428692,0.10390895364330889,-0.1316589605986923,0.0,0.22599099507614048
motive_8,-0.39561086389605815,-0.8433111660298264,0.47327682080231326,-0.2640699512825363,-0.4058269173354762,-0.6488950185741218,0.22599099507614048,0.0
