,motive_1,motive_2,motive_3,motive_4,motive_5,motive_6,motive_7,motive_8
satisfaction,0.07926171778592768,0.09792497047838815,0.11963102023755876,0.224351447703356,0.017690984752004243,0.009841594873931964,-0.10014935725054971,-0.04637180817715053
