,motive_1,motive_2,motive_3,motive_4,motive_5,motive_6,motive_7,motive_8
motive_1,0.0,0.039146744934442534,-0.004798238448834369,0.10340379706805627,0.07397435728351642,0.2184883302457029,0.11048403347352606,0.14510463130399714
motive_2,0.039146744934442534,0.0,0.16740101129614252,0.02532024251665168,0.17957570471636908,0.10533899983564894,0.05117854214413767,0.11845953490973407
motive_3,-0.004798238448834369,0.16740101129614252,0.0,0.05099435772091682,0.0676291358710927,0.013987269582190355,0.1344402300375154,0.04490452195986419
motive_4,0.10340379706805627,0.02532024251665168,0.05099435772091682,0.0,0.18685466114370436,0.03780388873118597,0.23102290596175296,0.03915012891337283
motive_5,0.07397435728351642,0.17957570471636908,0.0676291358710927,0.18685466114370436,0.0,0.04077270734637702,0.04982871421202746,-0.013471526347388484
motive_6,0.2184883302457029,0.10533899983564894,0.013987269582190355,0.03780388873118597,0.04077270734637702,0.0,0.06569157712908061,0.0237895491878541
motive_7,0.11048403347352606,0.05117854214413767,0.1344402300375154,0.23102290596175296,0.04982871421202746,0.06569157712908061,0.0,0.05840105836827728
motive_8,0.14510463130399714,0.11845953490973407,0.04490452195986419,0.03915012891337283,-0.013471526347388484,0.0237895491878541,0.05840105836827728,0.0
