,motive_1,motive_2,motive_3,motive_4,motive_5,motive_6,motive_7,motive_8
motive_1,0.0,0.5551951817298727,0.6601863649310684,0.6787582077595274,0.6090704693600285,0.22527854985022924,0.5996601011840934,0.6195585837411797
motive_2,0.5551951817298727,0.0,0.4692700686991622,0.9295929336864096,0.12339517406561301,0.4571429302180693,0.5652191667213982,0.8920920333264781
motive_3,0.6601863649310684,0.4692700686991622,0.0,0.0951030799876014,0.4762118561055567,1.0008196291706732,0.6751980801176349,0.5137262800306643
motive_4,0.6787582077595274,0.9295929336864096,0.0951030799876014,0.0,0.13380491206299633,0.16364540625043775,0.35331738503492605,0.20411385376323588
motive_5,0.6090704693600285,0.12339517406561301,0.4762118561055567,0.13380491206299633,0.0,0.1037627288776817,0.39184837027629815,0.3810322632304933
motive_6,0.22527854985022924,0.4571429302180693,1.0008196291706732,0.16364540625043775,0.1037627288776817,0.0,0.586208171581891,0.7281322993930676
motive_7,0.5996601011840934,0.5652191667213982,0.6751980801176349,0.35331738503492605,0.39184837027629815,0.586208171581891,0.0,0.24088533299833648
motive_8,0.6195585837411797,0.8920920333264781,0.5137262800306643,0.20411385376323588,0.3810322632304933,0.7281322993930676,0.24088533299833648,0.0
