,motive_1,motive_2,motive_3,motive_4,motive_5,motive_6,motive_7,motive_8
motive_1,0.0,-0.09400882871533311,-0.07280459504777663,0.0001509802801691225,-0.03712814733553445,0.0355633752666026,0.10281347537361976,-0.05535762533349553
motive_2,-0.09400882871533311,0.0,-0.028616718181029926,0.044371347055146254,-0.07442349477833993,0.056526876308665236,-0.09241198143793883,-0.027340503468144057
motive_3,-0.07280459504777663,-0.028616718181029926,0.0,0.10478723355228395,-0.09300838121131755,-0.03404778895080118,0.002129787871273797,0.035324911391059824
motive_4,0.0001509802801691225,0.044371347055146254,0.10478723355228395,0.0,0.0974847104194158,0.049075447052638936,0.01060629177823471,-0.012195809943270935
motive_5,-0.03712814733553445,-0.07442349477833993,-0.09300838121131755,0.0974847104194158,0.0,-0.050671938643814876,0.13069099057826955,-0.05617869535772404
motive_6,0.0355633752666026,0.056526876308665236,-0.03404778895080118,0.049075447052638936,-0.050671938643814876,0.0,0.1518046796389545,0.04485882387279949
motive_7,0.10281347537361976,-0.09241198143793883,0.002129787871273797,0.01060629177823471,0.13069099057826955,0.1518046796389545,0.0,0.05771127454417761
motive_8,-0.05535762533349553,-0.027340503468144057,0.035324911391059824,-0.012195809943270935,-0.05617869535772404,0.04485882387279949,0.05771127454417761,0.0
