,motive_1,motive_2,motive_3,motive_4,motive_5,motive_6,motive_7,motive_8
motive_1,0.0,0.14919644124923628,0.14467170122605627,0.15040678660969853,0.13935120005373297,0.01130852987982943,-0.009781083366672945,0.15332320886750958
motive_2,0.14919644124923628,0.0,0.15702399813825257,0.01737493763120556,0.17852310758937967,0.06630601752166436,0.11689090939674616,0.041051334197226966
motive_3,0.14467170122605627,0.15702399813825257,0.0,0.07794125332343374,0.09936214427786944,0.08278678717266084,0.11326801678090029,0.12035289127377102
motive_4,0.15040678660969853,0.01737493763120556,0.07794125332343374,0.0,0.22691111066955985,0.12711350141692054,0.10536921044856071,0.23446778551062758
motive_5,0.13935120005373297,0.17852310758937967,0.09936214427786944,0.22691111066955985,0.0,0.06273163136420432,-0.006753886970158815,0.06364979805276104
motive_6,0.01130852987982943,0.06630601752166436,0.08278678717266084,0.12711350141692054,0.06273163136420432,0.0,0.0712415359089979,0.0568458381542101
motive_7,-0.009781083366672945,0.11689090939674616,0.11326801678090029,0.10536921044856071,-0.006753886970158815,0.0712415359089979,0.0,0.23874242211030727
motive_8,0.15332320886750958,0.041051334197226966,0.12035289127377102,0.23446778551062758,0.06364979805276104,0.0568458381542101,0.23874242211030727,0.0
