,motive_1,motive_2,motive_3,motive_4,motive_5,motive_6,motive_7,motive_8
motive_1,0.0,0.7697356348286799,0.12484006056067817,0.191980301847931,0.31723660184065033,0.16452157518755087,0.4353286083085193,0.34110369588873457
motive_2,0.7697356348286799,0.0,0.5084181827288692,-0.20712443211021753,0.13272832121182365,0.3685020386819767,0.5874146499153469,0.36460156324700005
motive_3,0.12484006056067817,0.5084181827288692,0.0,-0.39975951835650675,-0.1300127366967163,0.360574484658572,0.5217967672852031,-0.11829478856988354
motive_4,0.191980301847931,-0.20712443211021753,-0.39975951835650675,0.0,0.6740701825938928,-0.49556721240707613,0.1474588171670861,0.5142331373747498
motive_5,0.31723660184065033,0.13272832121182365,-0.1300127366967163,0.6740701825938928,0.0,0.2010302352835066,-0.2445474963984317,-0.026568328776060662
motive_6,0.16452157518755087,0.3685020386819767,0.360574484658572,-0.49556721240707613,0.2010302352835066,0.0,-0.353180517832578,-0.045128132418579166
motive_7,0.4353286083085193,0.5874146499153469,0.5217967672852031,0.1474588171670861,-0.2445474963984317,-0.353180517832578,0.0,0.12731841278541833
motive_8,0.34110369588873457,0.36460156324700005,-0.11829478856988354,0.5142331373747498,-0.026568328776060662,-0.045128132418579166,0.12731841278541833,0.0
