,motive_1,motive_2,motive_3,motive_4,motive_5,motive_6,motive_7,motive_8
satisfaction,0.0649386198446282,0.25721770986649756,-0.16351661846321344,0.04653744317711951,-0.2908593189774843,-0.0770133796506901,0.06702070867689541,0.3573183285803222
