,motive_1,motive_2,motive_3,motive_4,motive_5,motive_6,motive_7,motive_8
motive_1,0.0,-0.06481672207622928,-0.016794152040480584,0.05948700615622338,0.07152738187694858,-0.051882965326348514,-0.039419603469881895,-0.025917280898735854
motive_2,-0.06481672207622928,0.0,0.0390708931212469,-0.014118468405291969,0.11453531256295614,0.04981439139580624,-0.07977192833105494,-0.10012578285778796
motive_3,-0.016794152040480584,0.0390708931212469,0.0,-0.053751769371938235,-0.037481426512819827,0.07329969687624463,0.02085322089344259,0.03253861414836265
motive_4,0.05948700615622338,-0.014118468405291969,-0.053751769371938235,0.0,-0.025289231353066238,-0.040581756665090674,0.08027306700738716,0.08250576552317428
motive_5,0.07152738187694858,0.11453531256295614,-0.037481426512819827,-0.025289231353066238,0.0,0.0037818285072436573,0.055916644259996484,0.011409883096244274
motive_6,-0.051882965326348514,0.04981439139580624,0.07329969687624463,-0.040581756665090674,0.0037818285072436573,0.0,0.058621221982836653,-0.04538254910630118
motive_7,-0.039419603469881895,-0.07977192833105494,0.02085322089344259,0.08027306700738716,0.055916644259996484,0.058621221982836653,0.0,-0.04643813252467236
motive_8,-0.025917280898735854,-0.10012578285778796,0.03253861414836265,0.08250576552317428,0.011409883096244274,-0.04538254910630118,-0.04643813252467236,0.0
