,motive_1,motive_2,motive_3,motive_4,motive_5,motive_6,motive_7,motive_8
motive_1,0.0,-0.004864710524576186,-0.014984109675818306,0.0021071529850438427,-0.0477632211999024,-0.007560518186098597,-0.009368257626323324,0.05211952551172039
motive_2,-0.004864710524576186,0.0,0.00414164225310714,-0.059203805244697025,-0.005285055750350265,-0.04531729604192095,-0.10657700522919733,0.11730497289730726
motive_3,-0.014984109675818306,0.00414164225310714,0.0,0.0029797063329219803,0.07628196977367123,0.07959980182672793,-0.08887862878884066,0.04428387773996356
motive_4,0.0021071529850438427,-0.059203805244697025,0.0029797063329219803,0.0,0.1264799214785681,-0.04614277848023054,-0.14316412273074497,0.0916747652693906
motive_5,-0.0477632211999024,-0.005285055750350265,0.07628196977367123,0.1264799214785681,0.0,0.1403866439607812,-0.0018388907710196536,-0.010233373664359906
motive_6,-0.007560518186098597,-0.04531729604192095,0.07959980182672793,-0.04614277848023054,0.1403866439607812,0.0,0.014450263330261004,-0.042517425649583246
motive_7,-0.009368257626323324,-0.10657700522919733,-0.08887862878884066,-0.14316412273074497,-0.0018388907710196536,0.014450263330261004,0.0,0.08570447046091778
motive_8,0.05211952551172039,0.11730497289730726,0.04428387773996356,0.0916747652693906,-0.010233373664359906,-0.042517425649583246,0.08570447046091778,0.0
