,motive_1,motive_2,motive_3,motive_4,motive_5,motive_6,motive_7,motive_8
motive_1,0.0,0.03603638679102293,0.2062001074385707,0.03266130970147729,0.3877007491856578,-0.4315884391298466,0.2401310564164685,0.7199881228858374
motive_2,0.03603638679102293,0.0,-0.12972418780148587,0.8534812935060063,0.3272591733703983,1.120633396138995,0.3159843999125661,-0.0345918778565836
motive_3,0.2062001074385707,-0.12972418780148587,0.0,-0.12281958181210684,-0.5777863603515858,-0.7256174190560738,0.040627318358546674,0.040052527016836675
motive_4,0.03266130970147729,0.8534812935060063,-0.12281958181210684,0.0,0.2885826995691523,0.3248815911938876,0.6859051337010463,0.848232328801168
motive_5,0.3877007491856578,0.3272591733703983,-0.5777863603515858,0.2885826995691523,0.0,0.8737620262882957,0.32451822633682537,0.028502840166349172
motive_6,-0.4315884391298466,1.120633396138995,-0.7256174190560738,0.3248815911938876,0.8737620262882957,0.0,0.9034971818355528,0.6168666425751101
motive_7,0.2401310564164685,0.3159843999125661,0.040627318358546674,0.6859051337010463,0.32451822633682537,0.9034971818355528,0.0,0.19532103854431987
motive_8,0.7199881228858374,-0.0345918778565836,0.040052527016836675,0.848232328801168,0.028502840166349172,0.6168666425751101,0.19532103854431987,0.0
