,motive_1,motive_2,motive_3,motive_4,motive_5,motive_6,motive_7,motive_8
motive_1,0.0,0.364235178486411,0.32406521100824515,0.6202329951156162,0.4954172663847394,0.12716386721568979,0.7139580340211387,0.33742422938313565
motive_2,0.364235178486411,0.0,0.23081724544313467,0.19113954597229982,0.38634372895681424,0.5776592233261015,0.4730882187464732,0.3812069501152381
motive_3,0.32406521100824515,0.23081724544313467,0.0,0.40374634667593506,0.07148686243657906,0.3486507187448675,0.06814399806311877,0.32472874426622433
motive_4,0.6202329951156162,0.19113954597229982,0.40374634667593506,0.0,0.11045011722287583,0.45481714300887466,0.4459849407036555,0.2420510833658494
motive_5,0.4954172663847394,0.38634372895681424,0.07148686243657906,0.11045011722287583,0.0,0.4935437568164884,0.6874687795730019,0.23498692420838238
motive_6,0.12716386721568979,0.5776592233261015,0.3486507187448675,0.45481714300887466,0.4935437568164884,0.0,0.6839850354201371,0.348068060388215
motive_7,0.7139580340211387,0.4730882187464732,0.06814399806311877,0.4459849407036555,0.6874687795730019,0.6839850354201371,0.0,0.6127561662966375
motive_8,0.33742422938313565,0.3812069501152381,0.32472874426622433,0.2420510833658494,0.23498692420838238,0.348068060388215,0.6127561662966375,0.0
