,motive_1,motive_2,motive_3,motive_4,motive_5,motive_6,motive_7,motive_8
motive_1,0.0,0.4145122315591493,0.5919973643015691,0.3979589648811885,-0.02820304472593335,0.8082065459836423,0.46212817903958825,0.460399842853584
motive_2,0.4145122315591493,0.0,0.47469613764237734,0.4921676683775643,0.21958305355205854,0.43598522617104496,0.2123054081422283,0.25432909758128286
motive_3,0.5919973643015691,0.47469613764237734,0.0,0.20639347533228378,0.4965183636715125,0.5468251729124128,0.12409774608389458,0.1326509238708183
motive_4,0.3979589648811885,0.4921676683775643,0.20639347533228378,0.0,0.37391437859694293,0.3382703705053767,0.5657329854322211,0.6813460477698502
motive_5,-0.02820304472593335,0.21958305355205854,0.4965183636715125,0.37391437859694293,0.0,0.3547533479656053,-0.029225857778918382,0.338804411386016
motive_6,0.8082065459836423,0.43598522617104496,0.5468251729124128,0.3382703705053767,0.3547533479656053,0.0,0.10782511240140868,0.3746224997868483
motive_7,0.46212817903958825,0.2123054081422283,0.12409774608389458,0.5657329854322211,-0.029225857778918382,0.10782511240140868,0.0,0.44425806759281233
motive_8,0.460399842853584,0.25432909758128286,0.1326509238708183,0.6813460477698502,0.338804411386016,0.3746224997868483,0.44425806759281233,0.0
