,motive_1,motive_2,motive_3,motive_4,motive_5,motive_6,motive_7,motive_8
motive_1,0.0,0.2664496627613556,0.18226633600980124,-0.1368915199377333,0.39168652998503073,0.6346890512022003,0.39955258956658957,0.22240305840954996
motive_2,0.2664496627613556,0.0,0.8367477744899257,0.19906711264714375,0.35412180081650907,0.27078441072808856,0.31692824705885386,0.2668545768519472
motive_3,0.18226633600980124,0.8367477744899257,0.0,0.3659139757897572,0.3040884443742177,0.6261513187944676,0.11789073468075437,0.22115661663085906
motive_4,-0.1368915199377333,0.19906711264714375,0.3659139757897572,0.0,0.6780209330433132,-0.01202907056472613,0.38991615783598266,0.16998423873336546
motive_5,0.39168652998503073,0.35412180081650907,0.3040884443742177,0.6780209330433132,0.0,0.36033947872746735,0.45864445504273677,0.37478574799197506
motive_6,0.6346890512022003,0.27078441072808856,0.6261513187944676,-0.01202907056472613,0.36033947872746735,0.0,0.5677055733363939,0.4697539989203538
motive_7,0.39955258956658957,0.31692824705885386,0.11789073468075437,0.38991615783598266,0.45864445504273677,0.5677055733363939,0.0,0.26578371721413185
motive_8,0.22240305840954996,0.2668545768519472,0.22115661663085906,0.16998423873336546,0.37478574799197506,0.4697539989203538,0.26578371721413185,0.0
