,motive_1,motive_2,motive_3,motive_4,motive_5,motive_6,motive_7,motive_8
motive_1,0.0,0.016523544939838392,0.11578065837363805,-0.008347869672219385,-0.0008669643420527885,0.13383671997801094,0.003912195072537393,0.03145864592091524
motive_2,0.016523544939838392,0.0,-0.1417052777254525,-0.11536515124724032,-0.024944545202354198,0.15324050900403818,0.11749130203489713,-0.07904112678668941
motive_3,0.11578065837363805,-0.1417052777254525,0.0,-0.028974689803543494,0.012448449721501016,-0.07831296378617694,0.016795318962296447,-0.13482132009009398
motive_4,-0.008347869672219385,-0.11536515124724032,-0.028974689803543494,0.0,-0.18804083398224763,0.07323783252800091,0.010887612818347499,0.014437171202251749
motive_5,-0.0008669643420527885,-0.024944545202354198,0.012448449721501016,-0.18804083398224763,0.0,-0.018420789021458484,0.03127569175612147,0.07160039502216654
motive_6,0.13383671997801094,0.15324050900403818,-0.07831296378617694,0.07323783252800091,-0.018420789021458484,0.0,-0.08615041895446174,0.029962283459663362
motive_7,0.003912195072537393,0.11749130203489713,0.016795318962296447,0.010887612818347499,0.03127569175612147,-0.08615041895446174,0.0,-0.025981983414986077
motive_8,0.03145864592091524,-0.07904112678668941,-0.13482132009009398,0.014437171202251749,0.07160039502216654,0.029962283459663362,-0.025981983414986077,0.0
