,motive_1,motive_2,motive_3,motive_4,motive_5,motive_6,motive_7,motive_8
motive_1,0.0,0.07942780342602473,0.0752536595611782,0.04716691418920663,0.11572146662125732,0.1914363425688697,0.055499300314959574,0.12489213526977466
motive_2,0.07942780342602473,0.0,0.16118486046511218,0.252633205453885,0.0932612683816218,0.07477995192606313,0.17084437705221073,0.019123000066559884
motive_3,0.0752536595611782,0.16118486046511218,0.0,0.06133326514362051,0.07486909843087794,0.11651778121931146,0.2139693881627139,0.2139076923852279
motive_4,0.04716691418920663,0.252633205453885,0.06133326514362051,0.0,0.11576071700431395,0.10748467388325501,0.032020898907906784,0.05351782635304237
motive_5,0.11572146662125732,0.0932612683816218,0.07486909843087794,0.11576071700431395,0.0,0.010062960845922432,0.15542235858446654,0.05546733342247952
motive_6,0.1914363425688697,0.07477995192606313,0.11651778121931146,0.10748467388325501,0.010062960845922432,0.0,0.1771204406248176,0.13056596700080308
motive_7,0.055499300314959574,0.17084437705221073,0.2139693881627139,0.032020898907906784,0.15542235858446654,0.1771204406248176,0.0,0.020735833586895024
motive_8,0.12489213526977466,0.019123000066559884,0.2139076923852279,0.05351782635304237,0.05546733342247952,0.13056596700080308,0.020735833586895024,0.0
