,motive_1,motive_2,motive_3,motive_4,motive_5,motive_6,motive_7,motive_8
satisfaction,0.3053522334829929,0.19533767573109062,0.08662605149213562,-0.20583897803456916,0.041157796217879086,0.16024845281366323,0.14061904415071425,-0.05516589788090742
