,motive_1,motive_2,motive_3,motive_4,motive_5,motive_6,motive_7,motive_8
satisfaction,0.1806848571076238,-0.19765396048878395,0.31233839675293384,0.0750539373206558,0.33125697424665806,0.038141368813723875,0.04486262102340827,0.1552660781051034
