,motive_1,motive_2,motive_3,motive_4,motive_5,motive_6,motive_7,motive_8
satisfaction,0.10465842526687594,0.07826610917558943,0.24364003880597995,0.3787067090616165,0.1573885305335417,-0.31957876559381415,0.586542556018592,0.2595140166979609
