,motive_1,motive_2,motive_3,motive_4,motive_5,motive_6,motive_7,motive_8
motive_1,0.0,0.28674306404896477,-0.041614492349587764,0.4849992583202639,0.02693036324579806,0.11692039222106664,0.4173947482725494,0.0146668134283639
motive_2,0.28674306404896477,0.0,0.3552048524756263,0.17108203605372418,0.03120507638615469,0.866876933026922,0.04626952695624868,0.3952243792548476
motive_3,-0.041614492349587764,0.3552048524756263,0.0,0.14382523781088613,-0.04396847597669552,0.4834321978049372,0.2681489877162473,0.4074681917488741
motive_4,0.4849992583202639,0.17108203605372418,0.14382523781088613,0.0,-0.010931143416155309,0.04864490790081473,0.18994438810757813,0.24270678315667876
motive_5,0.02693036324579806,0.03120507638615469,-0.04396847597669552,-0.010931143416155309,0.0,0.28435900900197836,0.28824368824511487,0.04267478059346588
motive_6,0.11692039222106664,0.866876933026922,0.4834321978049372,0.04864490790081473,0.28435900900197836,0.0,0.21626737604003668,0.19039709295721652
motive_7,0.4173947482725494,0.04626952695624868,0.2681489877162473,0.18994438810757813,0.28824368824511487,0.21626737604003668,0.0,0.16347303301216393
motive_8,0.0146668134283639,0.3952243792548476,0.4074681917488741,0.24270678315667876,0.04267478059346588,0.19039709295721652,0.16347303301216393,0.0
