,motive_1,motive_2,motive_3,motive_4,motive_5,motive_6,motive_7,motive_8
motive_1,0.0,0.3658911961695029,0.5228089756045976,0.2433943398732288,0.9612139104593074,0.168084448027649,0.10313450434532669,0.25031395958515157
motive_2,0.3658911961695029,0.0,0.20840426857259245,-0.11510622661804709,0.18210072787632903,0.21880196664583823,-0.0023950585135333047,0.3643460772102869
motive_3,0.5228089756045976,0.20840426857259245,0.0,0.6923211335640365,0.5705015075353339,0.4471240703489056,-0.04180236024673131,0.17323054938549337
motive_4,0.2433943398732288,-0.11510622661804709,0.6923211335640365,0.0,0.42023452004551376,0.15154722096518686,0.31733579405628165,0.23585404466346457
motive_5,0.9612139104593074,0.18210072787632903,0.5705015075353339,0.42023452004551376,0.0,0.28815424259375066,0.12558337219269142,0.2995125941114079
motive_6,0.168084448027649,0.21880196664583823,0.4471240703489056,0.15154722096518686,0.28815424259375066,0.0,0.42270164470331717,-0.016494093358191603
motive_7,0.10313450434532669,-0.0023950585135333047,-0.04180236024673131,0.31733579405628165,0.12558337219269142,0.42270164470331717,0.0,0.9719928725220542
motive_8,0.25031395958515157,0.3643460772102869,0.17323054938549337,0.23585404466346457,0.2995125941114079,-0.016494093358191603,0.9719928725220542,0.0
