,motive_1,motive_2,motive_3,motive_4,motive_5,motive_6,motive_7,motive_8
satisfaction,0.25807120450339366,-0.07517597883069921,0.2187292845863789,0.33129930802538166,0.09524899840063761,0.09119305813349612,0.23913909720600027,0.25019118068988566
