,motive_1,motive_2,motive_3,motive_4,motive_5,motive_6,motive_7,motive_8
motive_1,0.0,0.2066133990383766,0.20199867706933522,0.1701106638998329,0.09877865299251368,0.134849279526138,0.14814883808373522,0.08799101668359742
motive_2,0.2066133990383766,0.0,0.08659774808386522,0.1411125674761553,0.08794190059739763,0.05517610623664459,0.1671844123807059,0.009031135253328812
motive_3,0.20199867706933522,0.08659774808386522,0.0,0.028650855004090925,0.06756206000855149,0.07466375271228497,0.14337235655488118,-0.010627772463558623
motive_4,0.1701106638998329,0.1411125674761553,0.028650855004090925,0.0,0.17047494736653468,0.07455450817074649,0.2168038604684652,0.20735123264030011
motive_5,0.09877865299251368,0.08794190059739763,0.06756206000855149,0.17047494736653468,0.0,0.05489964959751265,0.09366701600534771,0.06191595498957539
motive_6,0.134849279526138,0.05517610623664459,0.07466375271228497,0.07455450817074649,0.05489964959751265,0.0,0.0928259956917914,0.05854845580010096
motive_7,0.14814883808373522,0.1671844123807059,0.14337235655488118,0.2168038604684652,0.09366701600534771,0.0928259956917914,0.0,0.14087075392382264
motive_8,0.08799101668359742,0.009031135253328812,-0.010627772463558623,0.20735123264030011,0.06191595498957539,0.05854845580010096,0.14087075392382264,0.0
