,motive_1,motive_2,motive_3,motive_4,motive_5,motive_6,motive_7,motive_8
motive_1,0.0,0.10379682298387566,0.015023016529721562,0.05119624617118697,0.1699380395398248,0.1086284307562902,0.00010241910571185536,0.13018986213355455
motive_2,0.10379682298387566,0.0,-0.03936098456827382,0.11554360127246094,-0.06358462830246145,0.0711532111410072,-0.06245100720957004,0.014270938332709045
motive_3,0.015023016529721562,-0.03936098456827382,0.0,0.051647312452587996,0.005243628897345965,-0.08437052788512775,0.09908260796606046,0.14105754197101666
motive_4,0.05119624617118697,0.11554360127246094,0.051647312452587996,0.0,0.07900670695524364,0.07505855721009402,0.07330872649236797,0.11955568125476615
motive_5,0.1699380395398248,-0.06358462830246145,0.005243628897345965,0.07900670695524364,0.0,0.07327665762951177,0.03185555540746251,0.11298233632963933
motive_6,0.1086284307562902,0.0711532111410072,-0.08437052788512775,0.07505855721009402,0.07327665762951177,0.0,0.16724406869298353,0.034102558916784084
motive_7,0.00010241910571185536,-0.06245100720957004,0.09908260796606046,0.07330872649236797,0.03185555540746251,0.16724406869298353,0.0,0.08266876394819059
motive_8,0.13018986213355455,0.014270938332709045,0.14105754197101666,0.11955568125476615,0.11298233632963933,0.034102558916784084,0.08266876394819059,0.0
