,motive_1,motive_2,motive_3,motive_4,motive_5,motive_6,motive_7,motive_8
motive_1,0.0,0.49815915369759006,0.1894380473738639,0.13814983796727395,0.06960114522896377,0.044680449189165194,0.6128476324520942,0.39712034386998213
motive_2,0.49815915369759006,0.0,0.40143392174776227,0.6894843679937392,0.34565077279046974,0.6071456144550409,-0.06365156873715541,0.08724147769725787
motive_3,0.1894380473738639,0.40143392174776227,0.0,0.09303714291530035,0.2805059602021327,0.06279984616650963,0.2684512715770403,0.45830217119005867
motive_4,0.13814983796727395,0.6894843679937392,0.09303714291530035,0.0,0.928974874626295,0.025659537309743158,0.5933642794558276,0.3705920988423026
motive_5,0.06960114522896377,0.34565077279046974,0.2805059602021327,0.928974874626295,0.0,0.354789794169301,0.24516466012402982,0.32270703925983024
motive_6,0.044680449189165194,0.6071456144550409,0.06279984616650963,0.025659537309743158,0.354789794169301,0.0,0.05203192267476739,0.25233506791278104
motive_7,0.6128476324520942,-0.06365156873715541,0.2684512715770403,0.5933642794558276,0.24516466012402982,0.05203192267476739,0.0,0.42987305849969293
motive_8,0.39712034386998213,0.08724147769725787,0.45830217119005867,0.3705920988423026,0.32270703925983024,0.25233506791278104,0.42987305849969293,0.0
