,motive_1,motive_2,motive_3,motive_4,motive_5,motive_6,motive_7,motive_8
motive_1,0.0,0.19083450314964379,0.24102726045198378,-0.05744181509295253,0.4621943120187977,0.3162794551482381,0.3854574943667257,-0.009588694253811494
motive_2,0.19083450314964379,0.0,0.2574035724181236,0.3175921931173967,0.4765260875396963,0.19429700512431408,0.09678228866529587,0.070279727240228
motive_3,0.24102726045198378,0.2574035724181236,0.0,0.7320681121215078,0.1446965999084343,0.29056730979619527,0.26070902025360454,0.10717908602748204
motive_4,-0.05744181509295253,0.3175921931173967,0.7320681121215078,0.0,0.013582646323219233,0.16121072932023978,0.4160100290504142,0.36078494441753367
motive_5,0.4621943120187977,0.4765260875396963,0.1446965999084343,0.013582646323219233,0.0,0.37321395236044,0.43445282505853233,-0.1547287908555157
motive_6,0.3162794551482381,0.19429700512431408,0.29056730979619527,0.16121072932023978,0.37321395236044,0.0,0.6406985363341472,0.17424090285469895
motive_7,0.3854574943667257,0.09678228866529587,0.26070902025360454,0.4160100290504142,0.43445282505853233,0.6406985363341472,0.0,0.321681420264715
motive_8,-0.009588694253811494,0.070279727240228,0.10717908602748204,0.36078494441753367,-0.1547287908555157,0.17424090285469895,0.321681420264715,0.0
