,motive_1,motive_2,motive_3,motive_4,motive_5,motive_6,motive_7,motive_8
satisfaction,-0.48690245061400406,-0.34507787793057776,0.2407810611679548,-0.2167593735605031,-0.026871852247816852,0.047994730232931486,0.07038614395084733,0.030981058297975705
