,motive_1,motive_2,motive_3,motive_4,motive_5,motive_6,motive_7,motive_8
satisfaction,-0.4145923688210935,-0.1981208684058646,0.21494160618370511,0.15636008992745434,0.06202210465645546,0.11826139742669133,0.27572751601847023,0.3181436808691556
