,motive_1,motive_2,motive_3,motive_4,motive_5,motive_6,motive_7,motive_8
motive_1,0.0,0.09094067735695725,-0.00651663575975891,-0.125116577855287,0.08415814694169838,-0.01846357469839132,0.014252235956335662,-0.1209608366775208
motive_2,0.09094067735695725,0.0,-0.04999336895516914,-0.08742224357972461,0.048457095559919006,0.11194332831758724,-0.013017436701918364,-0.048900899310887966
motive_3,-0.00651663575975891,-0.04999336895516914,0.0,-0.008991464187210045,-0.12218969096596946,-0.039039733870658594,0.05063802733942098,0.06763151190081612
motive_4,-0.125116577855287,-0.08742224357972461,-0.008991464187210045,0.0,0.018408398920675688,0.014398383264126666,-0.06518697156567832,-0.00564410734716389
motive_5,0.08415814694169838,0.048457095559919006,-0.12218969096596946,0.018408398920675688,0.0,-0.004432585147964029,0.10175966450751042,-0.08533240979868555
motive_6,-0.01846357469839132,0.11194332831758724,-0.039039733870658594,0.014398383264126666,-0.004432585147964029,0.0,0.04699513406847887,-0.0437185361767095
motive_7,0.014252235956335662,-0.013017436701918364,0.05063802733942098,-0.06518697156567832,0.10175966450751042,0.04699513406847887,0.0,0.0286348483218962
motive_8,-0.1209608366775208,-0.048900899310887966,0.06763151190081612,-0.00564410734716389,-0.08533240979868555,-0.0437185361767095,0.0286348483218962,0.0
