,motive_1,motive_2,motive_3,motive_4,motive_5,motive_6,motive_7,motive_8
motive_1,0.0,-0.10535528911881709,-0.4609006478571737,0.2939951902926085,-0.2560196791226869,0.18265692099014885,0.5941426413030579,0.3136453486006341
motive_2,-0.10535528911881709,0.0,-0.37323366926668045,0.04415785671670408,-0.10717183413957698,-0.4392406540033826,0.25150395238530826,-0.8093020423414601
motive_3,-0.4609006478571737,-0.37323366926668045,0.0,0.39374737111295693,-0.11224405075098795,-0.12215582356702859,-0.8974777132880405,-0.5684223438038072
motive_4,0.2939951902926085,0.04415785671670408,0.39374737111295693,0.0,-0.04426660482890038,0.06556783580406567,0.12558310045871962,0.3194783635175276
motive_5,-0.2560196791226869,-0.10717183413957698,-0.11224405075098795,-0.04426660482890038,0.0,-0.18203140124176032,0.1726731775082423,-0.2689619257798209
motive_6,0.18265692099014885,-0.4392406540033826,-0.12215582356702859,0.06556783580406567,-0.18203140124176032,0.0,-0.28877500397723593,-0.1912613232282002
motive_7,0.5941426413030579,0.25150395238530826,-0.8974777132880405,0.12558310045871962,0.1726731775082423,-0.28877500397723593,0.0,-0.4399239907418412
motive_8,0.3136453486006341,-0.8093020423414601,-0.5684223438038072,0.3194783635175276,-0.2689619257798209,-0.1912613232282002,-0.4399239907418412,0.0
