,motive_1,motive_2,motive_3,motive_4,motive_5,motive_6,motive_7,motive_8
motive_1,0.0,0.27699992802677564,0.21499150292887745,0.07491691323645376,0.07265381193515288,0.10234736207623511,0.11480488420767296,0.2371247297362991
motive_2,0.27699992802677564,0.0,0.21494017836227497,0.10604184097361768,0.16557026537699138,-0.02144160825622396,0.03303803758578437,0.03624270014734504
motive_3,0.21499150292887745,0.21494017836227497,0.0,0.07094600170363154,0.0229863555193767,0.10673948787680396,0.13738883318551456,0.03173336864193486
motive_4,0.07491691323645376,0.10604184097361768,0.07094600170363154,0.0,0.08024666220644208,0.03797369898878627,0.15297545935747395,0.06621116815798168
motive_5,0.07265381193515288,0.16557026537699138,0.0229863555193767,0.08024666220644208,0.0,0.10724351501162578,0.10662959120330152,0.13831850339599933
motive_6,0.10234736207623511,-0.02144160825622396,0.10673948787680396,0.03797369898878627,0.10724351501162578,0.0,0.06983528261217137,0.1025542999383748
motive_7,0.11480488420767296,0.03303803758578437,0.13738883318551456,0.15297545935747395,0.10662959120330152,0.06983528261217137,0.0,0.04067884580966775
motive_8,0.2371247297362991,0.03624270014734504,0.03173336864193486,0.06621116815798168,0.13831850339599933,0.1025542999383748,0.04067884580966775,0.0
