,motive_1,motive_2,motive_3,motive_4,motive_5,motive_6,motive_7,motive_8
satisfaction,0.19057354240077484,0.00809895921082085,0.1104665054451949,0.2568169422758,-0.07633367311625494,0.09925200405239104,0.3789322155287791,0.48732126752026683
