,motive_1,motive_2,motive_3,motive_4,motive_5,motive_6,motive_7,motive_8
motive_1,0.0,-0.05594674545994984,0.048479515686653166,-0.04268820720238978,-0.0730936923657203,0.04586365237666608,0.03127337144976143,-0.036931786142710615
motive_2,-0.05594674545994984,0.0,-0.05692572728647735,0.07417646623834262,0.015357385995444364,-0.08053617373886615,-0.08977720114096649,-0.052094520383926896
motive_3,0.048479515686653166,-0.05692572728647735,0.0,0.05493623426842761,0.09480300464952021,0.02957941662331202,0.023086660494532653,-0.025944827665695783
motive_4,-0.04268820720238978,0.07417646623834262,0.05493623426842761,0.0,0.037800371415166165,0.014347348710621637,-0.06910093759667688,0.057236234114824244
motive_5,-0.0730936923657203,0.015357385995444364,0.09480300464952021,0.037800371415166165,0.0,0.013820947684598898,-0.038788687675130176,-0.13438983051682865
motive_6,0.04586365237666608,-0.08053617373886615,0.02957941662331202,0.014347348710621637,0.013820947684598898,0.0,-0.10844387769589844,0.038877281332140676
motive_7,0.03127337144976143,-0.08977720114096649,0.023086660494532653,-0.06910093759667688,-0.038788687675130176,-0.10844387769589844,0.0,-0.020204636767624296
motive_8,-0.036931786142710615,-0.052094520383926896,-0.025944827665695783,0.057236234114824244,-0.13438983051682865,0.038877281332140676,-0.020204636767624296,0.0
