,motive_1,motive_2,motive_3,motive_4,motive_5,motive_6,motive_7,motive_8
motive_1,0.0,0.48020562817217544,0.04589723000888042,0.2607127760941364,0.34704481601935244,0.4417480390585271,-0.12142226812107226,0.24726385278451704
motive_2,0.48020562817217544,0.0,0.561538587964379,0.2141211477660146,-0.015942802867746436,0.30075162306628933,0.4537215955544154,-0.14133572710171552
motive_3,0.04589723000888042,0.561538587964379,0.0,0.2396359446263514,0.47775156174356337,-0.12733812166801317,0.1930253930481931,0.08103556891262262
motive_4,0.2607127760941364,0.2141211477660146,0.2396359446263514,0.0,0.1740605959766457,0.10429796754109658,0.11769597376617169,-0.026515158175478004
motive_5,0.34704481601935244,-0.015942802867746436,0.47775156174356337,0.1740605959766457,0.0,0.2913103585077914,0.08899217578477012,0.35412918776464253
motive_6,0.4417480390585271,0.30075162306628933,-0.12733812166801317,0.10429796754109658,0.2913103585077914,0.0,0.1521809236895658,0.26704747638824305
motive_7,-0.12142226812107226,0.4537215955544154,0.1930253930481931,0.11769597376617169,0.08899217578477012,0.1521809236895658,0.0,0.5395439498216068
motive_8,0.24726385278451704,-0.14133572710171552,0.08103556891262262,-0.026515158175478004,0.35412918776464253,0.26704747638824305,0.5395439498216068,0.0
