,motive_1,motive_2,motive_3,motive_4,motive_5,motive_6,motive_7,motive_8
motive_1,0.0,0.06437143223792412,-0.027169054949744503,0.31671227046334716,0.38593411189281324,0.3616540443046635,0.1534875084637426,0.09927234622526176
motive_2,0.06437143223792412,0.0,0.23482548263098246,0.5061447628768955,0.22423105306814609,0.3912288993779057,0.3595997833294119,0.4828620723437447
motive_3,-0.027169054949744503,0.23482548263098246,0.0,0.16962588667387635,0.44664697025958777,-0.033458185991462386,0.11493630757936493,0.37013499200712296
motive_4,0.31671227046334716,0.5061447628768955,0.16962588667387635,0.0,0.2147817128086172,0.2080664194394692,0.5617269025769729,0.046813339027473824
motive_5,0.38593411189281324,0.22423105306814609,0.44664697025958777,0.2147817128086172,0.0,-0.0031951840538246012,0.3470042471851959,0.06231471159490623
motive_6,0.3616540443046635,0.3912288993779057,-0.033458185991462386,0.2080664194394692,-0.0031951840538246012,0.0,0.26367407583265734,0.24713842688032883
motive_7,0.1534875084637426,0.3595997833294119,0.11493630757936493,0.5617269025769729,0.3470042471851959,0.26367407583265734,0.0,0.5215033227441079
motive_8,0.09927234622526176,0.4828620723437447,0.37013499200712296,0.046813339027473824,0.06231471159490623,0.24713842688032883,0.5215033227441079,0.0
