,motive_1,motive_2,motive_3,motive_4,motive_5,motive_6,motive_7,motive_8
satisfaction,0.06837870120214734,-0.08474867984733267,0.3471463525583443,-0.04074291896643384,0.37451063477453406,-0.046890405791372575,0.08672138409393368,0.22985941330161067
