,motive_1,motive_2,motive_3,motive_4,motive_5,motive_6,motive_7,motive_8
motive_1,0.0,0.292888055794607,0.3549837582676655,0.315922787185404,0.36710744415100277,0.4923945739485214,0.5016344757787469,0.3679929389378147
motive_2,0.292888055794607,0.0,0.06241093630974352,0.24824129207337653,0.41059570050480426,0.2321206405036578,0.7770936571147435,0.921832579811704
motive_3,0.3549837582676655,0.06241093630974352,0.0,0.4848200817754723,0.6241137923678948,0.38750135092162086,0.2545971957906161,-0.08177994561792379
motive_4,0.315922787185404,0.24824129207337653,0.4848200817754723,0.0,0.4274508550959736,0.3993472593432248,0.5243100882005857,0.4306373502784868
motive_5,0.36710744415100277,0.41059570050480426,0.6241137923678948,0.4274508550959736,0.0,0.32744673698057414,0.20641285977878776,0.4158853131736467
motive_6,0.4923945739485214,0.2321206405036578,0.38750135092162086,0.3993472593432248,0.32744673698057414,0.0,0.46084051514297,0.49752469976897956
motive_7,0.5016344757787469,0.7770936571147435,0.2545971957906161,0.5243100882005857,0.20641285977878776,0.46084051514297,0.0,0.1850257208214215
motive_8,0.3679929389378147,0.921832579811704,-0.08177994561792379,0.4306373502784868,0.4158853131736467,0.49752469976897956,0.1850257208214215,0.0
