,motive_1,motive_2,motive_3,motive_4,motive_5,motive_6,motive_7,motive_8
motive_1,0.0,-0.7069538283224147,-0.062588660667034,-0.1539960342811279,0.561896310565748,0.7215775693202143,-0.17546437823224864,0.8148548380095227
motive_2,-0.7069538283224147,0.0,0.36081834509912214,0.1704894526341295,0.883806113236214,0.2562908873155911,0.20334142928292592,-0.7628360222909683
motive_3,-0.062588660667034,0.36081834509912214,0.0,0.3002174348748025,0.0816737022878229,0.8349276534565816,0.4612870412512826,0.3591032560960015
motive_4,-0.1539960342811279,0.1704894526341295,0.3002174348748025,0.0,0.09955163563932784,1.0723041460226033,0.5395035917932395,0.44324957362077394
motive_5,0.561896310565748,0.883806113236214,0.0816737022878229,0.09955163563932784,0.0,0.1615886200112876,0.08610457233806447,0.22468862315001992
motive_6,0.7215775693202143,0.2562908873155911,0.8349276534565816,1.0723041460226033,0.1615886200112876,0.0,-0.15086636679721122,0.9665941321688506
motive_7,-0.17546437823224864,0.20334142928292592,0.4612870412512826,0.5395035917932395,0.08610457233806447,-0.15086636679721122,0.0,0.1441444571114051
motive_8,0.8148548380095227,-0.7628360222909683,0.3591032560960015,0.44324957362077394,0.22468862315001992,0.9665941321688506,0.1441444571114051,0.0
