,motive_1,motive_2,motive_3,motive_4,motive_5,motive_6,motive_7,motive_8
motive_1,0.0,0.024669166580645885,0.582622592756324,-0.6937072402764126,0.2927032509444124,0.46305539497086023,-0.34901369644144303,-0.0007868740002159869
motive_2,0.024669166580645885,0.0,-0.488264031761594,0.038656100017136936,0.5499623209542168,-0.09144075585778866,0.14555165123343144,0.25234567592942975
motive_3,0.582622592756324,-0.488264031761594,0.0,0.2511631652239089,0.16912363283698506,0.3874963350051166,-0.0525116990616642,-0.25856260653594926
motive_4,-0.6937072402764126,0.038656100017136936,0.2511631652239089,0.0,-0.005012445531366483,0.07878538101793568,0.11385400444512905,-0.6226348617881716
motive_5,0.2927032509444124,0.5499623209542168,0.16912363283698506,-0.005012445531366483,0.0,-0.07518013304331199,0.8337930788017025,-0.22566675534771125
motive_6,0.46305539497086023,-0.09144075585778866,0.3874963350051166,0.07878538101793568,-0.07518013304331199,0.0,-0.27489313997185266,0.03211095609963448
motive_7,-0.34901369644144303,0.14555165123343144,-0.0525116990616642,0.11385400444512905,0.8337930788017025,-0.27489313997185266,0.0,-0.787519316354603
motive_8,-0.0007868740002159869,0.25234567592942975,-0.25856260653594926,-0.6226348617881716,-0.22566675534771125,0.03211095609963448,-0.787519316354603,0.0
