,motive_1,motive_2,motive_3,motive_4,motive_5,motive_6,motive_7,motive_8
motive_1,0.0,0.5268441223056156,0.47933740035369155,0.18492689988271035,0.19078330452551628,0.8130684909878163,0.17904669631716896,0.08182877827895141
motive_2,0.5268441223056156,0.0,0.6014819053271063,0.598980245565425,0.6395503313450122,0.42076873566494644,0.45344489604769617,0.3806196147471817
motive_3,0.47933740035369155,0.6014819053271063,0.0,0.6927193791965061,0.6950617529642984,0.7274074752611224,0.15743764344463637,0.09505151904146793
motive_4,0.18492689988271035,0.598980245565425,0.6927193791965061,0.0,0.28124008732295047,0.18123011139993508,0.28837065607122697,0.4805695151533266
motive_5,0.19078330452551628,0.6395503313450122,0.6950617529642984,0.28124008732295047,0.0,0.872011380607549,0.5495141517597224,0.31519699551146835
motive_6,0.8130684909878163,0.42076873566494644,0.7274074752611224,0.18123011139993508,0.872011380607549,0.0,0.22061716673307089,0.44684633441082633
motive_7,0.17904669631716896,0.45344489604769617,0.15743764344463637,0.28837065607122697,0.5495141517597224,0.22061716673307089,0.0,0.4229218665006876
motive_8,0.08182877827895141,0.3806196147471817,0.09505151904146793,0.4805695151533266,0.31519699551146835,0.44684633441082633,0.4229218665006876,0.0
