,motive_1,motive_2,motive_3,motive_4,motive_5,motive_6,motive_7,motive_8
motive_1,0.0,-0.8640653194527647,-0.6305709760340172,-0.041538052588899976,0.18981177406708855,-0.46456035078932867,0.017524066009574152,0.3773872352104081
motive_2,-0.8640653194527647,0.0,-0.047921303261760674,0.08089396338909666,-0.17578941011925653,-0.19056961799684105,0.19796134501404333,0.14834629311076863
motive_3,-0.6305709760340172,-0.047921303261760674,0.0,-0.8378763126556054,0.3387303011961217,-0.48129074366076163,0.2708034239928302,-0.17490751635322221
motive_4,-0.041538052588899976,0.08089396338909666,-0.8378763126556054,0.0,0.40342323021448623,-0.040806960015920435,-0.08613226543680555,-0.818895668566884
motive_5,0.18981177406708855,-0.17578941011925653,0.3387303011961217,0.40342323021448623,0.0,-0.09690559170382416,0.3319961894118455,0.4030656779625237
motive_6,-0.46456035078932867,-0.19056961799684105,-0.48129074366076163,-0.040806960015920435,-0.09690559170382416,0.0,-0.049271483643890834,0.5228517580102031
motive_7,0.017524066009574152,0.19796134501404333,0.2708034239928302,-0.08613226543680555,0.3319961894118455,-0.049271483643890834,0.0,-0.10289792235773729
motive_8,0.3773872352104081,0.14834629311076863,-0.17490751635322221,-0.818895668566884,0.4030656779625237,0.5228517580102031,-0.10289792235773729,0.0
