{
  "total_simulations": 1000,
  "simulations_with_patterns": 1000,
  "mean_decay_rate": 0.14337000109634204,
  "std_decay_rate": 0.013869806255159926
}