,motive_1,motive_2,motive_3,motive_4,motive_5,motive_6,motive_7,motive_8
satisfaction,0.11067553949588875,-0.18392304932078,0.6918976941858647,0.23418434158111068,0.04032927558781139,0.3026160770675712,0.04120305462008213,0.030453041979920756
