,motive_1,motive_2,motive_3,motive_4,motive_5,motive_6,motive_7,motive_8
motive_1,0.0,0.5616424856649446,0.7263270105318875,0.2965425755201673,0.3206544266249493,0.1763127391259497,0.6123221719684899,0.6673259382835912
motive_2,0.5616424856649446,0.0,0.49835078535708394,0.42452285705977766,0.3579603578432928,0.49947863941100545,0.5485099691827753,0.4926979038737357
motive_3,0.7263270105318875,0.49835078535708394,0.0,0.24067003538093767,0.22767793941121411,0.3240611673544891,0.606182310882505,0.08720523909270497
motive_4,0.2965425755201673,0.42452285705977766,0.24067003538093767,0.0,0.324078064948595,0.38177391364701774,0.4785565871498079,0.40755243974031735
motive_5,0.3206544266249493,0.3579603578432928,0.22767793941121411,0.324078064948595,0.0,0.7195227774297506,0.2143042885039792,0.4305695780772298
motive_6,0.1763127391259497,0.49947863941100545,0.3240611673544891,0.38177391364701774,0.7195227774297506,0.0,0.31461659651807644,0.49561371340784693
motive_7,0.6123221719684899,0.5485099691827753,0.606182310882505,0.4785565871498079,0.2143042885039792,0.31461659651807644,0.0,0.2679783666795956
motive_8,0.6673259382835912,0.4926979038737357,0.08720523909270497,0.40755243974031735,0.4305695780772298,0.49561371340784693,0.2679783666795956,0.0
