,motive_1,motive_2,motive_3,motive_4,motive_5,motive_6,motive_7,motive_8
motive_1,0.0,0.18466859189735318,0.8014549281916206,0.10537888177238675,0.0027401846045402856,0.40384950769994016,0.38686159887620786,0.6806662319129058
motive_2,0.18466859189735318,0.0,0.302803660489639,0.47312941775278067,0.15204176975209416,0.2527937313533509,0.4544257956879548,0.4356147159827265
motive_3,0.8014549281916206,0.302803660489639,0.0,0.6489900134167137,0.34330866349497724,0.4734816363473269,0.5886843421972148,0.7534955371227168
motive_4,0.10537888177238675,0.47312941775278067,0.6489900134167137,0.0,0.6015888616738432,0.26371563046349855,0.5230700015690689,0.5365496530600435
motive_5,0.0027401846045402856,0.15204176975209416,0.34330866349497724,0.6015888616738432,0.0,0.29162185283114167,0.48310164261661587,0.20487001435048383
motive_6,0.40384950769994016,0.2527937313533509,0.4734816363473269,0.26371563046349855,0.29162185283114167,0.0,0.12669592311445582,0.5206340563021017
motive_7,0.38686159887620786,0.4544257956879548,0.5886843421972148,0.5230700015690689,0.48310164261661587,0.12669592311445582,0.0,0.6105106195239156
motive_8,0.6806662319129058,0.4356147159827265,0.7534955371227168,0.5365496530600435,0.20487001435048383,0.5206340563021017,0.6105106195239156,0.0
