,motive_1,motive_2,motive_3,motive_4,motive_5,motive_6,motive_7,motive_8
motive_1,0.0,0.31400051712460114,0.11322741692374456,0.5386204387252783,-0.04265746287838533,0.11101938688844477,-0.08749545797009232,0.6165800651344354
motive_2,0.31400051712460114,0.0,0.43549208391208655,0.23920107739092855,0.024314892391585227,0.312372819900935,0.07651037392445031,0.22365315286382342
motive_3,0.11322741692374456,0.43549208391208655,0.0,0.07980748269952981,0.17779865069194817,0.09390422092116268,0.2156890203089818,0.3068274958948234
motive_4,0.5386204387252783,0.23920107739092855,0.07980748269952981,0.0,0.7238422779172606,-0.13636718662476655,0.2248719747249992,0.17343337706662523
motive_5,-0.04265746287838533,0.024314892391585227,0.17779865069194817,0.7238422779172606,0.0,0.47400414596715457,0.32391636549456726,0.07680850451197364
motive_6,0.11101938688844477,0.312372819900935,0.09390422092116268,-0.13636718662476655,0.47400414596715457,0.0,-0.15352766410491014,0.6671466401001301
motive_7,-0.08749545797009232,0.07651037392445031,0.2156890203089818,0.2248719747249992,0.32391636549456726,-0.15352766410491014,0.0,-0.05033244494033026
motive_8,0.6165800651344354,0.22365315286382342,0.3068274958948234,0.17343337706662523,0.07680850451197364,0.6671466401001301,-0.05033244494033026,0.0
