,motive_1,motive_2,motive_3,motive_4,motive_5,motive_6,motive_7,motive_8
motive_1,0.0,0.017583470186600246,-0.0005733555496399562,-0.08775963747218768,-0.04794118848543359,0.11340708318240088,0.016702716414923754,-0.05628153098407432
motive_2,0.017583470186600246,0.0,0.07055499242041884,-0.0649588302257348,-0.09498500314468528,0.1074119861026224,0.0862791098054848,-0.03989320077987546
motive_3,-0.0005733555496399562,0.07055499242041884,0.0,0.06844840357047562,-0.05878170288228305,-0.017002618463628598,0.022632783103178383,-0.005868713184492388
motive_4,-0.08775963747218768,-0.0649588302257348,0.06844840357047562,0.0,-0.03396991315951957,0.10723101766230418,-0.06761423442023197,-0.009476752039714948
motive_5,-0.04794118848543359,-0.09498500314468528,-0.05878170288228305,-0.03396991315951957,0.0,0.1410520391528593,-0.04202957689001545,-0.10293998183046582
motive_6,0.11340708318240088,0.1074119861026224,-0.017002618463628598,0.10723101766230418,0.1410520391528593,0.0,-0.05760786404990528,-0.12959138777546755
motive_7,0.016702716414923754,0.0862791098054848,0.022632783103178383,-0.06761423442023197,-0.04202957689001545,-0.05760786404990528,0.0,0.012630589194406967
motive_8,-0.05628153098407432,-0.03989320077987546,-0.005868713184492388,-0.009476752039714948,-0.10293998183046582,-0.12959138777546755,0.012630589194406967,0.0
