,motive_1,motive_2,motive_3,motive_4,motive_5,motive_6,motive_7,motive_8
motive_1,0.0,0.013069880963043849,0.03022097766132539,-0.07505838598024735,-0.08649480895144496,-0.09616985326603153,0.07729808944944255,-0.07865833473581757
motive_2,0.013069880963043849,0.0,0.018952296280351236,-0.013312953658007956,-0.024916550801613997,-0.004104918567262264,0.0866153438845316,-0.037481939968740656
motive_3,0.03022097766132539,0.018952296280351236,0.0,-0.06362536699112396,0.07862291500321775,-0.07989801105097177,0.006885033502758684,-0.06884051674644953
motive_4,-0.07505838598024735,-0.013312953658007956,-0.06362536699112396,0.0,0.0019188100946474717,0.04537354829922281,-0.015323178130437005,0.05812024073031072
motive_5,-0.08649480895144496,-0.024916550801613997,0.07862291500321775,0.0019188100946474717,0.0,0.05679276886588465,-0.0071972020199637535,-0.07576812160799024
motive_6,-0.09616985326603153,-0.004104918567262264,-0.07989801105097177,0.04537354829922281,0.05679276886588465,0.0,-0.026974642380687284,0.061548017904791336
motive_7,0.07729808944944255,0.0866153438845316,0.006885033502758684,-0.015323178130437005,-0.0071972020199637535,-0.026974642380687284,0.0,-0.015506863018798191
motive_8,-0.07865833473581757,-0.037481939968740656,-0.06884051674644953,0.05812024073031072,-0.07576812160799024,0.061548017904791336,-0.015506863018798191,0.0
