,motive_1,motive_2,motive_3,motive_4,motive_5,motive_6,motive_7,motive_8
motive_1,0.0,0.04539841742808043,0.09446411915782886,0.14298495734725392,0.22726493591816543,0.16315480659841042,0.08605044737048742,0.1593259021756483
motive_2,0.04539841742808043,0.0,0.188502555886602,0.21109936897190068,0.1137762940125469,0.14057157838214412,0.17808728640634813,0.02133282726501156
motive_3,0.09446411915782886,0.188502555886602,0.0,0.03098159981665312,0.10196663765250012,0.04391839601844515,0.06227834712913484,0.08103995415989029
motive_4,0.14298495734725392,0.21109936897190068,0.03098159981665312,0.0,-0.004541675570789265,0.013330500489376645,-0.052723761835895555,0.1173619078825631
motive_5,0.22726493591816543,0.1137762940125469,0.10196663765250012,-0.004541675570789265,0.0,0.012178755502577798,0.16999513952661952,0.0952863119027632
motive_6,0.16315480659841042,0.14057157838214412,0.04391839601844515,0.013330500489376645,0.012178755502577798,0.0,0.1418025383408985,0.07364426490344611
motive_7,0.08605044737048742,0.17808728640634813,0.06227834712913484,-0.052723761835895555,0.16999513952661952,0.1418025383408985,0.0,0.17591800951386422
motive_8,0.1593259021756483,0.02133282726501156,0.08103995415989029,0.1173619078825631,0.0952863119027632,0.07364426490344611,0.17591800951386422,0.0
