,motive_1,motive_2,motive_3,motive_4,motive_5,motive_6,motive_7,motive_8
motive_1,0.0,0.09171581295713675,0.05892707408872945,0.08257640757969532,0.05741513581939516,0.13349299838039763,0.13694901683048888,0.09174478891059715
motive_2,0.09171581295713675,0.0,0.07962534315296962,0.0985588914152929,-0.003409784977734212,0.08267434338547762,0.18542298575276556,0.2408691415309725
motive_3,0.05892707408872945,0.07962534315296962,0.0,0.08055100034533877,0.12380915107805082,0.11563027608273457,0.15662560502893103,0.19556836451572043
motive_4,0.08257640757969532,0.0985588914152929,0.08055100034533877,0.0,0.04631939683709641,0.22093880086577528,0.283462353678473,0.0006474706130926988
motive_5,0.05741513581939516,-0.003409784977734212,0.12380915107805082,0.04631939683709641,0.0,-0.025116331308653525,0.035677328541521856,0.10060169231905436
motive_6,0.13349299838039763,0.08267434338547762,0.11563027608273457,0.22093880086577528,-0.025116331308653525,0.0,0.20697150092609226,0.10368090292750608
motive_7,0.13694901683048888,0.18542298575276556,0.15662560502893103,0.283462353678473,0.035677328541521856,0.20697150092609226,0.0,0.051372295288043136
motive_8,0.09174478891059715,0.2408691415309725,0.19556836451572043,0.0006474706130926988,0.10060169231905436,0.10368090292750608,0.051372295288043136,0.0
