,motive_1,motive_2,motive_3,motive_4,motive_5,motive_6,motive_7,motive_8
motive_1,0.0,0.037456336095242855,0.09831388417664336,0.2440246440857379,0.0426041638775757,0.05298869706347673,0.016154251114454843,0.13697026714488358
motive_2,0.037456336095242855,0.0,0.0252491281308468,0.037008461116699615,0.05060945369046592,0.08830021987178763,0.06142169535074289,0.05386063658442414
motive_3,0.09831388417664336,0.0252491281308468,0.0,0.08390292161542756,0.17106358412094233,0.12938974967397493,0.19568328833686666,0.1833085267391986
motive_4,0.2440246440857379,0.037008461116699615,0.08390292161542756,0.0,0.10619157641353813,0.20189967120819785,0.02215945136983124,0.11808455133467007
motive_5,0.0426041638775757,0.05060945369046592,0.17106358412094233,0.10619157641353813,0.0,0.08079376488137673,0.07488954897033945,0.17399510992008171
motive_6,0.05298869706347673,0.08830021987178763,0.12938974967397493,0.20189967120819785,0.08079376488137673,0.0,0.07953732381401558,0.023450378002750176
motive_7,0.016154251114454843,0.06142169535074289,0.19568328833686666,0.02215945136983124,0.07488954897033945,0.07953732381401558,0.0,0.047990240561739755
motive_8,0.13697026714488358,0.05386063658442414,0.1833085267391986,0.11808455133467007,0.17399510992008171,0.023450378002750176,0.047990240561739755,0.0
