,motive_1,motive_2,motive_3,motive_4,motive_5,motive_6,motive_7,motive_8
motive_1,0.0,0.550684174561927,0.4448464528901808,0.4072875881976463,0.43233488483093174,0.2499543652776023,0.2834491256092647,-0.030240839858884705
motive_2,0.550684174561927,0.0,0.37225775128770744,0.2955768003789263,0.33592613542896915,0.22188863165756925,0.38185270278899286,0.6410781039844741
motive_3,0.4448464528901808,0.37225775128770744,0.0,0.37457903235337986,0.4315251340859845,0.4931375482014848,0.42444476390671054,0.6724137150019699
motive_4,0.4072875881976463,0.2955768003789263,0.37457903235337986,0.0,0.6307365914467342,0.4315410026045086,0.09917875160757793,0.37157671997030406
motive_5,0.43233488483093174,0.33592613542896915,0.4315251340859845,0.6307365914467342,0.0,0.3652567727199717,0.10132880622797685,0.35145330550154846
motive_6,0.2499543652776023,0.22188863165756925,0.4931375482014848,0.4315410026045086,0.3652567727199717,0.0,0.5251549647353551,0.3851964630658563
motive_7,0.2834491256092647,0.38185270278899286,0.42444476390671054,0.09917875160757793,0.10132880622797685,0.5251549647353551,0.0,0.44314078127989565
motive_8,-0.030240839858884705,0.6410781039844741,0.6724137150019699,0.37157671997030406,0.35145330550154846,0.3851964630658563,0.44314078127989565,0.0
