,motive_1,motive_2,motive_3,motive_4,motive_5,motive_6,motive_7,motive_8
satisfaction,0.09404387455364902,0.4874587212737602,-0.19044287494566695,0.4893486665330474,0.1471718740230434,-0.04832730949840361,-0.19502076317933323,-0.01739808005575269
