,motive_1,motive_2,motive_3,motive_4,motive_5,motive_6,motive_7,motive_8
motive_1,0.0,0.098219528079942,-0.032156230502735486,-0.025478041907089726,0.026779849736637842,-0.03758103435672137,-0.02853350106392148,-0.10416044367520763
motive_2,0.098219528079942,0.0,0.06863515989879687,-0.05581968894239122,-0.08181796160327975,0.03633024638222099,-0.014831600728023683,-0.001509403807120259
motive_3,-0.032156230502735486,0.06863515989879687,0.0,-0.08817695114555624,0.018511736541712072,-0.13923140988088015,0.062076456331108476,0.018612442843469797
motive_4,-0.025478041907089726,-0.05581968894239122,-0.08817695114555624,0.0,0.07394221225065403,0.0800096456677447,-0.030966689772333005,-0.06348925600659222
motive_5,0.026779849736637842,-0.08181796160327975,0.018511736541712072,0.07394221225065403,0.0,0.0033862938263496192,0.031866636703531494,-0.03346135085704872
motive_6,-0.03758103435672137,0.03633024638222099,-0.13923140988088015,0.0800096456677447,0.0033862938263496192,0.0,0.09074746069721984,-0.019547284196278623
motive_7,-0.02853350106392148,-0.014831600728023683,0.062076456331108476,-0.030966689772333005,0.031866636703531494,0.09074746069721984,0.0,-0.10134919334017214
motive_8,-0.10416044367520763,-0.001509403807120259,0.018612442843469797,-0.06348925600659222,-0.03346135085704872,-0.019547284196278623,-0.10134919334017214,0.0
