,motive_1,motive_2,motive_3,motive_4,motive_5,motive_6,motive_7,motive_8
motive_1,0.0,-0.010351132304632624,0.1783003976394098,0.12724638928257276,0.5872222826095754,0.278549950299963,0.4773333952593689,0.40391310772945
motive_2,-0.010351132304632624,0.0,0.2672937759211401,-0.03644666714057877,-0.03495648964122745,0.11264390232598655,-0.039100761153447794,-0.16546203620676275
motive_3,0.1783003976394098,0.2672937759211401,0.0,0.19921117495434998,0.15266274936299049,-0.2632096867230611,0.19236901608564919,0.5057364368990297
motive_4,0.12724638928257276,-0.03644666714057877,0.19921117495434998,0.0,0.4505568995234089,0.22675656065446903,0.19385672793319625,0.03136529308446512
motive_5,0.5872222826095754,-0.03495648964122745,0.15266274936299049,0.4505568995234089,0.0,0.39010916942692636,0.11309796942253668,-0.2845624832796094
motive_6,0.278549950299963,0.11264390232598655,-0.2632096867230611,0.22675656065446903,0.39010916942692636,0.0,-0.08501499395614671,0.226310096731283
motive_7,0.4773333952593689,-0.039100761153447794,0.19236901608564919,0.19385672793319625,0.11309796942253668,-0.08501499395614671,0.0,0.2506100549738799
motive_8,0.40391310772945,-0.16546203620676275,0.5057364368990297,0.03136529308446512,-0.2845624832796094,0.226310096731283,0.2506100549738799,0.0
