,motive_1,motive_2,motive_3,motive_4,motive_5,motive_6,motive_7,motive_8
motive_1,0.0,-0.1713243925903724,0.08106357958843997,-0.6193322538668826,1.074435067950748,0.06790856809695128,-0.3702081273334803,-0.11205319831809879
motive_2,-0.1713243925903724,0.0,-0.6832404169912183,-0.02900243199405609,0.23263641948429145,-0.19181409231034524,0.17133481606770348,0.264805192324536
motive_3,0.08106357958843997,-0.6832404169912183,0.0,0.33278040064570164,0.08493054426954208,0.28559496223562314,-0.04151062021423125,0.5804651540863085
motive_4,-0.6193322538668826,-0.02900243199405609,0.33278040064570164,0.0,0.685595685549435,0.18227945114707594,0.22661102832151256,-0.13682033513052771
motive_5,1.074435067950748,0.23263641948429145,0.08493054426954208,0.685595685549435,0.0,0.2186717051078767,-0.6989249859811976,0.31770743613903807
motive_6,0.06790856809695128,-0.19181409231034524,0.28559496223562314,0.18227945114707594,0.2186717051078767,0.0,0.49836162099000525,0.7719822124499788
motive_7,-0.3702081273334803,0.17133481606770348,-0.04151062021423125,0.22661102832151256,-0.6989249859811976,0.49836162099000525,0.0,0.46548003054259357
motive_8,-0.11205319831809879,0.264805192324536,0.5804651540863085,-0.13682033513052771,0.31770743613903807,0.7719822124499788,0.46548003054259357,0.0
