,motive_1,motive_2,motive_3,motive_4,motive_5,motive_6,motive_7,motive_8
motive_1,0.0,0.8001802174937485,0.6419112705916323,-0.29146826058514963,-0.5485727974492229,0.2677236103062625,-0.260099027681611,-0.4456614143513411
motive_2,0.8001802174937485,0.0,-0.4141352536084733,0.36376723388006615,0.07936040829963431,-0.35698906285356274,-0.21678295264155822,0.4513703186022322
motive_3,0.6419112705916323,-0.4141352536084733,0.0,0.2682581773626805,-0.5954319250962498,-0.4086453417865131,-0.09828994227654017,0.15964544029653963
motive_4,-0.29146826058514963,0.36376723388006615,0.2682581773626805,0.0,0.6019125895408529,-0.517045410968417,-0.5039712689049358,0.06262612085603997
motive_5,-0.5485727974492229,0.07936040829963431,-0.5954319250962498,0.6019125895408529,0.0,0.10621093210892259,0.5756547360752626,0.1094532753158565
motive_6,0.2677236103062625,-0.35698906285356274,-0.4086453417865131,-0.517045410968417,0.10621093210892259,0.0,0.32389105369648274,-0.052088993453665966
motive_7,-0.260099027681611,-0.21678295264155822,-0.09828994227654017,-0.5039712689049358,0.5756547360752626,0.32389105369648274,0.0,0.8825629547839005
motive_8,-0.4456614143513411,0.4513703186022322,0.15964544029653963,0.06262612085603997,0.1094532753158565,-0.052088993453665966,0.8825629547839005,0.0
