,motive_1,motive_2,motive_3,motive_4,motive_5,motive_6,motive_7,motive_8
motive_1,0.0,0.24300224681934618,-0.1186410811179609,0.40801969614645917,0.13319261513096878,-0.19900683442874012,-0.5237524725351534,1.0303266800107032
motive_2,0.24300224681934618,0.0,0.25165716519068404,-0.003412704171143477,0.34039338360010796,0.6456886500469532,0.2863955455804752,0.2700448773155005
motive_3,-0.1186410811179609,0.25165716519068404,0.0,-0.2398182566809125,0.7274041110995475,0.595917682863814,-0.25085014778273496,-0.7287826792733203
motive_4,0.40801969614645917,-0.003412704171143477,-0.2398182566809125,0.0,-0.08896986580599059,0.4173914584088408,0.3530101219748055,0.33580988292293745
motive_5,0.13319261513096878,0.34039338360010796,0.7274041110995475,-0.08896986580599059,0.0,-0.831201037848582,-0.13110864857526427,0.6458813795010852
motive_6,-0.19900683442874012,0.6456886500469532,0.595917682863814,0.4173914584088408,-0.831201037848582,0.0,0.10969232739807111,-0.013124982700050108
motive_7,-0.5237524725351534,0.2863955455804752,-0.25085014778273496,0.3530101219748055,-0.13110864857526427,0.10969232739807111,0.0,0.19071252703958852
motive_8,1.0303266800107032,0.2700448773155005,-0.7287826792733203,0.33580988292293745,0.6458813795010852,-0.013124982700050108,0.19071252703958852,0.0
