,motive_1,motive_2,motive_3,motive_4,motive_5,motive_6,motive_7,motive_8
motive_1,0.0,0.1379284710148969,0.14504912505525988,0.09508607962660034,0.08663400949047603,0.07903864159482446,0.17211668033742905,0.11964312077377065
motive_2,0.1379284710148969,0.0,0.04367509832571005,0.08248671790484394,0.3046190050510087,0.1885226982532913,0.15786426250306093,-0.07130292167558225
motive_3,0.14504912505525988,0.04367509832571005,0.0,0.11948870742507733,0.138465967019342,0.019594600655797656,0.003292732948993342,0.1443235594228091
motive_4,0.09508607962660034,0.08248671790484394,0.11948870742507733,0.0,0.20959778607585744,0.006223963423254736,0.023030969789031158,0.059025798408863336
motive_5,0.08663400949047603,0.3046190050510087,0.138465967019342,0.20959778607585744,0.0,0.055349434477191414,0.18164631861529734,0.026563744943587826
motive_6,0.07903864159482446,0.1885226982532913,0.019594600655797656,0.006223963423254736,0.055349434477191414,0.0,0.08704825180350612,0.08178025751984547
motive_7,0.17211668033742905,0.15786426250306093,0.003292732948993342,0.023030969789031158,0.18164631861529734,0.08704825180350612,0.0,0.14545414348083124
motive_8,0.11964312077377065,-0.07130292167558225,0.1443235594228091,0.059025798408863336,0.026563744943587826,0.08178025751984547,0.14545414348083124,0.0
