,motive_1,motive_2,motive_3,motive_4,motive_5,motive_6,motive_7,motive_8
satisfaction,0.6135295646361454,0.14239024503060704,0.8801198780474904,0.3760521502521515,0.2738137671712654,0.6102899355465691,0.2780525625671918,0.36895224659360104
