,motive_1,motive_2,motive_3,motive_4,motive_5,motive_6,motive_7,motive_8
motive_1,0.0,0.18311009723830252,0.0371821774059927,-0.021640399036206404,0.13549020968702183,0.16772464864792458,-0.0056489449503703375,0.19541243826958585
motive_2,0.18311009723830252,0.0,0.20582965128609448,0.1862194158873561,0.009558689966099883,0.03439685174989228,0.0728270889993964,0.08842753453901761
motive_3,0.0371821774059927,0.20582965128609448,0.0,0.2181645797952882,0.06524963152492458,0.07516641575469947,0.10638706467013492,0.09505998603503454
motive_4,-0.021640399036206404,0.1862194158873561,0.2181645797952882,0.0,0.10661304975248367,0.08467953599214796,0.0927106002926592,0.033151040496649894
motive_5,0.13549020968702183,0.009558689966099883,0.06524963152492458,0.10661304975248367,0.0,-0.015951857976712475,0.10406870428067008,0.06335462787895184
motive_6,0.16772464864792458,0.03439685174989228,0.07516641575469947,0.08467953599214796,-0.015951857976712475,0.0,0.10528216990484292,0.020101808567392715
motive_7,-0.0056489449503703375,0.0728270889993964,0.10638706467013492,0.0927106002926592,0.10406870428067008,0.10528216990484292,0.0,0.16487889262612043
motive_8,0.19541243826958585,0.08842753453901761,0.09505998603503454,0.033151040496649894,0.06335462787895184,0.020101808567392715,0.16487889262612043,0.0
