,motive_1,motive_2,motive_3,motive_4,motive_5,motive_6,motive_7,motive_8
motive_1,0.0,0.11569133827867087,0.09927892442034067,0.17617255397107145,9.33002098642173e-05,0.09103711723435468,0.13497684559633524,0.06147527011866641
motive_2,0.11569133827867087,0.0,0.1929932261525108,0.13012936158255847,0.07554075645613992,0.15332371843304757,0.12006509325186437,0.03964736807907959
motive_3,0.09927892442034067,0.1929932261525108,0.0,0.1561123163225997,0.06473164301312147,0.2590275748008813,0.1044570296472009,0.05744186217912212
motive_4,0.17617255397107145,0.13012936158255847,0.1561123163225997,0.0,0.1363479062339239,0.05148283790203705,0.14965318981168496,0.17133683032391206
motive_5,9.33002098642173e-05,0.07554075645613992,0.06473164301312147,0.1363479062339239,0.0,0.19778076457075108,0.058988652073050644,0.09644390887894705
motive_6,0.09103711723435468,0.15332371843304757,0.2590275748008813,0.05148283790203705,0.19778076457075108,0.0,0.1320701062514329,0.1650923694800397
motive_7,0.13497684559633524,0.12006509325186437,0.1044570296472009,0.14965318981168496,0.058988652073050644,0.1320701062514329,0.0,0.17473554070428388
motive_8,0.06147527011866641,0.03964736807907959,0.05744186217912212,0.17133683032391206,0.09644390887894705,0.1650923694800397,0.17473554070428388,0.0
