,motive_1,motive_2,motive_3,motive_4,motive_5,motive_6,motive_7,motive_8
motive_1,0.0,0.6609205547444263,0.6345848627019002,0.42442814531354667,0.10405226422761815,0.33396562637748006,0.5426013126461726,0.04817290050790249
motive_2,0.6609205547444263,0.0,0.32689633645368377,0.3820523886227303,0.49435458807681487,0.616751631201213,0.5090763208979054,0.35924667767910823
motive_3,0.6345848627019002,0.32689633645368377,0.0,0.2692346627367488,0.4126980393541051,0.47215367794117147,0.5201549045337793,0.5265081895975074
motive_4,0.42442814531354667,0.3820523886227303,0.2692346627367488,0.0,0.2420293323830152,0.9326478062503355,0.4598441606792779,0.4643978282329278
motive_5,0.10405226422761815,0.49435458807681487,0.4126980393541051,0.2420293323830152,0.0,0.5286147686746334,0.10050553141808627,0.7202571414465023
motive_6,0.33396562637748006,0.616751631201213,0.47215367794117147,0.9326478062503355,0.5286147686746334,0.0,0.061215781241074685,0.3169076410944893
motive_7,0.5426013126461726,0.5090763208979054,0.5201549045337793,0.4598441606792779,0.10050553141808627,0.061215781241074685,0.0,-0.047825961348356566
motive_8,0.04817290050790249,0.35924667767910823,0.5265081895975074,0.4643978282329278,0.7202571414465023,0.3169076410944893,-0.047825961348356566,0.0
