,motive_1,motive_2,motive_3,motive_4,motive_5,motive_6,motive_7,motive_8
motive_1,0.0,0.04152391237161737,-0.04573071183846798,-0.011538936943395889,0.049664813438489254,0.05107535916130542,0.01333336358875634,0.010067355899289157
motive_2,0.04152391237161737,0.0,-0.0006353531060352587,-0.0895420671911582,0.040422613331870715,-0.0583469143692852,0.10065039214802422,-0.04851435348078531
motive_3,-0.04573071183846798,-0.0006353531060352587,0.0,-0.019739490084906487,-0.08370817212644817,-0.022782095761064533,-0.011319031286244424,0.01993239908646477
motive_4,-0.011538936943395889,-0.0895420671911582,-0.019739490084906487,0.0,0.05294017196762052,-0.051294034403982045,-0.03266163502681287,-0.10757322682042209
motive_5,0.049664813438489254,0.040422613331870715,-0.08370817212644817,0.05294017196762052,0.0,0.07333704838864259,0.04984702109086925,0.07227598261862787
motive_6,0.05107535916130542,-0.0583469143692852,-0.022782095761064533,-0.051294034403982045,0.07333704838864259,0.0,0.02239489094396907,0.026573812533063085
motive_7,0.01333336358875634,0.10065039214802422,-0.011319031286244424,-0.03266163502681287,0.04984702109086925,0.02239489094396907,0.0,-0.11357286503463708
motive_8,0.010067355899289157,-0.04851435348078531,0.01993239908646477,-0.10757322682042209,0.07227598261862787,0.026573812533063085,-0.11357286503463708,0.0
