,motive_1,motive_2,motive_3,motive_4,motive_5,motive_6,motive_7,motive_8
satisfaction,-0.01096256336875652,-0.2784268674920215,0.1508798824246106,0.10634709715957044,-0.09334790991544081,0.1422132446823028,0.2969719775426054,0.012599200892804918
