,motive_1,motive_2,motive_3,motive_4,motive_5,motive_6,motive_7,motive_8
satisfaction,-0.15945756618439935,-0.09341187477830035,0.04182958016747732,0.05024812158500451,0.4323727664489777,0.3157928070033623,0.19583188209731922,0.05362658463278098
