,motive_1,motive_2,motive_3,motive_4,motive_5,motive_6,motive_7,motive_8
motive_1,0.0,0.4823694162852168,0.2181851931004381,0.5132603479908485,0.35840487203584187,0.3373925235329516,0.18785983856367786,0.1534380785517887
motive_2,0.4823694162852168,0.0,0.4441083975335849,0.04184785241509331,0.3120063888180066,0.520874373726324,0.5057721139018765,0.40643726594008894
motive_3,0.2181851931004381,0.4441083975335849,0.0,0.8872023217420435,0.0002504118152029944,0.5685858307463849,0.08042322555943107,0.6313771621672697
motive_4,0.5132603479908485,0.04184785241509331,0.8872023217420435,0.0,0.7799104561642884,0.338068267679302,0.6214337899470193,0.7686335990747255
motive_5,0.35840487203584187,0.3120063888180066,0.0002504118152029944,0.7799104561642884,0.0,0.5617334513991721,0.4890016509058449,0.716354529254259
motive_6,0.3373925235329516,0.520874373726324,0.5685858307463849,0.338068267679302,0.5617334513991721,0.0,0.17022975834280063,0.6158179187196328
motive_7,0.18785983856367786,0.5057721139018765,0.08042322555943107,0.6214337899470193,0.4890016509058449,0.17022975834280063,0.0,0.6252234441884617
motive_8,0.1534380785517887,0.40643726594008894,0.6313771621672697,0.7686335990747255,0.716354529254259,0.6158179187196328,0.6252234441884617,0.0
