,motive_1,motive_2,motive_3,motive_4,motive_5,motive_6,motive_7,motive_8
satisfaction,0.17510953285205827,0.08558775004894531,0.26915613321548054,0.029027652591745848,0.08657408965120694,-0.040494654112401274,0.0025235774862210347,0.29695156569145464
