,motive_1,motive_2,motive_3,motive_4,motive_5,motive_6,motive_7,motive_8
motive_1,0.0,0.15990540621116428,0.13052005348680235,-0.09038208401569961,-0.03017764877806658,-0.16294203696249557,-0.12213254750861437,-0.10340759514293531
motive_2,0.15990540621116428,0.0,0.003204451650942526,-0.009649775480452006,-0.08451677715912392,0.016884678656188673,0.010476444878065979,-0.09858703178635782
motive_3,0.13052005348680235,0.003204451650942526,0.0,0.11417190656862013,-0.01829546654356397,0.11136575119966144,-0.10698489388636061,-0.07338425757780993
motive_4,-0.09038208401569961,-0.009649775480452006,0.11417190656862013,0.0,0.01723030684400443,-0.02643068625172184,0.10423517612023914,-0.059571677040683814
motive_5,-0.03017764877806658,-0.08451677715912392,-0.01829546654356397,0.01723030684400443,0.0,0.011874485283279997,-0.13466119201768795,-0.10004423324212325
motive_6,-0.16294203696249557,0.016884678656188673,0.11136575119966144,-0.02643068625172184,0.011874485283279997,0.0,-0.022895966337015745,0.13357622148459858
motive_7,-0.12213254750861437,0.010476444878065979,-0.10698489388636061,0.10423517612023914,-0.13466119201768795,-0.022895966337015745,0.0,0.16888069207509848
motive_8,-0.10340759514293531,-0.09858703178635782,-0.07338425757780993,-0.059571677040683814,-0.10004423324212325,0.13357622148459858,0.16888069207509848,0.0
