,motive_1,motive_2,motive_3,motive_4,motive_5,motive_6,motive_7,motive_8
motive_1,0.0,0.26437143223792414,0.1728309450502555,0.5167122704633472,0.5859341118928132,0.5616540443046636,0.35348750846374255,0.2992723462252618
motive_2,0.26437143223792414,0.0,0.43482548263098253,0.7061447628768955,0.42423105306814607,0.5912288993779057,0.559599783329412,0.6828620723437446
motive_3,0.1728309450502555,0.43482548263098253,0.0,0.3696258866738763,0.6466469702595878,0.16654181400853763,0.31493630757936497,0.5701349920071229
motive_4,0.5167122704633472,0.7061447628768955,0.3696258866738763,0.0,0.4147817128086172,0.40806641943946925,0.7617269025769728,0.24681333902747385
motive_5,0.5859341118928132,0.42423105306814607,0.6466469702595878,0.4147817128086172,0.0,0.1968048159461754,0.5470042471851959,0.26231471159490627
motive_6,0.5616540443046636,0.5912288993779057,0.16654181400853763,0.40806641943946925,0.1968048159461754,0.0,0.46367407583265735,0.44713842688032884
motive_7,0.35348750846374255,0.559599783329412,0.31493630757936497,0.7617269025769728,0.5470042471851959,0.46367407583265735,0.0,0.7215033227441079
motive_8,0.2992723462252618,0.6828620723437446,0.5701349920071229,0.24681333902747385,0.26231471159490627,0.44713842688032884,0.7215033227441079,0.0
