,motive_1,motive_2,motive_3,motive_4,motive_5,motive_6,motive_7,motive_8
motive_1,0.0,-0.12274832252485002,0.4201432040754503,0.10246502553145123,0.01942958833798053,0.04642311634618561,0.46624432641747304,0.15037536236156837
motive_2,-0.12274832252485002,0.0,0.1231687430073485,-0.019040299872899055,0.3121794163417012,0.4552200968022696,0.3689776582426296,0.5761835974532865
motive_3,0.4201432040754503,0.1231687430073485,0.0,0.3037293150581384,0.5338988255259102,0.36390375180546763,0.15106123957294407,0.07822461220248461
motive_4,0.10246502553145123,-0.019040299872899055,0.3037293150581384,0.0,0.35070697716076915,0.29773170460252674,0.6102215576381927,0.05586549457445575
motive_5,0.01942958833798053,0.3121794163417012,0.5338988255259102,0.35070697716076915,0.0,-0.13538096654738258,0.29713246645722136,0.30352538932650536
motive_6,0.04642311634618561,0.4552200968022696,0.36390375180546763,0.29773170460252674,-0.13538096654738258,0.0,0.511308359657658,0.28374336350527085
motive_7,0.46624432641747304,0.3689776582426296,0.15106123957294407,0.6102215576381927,0.29713246645722136,0.511308359657658,0.0,-0.034501661936221596
motive_8,0.15037536236156837,0.5761835974532865,0.07822461220248461,0.05586549457445575,0.30352538932650536,0.28374336350527085,-0.034501661936221596,0.0
