,motive_1,motive_2,motive_3,motive_4,motive_5,motive_6,motive_7,motive_8
motive_1,0.0,0.11389905099281634,0.11815559538796933,-0.012199165998636803,0.2339192926943081,0.19062192116327098,0.15125151848707247,-0.054496427088347385
motive_2,0.11389905099281634,0.0,0.04471952438459671,0.08911347826174565,0.1048824930168008,0.14030807265370832,0.07553948373133665,0.09162278296102361
motive_3,0.11815559538796933,0.04471952438459671,0.0,0.04269636137943582,0.06581340074239735,0.0712602047235656,0.08007148509794307,0.06851322537587828
motive_4,-0.012199165998636803,0.08911347826174565,0.04269636137943582,0.0,0.12913078090965624,0.046581098402022694,0.03996712237570632,0.07752929356109273
motive_5,0.2339192926943081,0.1048824930168008,0.06581340074239735,0.12913078090965624,0.0,0.057003025744748755,0.14343738858012872,-0.09324937657940868
motive_6,0.19062192116327098,0.14030807265370832,0.0712602047235656,0.046581098402022694,0.057003025744748755,0.0,0.10400934598414002,0.1539822838084386
motive_7,0.15125151848707247,0.07553948373133665,0.08007148509794307,0.03996712237570632,0.14343738858012872,0.10400934598414002,0.0,0.1797687797103807
motive_8,-0.054496427088347385,0.09162278296102361,0.06851322537587828,0.07752929356109273,-0.09324937657940868,0.1539822838084386,0.1797687797103807,0.0
