,motive_1,motive_2,motive_3,motive_4,motive_5,motive_6,motive_7,motive_8
satisfaction,0.45907637777510163,0.42909805264254275,0.02720617801929437,0.13965570923824006,-0.28659097228689884,0.14332745515542702,1.0,0.6014179661882655
