,motive_1,motive_2,motive_3,motive_4,motive_5,motive_6,motive_7,motive_8
motive_1,0.0,-0.3465223274037189,0.47648649210029526,-0.7565287607765059,0.39043563470948534,-0.5319807205383662,-0.8426868330235123,0.11186800837515036
motive_2,-0.3465223274037189,0.0,-0.35350761983366374,-0.4222629457583196,0.3134791946365173,-0.2963093349273649,0.6632476794154294,-0.15152401219798484
motive_3,0.47648649210029526,-0.35350761983366374,0.0,-0.041588018229032186,0.17439046770614414,0.5424032547484006,0.3619754658176303,0.2733566474908095
motive_4,-0.7565287607765059,-0.4222629457583196,-0.041588018229032186,0.0,-0.5435848611282378,0.0013703523551612529,0.20176228902037635,0.04523602318668959
motive_5,0.39043563470948534,0.3134791946365173,0.17439046770614414,-0.5435848611282378,0.0,-0.2154354612970249,-0.23383891043173716,0.17968900761943152
motive_6,-0.5319807205383662,-0.2963093349273649,0.5424032547484006,0.0013703523551612529,-0.2154354612970249,0.0,0.6998272901997268,0.8798386059593601
motive_7,-0.8426868330235123,0.6632476794154294,0.3619754658176303,0.20176228902037635,-0.23383891043173716,0.6998272901997268,0.0,0.05954074056683081
motive_8,0.11186800837515036,-0.15152401219798484,0.2733566474908095,0.04523602318668959,0.17968900761943152,0.8798386059593601,0.05954074056683081,0.0
