,motive_1,motive_2,motive_3,motive_4,motive_5,motive_6,motive_7,motive_8
motive_1,0.0,0.03979227216248719,-0.03271329653029254,-0.0018152064287421596,0.11484690741708836,0.07517352379666588,-0.07868679576498275,-0.0943378003528878
motive_2,0.03979227216248719,0.0,0.055464238340225194,0.006926647167706151,0.14718175901706762,-0.13401963808478815,0.03088582177681557,0.10676958143233532
motive_3,-0.03271329653029254,0.055464238340225194,0.0,-0.1225916513079483,0.043466568101292444,0.0697565392880067,0.02960018782378534,-0.09392307812969747
motive_4,-0.0018152064287421596,0.006926647167706151,-0.1225916513079483,0.0,0.026229370031216497,-0.027141633221634383,-0.05426762514070924,0.08979464432018366
motive_5,0.11484690741708836,0.14718175901706762,0.043466568101292444,0.026229370031216497,0.0,0.14984138288979393,-0.043828149796803925,-0.04590292347654108
motive_6,0.07517352379666588,-0.13401963808478815,0.0697565392880067,-0.027141633221634383,0.14984138288979393,0.0,0.07858727198659057,-0.009091106458568466
motive_7,-0.07868679576498275,0.03088582177681557,0.02960018782378534,-0.05426762514070924,-0.043828149796803925,0.07858727198659057,0.0,0.0029089599827741824
motive_8,-0.0943378003528878,0.10676958143233532,-0.09392307812969747,0.08979464432018366,-0.04590292347654108,-0.009091106458568466,0.0029089599827741824,0.0
