,motive_1,motive_2,motive_3,motive_4,motive_5,motive_6,motive_7,motive_8
motive_1,0.0,-0.2974794820760752,0.4565348580196519,-0.26138770260353184,0.37486137756751553,0.38849282373577254,0.15487404358961243,0.06664150381539352
motive_2,-0.2974794820760752,0.0,0.18889218662274715,0.13818241009144966,0.11011815043863792,0.4364215867414726,0.2855660992204424,0.37610533264417895
motive_3,0.4565348580196519,0.18889218662274715,0.0,0.042470042526952766,0.15988649448534814,0.21342878116497516,0.3998815595081772,0.00011342450594570286
motive_4,-0.26138770260353184,0.13818241009144966,0.042470042526952766,0.0,0.22491885592721522,0.016780954020932243,0.022352347132196013,0.2702884066962068
motive_5,0.37486137756751553,0.11011815043863792,0.15988649448534814,0.22491885592721522,0.0,0.16491420254600828,-0.05013061559609796,0.48193035728964184
motive_6,0.38849282373577254,0.4364215867414726,0.21342878116497516,0.016780954020932243,0.16491420254600828,0.0,0.08915204692899155,0.18601875923164907
motive_7,0.15487404358961243,0.2855660992204424,0.3998815595081772,0.022352347132196013,-0.05013061559609796,0.08915204692899155,0.0,0.6659399713818535
motive_8,0.06664150381539352,0.37610533264417895,0.00011342450594570286,0.2702884066962068,0.48193035728964184,0.18601875923164907,0.6659399713818535,0.0
