,motive_1,motive_2,motive_3,motive_4,motive_5,motive_6,motive_7,motive_8
satisfaction,0.6651394252640968,0.32573217097390095,0.32596251269361276,-0.15182911477527766,0.01130172079563005,0.3534845160691724,0.6786218322014523,0.2789338536533948
