,motive_1,motive_2,motive_3,motive_4,motive_5,motive_6,motive_7,motive_8
motive_1,0.0,0.1459411625009423,0.4431626065756551,0.0598307772314699,-0.3111564445958148,-0.20145771900645262,-0.3278307384735463,-0.2633208873279008
motive_2,0.1459411625009423,0.0,0.2523849571432397,-0.5924997049950025,0.6400960645294218,0.7966960117007017,0.32020398179291554,-0.33657744497808595
motive_3,0.4431626065756551,0.2523849571432397,0.0,-0.0387442680869517,-0.04663281151697807,-0.26982263556168334,0.2816793499708456,0.06157138929098875
motive_4,0.0598307772314699,-0.5924997049950025,-0.0387442680869517,0.0,-0.0761569627023119,0.12167873566670451,0.07385639568379006,0.0940385665664626
motive_5,-0.3111564445958148,0.6400960645294218,-0.04663281151697807,-0.0761569627023119,0.0,0.02036770464184115,0.29719044800088595,0.16160288769552314
motive_6,-0.20145771900645262,0.7966960117007017,-0.26982263556168334,0.12167873566670451,0.02036770464184115,0.0,-0.09547105736942763,0.21131705909153292
motive_7,-0.3278307384735463,0.32020398179291554,0.2816793499708456,0.07385639568379006,0.29719044800088595,-0.09547105736942763,0.0,0.09561301968028134
motive_8,-0.2633208873279008,-0.33657744497808595,0.06157138929098875,0.0940385665664626,0.16160288769552314,0.21131705909153292,0.09561301968028134,0.0
