,motive_1,motive_2,motive_3,motive_4,motive_5,motive_6,motive_7,motive_8
motive_1,0.0,-0.061449525733792934,0.10657002951145314,-0.007657163030389278,0.10758098944663162,-0.019572392217014813,-0.1992081283784713,0.10721423052167176
motive_2,-0.061449525733792934,0.0,-0.06813819732287885,0.030969208515207562,0.095669556784959,-0.03789772480577507,-0.01082011564627792,0.0024644993560873213
motive_3,0.10657002951145314,-0.06813819732287885,0.0,0.14582746670534807,0.13409160585081092,0.03385524106834928,0.026173853984275824,-0.028624762701866785
motive_4,-0.007657163030389278,0.030969208515207562,0.14582746670534807,0.0,-0.06405430726990805,-0.049404058088436516,0.09383396696570476,-0.026459042765171747
motive_5,0.10758098944663162,0.095669556784959,0.13409160585081092,-0.06405430726990805,0.0,-0.0678140139309483,0.06722816632112931,0.07437735128221964
motive_6,-0.019572392217014813,-0.03789772480577507,0.03385524106834928,-0.049404058088436516,-0.0678140139309483,0.0,-0.03939326511401059,0.11715880814711897
motive_7,-0.1992081283784713,-0.01082011564627792,0.026173853984275824,0.09383396696570476,0.06722816632112931,-0.03939326511401059,0.0,0.05472355576894799
motive_8,0.10721423052167176,0.0024644993560873213,-0.028624762701866785,-0.026459042765171747,0.07437735128221964,0.11715880814711897,0.05472355576894799,0.0
