,motive_1,motive_2,motive_3,motive_4,motive_5,motive_6,motive_7,motive_8
satisfaction,-0.18963293071419016,0.08734449009943546,0.3572953489166094,-0.23933241727847357,-0.1686310214901953,0.1484362581712316,0.17577099361945425,0.23020737369947566
