,motive_1,motive_2,motive_3,motive_4,motive_5,motive_6,motive_7,motive_8
satisfaction,0.062220908821230464,0.1697749290718657,0.3789169689022015,0.08247343033588772,0.5390380532266204,0.18629252944077548,-0.05414430207455548,-0.15467768025368336
