,motive_1,motive_2,motive_3,motive_4,motive_5,motive_6,motive_7,motive_8
motive_1,0.0,0.3089410943200692,-0.14821903576884082,-0.4754133709167078,0.5543895227396571,-0.030145891432604432,-0.2650777314052972,0.6783454360536997
motive_2,0.3089410943200692,0.0,-0.4271927513285866,-0.2174173349960385,-0.7112212760211276,-0.1618025053275997,0.007564573469348745,0.5590185156404831
motive_3,-0.14821903576884082,-0.4271927513285866,0.0,-0.6982099612882329,-0.4551746561474952,0.412443102628002,0.19058279045921622,-0.18868554800417373
motive_4,-0.4754133709167078,-0.2174173349960385,-0.6982099612882329,0.0,0.021854493621427877,1.0282033368319075,0.5440751763014937,0.400416722991253
motive_5,0.5543895227396571,-0.7112212760211276,-0.4551746561474952,0.021854493621427877,0.0,-0.48957210680311625,0.7309278903931469,-0.4955296673046412
motive_6,-0.030145891432604432,-0.1618025053275997,0.412443102628002,1.0282033368319075,-0.48957210680311625,0.0,0.22110886167520777,0.46569935225467546
motive_7,-0.2650777314052972,0.007564573469348745,0.19058279045921622,0.5440751763014937,0.7309278903931469,0.22110886167520777,0.0,-0.12571303606757978
motive_8,0.6783454360536997,0.5590185156404831,-0.18868554800417373,0.400416722991253,-0.4955296673046412,0.46569935225467546,-0.12571303606757978,0.0
