,motive_1,motive_2,motive_3,motive_4,motive_5,motive_6,motive_7,motive_8
motive_1,0.0,-0.3585588782736915,1.4185560345851795,0.2513429384041339,-0.24631069326268673,0.18409120073610793,-0.2507435013162514,-0.1150051248403201
motive_2,-0.3585588782736915,0.0,-0.10339148124219133,0.3827109762507949,0.6173123641746016,0.38020402100866174,0.9052536357298158,-0.6017719248304294
motive_3,1.4185560345851795,-0.10339148124219133,0.0,0.5354075015343539,0.33861943412803197,-0.2867849726655801,-0.24696092433245292,-0.26102088174795846
motive_4,0.2513429384041339,0.3827109762507949,0.5354075015343539,0.0,-0.5887876813357747,0.14971201559879138,0.42862551021770706,0.18569543403843952
motive_5,-0.24631069326268673,0.6173123641746016,0.33861943412803197,-0.5887876813357747,0.0,-0.790897101788328,-0.6788187517129685,-0.43333134279621077
motive_6,0.18409120073610793,0.38020402100866174,-0.2867849726655801,0.14971201559879138,-0.790897101788328,0.0,0.2711396187657156,0.3255162193941036
motive_7,-0.2507435013162514,0.9052536357298158,-0.24696092433245292,0.42862551021770706,-0.6788187517129685,0.2711396187657156,0.0,0.11591142092871398
motive_8,-0.1150051248403201,-0.6017719248304294,-0.26102088174795846,0.18569543403843952,-0.43333134279621077,0.3255162193941036,0.11591142092871398,0.0
