,motive_1,motive_2,motive_3,motive_4,motive_5,motive_6,motive_7,motive_8
satisfaction,-0.03684029886149787,0.22144364304368727,0.19310334562405101,0.025562468702859886,-0.17900641582879853,0.22599065933547702,0.07953470935385216,0.37656659747082744
