,motive_1,motive_2,motive_3,motive_4,motive_5,motive_6,motive_7,motive_8
motive_1,0.0,0.282758095268399,0.2881100713355708,0.25431953797037926,-0.16599979270473658,0.3264198222574226,0.24027818669749335,-0.2784531658571462
motive_2,0.282758095268399,0.0,0.12476778969804182,-0.043334044051344375,0.3561093095784264,0.1337985775334004,0.08489694528899017,0.057257406603537564
motive_3,0.2881100713355708,0.12476778969804182,0.0,-0.089762858094629,0.13794273320979497,0.308359613417651,0.42873183785683283,0.4901445155481827
motive_4,0.25431953797037926,-0.043334044051344375,-0.089762858094629,0.0,0.25808558145146687,0.024603272758777522,0.12421224821489386,0.5398334080879259
motive_5,-0.16599979270473658,0.3561093095784264,0.13794273320979497,0.25808558145146687,0.0,0.16304546360697023,0.4801392294711424,0.0952651669458633
motive_6,0.3264198222574226,0.1337985775334004,0.308359613417651,0.024603272758777522,0.16304546360697023,0.0,0.2953549380969244,0.2511837761415847
motive_7,0.24027818669749335,0.08489694528899017,0.42873183785683283,0.12421224821489386,0.4801392294711424,0.2953549380969244,0.0,0.1386369541274383
motive_8,-0.2784531658571462,0.057257406603537564,0.4901445155481827,0.5398334080879259,0.0952651669458633,0.2511837761415847,0.1386369541274383,0.0
