,motive_1,motive_2,motive_3,motive_4,motive_5,motive_6,motive_7,motive_8
motive_1,0.0,0.038236714405028016,0.026055348468513435,0.13427576176568493,0.13112506272371435,0.12622789968943124,0.025514411377479417,0.12323225053873839
motive_2,0.038236714405028016,0.0,0.03598909204289001,0.06459206826989883,0.1895143671476271,0.15878031411830118,0.1561205730742252,0.0764445201821196
motive_3,0.026055348468513435,0.03598909204289001,0.0,0.005415972955238095,0.03292439981539898,0.09512796063174712,0.1442059154167778,0.12620827390975592
motive_4,0.13427576176568493,0.06459206826989883,0.005415972955238095,0.0,0.2249148357878143,0.055945933480530535,0.13241222945827388,-0.05996935287700742
motive_5,0.13112506272371435,0.1895143671476271,0.03292439981539898,0.2249148357878143,0.0,0.13369624695069657,0.04549231052316566,-0.003766529418068293
motive_6,0.12622789968943124,0.15878031411830118,0.09512796063174712,0.055945933480530535,0.13369624695069657,0.0,0.12656705395910336,0.04903197384809033
motive_7,0.025514411377479417,0.1561205730742252,0.1442059154167778,0.13241222945827388,0.04549231052316566,0.12656705395910336,0.0,0.1428496614119402
motive_8,0.12323225053873839,0.0764445201821196,0.12620827390975592,-0.05996935287700742,-0.003766529418068293,0.04903197384809033,0.1428496614119402,0.0
