,motive_1,motive_2,motive_3,motive_4,motive_5,motive_6,motive_7,motive_8
motive_1,0.0,0.015975824963660984,0.04108659215544279,0.03095676464265646,-0.08407968072747261,-0.0017425922981495028,0.16181744439145976,-0.11506030295225429
motive_2,0.015975824963660984,0.0,0.01881243304449276,0.1301449488302998,0.06099400464848832,-0.02078579053133712,0.05365913184562961,-0.02230648476432906
motive_3,0.04108659215544279,0.01881243304449276,0.0,0.03440575317744327,-0.10615011520382127,0.041444946856887765,0.043437496572835896,-0.11878791128265538
motive_4,0.03095676464265646,0.1301449488302998,0.03440575317744327,0.0,-0.03636476923914489,-0.027568578859076705,-0.0709277824310603,-0.034603887555347455
motive_5,-0.08407968072747261,0.06099400464848832,-0.10615011520382127,-0.03636476923914489,0.0,0.09898031326340916,0.06119229178395877,0.016659851161035487
motive_6,-0.0017425922981495028,-0.02078579053133712,0.041444946856887765,-0.027568578859076705,0.09898031326340916,0.0,-0.12870048466841003,0.022144298465910244
motive_7,0.16181744439145976,0.05365913184562961,0.043437496572835896,-0.0709277824310603,0.06119229178395877,-0.12870048466841003,0.0,0.13148471968258404
motive_8,-0.11506030295225429,-0.02230648476432906,-0.11878791128265538,-0.034603887555347455,0.016659851161035487,0.022144298465910244,0.13148471968258404,0.0
