,motive_1,motive_2,motive_3,motive_4,motive_5,motive_6,motive_7,motive_8
motive_1,0.0,0.7788846258631068,-0.29171774324249994,0.36957826346498157,0.6618681433855823,0.19044317020562418,0.03605444129504602,0.008643196077510143
motive_2,0.7788846258631068,0.0,0.043838300373764356,0.15065975987445834,0.19912002975062992,0.15372657061123768,0.1899923467435075,-0.2906264674404616
motive_3,-0.29171774324249994,0.043838300373764356,0.0,0.6632426689901236,0.7510424431830527,0.52725710366873,0.3952683692702282,0.25179664139635344
motive_4,0.36957826346498157,0.15065975987445834,0.6632426689901236,0.0,0.02420056812894056,-0.04381185422395817,-0.5807828214484322,0.5991968190554936
motive_5,0.6618681433855823,0.19912002975062992,0.7510424431830527,0.02420056812894056,0.0,0.23785975117847089,0.2944988098884331,0.3061531081140345
motive_6,0.19044317020562418,0.15372657061123768,0.52725710366873,-0.04381185422395817,0.23785975117847089,0.0,0.43096601294975284,0.329035031782153
motive_7,0.03605444129504602,0.1899923467435075,0.3952683692702282,-0.5807828214484322,0.2944988098884331,0.43096601294975284,0.0,0.4212508367663983
motive_8,0.008643196077510143,-0.2906264674404616,0.25179664139635344,0.5991968190554936,0.3061531081140345,0.329035031782153,0.4212508367663983,0.0
