,motive_1,motive_2,motive_3,motive_4,motive_5,motive_6,motive_7,motive_8
motive_1,0.0,0.08048930662837134,-0.01446295029592853,0.11788347285128568,0.010722157500371964,0.00980693129155967,0.06507233807340149,0.013927357139353787
motive_2,0.08048930662837134,0.0,0.0368024360990996,0.05012040570560558,0.029948617278259024,-0.07744849809573676,-0.0864057922300858,0.10968173544139175
motive_3,-0.01446295029592853,0.0368024360990996,0.0,-0.011333323746130473,0.02812564823291413,0.014214003913153691,-0.0012893277088918687,0.023662590039386942
motive_4,0.11788347285128568,0.05012040570560558,-0.011333323746130473,0.0,-0.10462612120491804,-0.04121547513464613,0.08909429255743154,-0.02998452822434578
motive_5,0.010722157500371964,0.029948617278259024,0.02812564823291413,-0.10462612120491804,0.0,-0.09579215962607912,-0.06299944969494471,-0.034233966777966376
motive_6,0.00980693129155967,-0.07744849809573676,0.014214003913153691,-0.04121547513464613,-0.09579215962607912,0.0,0.09982089302126076,-0.07252063661773725
motive_7,0.06507233807340149,-0.0864057922300858,-0.0012893277088918687,0.08909429255743154,-0.06299944969494471,0.09982089302126076,0.0,-0.030093674415096083
motive_8,0.013927357139353787,0.10968173544139175,0.023662590039386942,-0.02998452822434578,-0.034233966777966376,-0.07252063661773725,-0.030093674415096083,0.0
