,motive_1,motive_2,motive_3,motive_4,motive_5,motive_6,motive_7,motive_8
satisfaction,0.11315712033259602,-0.16153996618899438,-0.024001544755226645,0.1382266998760084,0.3547933715162378,-0.1864276683632569,-0.2009982103424873,0.13703651465473007
