,motive_1,motive_2,motive_3,motive_4,motive_5,motive_6,motive_7,motive_8
motive_1,0.0,0.1500798582139152,0.0008621832172309857,0.0792562919334611,0.015392628810545483,0.0978031470271009,0.157148285536287,0.10004658184891414
motive_2,0.1500798582139152,0.0,0.11797920804700793,0.22763945058893187,0.053070666588974864,0.23273293378762472,0.2931170710878004,0.16719178005671761
motive_3,0.0008621832172309857,0.11797920804700793,0.0,0.1402848600314368,0.03531155267501805,0.11518487193234497,0.1959558577088233,0.0010940417777772493
motive_4,0.0792562919334611,0.22763945058893187,0.1402848600314368,0.0,0.07256564977171161,0.2032016221826191,0.060940093795993695,0.0459714950072853
motive_5,0.015392628810545483,0.053070666588974864,0.03531155267501805,0.07256564977171161,0.0,0.11150936173687331,0.03329339622602853,0.05002714641074786
motive_6,0.0978031470271009,0.23273293378762472,0.11518487193234497,0.2032016221826191,0.11150936173687331,0.0,0.25441211470580455,0.06033535365536977
motive_7,0.157148285536287,0.2931170710878004,0.1959558577088233,0.060940093795993695,0.03329339622602853,0.25441211470580455,0.0,0.02933363605387717
motive_8,0.10004658184891414,0.16719178005671761,0.0010940417777772493,0.0459714950072853,0.05002714641074786,0.06033535365536977,0.02933363605387717,0.0
