,motive_1,motive_2,motive_3,motive_4,motive_5,motive_6,motive_7,motive_8
satisfaction,0.26280357721556263,-0.03949403115051181,0.32874481473505734,0.46329356822666645,-0.2822358719316924,-0.1212678901716791,0.2854773356264996,0.11489541426707628
