,motive_1,motive_2,motive_3,motive_4,motive_5,motive_6,motive_7,motive_8
motive_1,0.0,0.700643680017054,0.025206609252132722,0.51359193896681,0.48756457712059276,0.7942045859114005,0.14618581009235238,0.46008791528973303
motive_2,0.700643680017054,0.0,-0.022746818106133326,0.46402162007784853,0.7743469254119497,0.24157619662227087,0.5555345458419146,0.31271361384891605
motive_3,0.025206609252132722,-0.022746818106133326,0.0,0.42874193327931065,0.5974159688952034,0.2579858910493646,0.7601771085191915,0.11674851449765657
motive_4,0.51359193896681,0.46402162007784853,0.42874193327931065,0.0,0.1531025628084894,0.2794795061172355,0.2757558723154191,0.3247968677316826
motive_5,0.48756457712059276,0.7743469254119497,0.5974159688952034,0.1531025628084894,0.0,0.5756120761426768,0.476317441758006,0.4420041306414012
motive_6,0.7942045859114005,0.24157619662227087,0.2579858910493646,0.2794795061172355,0.5756120761426768,0.0,0.35684742184359436,0.24003134471775792
motive_7,0.14618581009235238,0.5555345458419146,0.7601771085191915,0.2757558723154191,0.476317441758006,0.35684742184359436,0.0,-0.05186796509243777
motive_8,0.46008791528973303,0.31271361384891605,0.11674851449765657,0.3247968677316826,0.4420041306414012,0.24003134471775792,-0.05186796509243777,0.0
