,motive_1,motive_2,motive_3,motive_4,motive_5,motive_6,motive_7,motive_8
motive_1,0.0,0.5810771811198923,0.7435233775943013,0.14079444241978473,0.2842184708505791,0.5684717648683955,0.3406161477810013,-0.7607762356959158
motive_2,0.5810771811198923,0.0,-0.08553927969808221,0.20115398643098437,-0.004209779198475802,0.9943180185055347,0.6759165983606419,0.6329748007699515
motive_3,0.7435233775943013,-0.08553927969808221,0.0,0.08950442565149208,-0.444813856842274,0.10342290812729972,0.4811112424813143,-0.34205358643693845
motive_4,0.14079444241978473,0.20115398643098437,0.08950442565149208,0.0,0.25835522086661117,-0.025244768598039168,-0.20530698343433168,0.2166262873691323
motive_5,0.2842184708505791,-0.004209779198475802,-0.444813856842274,0.25835522086661117,0.0,-0.05683063132055588,-0.4697938547702597,-0.05377195083147218
motive_6,0.5684717648683955,0.9943180185055347,0.10342290812729972,-0.025244768598039168,-0.05683063132055588,0.0,0.7697502115205686,-0.05925449667396036
motive_7,0.3406161477810013,0.6759165983606419,0.4811112424813143,-0.20530698343433168,-0.4697938547702597,0.7697502115205686,0.0,-0.03969182857918783
motive_8,-0.7607762356959158,0.6329748007699515,-0.34205358643693845,0.2166262873691323,-0.05377195083147218,-0.05925449667396036,-0.03969182857918783,0.0
