,motive_1,motive_2,motive_3,motive_4,motive_5,motive_6,motive_7,motive_8
motive_1,0.0,0.3260187330457527,0.475700804196817,-0.17934985927946262,0.34212777423839447,0.27392548213004475,0.17719187392053476,0.00477835000513549
motive_2,0.3260187330457527,0.0,-0.2277274126210384,0.21358995954312768,0.4336062861946544,0.3556575329749836,0.34587073459540296,-0.0010466996834126857
motive_3,0.475700804196817,-0.2277274126210384,0.0,0.48017782012456417,0.16549426305173007,-0.05716316961867626,0.15740173747392236,0.4036824465373352
motive_4,-0.17934985927946262,0.21358995954312768,0.48017782012456417,0.0,0.07150935491687857,0.25903833826156875,-0.016403898778395654,0.24163911050582687
motive_5,0.34212777423839447,0.4336062861946544,0.16549426305173007,0.07150935491687857,0.0,0.24810951805128623,-0.10993169869396215,0.11613870657836453
motive_6,0.27392548213004475,0.3556575329749836,-0.05716316961867626,0.25903833826156875,0.24810951805128623,0.0,-0.15041780438703542,0.3478549250428885
motive_7,0.17719187392053476,0.34587073459540296,0.15740173747392236,-0.016403898778395654,-0.10993169869396215,-0.15041780438703542,0.0,-0.05378540772938842
motive_8,0.00477835000513549,-0.0010466996834126857,0.4036824465373352,0.24163911050582687,0.11613870657836453,0.3478549250428885,-0.05378540772938842,0.0
