,motive_1,motive_2,motive_3,motive_4,motive_5,motive_6,motive_7,motive_8
motive_1,0.0,0.14337076293961035,0.04419092106790536,0.13416050537492208,0.1696403496934828,0.251280497371915,-0.015767871100598185,0.034027754248595915
motive_2,0.14337076293961035,0.0,0.14455843025970408,0.23650362815338788,0.05701217089380564,0.1043478996190107,0.18970739832774372,0.05791463347235604
motive_3,0.04419092106790536,0.14455843025970408,0.0,0.20059231650133774,0.05756254192189823,0.07214626405101604,-0.026114842149457015,0.13165926028670327
motive_4,0.13416050537492208,0.23650362815338788,0.20059231650133774,0.0,0.10538693582640735,0.1914509374690916,0.0014437152083190755,0.006520712669367712
motive_5,0.1696403496934828,0.05701217089380564,0.05756254192189823,0.10538693582640735,0.0,0.013249792381077048,0.03264492012839973,0.03705174711817283
motive_6,0.251280497371915,0.1043478996190107,0.07214626405101604,0.1914509374690916,0.013249792381077048,0.0,0.09889947546625479,0.12196766519684787
motive_7,-0.015767871100598185,0.18970739832774372,-0.026114842149457015,0.0014437152083190755,0.03264492012839973,0.09889947546625479,0.0,0.26538521712720486
motive_8,0.034027754248595915,0.05791463347235604,0.13165926028670327,0.006520712669367712,0.03705174711817283,0.12196766519684787,0.26538521712720486,0.0
