,motive_1,motive_2,motive_3,motive_4,motive_5,motive_6,motive_7,motive_8
motive_1,0.0,0.42297768587564905,0.49326331385676014,0.38981239810638296,0.43374527220351944,0.39546695195828774,0.19114017495988372,0.11015939843818409
motive_2,0.42297768587564905,0.0,0.4857558549446083,0.6058368533847767,0.4349288441044932,0.4223013002308527,0.7215152008482685,0.5717587899004527
motive_3,0.49326331385676014,0.4857558549446083,0.0,0.3419023146369059,0.7554139633314156,0.6323379606613465,0.18401548952036018,0.2616929523746955
motive_4,0.38981239810638296,0.6058368533847767,0.3419023146369059,0.0,0.28267225199945434,0.3164105919064922,0.3508980122529723,0.05005772852644441
motive_5,0.43374527220351944,0.4349288441044932,0.7554139633314156,0.28267225199945434,0.0,0.3413696872557557,0.05553321843908793,0.08286506449030848
motive_6,0.39546695195828774,0.4223013002308527,0.6323379606613465,0.3164105919064922,0.3413696872557557,0.0,0.12831363047567493,0.45642200539831385
motive_7,0.19114017495988372,0.7215152008482685,0.18401548952036018,0.3508980122529723,0.05553321843908793,0.12831363047567493,0.0,0.5118481318623913
motive_8,0.11015939843818409,0.5717587899004527,0.2616929523746955,0.05005772852644441,0.08286506449030848,0.45642200539831385,0.5118481318623913,0.0
