,motive_1,motive_2,motive_3,motive_4,motive_5,motive_6,motive_7,motive_8
motive_1,0.0,0.3432167795344398,-0.056293375277570584,0.3214130954442971,0.47816578555946315,0.5053258878148637,0.20820210048621007,0.4503040619173267
motive_2,0.3432167795344398,0.0,0.16598039273362433,0.14066727492223735,0.5732706288890217,0.29910825608622543,0.14530125738807742,0.4328699775299969
motive_3,-0.056293375277570584,0.16598039273362433,0.0,-0.1553007015427766,-0.16976574805586037,0.019682649823675374,-0.18865281863440553,0.19454603480905358
motive_4,0.3214130954442971,0.14066727492223735,-0.1553007015427766,0.0,0.09234937636210086,-0.06347252690268106,0.026450321984759606,0.45125720336662806
motive_5,0.47816578555946315,0.5732706288890217,-0.16976574805586037,0.09234937636210086,0.0,0.13017605986496406,0.01740110657182023,0.2304265421836837
motive_6,0.5053258878148637,0.29910825608622543,0.019682649823675374,-0.06347252690268106,0.13017605986496406,0.0,0.15497688750263108,0.32986675611818783
motive_7,0.20820210048621007,0.14530125738807742,-0.18865281863440553,0.026450321984759606,0.01740110657182023,0.15497688750263108,0.0,0.2582922659375175
motive_8,0.4503040619173267,0.4328699775299969,0.19454603480905358,0.45125720336662806,0.2304265421836837,0.32986675611818783,0.2582922659375175,0.0
