,motive_1,motive_2,motive_3,motive_4,motive_5,motive_6,motive_7,motive_8
motive_1,0.0,1.1619995681606539,0.7899490175732646,-0.05049852058127746,-0.06407712838908272,0.11408417245741065,0.1888293052460377,0.9227483784177946
motive_2,1.1619995681606539,0.0,0.7896410701736499,0.1362510458417061,0.49342159226194815,-0.6286496495373437,-0.30177177448529374,-0.28254379911592975
motive_3,0.7899490175732646,0.7896410701736499,0.0,-0.07432398977821092,-0.36208186688373983,0.14043692726082369,0.32433299911308733,-0.3095997881483909
motive_4,-0.05049852058127746,0.1362510458417061,-0.07432398977821092,0.0,-0.018520026761347577,-0.2721578060672824,0.4178527561448436,-0.10273299105210991
motive_5,-0.06407712838908272,0.49342159226194815,-0.36208186688373983,-0.018520026761347577,0.0,0.14346109006975466,0.13977754721980912,0.329911020375996
motive_6,0.11408417245741065,-0.6286496495373437,0.14043692726082369,-0.2721578060672824,0.14346109006975466,0.0,-0.08098830432697182,0.11532579963024875
motive_7,0.1888293052460377,-0.30177177448529374,0.32433299911308733,0.4178527561448436,0.13977754721980912,-0.08098830432697182,0.0,-0.25592692514199344
motive_8,0.9227483784177946,-0.28254379911592975,-0.3095997881483909,-0.10273299105210991,0.329911020375996,0.11532579963024875,-0.25592692514199344,0.0
