,motive_1,motive_2,motive_3,motive_4,motive_5,motive_6,motive_7,motive_8
satisfaction,-0.06360602121286016,-0.1351973482209699,0.043827901058642066,-0.2965063540099303,0.08622164715610414,0.1756770614751684,0.11403025525891139,0.1422367731494469
