,motive_1,motive_2,motive_3,motive_4,motive_5,motive_6,motive_7,motive_8
motive_1,0.0,-0.3300779595345743,-0.23001030282094564,0.7617071097671678,0.34573009969465673,-0.39962769258369363,0.4124324831481078,0.22161284062378828
motive_2,-0.3300779595345743,0.0,-0.4780191239731186,0.0632831293026357,0.3395114423337118,0.05106779621334956,-0.3917349003813885,-0.2415152293322771
motive_3,-0.23001030282094564,-0.4780191239731186,0.0,0.46215733274422555,0.13311628134660497,-0.30807895587186185,0.47874835080352235,0.557341233714803
motive_4,0.7617071097671678,0.0632831293026357,0.46215733274422555,0.0,0.12929727059318674,-0.14214724129831016,-0.15176802219723115,0.5479295862882174
motive_5,0.34573009969465673,0.3395114423337118,0.13311628134660497,0.12929727059318674,0.0,-0.02905932796541936,-0.01089585216782371,0.1187657944846204
motive_6,-0.39962769258369363,0.05106779621334956,-0.30807895587186185,-0.14214724129831016,-0.02905932796541936,0.0,-0.016225082911551614,0.47995830373794357
motive_7,0.4124324831481078,-0.3917349003813885,0.47874835080352235,-0.15176802219723115,-0.01089585216782371,-0.016225082911551614,0.0,-0.5954970737659653
motive_8,0.22161284062378828,-0.2415152293322771,0.557341233714803,0.5479295862882174,0.1187657944846204,0.47995830373794357,-0.5954970737659653,0.0
