,motive_1,motive_2,motive_3,motive_4,motive_5,motive_6,motive_7,motive_8
motive_1,0.0,0.23619525228424132,0.38339235747348654,0.5289548720417617,0.7817948077544963,0.5894644197952312,0.35815134211146227,0.5779777065269449
motive_2,0.23619525228424132,0.0,0.665507667659806,0.7332981069157021,0.4413288820376407,0.5217147351464324,0.6342618592190444,0.1639984817950347
motive_3,0.38339235747348654,0.665507667659806,0.0,0.1929447994499594,0.4058999129575004,0.23175518805533543,0.2868350413874045,0.34311986247967086
motive_4,0.5289548720417617,0.7332981069157021,0.1929447994499594,0.0,0.08637497328763222,0.13999150146812994,-0.05817128550768663,0.4520857236476893
motive_5,0.7817948077544963,0.4413288820376407,0.4058999129575004,0.08637497328763222,0.0,0.13653626650773343,0.6099854185798586,0.3858589357082896
motive_6,0.5894644197952312,0.5217147351464324,0.23175518805533543,0.13999150146812994,0.13653626650773343,0.0,0.5254076150226956,0.32093279471033836
motive_7,0.35815134211146227,0.6342618592190444,0.2868350413874045,-0.05817128550768663,0.6099854185798586,0.5254076150226956,0.0,0.6277540285415926
motive_8,0.5779777065269449,0.1639984817950347,0.34311986247967086,0.4520857236476893,0.3858589357082896,0.32093279471033836,0.6277540285415926,0.0
