,motive_1,motive_2,motive_3,motive_4,motive_5,motive_6,motive_7,motive_8
motive_1,0.0,-0.05690395759854448,-0.08609313185990322,-0.013514078519777394,0.16298510380516198,-0.014442688149764016,-0.08435687473483117,-0.028645965786783883
motive_2,-0.05690395759854448,0.0,0.12573138434289807,-0.03520200021894275,-0.1101890810295341,-0.11719595965650356,-0.006887071965936471,0.01684921925851312
motive_3,-0.08609313185990322,0.12573138434289807,0.0,-0.0656802308681155,0.03353924314938159,0.07984955878573155,-0.10851550649094749,-0.06745359758262387
motive_4,-0.013514078519777394,-0.03520200021894275,-0.0656802308681155,0.0,-0.023781261984514752,-0.13514526817306383,-0.0707616374986874,-0.01801036990748888
motive_5,0.16298510380516198,-0.1101890810295341,0.03353924314938159,-0.023781261984514752,0.0,-0.07638191523054386,0.06150913253836396,-0.047146878799917226
motive_6,-0.014442688149764016,-0.11719595965650356,0.07984955878573155,-0.13514526817306383,-0.07638191523054386,0.0,-0.07505824864961416,0.11456166761476866
motive_7,-0.08435687473483117,-0.006887071965936471,-0.10851550649094749,-0.0707616374986874,0.06150913253836396,-0.07505824864961416,0.0,0.014165614021715262
motive_8,-0.028645965786783883,0.01684921925851312,-0.06745359758262387,-0.01801036990748888,-0.047146878799917226,0.11456166761476866,0.014165614021715262,0.0
