,motive_1,motive_2,motive_3,motive_4,motive_5,motive_6,motive_7,motive_8
motive_1,0.0,0.11845863597404771,0.27957226065691626,-0.0163699396751021,0.30027711364542137,0.08610909025542067,0.34190353632880194,0.0723111377330361
motive_2,0.11845863597404771,0.0,0.5195138134832662,-0.05148392097063694,0.2892295217402586,0.343648922010957,0.11702855495353073,0.5668575851723152
motive_3,0.27957226065691626,0.5195138134832662,0.0,0.17166245767729332,0.1466203821084664,0.09770720593081228,0.1874861782318684,0.3280958711666583
motive_4,-0.0163699396751021,-0.05148392097063694,0.17166245767729332,0.0,0.27462532282969426,0.07621460893635365,-0.0033388335531906316,0.15107501128493542
motive_5,0.30027711364542137,0.2892295217402586,0.1466203821084664,0.27462532282969426,0.0,0.19355316023325136,0.34101238576601256,0.06707779474917222
motive_6,0.08610909025542067,0.343648922010957,0.09770720593081228,0.07621460893635365,0.19355316023325136,0.0,-0.0034330942703689332,-0.2000939679114229
motive_7,0.34190353632880194,0.11702855495353073,0.1874861782318684,-0.0033388335531906316,0.34101238576601256,-0.0034330942703689332,0.0,0.38565309751247323
motive_8,0.0723111377330361,0.5668575851723152,0.3280958711666583,0.15107501128493542,0.06707779474917222,-0.2000939679114229,0.38565309751247323,0.0
