,motive_1,motive_2,motive_3,motive_4,motive_5,motive_6,motive_7,motive_8
satisfaction,0.05748438881557527,0.5942645139701881,0.28202864609190614,0.5894174509164362,0.681458499832377,-0.04319091988610527,0.5735550967057503,0.8666772054161667
