,motive_1,motive_2,motive_3,motive_4,motive_5,motive_6,motive_7,motive_8
satisfaction,0.4009267837122731,-0.02773843166727369,0.0020794455643897425,0.11779803713190093,0.32314223835926403,0.2951898552982345,-0.057943588561190945,0.05334104828143291
