,motive_1,motive_2,motive_3,motive_4,motive_5,motive_6,motive_7,motive_8
motive_1,0.0,0.35285703363571996,0.3783448631405133,0.7665108693817961,0.4507424522110326,0.5934116595521852,0.6232399473932266,0.585176908834864
motive_2,0.35285703363571996,0.0,0.2797797981618171,0.43858884637929085,0.17739252010789824,0.3823735731696447,0.04436765720064728,0.6142579851427772
motive_3,0.3783448631405133,0.2797797981618171,0.0,0.41497719877949235,0.5290694229177573,0.07883318598385361,0.3940195624831515,0.3663745486142264
motive_4,0.7665108693817961,0.43858884637929085,0.41497719877949235,0.0,0.6342350060032309,0.46262027438685716,0.6175499525112789,0.37099908587722674
motive_5,0.4507424522110326,0.17739252010789824,0.5290694229177573,0.6342350060032309,0.0,0.34237465270789197,-0.12413807321011175,0.6174560163749971
motive_6,0.5934116595521852,0.3823735731696447,0.07883318598385361,0.46262027438685716,0.34237465270789197,0.0,0.2828242979812395,0.4987930970613901
motive_7,0.6232399473932266,0.04436765720064728,0.3940195624831515,0.6175499525112789,-0.12413807321011175,0.2828242979812395,0.0,0.07361154605190226
motive_8,0.585176908834864,0.6142579851427772,0.3663745486142264,0.37099908587722674,0.6174560163749971,0.4987930970613901,0.07361154605190226,0.0
