,motive_1,motive_2,motive_3,motive_4,motive_5,motive_6,motive_7,motive_8
motive_1,0.0,0.4170440831386923,0.1766304239089756,-0.07089818025854018,0.12399836330763364,0.5224457510305427,0.05639441873671919,0.0941860099546019
motive_2,0.4170440831386923,0.0,-0.1028577167247837,-0.11185134509105941,-0.034195247308338964,0.33395116731022173,-0.14007252591612335,-0.08332534136969987
motive_3,0.1766304239089756,-0.1028577167247837,0.0,0.33129474131670744,0.25227724863107864,0.5495107159798271,-0.02364260033402793,0.28836226923685204
motive_4,-0.07089818025854018,-0.11185134509105941,0.33129474131670744,0.0,0.11024385167231557,-0.27169540828178235,0.4918645507358378,0.2875657029788681
motive_5,0.12399836330763364,-0.034195247308338964,0.25227724863107864,0.11024385167231557,0.0,0.5285599143936663,0.4843459265006816,0.2822707384369323
motive_6,0.5224457510305427,0.33395116731022173,0.5495107159798271,-0.27169540828178235,0.5285599143936663,0.0,-0.09919487249829484,0.01195126633664409
motive_7,0.05639441873671919,-0.14007252591612335,-0.02364260033402793,0.4918645507358378,0.4843459265006816,-0.09919487249829484,0.0,0.17960628415165913
motive_8,0.0941860099546019,-0.08332534136969987,0.28836226923685204,0.2875657029788681,0.2822707384369323,0.01195126633664409,0.17960628415165913,0.0
