,motive_1,motive_2,motive_3,motive_4,motive_5,motive_6,motive_7,motive_8
motive_1,0.0,0.5723355433884642,0.052326965800371245,0.4895075658343342,0.2946116357886652,0.286814283452417,0.500314476514684,0.3554886480767031
motive_2,0.5723355433884642,0.0,0.17668360927330345,0.3321524079405783,0.1492089699411368,0.5741464985592619,-0.006441362275907525,0.15071363803885957
motive_3,0.052326965800371245,0.17668360927330345,0.0,0.5495858160026581,0.3856752539981324,0.37810811789030285,0.5803820852207339,0.35018610550485063
motive_4,0.4895075658343342,0.3321524079405783,0.5495858160026581,0.0,0.28119926405544493,0.35706302653070987,0.36385124137769376,0.3287896068969163
motive_5,0.2946116357886652,0.1492089699411368,0.3856752539981324,0.28119926405544493,0.0,0.6130211966250545,0.4686365477366662,0.5259319500410996
motive_6,0.286814283452417,0.5741464985592619,0.37810811789030285,0.35706302653070987,0.6130211966250545,0.0,0.32263318099422894,0.5370510416982428
motive_7,0.500314476514684,-0.006441362275907525,0.5803820852207339,0.36385124137769376,0.4686365477366662,0.32263318099422894,0.0,0.4616810021154204
motive_8,0.3554886480767031,0.15071363803885957,0.35018610550485063,0.3287896068969163,0.5259319500410996,0.5370510416982428,0.4616810021154204,0.0
