,motive_1,motive_2,motive_3,motive_4,motive_5,motive_6,motive_7,motive_8
motive_1,0.0,-0.2249464138334784,0.2305521805893237,0.04497623664718706,0.31052519127713696,0.5502586380181701,0.07351069546106245,-0.02549810705452879
motive_2,-0.2249464138334784,0.0,0.19022112095954313,-0.08666565132045545,0.3599937956391584,0.03992294035460485,0.047201913044446264,0.3630555123765617
motive_3,0.2305521805893237,0.19022112095954313,0.0,0.3348003957488441,0.622796020881017,0.2913616230039289,0.407597160333461,-0.3566887732686127
motive_4,0.04497623664718706,-0.08666565132045545,0.3348003957488441,0.0,0.37351775026673456,0.12450151737207872,0.48781215892531454,0.474278599664552
motive_5,0.31052519127713696,0.3599937956391584,0.622796020881017,0.37351775026673456,0.0,0.37626397573377496,-0.02547634317484465,0.12032318677489301
motive_6,0.5502586380181701,0.03992294035460485,0.2913616230039289,0.12450151737207872,0.37626397573377496,0.0,0.311737066532583,-0.0546133438836888
motive_7,0.07351069546106245,0.047201913044446264,0.407597160333461,0.48781215892531454,-0.02547634317484465,0.311737066532583,0.0,0.20879478299675847
motive_8,-0.02549810705452879,0.3630555123765617,-0.3566887732686127,0.474278599664552,0.12032318677489301,-0.0546133438836888,0.20879478299675847,0.0
