,motive_1,motive_2,motive_3,motive_4,motive_5,motive_6,motive_7,motive_8
motive_1,0.0,0.08640574390908136,0.10550451289683657,0.061726603832082005,0.06898040347593419,0.21451415568913013,0.18804278281290882,0.0822677991544375
motive_2,0.08640574390908136,0.0,0.07984924585036929,0.10171401047701799,0.0337731517034053,0.033885819515779195,0.11549628867656858,-0.002578246970474103
motive_3,0.10550451289683657,0.07984924585036929,0.0,0.22276738143409128,0.09575190410318403,0.1477606131049278,0.10639062796007655,0.09970833911799928
motive_4,0.061726603832082005,0.10171401047701799,0.22276738143409128,0.0,0.10739425238988254,0.09381703228761117,0.23317644708338953,0.1451376223398285
motive_5,0.06898040347593419,0.0337731517034053,0.09575190410318403,0.10739425238988254,0.0,0.16970307001310936,0.10132177318186103,0.042838285713976285
motive_6,0.21451415568913013,0.033885819515779195,0.1477606131049278,0.09381703228761117,0.16970307001310936,0.0,0.09428677386584815,0.18480071763147263
motive_7,0.18804278281290882,0.11549628867656858,0.10639062796007655,0.23317644708338953,0.10132177318186103,0.09428677386584815,0.0,0.14244654688880248
motive_8,0.0822677991544375,-0.002578246970474103,0.09970833911799928,0.1451376223398285,0.042838285713976285,0.18480071763147263,0.14244654688880248,0.0
