,motive_1,motive_2,motive_3,motive_4,motive_5,motive_6,motive_7,motive_8
motive_1,0.0,0.12663013765906628,-0.019922823723213218,0.010577983815671717,0.24425284614352208,0.17372627013932893,0.167337649924879,0.21931062499918821
motive_2,0.12663013765906628,0.0,0.17327383581261022,0.12253576527094026,-0.48370301012486305,0.3040867951839448,0.04312781743520848,0.2495957594547307
motive_3,-0.019922823723213218,0.17327383581261022,0.0,0.3383335154475502,0.44757034602975015,0.3519052585754562,0.22434131838087631,-0.12668579318999804
motive_4,0.010577983815671717,0.12253576527094026,0.3383335154475502,0.0,0.22455390437760955,-0.274531803110008,0.25433825360402423,-0.2473801345385362
motive_5,0.24425284614352208,-0.48370301012486305,0.44757034602975015,0.22455390437760955,0.0,0.2819436000990332,0.5325342041688219,0.3542621981001135
motive_6,0.17372627013932893,0.3040867951839448,0.3519052585754562,-0.274531803110008,0.2819436000990332,0.0,0.39257966386587206,0.056340097585851026
motive_7,0.167337649924879,0.04312781743520848,0.22434131838087631,0.25433825360402423,0.5325342041688219,0.39257966386587206,0.0,0.18942385171585385
motive_8,0.21931062499918821,0.2495957594547307,-0.12668579318999804,-0.2473801345385362,0.3542621981001135,0.056340097585851026,0.18942385171585385,0.0
