,motive_1,motive_2,motive_3,motive_4,motive_5,motive_6,motive_7,motive_8
satisfaction,0.22552001118380902,-0.016516785515940574,-0.2600631030015372,0.2006205175570787,0.24036814922591243,0.04075466724471019,-0.06432357930921928,0.45082526024693803
