,motive_1,motive_2,motive_3,motive_4,motive_5,motive_6,motive_7,motive_8
motive_1,0.0,0.07618068911244058,0.40644413075477986,0.12355591294953519,-0.09702191193954574,0.07025288566679916,0.6207362522109444,-0.13152528497984456
motive_2,0.07618068911244058,0.0,1.0973538182987623,0.07341964869405965,-0.032747440202216316,0.23758248392180115,0.08684513760471879,0.027250156099802386
motive_3,0.40644413075477986,1.0973538182987623,0.0,-0.19398827624553036,0.23480552100856567,-0.5625817350257776,0.4189690162276361,-0.012144831428748545
motive_4,0.12355591294953519,0.07341964869405965,-0.19398827624553036,0.0,0.6887663863532371,-0.24424146459849716,0.5603669522047983,0.07866341741492378
motive_5,-0.09702191193954574,-0.032747440202216316,0.23480552100856567,0.6887663863532371,0.0,-0.7673059291597955,0.08470050166921661,-0.714965583745145
motive_6,0.07025288566679916,0.23758248392180115,-0.5625817350257776,-0.24424146459849716,-0.7673059291597955,0.0,0.1442254135140058,-0.6395816122443609
motive_7,0.6207362522109444,0.08684513760471879,0.4189690162276361,0.5603669522047983,0.08470050166921661,0.1442254135140058,0.0,-0.3991142060870573
motive_8,-0.13152528497984456,0.027250156099802386,-0.012144831428748545,0.07866341741492378,-0.714965583745145,-0.6395816122443609,-0.3991142060870573,0.0
