,motive_1,motive_2,motive_3,motive_4,motive_5,motive_6,motive_7,motive_8
motive_1,0.0,-0.03570398140179767,-0.015005413910778177,-0.028025737604865333,-0.010964185282999084,0.03079819131617379,0.03387815859291562,-0.010669020354061774
motive_2,-0.03570398140179767,0.0,-0.11252968789675219,-0.050586235975541176,0.0035319001682680776,-0.05595978649878074,0.12569788570491452,0.17394419327056804
motive_3,-0.015005413910778177,-0.11252968789675219,0.0,0.02827336059182411,0.07470459745596492,-0.004166216359459726,-0.04846760140312796,-0.16059331520597464
motive_4,-0.028025737604865333,-0.050586235975541176,0.02827336059182411,0.0,0.009150285031991178,-0.00021758021892506751,0.04143669606686189,0.010212450092828954
motive_5,-0.010964185282999084,0.0035319001682680776,0.07470459745596492,0.009150285031991178,0.0,-0.024184421006475314,-0.0645290467404041,0.005295104391215562
motive_6,0.03079819131617379,-0.05595978649878074,-0.004166216359459726,-0.00021758021892506751,-0.024184421006475314,0.0,0.020280171714323315,0.03250823325632653
motive_7,0.03387815859291562,0.12569788570491452,-0.04846760140312796,0.04143669606686189,-0.0645290467404041,0.020280171714323315,0.0,-0.07165809305952618
motive_8,-0.010669020354061774,0.17394419327056804,-0.16059331520597464,0.010212450092828954,0.005295104391215562,0.03250823325632653,-0.07165809305952618,0.0
