,motive_1,motive_2,motive_3,motive_4,motive_5,motive_6,motive_7,motive_8
satisfaction,-0.2292185553683371,0.3196957441482612,-0.13750411178788213,-0.059132555993062386,-0.0005485866019672991,0.03783585319610988,-0.11760352400783627,-0.060857698175688035
