,motive_1,motive_2,motive_3,motive_4,motive_5,motive_6,motive_7,motive_8
motive_1,0.0,0.017972633305440036,0.16437854733553783,0.15690396436211304,0.02631579176016069,0.014320794184729535,0.27665688404625627,0.030870151364971142
motive_2,0.017972633305440036,0.0,0.10625623483392571,0.06823235383920062,0.11831449348573755,0.03203777456377489,0.06319337401818417,0.1506580433586386
motive_3,0.16437854733553783,0.10625623483392571,0.0,-0.05943568145263156,0.24661430640208232,0.07734421669724365,0.06726427234255566,0.022728435251003966
motive_4,0.15690396436211304,0.06823235383920062,-0.05943568145263156,0.0,-0.024965129874482933,0.07296503145606613,0.14180184083212577,0.1639050540183234
motive_5,0.02631579176016069,0.11831449348573755,0.24661430640208232,-0.024965129874482933,0.0,0.07781078215177187,0.014440889085686033,0.17000340719644974
motive_6,0.014320794184729535,0.03203777456377489,0.07734421669724365,0.07296503145606613,0.07781078215177187,0.0,0.11799179392948218,0.18957355845630192
motive_7,0.27665688404625627,0.06319337401818417,0.06726427234255566,0.14180184083212577,0.014440889085686033,0.11799179392948218,0.0,-0.007317017571474134
motive_8,0.030870151364971142,0.1506580433586386,0.022728435251003966,0.1639050540183234,0.17000340719644974,0.18957355845630192,-0.007317017571474134,0.0
