,motive_1,motive_2,motive_3,motive_4,motive_5,motive_6,motive_7,motive_8
motive_1,0.0,-0.05589295506418916,0.4908166470810088,0.25084268114989317,0.3711570160054075,0.3096838452435388,0.0458312834132658,0.05417429193997751
motive_2,-0.05589295506418916,0.0,0.45467134256488845,0.3925367013450666,-0.027733195486015272,0.6810662081079951,0.1630738078721663,0.11151828800291955
motive_3,0.4908166470810088,0.45467134256488845,0.0,-0.019388152018218453,0.19788664880369433,0.37369944555869644,0.44157733579281855,0.02637790855030385
motive_4,0.25084268114989317,0.3925367013450666,-0.019388152018218453,0.0,0.21716012096226828,0.1483575643971245,0.19912184828037158,0.06204287294626591
motive_5,0.3711570160054075,-0.027733195486015272,0.19788664880369433,0.21716012096226828,0.0,0.3534435161603964,0.0618720406725759,-0.13995516536359465
motive_6,0.3096838452435388,0.6810662081079951,0.37369944555869644,0.1483575643971245,0.3534435161603964,0.0,0.20847746536849987,0.32349586458293034
motive_7,0.0458312834132658,0.1630738078721663,0.44157733579281855,0.19912184828037158,0.0618720406725759,0.20847746536849987,0.0,0.2014898229416986
motive_8,0.05417429193997751,0.11151828800291955,0.02637790855030385,0.06204287294626591,-0.13995516536359465,0.32349586458293034,0.2014898229416986,0.0
