,motive_1,motive_2,motive_3,motive_4,motive_5,motive_6,motive_7,motive_8
satisfaction,0.24418759794756745,0.32747728167790746,0.30417732319223606,0.11712933639074444,-0.16068868682435838,0.50930699104845,0.4169956855027007,0.6298336175395771
