,motive_1,motive_2,motive_3,motive_4,motive_5,motive_6,motive_7,motive_8
satisfaction,-0.15463878855848118,0.04162085381671973,-0.123788616723425,0.8862913572743225,0.35510368662126013,0.6563384925264844,0.007273386022051076,0.20340730405264842
