,motive_1,motive_2,motive_3,motive_4,motive_5,motive_6,motive_7,motive_8
motive_1,0.0,0.03123140469644188,0.043455545052054415,0.2801028007454396,0.2550763317525595,-0.014181757594721414,0.2561655275713259,0.3009015119675249
motive_2,0.03123140469644188,0.0,0.27507931931810986,1.0079884368929062,0.4800873037427676,0.3929430838249355,0.040466749705070054,0.02685269048705749
motive_3,0.043455545052054415,0.27507931931810986,0.0,0.06819547029144056,0.11218730738915207,-0.013452036881259372,0.40727509811533374,-0.047197114223048564
motive_4,0.2801028007454396,1.0079884368929062,0.06819547029144056,0.0,0.3026043199849306,0.1421086597336908,0.2385517614553142,0.24332179800742193
motive_5,0.2550763317525595,0.4800873037427676,0.11218730738915207,0.3026043199849306,0.0,0.07308612182050046,0.1710915626411505,0.3903504320183928
motive_6,-0.014181757594721414,0.3929430838249355,-0.013452036881259372,0.1421086597336908,0.07308612182050046,0.0,0.27605877642382354,0.29003023705505954
motive_7,0.2561655275713259,0.040466749705070054,0.40727509811533374,0.2385517614553142,0.1710915626411505,0.27605877642382354,0.0,0.12313753506064352
motive_8,0.3009015119675249,0.02685269048705749,-0.047197114223048564,0.24332179800742193,0.3903504320183928,0.29003023705505954,0.12313753506064352,0.0
