,motive_1,motive_2,motive_3,motive_4,motive_5,motive_6,motive_7,motive_8
satisfaction,0.187797666013277,0.42113724678152453,0.5883317005272165,-0.5505717355520945,-0.28687309466852856,0.4212792321938008,0.26123555899201834,0.1625038951583211
