,motive_1,motive_2,motive_3,motive_4,motive_5,motive_6,motive_7,motive_8
motive_1,0.0,0.23047791455815292,-0.07786592507163254,0.49133576663084155,0.31983009215015173,-0.2492034799253655,-0.018320966699132413,-0.2743977626141111
motive_2,0.23047791455815292,0.0,0.48495717307587954,0.3007557321111177,-0.38559787888430175,0.2613379423836462,0.3305759743199346,1.061682155649895
motive_3,-0.07786592507163254,0.48495717307587954,0.0,-0.2018030808445867,0.20891264752923241,0.4994729172507276,0.3838019186191121,0.36715421015095845
motive_4,0.49133576663084155,0.3007557321111177,-0.2018030808445867,0.0,0.3678516528640083,-0.004225478116001324,1.1809202792593807,0.017323648355139706
motive_5,0.31983009215015173,-0.38559787888430175,0.20891264752923241,0.3678516528640083,0.0,0.05499971870917825,-0.1809722398353445,0.3165336930338581
motive_6,-0.2492034799253655,0.2613379423836462,0.4994729172507276,-0.004225478116001324,0.05499971870917825,0.0,-0.0685900755082475,0.013460820637134649
motive_7,-0.018320966699132413,0.3305759743199346,0.3838019186191121,1.1809202792593807,-0.1809722398353445,-0.0685900755082475,0.0,0.18984159610275725
motive_8,-0.2743977626141111,1.061682155649895,0.36715421015095845,0.017323648355139706,0.3165336930338581,0.013460820637134649,0.18984159610275725,0.0
