,motive_1,motive_2,motive_3,motive_4,motive_5,motive_6,motive_7,motive_8
satisfaction,0.021611464856842816,-0.07082395444246142,-0.06984078013458689,0.17048352981131218,-0.19883580135605455,-0.14406195520081833,0.4870959315958346,0.6821643426294866
