,motive_1,motive_2,motive_3,motive_4,motive_5,motive_6,motive_7,motive_8
motive_1,0.0,0.3588118000205985,-0.21074222308725266,0.013391128985668951,0.06861121055629515,0.49999319265610986,0.13988371978413933,0.3840891237947641
motive_2,0.3588118000205985,0.0,0.044423864387430775,0.053372062596103304,0.4087604514388502,0.19609452352975934,0.15150339844653316,0.015388835613451224
motive_3,-0.21074222308725266,0.044423864387430775,0.0,0.5730526925886433,0.4642260083351829,0.13802570218144938,0.18457774037276264,-0.023245370205223034
motive_4,0.013391128985668951,0.053372062596103304,0.5730526925886433,0.0,0.43864365095509517,0.1534697829370577,0.3354397704130633,0.2671950495820506
motive_5,0.06861121055629515,0.4087604514388502,0.4642260083351829,0.43864365095509517,0.0,0.22023297235228312,-0.29811834897592876,0.1665149923790586
motive_6,0.49999319265610986,0.19609452352975934,0.13802570218144938,0.1534697829370577,0.22023297235228312,0.0,0.2293674606180693,0.31936361493988125
motive_7,0.13988371978413933,0.15150339844653316,0.18457774037276264,0.3354397704130633,-0.29811834897592876,0.2293674606180693,0.0,0.24840640424564234
motive_8,0.3840891237947641,0.015388835613451224,-0.023245370205223034,0.2671950495820506,0.1665149923790586,0.31936361493988125,0.24840640424564234,0.0
