,motive_1,motive_2,motive_3,motive_4,motive_5,motive_6,motive_7,motive_8
satisfaction,0.2254041008069623,-0.001212959519944351,-0.38956198242905005,0.2202454709933704,-0.24579373798860024,0.0458721052423024,0.31834256494452506,0.1438578041502731
