,motive_1,motive_2,motive_3,motive_4,motive_5,motive_6,motive_7,motive_8
motive_1,0.0,0.1028167121602373,0.8554012541237423,-0.06167006117960738,-0.24889779972978782,0.10112717825370915,-0.04871761043420908,0.16340013671128711
motive_2,0.1028167121602373,0.0,0.5370784525548253,-0.12516787475994515,-0.39372867672547773,0.4490583671836079,-0.18432588502665287,-0.38936378726845045
motive_3,0.8554012541237423,0.5370784525548253,0.0,0.8322204219113245,-0.5867000546548518,-0.07451742772932846,-0.24955454071988858,0.9525044311140961
motive_4,-0.06167006117960738,-0.12516787475994515,0.8322204219113245,0.0,0.5581918397826687,-0.6137388425952319,-0.27110916123954515,-0.5628401688709925
motive_5,-0.24889779972978782,-0.39372867672547773,-0.5867000546548518,0.5581918397826687,0.0,0.42746936400121044,-0.3660293354032714,-0.052074470229182795
motive_6,0.10112717825370915,0.4490583671836079,-0.07451742772932846,-0.6137388425952319,0.42746936400121044,0.0,0.678532175490645,0.4317276496087633
motive_7,-0.04871761043420908,-0.18432588502665287,-0.24955454071988858,-0.27110916123954515,-0.3660293354032714,0.678532175490645,0.0,-0.32975708968721085
motive_8,0.16340013671128711,-0.38936378726845045,0.9525044311140961,-0.5628401688709925,-0.052074470229182795,0.4317276496087633,-0.32975708968721085,0.0
