,motive_1,motive_2,motive_3,motive_4,motive_5,motive_6,motive_7,motive_8
motive_1,0.0,0.1039837347682126,0.10828381310494936,0.13773109981332954,-0.04267066545634232,-0.06415166125054113,0.13715379261748498,0.0026114406497368403
motive_2,0.1039837347682126,0.0,-0.09856006599587736,0.18527568054757915,-0.002976401411699768,0.06909505449344774,0.03706398867754443,0.14650478129063577
motive_3,0.10828381310494936,-0.09856006599587736,0.0,0.09314995474686014,0.12388794171619577,0.09003588562736323,-0.0707934007789578,0.039013849684414
motive_4,0.13773109981332954,0.18527568054757915,0.09314995474686014,0.0,0.00814740696561627,0.11609443530089103,0.17894210898704344,0.13831851449891625
motive_5,-0.04267066545634232,-0.002976401411699768,0.12388794171619577,0.00814740696561627,0.0,0.038573021873415235,0.14314516340251898,0.05550142559063328
motive_6,-0.06415166125054113,0.06909505449344774,0.09003588562736323,0.11609443530089103,0.038573021873415235,0.0,0.16208634729626803,0.1400918511384761
motive_7,0.13715379261748498,0.03706398867754443,-0.0707934007789578,0.17894210898704344,0.14314516340251898,0.16208634729626803,0.0,0.2542102813916204
motive_8,0.0026114406497368403,0.14650478129063577,0.039013849684414,0.13831851449891625,0.05550142559063328,0.1400918511384761,0.2542102813916204,0.0
