,motive_1,motive_2,motive_3,motive_4,motive_5,motive_6,motive_7,motive_8
motive_1,0.0,0.42002927609376745,0.237880309278386,0.25971974215335125,0.13599547051851638,0.04492796428991322,0.6777629891801992,0.5413363722027215
motive_2,0.42002927609376745,0.0,0.23445487359644707,0.31806894861246676,0.2574641040655873,0.3258440811750142,0.5986239196190944,0.15680576837092247
motive_3,0.237880309278386,0.23445487359644707,0.0,0.28144333544476197,0.032480325207415076,0.2959339973027354,0.03469125439995294,0.09683988410848435
motive_4,0.25971974215335125,0.31806894861246676,0.28144333544476197,0.0,0.3894617209815003,-0.1684202427760032,0.014982417453488495,0.1491733011563372
motive_5,0.13599547051851638,0.2574641040655873,0.032480325207415076,0.3894617209815003,0.0,0.4418090388734128,0.01058790473734618,0.4946859303586054
motive_6,0.04492796428991322,0.3258440811750142,0.2959339973027354,-0.1684202427760032,0.4418090388734128,0.0,-0.10346121000534068,0.230478468509903
motive_7,0.6777629891801992,0.5986239196190944,0.03469125439995294,0.014982417453488495,0.01058790473734618,-0.10346121000534068,0.0,0.02235287077302406
motive_8,0.5413363722027215,0.15680576837092247,0.09683988410848435,0.1491733011563372,0.4946859303586054,0.230478468509903,0.02235287077302406,0.0
