,motive_1,motive_2,motive_3,motive_4,motive_5,motive_6,motive_7,motive_8
motive_1,0.0,-0.3921642001673598,0.48627128401322706,0.44142378617267825,-0.34210524943903586,-0.4140752348916228,1.1599413042775377,-0.31477909181017316
motive_2,-0.3921642001673598,0.0,0.13753740900355427,-0.09060587696479633,0.20988696091442532,-0.3077733526173506,-0.12083975589089502,0.4039482601518316
motive_3,0.48627128401322706,0.13753740900355427,0.0,-0.8566140887157894,0.9796858384124938,-0.0359346998165381,-0.09641436594466599,-0.3636293884939762
motive_4,0.44142378617267825,-0.09060587696479633,-0.8566140887157894,0.0,-0.6497907792468975,-0.062209811263603254,0.35081104499275456,0.48343032410994036
motive_5,-0.34210524943903586,0.20988696091442532,0.9796858384124938,-0.6497907792468975,0.0,-0.033135307089368876,-0.41335466548588373,0.5200204431786983
motive_6,-0.4140752348916228,-0.3077733526173506,-0.0359346998165381,-0.062209811263603254,-0.033135307089368876,0.0,0.20795076357689307,0.6374413507378115
motive_7,1.1599413042775377,-0.12083975589089502,-0.09641436594466599,0.35081104499275456,-0.41335466548588373,0.20795076357689307,0.0,-0.5439021054288449
motive_8,-0.31477909181017316,0.4039482601518316,-0.3636293884939762,0.48343032410994036,0.5200204431786983,0.6374413507378115,-0.5439021054288449,0.0
