,motive_1,motive_2,motive_3,motive_4,motive_5,motive_6,motive_7,motive_8
satisfaction,0.12639752485135541,-0.16959555803044532,-0.048724543861560804,0.03362964577482501,0.1607212758444258,-0.10416784974248855,-0.27740661666076183,0.2869486735826473
