,motive_1,motive_2,motive_3,motive_4,motive_5,motive_6,motive_7,motive_8
satisfaction,0.2287988665951263,-0.08069453123860235,-0.16479352608752937,-0.38482021006855727,-0.12684244507469078,-0.10966007250604473,0.26083011407231016,0.1592883400894914
