,motive_1,motive_2,motive_3,motive_4,motive_5,motive_6,motive_7,motive_8
motive_1,0.0,0.3973160632048348,0.3479811491617518,0.5067271745262475,0.5545833494949193,0.2830920763842477,0.3792131485191485,-0.06020882869891695
motive_2,0.3973160632048348,0.0,0.1307681755342101,0.5527834283480613,0.13104523600464651,0.2349530532930477,0.2836745145413297,0.27472730787040184
motive_3,0.3479811491617518,0.1307681755342101,0.0,0.3057113747747063,-0.0009419109241867452,0.3073091746954427,0.10130439402470207,0.036450798459777535
motive_4,0.5067271745262475,0.5527834283480613,0.3057113747747063,0.0,0.3375499230985104,0.4260145612306494,-0.044982426980969534,0.20466959195191825
motive_5,0.5545833494949193,0.13104523600464651,-0.0009419109241867452,0.3375499230985104,0.0,0.5449761657227891,0.22185389345222428,0.1762900899154261
motive_6,0.2830920763842477,0.2349530532930477,0.3073091746954427,0.4260145612306494,0.5449761657227891,0.0,-0.023141558038635324,0.05521349009869069
motive_7,0.3792131485191485,0.2836745145413297,0.10130439402470207,-0.044982426980969534,0.22185389345222428,-0.023141558038635324,0.0,0.019435237114513254
motive_8,-0.06020882869891695,0.27472730787040184,0.036450798459777535,0.20466959195191825,0.1762900899154261,0.05521349009869069,0.019435237114513254,0.0
