,motive_1,motive_2,motive_3,motive_4,motive_5,motive_6,motive_7,motive_8
motive_1,0.0,-0.04749293929906475,0.40987665848534816,0.5255028606295744,0.40108459198463425,-0.14342265711824476,0.13546873947428845,0.34382347760685295
motive_2,-0.04749293929906475,0.0,0.40787158781404775,0.1373120457714576,0.009656114842191671,0.28255724583069985,0.5122849554282913,-0.1620563647670552
motive_3,0.40987665848534816,0.40787158781404775,0.0,0.11068496835017866,-0.1759405579423553,-0.34941434592403653,0.026172075678244366,0.07400542320882594
motive_4,0.5255028606295744,0.1373120457714576,0.11068496835017866,0.0,0.38974716210983845,0.17195659357779222,0.22753501258338585,-0.09782756795278666
motive_5,0.40108459198463425,0.009656114842191671,-0.1759405579423553,0.38974716210983845,0.0,0.19955954711809573,0.12633556457281098,0.022624762412832386
motive_6,-0.14342265711824476,0.28255724583069985,-0.34941434592403653,0.17195659357779222,0.19955954711809573,0.0,0.03516529260468858,0.007553261449000481
motive_7,0.13546873947428845,0.5122849554282913,0.026172075678244366,0.22753501258338585,0.12633556457281098,0.03516529260468858,0.0,0.16558544572682707
motive_8,0.34382347760685295,-0.1620563647670552,0.07400542320882594,-0.09782756795278666,0.022624762412832386,0.007553261449000481,0.16558544572682707,0.0
