,motive_1,motive_2,motive_3,motive_4,motive_5,motive_6,motive_7,motive_8
satisfaction,-0.0437119398187199,0.27303170120347664,0.09889524015814352,0.254805276906206,0.05978336580423589,0.004184911816400599,0.32395698273884377,0.17522901427029236
