,motive_1,motive_2,motive_3,motive_4,motive_5,motive_6,motive_7,motive_8
motive_1,0.0,0.2528570743944816,0.1407931319365915,0.2115396708742647,0.5620931527131153,-0.006327478493301952,0.01225425920244666,-0.10874803273039292
motive_2,0.2528570743944816,0.0,-0.1486185560328787,0.2568800075050614,0.34949416564774755,0.12632829512740024,0.532054377427509,0.2759295618225285
motive_3,0.1407931319365915,-0.1486185560328787,0.0,-0.09980864599164702,0.05863821602427287,0.36340538064201017,0.25164050335300303,0.19646026378656758
motive_4,0.2115396708742647,0.2568800075050614,-0.09980864599164702,0.0,0.003601583242135553,0.24861480264033614,-0.00074292393839262,0.407065186282752
motive_5,0.5620931527131153,0.34949416564774755,0.05863821602427287,0.003601583242135553,0.0,0.05604934149084634,0.2827285102944201,0.3238115176948807
motive_6,-0.006327478493301952,0.12632829512740024,0.36340538064201017,0.24861480264033614,0.05604934149084634,0.0,0.23283341907481236,-0.12536916627627434
motive_7,0.01225425920244666,0.532054377427509,0.25164050335300303,-0.00074292393839262,0.2827285102944201,0.23283341907481236,0.0,0.5213054358135225
motive_8,-0.10874803273039292,0.2759295618225285,0.19646026378656758,0.407065186282752,0.3238115176948807,-0.12536916627627434,0.5213054358135225,0.0
