,motive_1,motive_2,motive_3,motive_4,motive_5,motive_6,motive_7,motive_8
motive_1,0.0,-0.014900701305083638,0.09193449136820925,0.023739360445474495,-0.06782914188509732,-0.003729162277821045,-0.046494269276773526,0.09857862743027479
motive_2,-0.014900701305083638,0.0,0.04690231649696541,0.04032588865048238,-0.07439134401141345,-0.07126261372789199,-0.08742759658504731,0.08327875084560618
motive_3,0.09193449136820925,0.04690231649696541,0.0,0.13783850147158583,0.03833592851339421,-0.03603675792347229,-0.055743572708589845,-0.0547806793781142
motive_4,0.023739360445474495,0.04032588865048238,0.13783850147158583,0.0,-0.008647528757752022,0.154664955461412,0.05191690585388561,0.05420394358957733
motive_5,-0.06782914188509732,-0.07439134401141345,0.03833592851339421,-0.008647528757752022,0.0,0.010085900350554457,-0.05580289570442262,-0.023870130840502483
motive_6,-0.003729162277821045,-0.07126261372789199,-0.03603675792347229,0.154664955461412,0.010085900350554457,0.0,-0.1437166642277119,-0.06980784819173662
motive_7,-0.046494269276773526,-0.08742759658504731,-0.055743572708589845,0.05191690585388561,-0.05580289570442262,-0.1437166642277119,0.0,0.15247773421794586
motive_8,0.09857862743027479,0.08327875084560618,-0.0547806793781142,0.05420394358957733,-0.023870130840502483,-0.06980784819173662,0.15247773421794586,0.0
