,motive_1,motive_2,motive_3,motive_4,motive_5,motive_6,motive_7,motive_8
motive_1,0.0,0.19499980557073932,0.5004137228814826,-0.20491530137963232,0.07885081065865937,-0.24675591585196122,0.1315780960247368,0.5863022851685655
motive_2,0.19499980557073932,0.0,0.45316473459951184,0.527480102620285,0.20029407645354205,0.28285006221598186,0.42126600398435676,0.20315293783141264
motive_3,0.5004137228814826,0.45316473459951184,0.0,-0.18438271110086613,0.19974051389031877,0.2552645715920605,-0.05955734264393031,0.10337488455554124
motive_4,-0.20491530137963232,0.527480102620285,-0.18438271110086613,0.0,0.3943574034617472,0.09097041943112892,-0.17319593232627312,0.2923616150265178
motive_5,0.07885081065865937,0.20029407645354205,0.19974051389031877,0.3943574034617472,0.0,0.38859107219829925,0.10166459294501895,0.6674248735510813
motive_6,-0.24675591585196122,0.28285006221598186,0.2552645715920605,0.09097041943112892,0.38859107219829925,0.0,0.20552008686959855,0.02669367717421542
motive_7,0.1315780960247368,0.42126600398435676,-0.05955734264393031,-0.17319593232627312,0.10166459294501895,0.20552008686959855,0.0,-0.21706367307755908
motive_8,0.5863022851685655,0.20315293783141264,0.10337488455554124,0.2923616150265178,0.6674248735510813,0.02669367717421542,-0.21706367307755908,0.0
