,motive_1,motive_2,motive_3,motive_4,motive_5,motive_6,motive_7,motive_8
satisfaction,-0.014849793877780182,0.4429596511411841,0.8210676917266868,0.42764408281151545,-0.32601883145251637,0.3232684585672575,0.46643835975556364,0.056119372576933446
