,motive_1,motive_2,motive_3,motive_4,motive_5,motive_6,motive_7,motive_8
motive_1,0.0,0.13820940018153705,0.3506176188671082,0.26918690410242035,0.36791382075006374,0.22527594756843616,0.011699933122217149,0.1714428878748967
motive_2,0.13820940018153705,0.0,-0.45929025217251795,0.10439617975068738,0.0032142607784615695,0.1839144367516537,0.410528881952986,0.08798128186115499
motive_3,0.3506176188671082,-0.45929025217251795,0.0,0.30851817177068896,0.3567610370471831,0.49222604860857855,0.39001112688301653,0.09091912446077835
motive_4,0.26918690410242035,0.10439617975068738,0.30851817177068896,0.0,0.050892358805960825,0.10080516648490322,0.6482000703152047,-0.17220618063232113
motive_5,0.36791382075006374,0.0032142607784615695,0.3567610370471831,0.050892358805960825,0.0,0.8494376831625121,0.09010373182882789,0.5647544033747477
motive_6,0.22527594756843616,0.1839144367516537,0.49222604860857855,0.10080516648490322,0.8494376831625121,0.0,0.5457557198722665,0.6241810831026885
motive_7,0.011699933122217149,0.410528881952986,0.39001112688301653,0.6482000703152047,0.09010373182882789,0.5457557198722665,0.0,0.5434240116357701
motive_8,0.1714428878748967,0.08798128186115499,0.09091912446077835,-0.17220618063232113,0.5647544033747477,0.6241810831026885,0.5434240116357701,0.0
