,motive_1,motive_2,motive_3,motive_4,motive_5,motive_6,motive_7,motive_8
motive_1,0.0,0.5101111968769755,0.22275238621086174,0.5257409435173964,0.2279572890824536,0.28242095922389454,0.5793123515271025,0.08426601823022209
motive_2,0.5101111968769755,0.0,0.7776376347485819,0.6704044777870002,0.38880379230612505,0.06319210649831744,0.2332330532057082,0.6625925153472723
motive_3,0.22275238621086174,0.7776376347485819,0.0,0.4054292493561136,0.273607265435912,0.05821550548885723,0.8000499946223348,0.3635524976846948
motive_4,0.5257409435173964,0.6704044777870002,0.4054292493561136,0.0,0.22021579564397192,0.3045770720301779,0.47683592245391054,0.820879938273106
motive_5,0.2279572890824536,0.38880379230612505,0.273607265435912,0.22021579564397192,0.0,0.30798498708329874,0.31283115175509635,0.7119440849821086
motive_6,0.28242095922389454,0.06319210649831744,0.05821550548885723,0.3045770720301779,0.30798498708329874,0.0,0.061145456069412685,0.08643235255470008
motive_7,0.5793123515271025,0.2332330532057082,0.8000499946223348,0.47683592245391054,0.31283115175509635,0.061145456069412685,0.0,0.29283955324359123
motive_8,0.08426601823022209,0.6625925153472723,0.3635524976846948,0.820879938273106,0.7119440849821086,0.08643235255470008,0.29283955324359123,0.0
