,motive_1,motive_2,motive_3,motive_4,motive_5,motive_6,motive_7,motive_8
motive_1,0.0,0.14442074061743657,0.040014367253098274,-0.00770019907880827,0.03004222383697038,0.039717288236702314,0.17995532912909662,-0.016479178164680995
motive_2,0.14442074061743657,0.0,0.16201200956743417,0.14351427588717272,0.08064735136166622,0.24824538069609037,-0.015287679977563584,0.06444159177738425
motive_3,0.040014367253098274,0.16201200956743417,0.0,0.1955859636564971,-0.010424938411366422,0.12530812508135256,0.045180055497943156,0.10301583708210302
motive_4,-0.00770019907880827,0.14351427588717272,0.1955859636564971,0.0,0.07431331317696277,0.060382176198221046,0.14362999738341958,0.23337108039430357
motive_5,0.03004222383697038,0.08064735136166622,-0.010424938411366422,0.07431331317696277,0.0,0.2200125868543435,0.22106629632725477,0.04246669509281799
motive_6,0.039717288236702314,0.24824538069609037,0.12530812508135256,0.060382176198221046,0.2200125868543435,0.0,0.014585634140162854,-0.047098058458882014
motive_7,0.17995532912909662,-0.015287679977563584,0.045180055497943156,0.14362999738341958,0.22106629632725477,0.014585634140162854,0.0,0.0860067740483523
motive_8,-0.016479178164680995,0.06444159177738425,0.10301583708210302,0.23337108039430357,0.04246669509281799,-0.047098058458882014,0.0860067740483523,0.0
