,motive_1,motive_2,motive_3,motive_4,motive_5,motive_6,motive_7,motive_8
motive_1,0.0,0.04160452783416693,0.04074492465709792,-0.0017342836477664478,0.09265290894106112,0.10922446600981893,0.05864701331520907,0.1082116506892903
motive_2,0.04160452783416693,0.0,0.17251375783688694,0.1759596965011458,0.11359824600157153,0.14245458322432314,-0.05711509398466072,0.07773873523227623
motive_3,0.04074492465709792,0.17251375783688694,0.0,0.11101236732381485,0.10213731269549597,0.021529177600504407,0.08243412340073125,0.06312653228413495
motive_4,-0.0017342836477664478,0.1759596965011458,0.11101236732381485,0.0,-0.005246332656148038,0.18429489043749314,0.10636519680420223,0.10966676856467483
motive_5,0.09265290894106112,0.11359824600157153,0.10213731269549597,-0.005246332656148038,0.0,0.09694492113848557,0.013338675930858676,0.06185259332395615
motive_6,0.10922446600981893,0.14245458322432314,0.021529177600504407,0.18429489043749314,0.09694492113848557,0.0,0.21022904495342826,0.12576241436523847
motive_7,0.05864701331520907,-0.05711509398466072,0.08243412340073125,0.10636519680420223,0.013338675930858676,0.21022904495342826,0.0,0.002044151687655999
motive_8,0.1082116506892903,0.07773873523227623,0.06312653228413495,0.10966676856467483,0.06185259332395615,0.12576241436523847,0.002044151687655999,0.0
