,motive_1,motive_2,motive_3,motive_4,motive_5,motive_6,motive_7,motive_8
satisfaction,0.32735921362526443,0.31257157155006343,0.09840825812843901,-0.029514978880068432,0.17468121632576694,0.44750317826776864,0.07379750961696425,-0.09716792851366249
