,motive_1,motive_2,motive_3,motive_4,motive_5,motive_6,motive_7,motive_8
motive_1,0.0,0.33178699736954886,0.26473393764979325,-0.019987431391574495,0.042048860017407375,0.1892727119724668,-0.17666438887897196,0.20379009610421833
motive_2,0.33178699736954886,0.0,0.06080320458583967,0.12693459811000024,0.29695790825484586,0.49610816082679066,0.28040599511649406,0.06346519876997808
motive_3,0.26473393764979325,0.06080320458583967,0.0,0.30172741154053123,-0.1393188878212946,0.1627948774843999,0.3792989222733075,0.1835908835380136
motive_4,-0.019987431391574495,0.12693459811000024,0.30172741154053123,0.0,-0.07173326047860852,-0.18178202277030953,0.10511402042291253,0.3242152534952313
motive_5,0.042048860017407375,0.29695790825484586,-0.1393188878212946,-0.07173326047860852,0.0,0.056828985609499755,0.2705675751351435,0.45935168874678733
motive_6,0.1892727119724668,0.49610816082679066,0.1627948774843999,-0.18178202277030953,0.056828985609499755,0.0,0.6895316089856305,0.18041271233443035
motive_7,-0.17666438887897196,0.28040599511649406,0.3792989222733075,0.10511402042291253,0.2705675751351435,0.6895316089856305,0.0,-0.3940344319436801
motive_8,0.20379009610421833,0.06346519876997808,0.1835908835380136,0.3242152534952313,0.45935168874678733,0.18041271233443035,-0.3940344319436801,0.0
