,motive_1,motive_2,motive_3,motive_4,motive_5,motive_6,motive_7,motive_8
satisfaction,0.09456967337348944,-0.2909661786375385,0.1090842293761267,0.18503040398174703,0.5947747680793771,-0.07675568049751519,0.5319661436368401,0.270458484480225
