,motive_1,motive_2,motive_3,motive_4,motive_5,motive_6,motive_7,motive_8
motive_1,0.0,0.13770266375044996,0.16864991620570263,0.1701469069298518,0.668704110964966,-0.1767183995790472,0.27933495357717,0.32601064730247037
motive_2,0.13770266375044996,0.0,0.37437949555435046,0.2558908706152993,0.34745747936647264,-0.012903301418210222,0.07896495169015308,0.11831818439130401
motive_3,0.16864991620570263,0.37437949555435046,0.0,-0.06972508573430096,0.38427322897847094,0.34001186738272227,0.5499567587113405,0.2759533445050755
motive_4,0.1701469069298518,0.2558908706152993,-0.06972508573430096,0.0,0.0718653294241979,0.08694297648341193,0.14063294560230297,-0.13235835352609585
motive_5,0.668704110964966,0.34745747936647264,0.38427322897847094,0.0718653294241979,0.0,0.10899530275797636,0.28077185677075306,-0.16153190111266802
motive_6,-0.1767183995790472,-0.012903301418210222,0.34001186738272227,0.08694297648341193,0.10899530275797636,0.0,0.40022122252343567,0.11780141882746901
motive_7,0.27933495357717,0.07896495169015308,0.5499567587113405,0.14063294560230297,0.28077185677075306,0.40022122252343567,0.0,0.3182402914032721
motive_8,0.32601064730247037,0.11831818439130401,0.2759533445050755,-0.13235835352609585,-0.16153190111266802,0.11780141882746901,0.3182402914032721,0.0
