,motive_1,motive_2,motive_3,motive_4,motive_5,motive_6,motive_7,motive_8
satisfaction,0.623282452122152,0.1140595203460433,0.2607908844658358,0.5816103781882158,0.3047822884790612,0.24408575406083324,0.49132556287509455,-0.04464435331574723
