,motive_1,motive_2,motive_3,motive_4,motive_5,motive_6,motive_7,motive_8
motive_1,0.0,0.2783292338072944,-0.08664542404953177,1.0070243558015441,-0.04564336887894355,-0.08702253922225418,0.31588799115323873,0.4187169295499862
motive_2,0.2783292338072944,0.0,-0.6857823540283102,-0.19265440357179675,0.11502963316372498,-0.4158514996820185,-0.12153441632365015,0.2828731896792933
motive_3,-0.08664542404953177,-0.6857823540283102,0.0,0.0807541617814993,0.3591385490184438,-0.03905705576228882,-0.45973663565613765,-0.06769294812104568
motive_4,1.0070243558015441,-0.19265440357179675,0.0807541617814993,0.0,0.5535808472844664,0.12698424421224802,0.2907689093640618,0.9783883893987582
motive_5,-0.04564336887894355,0.11502963316372498,0.3591385490184438,0.5535808472844664,0.0,0.04164291891580749,0.5472549793523485,0.31500064487362356
motive_6,-0.08702253922225418,-0.4158514996820185,-0.03905705576228882,0.12698424421224802,0.04164291891580749,0.0,0.7215025644796413,-0.3291731868887176
motive_7,0.31588799115323873,-0.12153441632365015,-0.45973663565613765,0.2907689093640618,0.5472549793523485,0.7215025644796413,0.0,0.5989395532940738
motive_8,0.4187169295499862,0.2828731896792933,-0.06769294812104568,0.9783883893987582,0.31500064487362356,-0.3291731868887176,0.5989395532940738,0.0
