,motive_1,motive_2,motive_3,motive_4,motive_5,motive_6,motive_7,motive_8
satisfaction,0.41071043590566764,0.2400990112774214,0.26136273016119915,-0.08419505531200205,0.012689968701412452,0.07049551123089806,0.18601320447263053,0.6990719837536259
