,motive_1,motive_2,motive_3,motive_4,motive_5,motive_6,motive_7,motive_8
satisfaction,-0.04253276519801946,0.08329210786154906,-0.18167904162847567,0.1491166647235544,0.13370205054898518,0.019564558331856413,0.04738724772922244,0.3630145923003859
