,motive_1,motive_2,motive_3,motive_4,motive_5,motive_6,motive_7,motive_8
motive_1,0.0,0.20435504323329046,0.07869129635454078,0.4474008951865085,0.5556232537975243,0.5833042201908178,0.34861946567899865,0.8152634343400775
motive_2,0.20435504323329046,0.0,0.749527791468826,0.5613349634320897,0.35063011856995596,0.010476040703635031,0.5114442745019147,0.346612021058304
motive_3,0.07869129635454078,0.749527791468826,0.0,0.8847450075510751,0.29183025885459707,0.06092944224284971,0.571501216515379,0.4120096908356776
motive_4,0.4474008951865085,0.5613349634320897,0.8847450075510751,0.0,0.02281935914396828,0.2740135203315912,0.613463201511546,0.11169986578359811
motive_5,0.5556232537975243,0.35063011856995596,0.29183025885459707,0.02281935914396828,0.0,0.5187869165263066,0.3967874596893454,0.6536418955239118
motive_6,0.5833042201908178,0.010476040703635031,0.06092944224284971,0.2740135203315912,0.5187869165263066,0.0,0.4348069679095353,-0.08387538864466766
motive_7,0.34861946567899865,0.5114442745019147,0.571501216515379,0.613463201511546,0.3967874596893454,0.4348069679095353,0.0,0.02846709386778634
motive_8,0.8152634343400775,0.346612021058304,0.4120096908356776,0.11169986578359811,0.6536418955239118,-0.08387538864466766,0.02846709386778634,0.0
