,motive_1,motive_2,motive_3,motive_4,motive_5,motive_6,motive_7,motive_8
motive_1,0.0,0.20348767197771614,0.5908452402811138,0.3035093209287564,0.7581293749633399,0.29454367964197414,0.581822704540714,0.6353372147590082
motive_2,0.20348767197771614,0.0,0.3698359278741382,0.43016042006085964,0.46202126037152025,0.18141056363867225,0.5222573279433671,0.2904672556906131
motive_3,0.5908452402811138,0.3698359278741382,0.0,0.7892712334982738,0.35499189112015805,0.029003355022478167,0.22170814592821983,0.14508315577744768
motive_4,0.3035093209287564,0.43016042006085964,0.7892712334982738,0.0,0.6000214483002869,0.6044055008917532,0.24857191471703993,0.4952901462490137
motive_5,0.7581293749633399,0.46202126037152025,0.35499189112015805,0.6000214483002869,0.0,0.3457014923337609,0.5323393734067872,0.5807825868183021
motive_6,0.29454367964197414,0.18141056363867225,0.029003355022478167,0.6044055008917532,0.3457014923337609,0.0,0.25622134139700425,0.4743078581150829
motive_7,0.581822704540714,0.5222573279433671,0.22170814592821983,0.24857191471703993,0.5323393734067872,0.25622134139700425,0.0,0.7432084582841925
motive_8,0.6353372147590082,0.2904672556906131,0.14508315577744768,0.4952901462490137,0.5807825868183021,0.4743078581150829,0.7432084582841925,0.0
