,motive_1,motive_2,motive_3,motive_4,motive_5,motive_6,motive_7,motive_8
motive_1,0.0,0.5869201789433754,0.1544997191611892,0.051296279970679086,0.09529270093912826,0.0805203519589125,0.028990745003785207,-0.03357147623373734
motive_2,0.5869201789433754,0.0,-0.12099888525902769,0.08521257855256541,0.23764215768894079,0.26961064328994444,0.45841075212936894,0.0470363324709759
motive_3,0.1544997191611892,-0.12099888525902769,0.0,-0.04506697792397592,0.2194470640431418,0.3596679385875037,0.21488714223426525,0.04824026963800393
motive_4,0.051296279970679086,0.08521257855256541,-0.04506697792397592,0.0,0.5150205985963261,0.13128580061188827,0.262665294014531,0.21990406982641725
motive_5,0.09529270093912826,0.23764215768894079,0.2194470640431418,0.5150205985963261,0.0,0.3524304173633039,0.020937453803328385,0.2902226216473318
motive_6,0.0805203519589125,0.26961064328994444,0.3596679385875037,0.13128580061188827,0.3524304173633039,0.0,-0.46339092759240563,0.6118285706423321
motive_7,0.028990745003785207,0.45841075212936894,0.21488714223426525,0.262665294014531,0.020937453803328385,-0.46339092759240563,0.0,0.1498108185737762
motive_8,-0.03357147623373734,0.0470363324709759,0.04824026963800393,0.21990406982641725,0.2902226216473318,0.6118285706423321,0.1498108185737762,0.0
