,motive_1,motive_2,motive_3,motive_4,motive_5,motive_6,motive_7,motive_8
motive_1,0.0,0.14306382217655017,-0.21938656234095563,0.49208690034257574,-0.23285004001827375,0.15244930427073672,-0.20864347235589928,-0.027233650484746144
motive_2,0.14306382217655017,0.0,0.5104885420222622,-0.7751397655713432,-0.7080318380364796,0.3591520481447429,-0.5229511683065821,-0.5321574323309658
motive_3,-0.21938656234095563,0.5104885420222622,0.0,0.2252411943096767,0.3169814591062565,0.013688607760482474,0.3817591874829901,0.8940717392398247
motive_4,0.49208690034257574,-0.7751397655713432,0.2252411943096767,0.0,-0.5841048033227062,-0.06717323764224914,-0.29202734324961244,0.7483333503280416
motive_5,-0.23285004001827375,-0.7080318380364796,0.3169814591062565,-0.5841048033227062,0.0,-0.228318106566132,-0.1369334410139535,0.19171557168068043
motive_6,0.15244930427073672,0.3591520481447429,0.013688607760482474,-0.06717323764224914,-0.228318106566132,0.0,0.00542181405558706,0.6036222561991342
motive_7,-0.20864347235589928,-0.5229511683065821,0.3817591874829901,-0.29202734324961244,-0.1369334410139535,0.00542181405558706,0.0,0.5155146138928011
motive_8,-0.027233650484746144,-0.5321574323309658,0.8940717392398247,0.7483333503280416,0.19171557168068043,0.6036222561991342,0.5155146138928011,0.0
