,motive_1,motive_2,motive_3,motive_4,motive_5,motive_6,motive_7,motive_8
motive_1,0.0,0.05745185464938072,0.06417410955825867,0.19886465121588692,0.21406102534589877,0.05754510400411417,-0.004720696686027752,0.05171092307663202
motive_2,0.05745185464938072,0.0,0.027935554213600486,0.1343057024366298,0.0758409561022182,0.07031545309380823,0.04812695810601026,0.14515776772896594
motive_3,0.06417410955825867,0.027935554213600486,0.0,0.1130899748395807,0.08135566892148402,0.016265621040270337,0.031108886172987783,0.025531539879551354
motive_4,0.19886465121588692,0.1343057024366298,0.1130899748395807,0.0,0.06146999480747265,0.1991418503968853,0.10847370971989521,0.08598163935552923
motive_5,0.21406102534589877,0.0758409561022182,0.08135566892148402,0.06146999480747265,0.0,0.04949606938797782,0.12545267458016873,0.1802953869857704
motive_6,0.05754510400411417,0.07031545309380823,0.016265621040270337,0.1991418503968853,0.04949606938797782,0.0,0.17804666519254367,0.09923703165124231
motive_7,-0.004720696686027752,0.04812695810601026,0.031108886172987783,0.10847370971989521,0.12545267458016873,0.17804666519254367,0.0,0.09812382230438553
motive_8,0.05171092307663202,0.14515776772896594,0.025531539879551354,0.08598163935552923,0.1802953869857704,0.09923703165124231,0.09812382230438553,0.0
