,motive_1,motive_2,motive_3,motive_4,motive_5,motive_6,motive_7,motive_8
motive_1,0.0,0.09857854895258869,0.003299785321820903,0.07615154474766694,0.06148870509442193,-0.01801883690587827,0.004696747325569156,0.06741886084785383
motive_2,0.09857854895258869,0.0,0.12736282791746084,0.07488248546060461,0.07274116961987029,0.14684431450624585,0.21255454472077584,0.0683624999810212
motive_3,0.003299785321820903,0.12736282791746084,0.0,0.1555551325295194,0.08251236187108096,0.09702549981582544,0.07339481630747494,0.10981565152614872
motive_4,0.07615154474766694,0.07488248546060461,0.1555551325295194,0.0,0.1196024630545871,0.14510081789899199,0.04198994325548075,0.08561841931973706
motive_5,0.06148870509442193,0.07274116961987029,0.08251236187108096,0.1196024630545871,0.0,0.12516228045803704,0.08058508895699898,-0.052419283965552316
motive_6,-0.01801883690587827,0.14684431450624585,0.09702549981582544,0.14510081789899199,0.12516228045803704,0.0,0.16524463430219155,0.2036808664702523
motive_7,0.004696747325569156,0.21255454472077584,0.07339481630747494,0.04198994325548075,0.08058508895699898,0.16524463430219155,0.0,0.16578052221691286
motive_8,0.06741886084785383,0.0683624999810212,0.10981565152614872,0.08561841931973706,-0.052419283965552316,0.2036808664702523,0.16578052221691286,0.0
