,motive_1,motive_2,motive_3,motive_4,motive_5,motive_6,motive_7,motive_8
motive_1,0.0,-0.1734854884589368,0.4000214206023063,1.011599406364498,0.0800292215578857,0.465696970555362,-0.10419576839226696,0.8919955294212538
motive_2,-0.1734854884589368,0.0,0.043098924047528964,0.3507249590050571,0.24071150537019292,0.15897513009348332,-0.23735095295358855,-0.4088795907633802
motive_3,0.4000214206023063,0.043098924047528964,0.0,-0.12601264957683606,-0.3600307403839689,0.5278067522319432,-0.38851367274195225,0.021879629457184996
motive_4,1.011599406364498,0.3507249590050571,-0.12601264957683606,0.0,0.5519988462133372,-0.005308389528397128,-0.08965766872364875,-0.21392858292148897
motive_5,0.0800292215578857,0.24071150537019292,-0.3600307403839689,0.5519988462133372,0.0,0.42564033243798466,-1.0989810258296653,0.8231607992336354
motive_6,0.465696970555362,0.15897513009348332,0.5278067522319432,-0.005308389528397128,0.42564033243798466,0.0,0.04280252862903866,0.23677578859197143
motive_7,-0.10419576839226696,-0.23735095295358855,-0.38851367274195225,-0.08965766872364875,-1.0989810258296653,0.04280252862903866,0.0,0.09717614416120196
motive_8,0.8919955294212538,-0.4088795907633802,0.021879629457184996,-0.21392858292148897,0.8231607992336354,0.23677578859197143,0.09717614416120196,0.0
