,motive_1,motive_2,motive_3,motive_4,motive_5,motive_6,motive_7,motive_8
motive_1,0.0,0.31842616875203456,0.5100425199399818,0.6920129003276632,0.26921523158774285,0.5335283044294495,0.5493421638694929,0.3594984592034694
motive_2,0.31842616875203456,0.0,0.7124414905282607,0.18128378972375644,0.15010431738478502,0.13253483506243124,0.6427902027053082,0.059405163099422884
motive_3,0.5100425199399818,0.7124414905282607,0.0,0.2537645840499276,0.48509504737069975,0.3463647203919646,0.047956946179486676,0.45210198784908145
motive_4,0.6920129003276632,0.18128378972375644,0.2537645840499276,0.0,0.0399823115810414,0.7517282634997788,0.5063759515179794,0.2722501522894872
motive_5,0.26921523158774285,0.15010431738478502,0.48509504737069975,0.0399823115810414,0.0,0.0858885571639662,0.5942498844967944,0.4739363275624548
motive_6,0.5335283044294495,0.13253483506243124,0.3463647203919646,0.7517282634997788,0.0858885571639662,0.0,0.563952408350944,0.4499754545376223
motive_7,0.5493421638694929,0.6427902027053082,0.047956946179486676,0.5063759515179794,0.5942498844967944,0.563952408350944,0.0,0.536535367985944
motive_8,0.3594984592034694,0.059405163099422884,0.45210198784908145,0.2722501522894872,0.4739363275624548,0.4499754545376223,0.536535367985944,0.0
