,motive_1,motive_2,motive_3,motive_4,motive_5,motive_6,motive_7,motive_8
motive_1,0.0,0.5971396711054514,0.7591920449551343,0.12644480582907686,0.4748551669488031,0.2389352401002814,0.5040599863873628,0.3635309035059361
motive_2,0.5971396711054514,0.0,0.3895207413897936,0.6247801227848331,0.24310282401893482,0.26839744279956795,0.36297895231184485,0.12613258562998717
motive_3,0.7591920449551343,0.3895207413897936,0.0,0.5146532019276264,0.46420986056353636,0.781824092262457,0.1535808946022,0.7928737536007879
motive_4,0.12644480582907686,0.6247801227848331,0.5146532019276264,0.0,0.18784192328092086,0.6200260732959155,0.3947145198812671,0.34387572128478017
motive_5,0.4748551669488031,0.24310282401893482,0.46420986056353636,0.18784192328092086,0.0,0.25312979654210577,0.23893947399340268,0.5472057510354134
motive_6,0.2389352401002814,0.26839744279956795,0.781824092262457,0.6200260732959155,0.25312979654210577,0.0,0.12471149879904225,0.3738566878218335
motive_7,0.5040599863873628,0.36297895231184485,0.1535808946022,0.3947145198812671,0.23893947399340268,0.12471149879904225,0.0,0.40594975925060045
motive_8,0.3635309035059361,0.12613258562998717,0.7928737536007879,0.34387572128478017,0.5472057510354134,0.3738566878218335,0.40594975925060045,0.0
