,motive_1,motive_2,motive_3,motive_4,motive_5,motive_6,motive_7,motive_8
satisfaction,-0.06965886273883992,-0.15093234388137122,-0.09555777589678988,0.02677964138069902,-0.12999281499942444,0.14975929831514606,-0.04162214086833066,-0.38873662682045035
