,motive_1,motive_2,motive_3,motive_4,motive_5,motive_6,motive_7,motive_8
motive_1,0.0,0.3530241534100943,0.0947110008060045,0.06910382892478403,0.05577871254450338,0.25745572072015166,0.23101475193741394,0.1499956896287741
motive_2,0.3530241534100943,0.0,0.05368184361790068,0.11069478740189143,0.3122511201343763,0.13851557698056416,0.15748924364809092,0.2517692309988983
motive_3,0.0947110008060045,0.05368184361790068,0.0,0.1674644833771338,0.20320864220639545,0.01625607236554022,0.18254268447306427,0.24471629700301162
motive_4,0.06910382892478403,0.11069478740189143,0.1674644833771338,0.0,0.034925641618725495,-0.01630027164561275,0.28363509628217143,-0.07811523990798548
motive_5,0.05577871254450338,0.3122511201343763,0.20320864220639545,0.034925641618725495,0.0,0.07490778717780312,-0.122385789890801,0.21691944924369727
motive_6,0.25745572072015166,0.13851557698056416,0.01625607236554022,-0.01630027164561275,0.07490778717780312,0.0,-0.005266387451663385,0.260671292138285
motive_7,0.23101475193741394,0.15748924364809092,0.18254268447306427,0.28363509628217143,-0.122385789890801,-0.005266387451663385,0.0,-0.21741994185847963
motive_8,0.1499956896287741,0.2517692309988983,0.24471629700301162,-0.07811523990798548,0.21691944924369727,0.260671292138285,-0.21741994185847963,0.0
