,motive_1,motive_2,motive_3,motive_4,motive_5,motive_6,motive_7,motive_8
satisfaction,0.1206136255874472,0.13905937729904094,-0.0530404667733034,0.34549121560587415,-0.07757172905644752,-0.09256982843871875,-0.04790872080865799,0.14575498998231393
