,motive_1,motive_2,motive_3,motive_4,motive_5,motive_6,motive_7,motive_8
satisfaction,0.10947052753335733,0.29021875648351375,0.2743592422396194,0.15330347747172576,-0.021524723842903742,-0.19319543133154593,-0.10597505762302178,0.26192892638478665
