,motive_1,motive_2,motive_3,motive_4,motive_5,motive_6,motive_7,motive_8
satisfaction,-0.4386260233487674,-0.23109398005500376,0.4054766215037232,0.6893567831862895,0.16644099738078527,0.2539483036117183,0.2517651279529842,-0.06673982823952795
