,motive_1,motive_2,motive_3,motive_4,motive_5,motive_6,motive_7,motive_8
motive_1,0.0,0.197091454388713,-0.10106778564820475,-0.13906043853257072,0.09306202080956422,0.06433164285911638,-0.016319640672469164,0.0364636094957585
motive_2,0.197091454388713,0.0,-0.08498672561342074,0.11508222021253159,-0.07038890571047801,0.1267470892549772,-0.02880711414688935,-0.04839442430477403
motive_3,-0.10106778564820475,-0.08498672561342074,0.0,-0.011419801291290626,0.01867719761218222,-0.010857478442842235,0.0020003247753833595,0.1390664733799694
motive_4,-0.13906043853257072,0.11508222021253159,-0.011419801291290626,0.0,-0.13482521362967131,0.03951972357128831,-0.042442290783972325,0.10214332682946832
motive_5,0.09306202080956422,-0.07038890571047801,0.01867719761218222,-0.13482521362967131,0.0,0.03185622510712179,0.005595357880041032,0.03335531924906718
motive_6,0.06433164285911638,0.1267470892549772,-0.010857478442842235,0.03951972357128831,0.03185622510712179,0.0,0.13644797234463707,0.03855496433794889
motive_7,-0.016319640672469164,-0.02880711414688935,0.0020003247753833595,-0.042442290783972325,0.005595357880041032,0.13644797234463707,0.0,-0.10759042986147321
motive_8,0.0364636094957585,-0.04839442430477403,0.1390664733799694,0.10214332682946832,0.03335531924906718,0.03855496433794889,-0.10759042986147321,0.0
