,motive_1,motive_2,motive_3,motive_4,motive_5,motive_6,motive_7,motive_8
satisfaction,0.4006796750199485,-0.15787288286121015,0.44938404244694996,0.3836488178509586,0.4909078954092189,0.44022840614624204,-0.3182021702448367,0.25022458051054836
