,motive_1,motive_2,motive_3,motive_4,motive_5,motive_6,motive_7,motive_8
motive_1,0.0,0.5830375521160243,0.4719213826563633,0.18440006613749263,0.40449125938633196,0.4270293903608152,0.16011826399413331,0.4354449108401751
motive_2,0.5830375521160243,0.0,0.7090021769135388,0.23973136563841385,0.3308851175923121,0.34667487440638123,0.3972986163291608,0.5239892690543189
motive_3,0.4719213826563633,0.7090021769135388,0.0,0.38636384731198403,0.09728628146711477,0.35876966091423823,0.2158056129918516,0.07936050527310665
motive_4,0.18440006613749263,0.23973136563841385,0.38636384731198403,0.0,0.6048609472843649,0.20066083143723973,0.23697243544276148,0.43288022143199123
motive_5,0.40449125938633196,0.3308851175923121,0.09728628146711477,0.6048609472843649,0.0,0.36895069059885616,0.6646174104760669,0.31918624600687767
motive_6,0.4270293903608152,0.34667487440638123,0.35876966091423823,0.20066083143723973,0.36895069059885616,0.0,0.24912642176227354,0.699695429827105
motive_7,0.16011826399413331,0.3972986163291608,0.2158056129918516,0.23697243544276148,0.6646174104760669,0.24912642176227354,0.0,0.3410099707498674
motive_8,0.4354449108401751,0.5239892690543189,0.07936050527310665,0.43288022143199123,0.31918624600687767,0.699695429827105,0.3410099707498674,0.0
