,motive_1,motive_2,motive_3,motive_4,motive_5,motive_6,motive_7,motive_8
motive_1,0.0,0.018119827339356895,0.0880053371069458,-0.010521908435628509,-0.10855079802610343,0.23189058377183613,0.06115984000435916,0.040825623388901555
motive_2,0.018119827339356895,0.0,-0.14540909823967252,0.020357337266806243,-0.07750003809202377,-0.0535447771960975,0.023966998595868372,0.1544878843763785
motive_3,0.0880053371069458,-0.14540909823967252,0.0,-0.03868914195155659,0.1419479418701128,0.01920602649516477,0.08035558333166808,0.052271193241750356
motive_4,-0.010521908435628509,0.020357337266806243,-0.03868914195155659,0.0,0.09815701902528477,-0.08952377611063314,-0.014216118868592333,0.014521034533005867
motive_5,-0.10855079802610343,-0.07750003809202377,0.1419479418701128,0.09815701902528477,0.0,0.020831976522575374,-0.014039992390931707,-0.021831605512114754
motive_6,0.23189058377183613,-0.0535447771960975,0.01920602649516477,-0.08952377611063314,0.020831976522575374,0.0,0.0034044386725060882,-0.07432722421497759
motive_7,0.06115984000435916,0.023966998595868372,0.08035558333166808,-0.014216118868592333,-0.014039992390931707,0.0034044386725060882,0.0,0.018843565982975242
motive_8,0.040825623388901555,0.1544878843763785,0.052271193241750356,0.014521034533005867,-0.021831605512114754,-0.07432722421497759,0.018843565982975242,0.0
