,motive_1,motive_2,motive_3,motive_4,motive_5,motive_6,motive_7,motive_8
motive_1,0.0,0.4373502904585489,0.49972206566762556,0.01250093550227395,0.21322712345392342,0.43602359278562086,0.7204766893216374,0.451319334416211
motive_2,0.4373502904585489,0.0,0.07422093837681235,0.14259191391474835,0.1761973705112566,0.3699471492096579,0.26006370735763373,0.6595502012008773
motive_3,0.49972206566762556,0.07422093837681235,0.0,0.46499301364239826,0.36588552464387186,0.19680441299863047,0.7242395905603265,0.4618666735903656
motive_4,0.01250093550227395,0.14259191391474835,0.46499301364239826,0.0,0.060417662587164134,0.42970228993652076,-0.1143708221154841,0.3697014290285449
motive_5,0.21322712345392342,0.1761973705112566,0.36588552464387186,0.060417662587164134,0.0,0.3715498276969427,0.6362712008151655,0.2773355542105958
motive_6,0.43602359278562086,0.3699471492096579,0.19680441299863047,0.42970228993652076,0.3715498276969427,0.0,-0.01899740413067008,0.20720611205709097
motive_7,0.7204766893216374,0.26006370735763373,0.7242395905603265,-0.1143708221154841,0.6362712008151655,-0.01899740413067008,0.0,0.8180637975984646
motive_8,0.451319334416211,0.6595502012008773,0.4618666735903656,0.3697014290285449,0.2773355542105958,0.20720611205709097,0.8180637975984646,0.0
