,motive_1,motive_2,motive_3,motive_4,motive_5,motive_6,motive_7,motive_8
satisfaction,-0.010813053641910542,0.030161675958065723,0.008543236342654609,-0.20606243148758438,0.3209180053728985,0.10081777169214685,0.09268864390145024,-0.04619160173155171
