,motive_1,motive_2,motive_3,motive_4,motive_5,motive_6,motive_7,motive_8
motive_1,0.0,1.0417555603381647,0.06734692513285143,0.6751957084914936,0.5276710793160075,0.6409307340239598,0.5525997235138251,0.417358016885209
motive_2,1.0417555603381647,0.0,0.018820677339387498,0.4548161860521561,0.2108698022900524,0.221472154269573,0.5609604736894873,0.4128679160606944
motive_3,0.06734692513285143,0.018820677339387498,0.0,0.5075547086022728,0.7706502457947704,0.44801423144094105,0.3694965592436012,0.9412802430011715
motive_4,0.6751957084914936,0.4548161860521561,0.5075547086022728,0.0,0.43188920915897244,0.7020835933055642,0.5252955647404989,0.05536737312639961
motive_5,0.5276710793160075,0.2108698022900524,0.7706502457947704,0.43188920915897244,0.0,0.6389198405339139,0.6811453587946403,0.25707479847565684
motive_6,0.6409307340239598,0.221472154269573,0.44801423144094105,0.7020835933055642,0.6389198405339139,0.0,0.47116374300901775,0.274120702319483
motive_7,0.5525997235138251,0.5609604736894873,0.3694965592436012,0.5252955647404989,0.6811453587946403,0.47116374300901775,0.0,0.3453814728534941
motive_8,0.417358016885209,0.4128679160606944,0.9412802430011715,0.05536737312639961,0.25707479847565684,0.274120702319483,0.3453814728534941,0.0
