,motive_1,motive_2,motive_3,motive_4,motive_5,motive_6,motive_7,motive_8
motive_1,0.0,0.05029487774282043,-0.14643755546762333,-0.004541554521828042,-0.15550918508362901,0.3009579902823857,0.32169410098293333,0.050468733463582834
motive_2,0.05029487774282043,0.0,-0.022247941082182338,0.0913533484917573,-0.5204587098664053,-0.003953939687134311,0.6125379145165932,0.945214849185835
motive_3,-0.14643755546762333,-0.022247941082182338,0.0,-0.01669399792796744,0.24285490646830488,0.19378165649640755,0.43975363017358604,0.6734101870943224
motive_4,-0.004541554521828042,0.0913533484917573,-0.01669399792796744,0.0,-0.22208361897742152,0.8256328051946515,1.200774122070838,-0.49611517632144375
motive_5,-0.15550918508362901,-0.5204587098664053,0.24285490646830488,-0.22208361897742152,0.0,-0.650697987851921,-0.2859360287508689,0.10361015391432604
motive_6,0.3009579902823857,-0.003953939687134311,0.19378165649640755,0.8256328051946515,-0.650697987851921,0.0,0.7418290055565535,0.12208541756503644
motive_7,0.32169410098293333,0.6125379145165932,0.43975363017358604,1.200774122070838,-0.2859360287508689,0.7418290055565535,0.0,-0.19176622827174117
motive_8,0.050468733463582834,0.945214849185835,0.6734101870943224,-0.49611517632144375,0.10361015391432604,0.12208541756503644,-0.19176622827174117,0.0
