,motive_1,motive_2,motive_3,motive_4,motive_5,motive_6,motive_7,motive_8
motive_1,0.0,0.11876400329044254,0.021975240731669163,0.2348370766198455,0.06043137717237339,0.3546103242338621,0.23828470815719976,0.22418195557026194
motive_2,0.11876400329044254,0.0,0.33905062070770386,0.1470513246069337,-0.11985288632089322,0.03032881189260174,0.09344557399266551,0.27980944071177505
motive_3,0.021975240731669163,0.33905062070770386,0.0,0.6507380505280493,0.37286528223787074,0.2632087769171389,-0.23715201612407008,0.21751521238589738
motive_4,0.2348370766198455,0.1470513246069337,0.6507380505280493,0.0,0.42720205136246364,0.2865430186959207,0.06148399580167105,0.06353403654985033
motive_5,0.06043137717237339,-0.11985288632089322,0.37286528223787074,0.42720205136246364,0.0,0.1288482132653308,0.22293905020368035,0.5657406603466733
motive_6,0.3546103242338621,0.03032881189260174,0.2632087769171389,0.2865430186959207,0.1288482132653308,0.0,-0.07943654160604488,0.7739300573780913
motive_7,0.23828470815719976,0.09344557399266551,-0.23715201612407008,0.06148399580167105,0.22293905020368035,-0.07943654160604488,0.0,0.6327777336776577
motive_8,0.22418195557026194,0.27980944071177505,0.21751521238589738,0.06353403654985033,0.5657406603466733,0.7739300573780913,0.6327777336776577,0.0
