,motive_1,motive_2,motive_3,motive_4,motive_5,motive_6,motive_7,motive_8
satisfaction,0.6134563992176961,0.13080746108205682,-0.3302177717650541,0.5278218217652925,0.3506639996655623,0.6417314984727877,0.10364756450457811,0.2070077060386472
