,motive_1,motive_2,motive_3,motive_4,motive_5,motive_6,motive_7,motive_8
satisfaction,0.22870184800637375,-0.22460375149199194,-0.17714550496201956,0.41742696684126745,0.19193532808940936,0.1335940536646668,0.184899266866552,-0.2016251110503636
