,motive_1,motive_2,motive_3,motive_4,motive_5,motive_6,motive_7,motive_8
motive_1,0.0,0.10566853580289101,0.1454374337426378,0.0727927769141959,0.08811453341966863,0.07104275733457678,0.09932256581142866,0.021316480173560685
motive_2,0.10566853580289101,0.0,0.14344072689889323,0.05440476498445058,0.17442161687254087,0.05433454789241918,0.15636251268400803,-0.015895550662536485
motive_3,0.1454374337426378,0.14344072689889323,0.0,0.08485781956944552,0.050136487563062646,0.20440022097826865,0.0876902989282875,0.22551234597493525
motive_4,0.0727927769141959,0.05440476498445058,0.08485781956944552,0.0,0.07061328864153987,-0.02220683635733104,0.0720361216254487,0.11917399485121871
motive_5,0.08811453341966863,0.17442161687254087,0.050136487563062646,0.07061328864153987,0.0,0.13295031442266514,0.11683844643229895,0.09309619993566727
motive_6,0.07104275733457678,0.05433454789241918,0.20440022097826865,-0.02220683635733104,0.13295031442266514,0.0,0.15711090401564037,0.10103803199769971
motive_7,0.09932256581142866,0.15636251268400803,0.0876902989282875,0.0720361216254487,0.11683844643229895,0.15711090401564037,0.0,0.10989802954984154
motive_8,0.021316480173560685,-0.015895550662536485,0.22551234597493525,0.11917399485121871,0.09309619993566727,0.10103803199769971,0.10989802954984154,0.0
