,motive_1,motive_2,motive_3,motive_4,motive_5,motive_6,motive_7,motive_8
satisfaction,0.3895623627903382,0.2056546465294275,-0.03698307759605074,-0.3089066282401647,0.4856375103812661,0.15185373192665058,0.1277202962099138,-0.4688219502965927
