,motive_1,motive_2,motive_3,motive_4,motive_5,motive_6,motive_7,motive_8
motive_1,0.0,0.09668361135483107,0.2246198032554049,0.05310063421412342,0.11297737495553917,0.039444207719513916,0.23181968867814717,0.21117614679317687
motive_2,0.09668361135483107,0.0,0.021461376558706963,0.08248528108417794,0.1400652464937056,0.18021063341997354,0.1340886842563893,0.1022070893997282
motive_3,0.2246198032554049,0.021461376558706963,0.0,0.04399350849018291,0.11529245611291625,-0.08100191552704296,0.12325343691682242,0.15396313550606666
motive_4,0.05310063421412342,0.08248528108417794,0.04399350849018291,0.0,0.016666246193144853,0.13440140234496997,0.11370148636633472,0.12943666643493695
motive_5,0.11297737495553917,0.1400652464937056,0.11529245611291625,0.016666246193144853,0.0,0.18611613328340312,0.0163162626223589,0.11944049061344816
motive_6,0.039444207719513916,0.18021063341997354,-0.08100191552704296,0.13440140234496997,0.18611613328340312,0.0,0.18934083035205285,0.21405738969898716
motive_7,0.23181968867814717,0.1340886842563893,0.12325343691682242,0.11370148636633472,0.0163162626223589,0.18934083035205285,0.0,0.09681508809125564
motive_8,0.21117614679317687,0.1022070893997282,0.15396313550606666,0.12943666643493695,0.11944049061344816,0.21405738969898716,0.09681508809125564,0.0
