,motive_1,motive_2,motive_3,motive_4,motive_5,motive_6,motive_7,motive_8
motive_1,0.0,0.3572322513850294,0.24919885454168783,0.4610402271690437,0.3962625356458451,0.45133304653864065,0.7580524838410791,0.37656892841213396
motive_2,0.3572322513850294,0.0,0.45387369214371337,0.8114259292054549,0.5860461785623852,0.43398153261139455,0.3808849890956331,0.3518817600400571
motive_3,0.24919885454168783,0.45387369214371337,0.0,0.44213864915529677,0.06376365849703775,0.5358808283760763,0.256007298953436,0.28357009897756713
motive_4,0.4610402271690437,0.8114259292054549,0.44213864915529677,0.0,-0.15073376929895946,0.6557206490607399,0.3440985532132156,0.40920915497098653
motive_5,0.3962625356458451,0.5860461785623852,0.06376365849703775,-0.15073376929895946,0.0,0.21025787420333555,0.17741941668339423,0.5487323531533466
motive_6,0.45133304653864065,0.43398153261139455,0.5358808283760763,0.6557206490607399,0.21025787420333555,0.0,0.4814477410254537,0.5543967954535483
motive_7,0.7580524838410791,0.3808849890956331,0.256007298953436,0.3440985532132156,0.17741941668339423,0.4814477410254537,0.0,0.2325273813679279
motive_8,0.37656892841213396,0.3518817600400571,0.28357009897756713,0.40920915497098653,0.5487323531533466,0.5543967954535483,0.2325273813679279,0.0
