,motive_1,motive_2,motive_3,motive_4,motive_5,motive_6,motive_7,motive_8
motive_1,0.0,0.2184147503275098,0.11469742001456698,0.09627810240484622,0.018523348340472395,0.21491433735987642,0.1282796424760831,0.09943461512537283
motive_2,0.2184147503275098,0.0,0.22380761993526038,0.07126953847693765,0.13036086862154794,0.13590553782757592,0.053880413368576685,0.0766845764462013
motive_3,0.11469742001456698,0.22380761993526038,0.0,0.21875723315044224,0.12346250216206492,0.15162190875935655,0.050114757573408594,0.10323545453056797
motive_4,0.09627810240484622,0.07126953847693765,0.21875723315044224,0.0,0.08985183592720858,0.17449045580702321,0.12435341910919556,0.07289857643967675
motive_5,0.018523348340472395,0.13036086862154794,0.12346250216206492,0.08985183592720858,0.0,0.05194280768860049,0.05794934828087017,0.13299979887466168
motive_6,0.21491433735987642,0.13590553782757592,0.15162190875935655,0.17449045580702321,0.05194280768860049,0.0,0.18074241094981705,0.019217076578595338
motive_7,0.1282796424760831,0.053880413368576685,0.050114757573408594,0.12435341910919556,0.05794934828087017,0.18074241094981705,0.0,0.20871204178374458
motive_8,0.09943461512537283,0.0766845764462013,0.10323545453056797,0.07289857643967675,0.13299979887466168,0.019217076578595338,0.20871204178374458,0.0
