,motive_1,motive_2,motive_3,motive_4,motive_5,motive_6,motive_7,motive_8
satisfaction,-0.007061116833761677,0.5462690141189878,0.32704350831782225,0.19568341552963586,0.22042237851574564,0.24018634096316707,0.42675365789521474,0.0147841392186647
