,motive_1,motive_2,motive_3,motive_4,motive_5,motive_6,motive_7,motive_8
motive_1,0.0,0.5262270168823823,0.8745255265756554,-0.10291033811101107,0.8264968396329005,-0.22445808481951882,-0.308209857074421,0.260600017407815
motive_2,0.5262270168823823,0.0,0.2855605529778692,0.3019546175947827,0.6127893469551553,-0.11075212702860032,0.2254566134498202,-0.14762825242733638
motive_3,0.8745255265756554,0.2855605529778692,0.0,0.4385207030064553,0.4547263221313724,0.00023212906829717106,0.154371692676612,0.02948513426816949
motive_4,-0.10291033811101107,0.3019546175947827,0.4385207030064553,0.0,0.08941834542479907,0.27401128090951943,-0.15702599371192766,0.014594064331204498
motive_5,0.8264968396329005,0.6127893469551553,0.4547263221313724,0.08941834542479907,0.0,0.14889705622161245,0.01327349020018384,0.08963222161641407
motive_6,-0.22445808481951882,-0.11075212702860032,0.00023212906829717106,0.27401128090951943,0.14889705622161245,0.0,0.11009901220203684,0.3399989517362819
motive_7,-0.308209857074421,0.2254566134498202,0.154371692676612,-0.15702599371192766,0.01327349020018384,0.11009901220203684,0.0,0.19635534894702095
motive_8,0.260600017407815,-0.14762825242733638,0.02948513426816949,0.014594064331204498,0.08963222161641407,0.3399989517362819,0.19635534894702095,0.0
