,motive_1,motive_2,motive_3,motive_4,motive_5,motive_6,motive_7,motive_8
motive_1,0.0,0.12212729751015462,0.10056523408219162,0.11176565218734379,0.0605502432293967,0.019920984847597106,0.09792996015096278,0.10336232191491149
motive_2,0.12212729751015462,0.0,0.030827582240886678,0.11239956528123168,0.2034398353094604,0.14606752699764214,-0.03632051291039564,0.25836146487789935
motive_3,0.10056523408219162,0.030827582240886678,0.0,0.16934278161117355,0.10699956989909892,0.1038759641628527,0.12353101225176163,0.1506390630542091
motive_4,0.11176565218734379,0.11239956528123168,0.16934278161117355,0.0,0.21385275054846098,0.16916432743217383,0.0288678560258739,-0.030127728610553933
motive_5,0.0605502432293967,0.2034398353094604,0.10699956989909892,0.21385275054846098,0.0,0.08129630107965355,0.16391136481844176,0.20666563001455715
motive_6,0.019920984847597106,0.14606752699764214,0.1038759641628527,0.16916432743217383,0.08129630107965355,0.0,0.11129550416849956,0.044559527774173296
motive_7,0.09792996015096278,-0.03632051291039564,0.12353101225176163,0.0288678560258739,0.16391136481844176,0.11129550416849956,0.0,0.0851874216700709
motive_8,0.10336232191491149,0.25836146487789935,0.1506390630542091,-0.030127728610553933,0.20666563001455715,0.044559527774173296,0.0851874216700709,0.0
