,motive_1,motive_2,motive_3,motive_4,motive_5,motive_6,motive_7,motive_8
satisfaction,0.17807817518221172,-0.1898109451934127,0.4403708150155272,-0.1370116590595037,0.18377832467393423,0.18259308393497034,0.3764692270832297,0.06399141622412105
