,motive_1,motive_2,motive_3,motive_4,motive_5,motive_6,motive_7,motive_8
motive_1,0.0,-0.16067755324212746,-0.12176182933900287,-0.023589675431483333,0.014968629011181421,-0.09409339179822146,-0.013745988998404308,0.04623120586840136
motive_2,-0.16067755324212746,0.0,-0.024653550543626786,-0.003184339435150549,-0.045964901686542756,-0.04842826966614018,0.016326890835673895,0.00805771551846144
motive_3,-0.12176182933900287,-0.024653550543626786,0.0,-0.15631271877593425,0.03978838353268695,-0.09688179061012694,0.028467237332138372,-0.04581791939220371
motive_4,-0.023589675431483333,-0.003184339435150549,-0.15631271877593425,0.0,0.05057053836908104,-0.02346782666932007,-0.031022044239467594,-0.15314927809448067
motive_5,0.014968629011181421,-0.045964901686542756,0.03978838353268695,0.05057053836908104,0.0,-0.03281759861730403,0.038666031568640916,0.050510946327087275
motive_6,-0.09409339179822146,-0.04842826966614018,-0.09688179061012694,-0.02346782666932007,-0.03281759861730403,0.0,-0.024878580607315143,0.07047529300170052
motive_7,-0.013745988998404308,0.016326890835673895,0.028467237332138372,-0.031022044239467594,0.038666031568640916,-0.024878580607315143,0.0,-0.03381632039295622
motive_8,0.04623120586840136,0.00805771551846144,-0.04581791939220371,-0.15314927809448067,0.050510946327087275,0.07047529300170052,-0.03381632039295622,0.0
