,motive_1,motive_2,motive_3,motive_4,motive_5,motive_6,motive_7,motive_8
satisfaction,0.15560484582136952,0.06285285399218934,-0.17332497118928872,0.1388277303475032,-0.23099959856875676,0.13469531439650312,-0.012980844049580526,0.5940822924658945
