,motive_1,motive_2,motive_3,motive_4,motive_5,motive_6,motive_7,motive_8
motive_1,0.0,-0.06096090022728798,0.04249309045552447,0.09619764678150643,0.10304906782618269,0.058592632306484274,0.21615290202648635,-0.015310846814687355
motive_2,-0.06096090022728798,0.0,0.014689309972258646,0.09138995371549515,0.016705695376660938,0.06380513692205889,0.18291436423538765,0.08871339015354622
motive_3,0.04249309045552447,0.014689309972258646,0.0,0.0748417928715859,0.07969034763724044,0.17654886407697887,0.08904815816168526,0.10153135537171132
motive_4,0.09619764678150643,0.09138995371549515,0.0748417928715859,0.0,0.2514810430099115,0.166906705576696,-0.004430828659485707,0.12987581303394294
motive_5,0.10304906782618269,0.016705695376660938,0.07969034763724044,0.2514810430099115,0.0,0.09270349221262389,0.1199461223328041,0.055829911440418795
motive_6,0.058592632306484274,0.06380513692205889,0.17654886407697887,0.166906705576696,0.09270349221262389,0.0,0.1657836362568586,0.13481748696713755
motive_7,0.21615290202648635,0.18291436423538765,0.08904815816168526,-0.004430828659485707,0.1199461223328041,0.1657836362568586,0.0,0.04222786295962959
motive_8,-0.015310846814687355,0.08871339015354622,0.10153135537171132,0.12987581303394294,0.055829911440418795,0.13481748696713755,0.04222786295962959,0.0
