,motive_1,motive_2,motive_3,motive_4,motive_5,motive_6,motive_7,motive_8
motive_1,0.0,0.16247332386968913,0.5090609132608702,0.30044252998253074,-0.018465202245182027,0.05339046777713964,0.06935256546127175,0.351638754547541
motive_2,0.16247332386968913,0.0,0.17813195884025068,0.24963521049924695,0.3944945370326921,0.16586071907116576,0.31474868321379557,0.2710014029971221
motive_3,0.5090609132608702,0.17813195884025068,0.0,0.3135267218075639,0.17240885021986566,0.02259954218243307,0.22211543083326363,0.13880349537864498
motive_4,0.30044252998253074,0.24963521049924695,0.3135267218075639,0.0,0.13839925655712146,0.5786411278861248,0.0009118172102156735,0.39102403017912374
motive_5,-0.018465202245182027,0.3944945370326921,0.17240885021986566,0.13839925655712146,0.0,-0.16036424774791483,0.10355854083061065,-0.26222238488482763
motive_6,0.05339046777713964,0.16586071907116576,0.02259954218243307,0.5786411278861248,-0.16036424774791483,0.0,0.18479786061245404,0.06562523879659578
motive_7,0.06935256546127175,0.31474868321379557,0.22211543083326363,0.0009118172102156735,0.10355854083061065,0.18479786061245404,0.0,0.34152227597460216
motive_8,0.351638754547541,0.2710014029971221,0.13880349537864498,0.39102403017912374,-0.26222238488482763,0.06562523879659578,0.34152227597460216,0.0
