,motive_1,motive_2,motive_3,motive_4,motive_5,motive_6,motive_7,motive_8
motive_1,0.0,0.33272262405555025,0.06788954837321479,0.27990955366989545,0.24324145880034648,0.14571920058561982,0.4590615723494978,0.4985330881256775
motive_2,0.33272262405555025,0.0,0.6865496833807211,0.4105915099674998,0.34094574068438255,0.5560218290864922,0.61184218452832,0.5497561845311543
motive_3,0.06788954837321479,0.6865496833807211,0.0,0.32790942476161866,0.43517557518233096,0.5549865456964119,0.624447282529873,0.27909206990972263
motive_4,0.27990955366989545,0.4105915099674998,0.32790942476161866,0.0,0.4168231453874248,0.6253427881727757,0.6518607785207976,0.47940182948512705
motive_5,0.24324145880034648,0.34094574068438255,0.43517557518233096,0.4168231453874248,0.0,0.8074962191753587,-0.020871536165789198,0.7480825266163721
motive_6,0.14571920058561982,0.5560218290864922,0.5549865456964119,0.6253427881727757,0.8074962191753587,0.0,0.14854380405343479,0.6799946642081107
motive_7,0.4590615723494978,0.61184218452832,0.624447282529873,0.6518607785207976,-0.020871536165789198,0.14854380405343479,0.0,0.49483555240260113
motive_8,0.4985330881256775,0.5497561845311543,0.27909206990972263,0.47940182948512705,0.7480825266163721,0.6799946642081107,0.49483555240260113,0.0
