,motive_1,motive_2,motive_3,motive_4,motive_5,motive_6,motive_7,motive_8
motive_1,0.0,0.3189859001263972,0.13925450612111528,0.7280772417027951,-0.3615896996953686,-0.11503668594808131,0.44188821409222223,0.47456412862298775
motive_2,0.3189859001263972,0.0,-0.06382088218513654,0.8975628415317949,0.1556569257574188,-0.4140269921588568,-0.43721510513451695,-0.6687687339639894
motive_3,0.13925450612111528,-0.06382088218513654,0.0,-0.1261768455834963,-0.3500632564969262,0.05619174591164629,-0.12627668929709313,0.0074550277649366725
motive_4,0.7280772417027951,0.8975628415317949,-0.1261768455834963,0.0,-0.19738948812830942,-0.39759387391251755,-0.12625464242983495,-0.5650496616433291
motive_5,-0.3615896996953686,0.1556569257574188,-0.3500632564969262,-0.19738948812830942,0.0,0.33818971887115434,0.03336551158361806,0.32426454027157814
motive_6,-0.11503668594808131,-0.4140269921588568,0.05619174591164629,-0.39759387391251755,0.33818971887115434,0.0,-0.3137455434174554,-0.16285675562519608
motive_7,0.44188821409222223,-0.43721510513451695,-0.12627668929709313,-0.12625464242983495,0.03336551158361806,-0.3137455434174554,0.0,0.009622353748884482
motive_8,0.47456412862298775,-0.6687687339639894,0.0074550277649366725,-0.5650496616433291,0.32426454027157814,-0.16285675562519608,0.009622353748884482,0.0
