,motive_1,motive_2,motive_3,motive_4,motive_5,motive_6,motive_7,motive_8
motive_1,0.0,0.37230179470971014,0.2056003518108727,0.4320890020711955,0.23378111621593342,0.3558973461256094,0.5288296409543762,0.46147704450279836
motive_2,0.37230179470971014,0.0,0.423234979890436,0.18741977322679465,0.19197284722062946,0.2818095105533673,0.4259378704481747,0.18652874889991816
motive_3,0.2056003518108727,0.423234979890436,0.0,0.42045079190965584,0.2505414170327864,0.4237660628109545,0.43394608812310714,0.39906858190217975
motive_4,0.4320890020711955,0.18741977322679465,0.42045079190965584,0.0,0.3374433668351873,0.05364430647499123,0.4619522751179497,-0.07895071713312524
motive_5,0.23378111621593342,0.19197284722062946,0.2505414170327864,0.3374433668351873,0.0,0.5468636765611539,0.3620882400697009,0.5073444675155891
motive_6,0.3558973461256094,0.2818095105533673,0.4237660628109545,0.05364430647499123,0.5468636765611539,0.0,0.2187842364861043,0.5743726078842615
motive_7,0.5288296409543762,0.4259378704481747,0.43394608812310714,0.4619522751179497,0.3620882400697009,0.2187842364861043,0.0,0.7501123259463383
motive_8,0.46147704450279836,0.18652874889991816,0.39906858190217975,-0.07895071713312524,0.5073444675155891,0.5743726078842615,0.7501123259463383,0.0
