,motive_1,motive_2,motive_3,motive_4,motive_5,motive_6,motive_7,motive_8
satisfaction,0.31711726277331753,-0.23471641779011898,0.7105562225232909,-0.15551748858925551,0.32566748701090137,0.3238896259024555,0.6147038406248445,0.14598712433618158
