,motive_1,motive_2,motive_3,motive_4,motive_5,motive_6,motive_7,motive_8
motive_1,0.0,0.294931141996376,0.09553242666188767,0.06012696065369166,0.2266355396883447,0.37528931252372155,0.11930819372818505,0.3605284704359339
motive_2,0.294931141996376,0.0,0.5501528456011078,0.7583196602027769,0.3588693588283398,0.337203841320173,0.19933130707265206,0.2707040552562605
motive_3,0.09553242666188767,0.5501528456011078,0.0,0.029908300722643118,-0.05834349003276751,0.15913411276140693,0.1723597620794125,0.13587129420325303
motive_4,0.06012696065369166,0.7583196602027769,0.029908300722643118,0.0,0.3520369695705048,0.28227987600871013,-0.08441385683065036,0.6041855927142976
motive_5,0.2266355396883447,0.3588693588283398,-0.05834349003276751,0.3520369695705048,0.0,0.09303082689807754,0.2627115827033838,-0.03864085963844545
motive_6,0.37528931252372155,0.337203841320173,0.15913411276140693,0.28227987600871013,0.09303082689807754,0.0,0.5467183066709602,0.09113160830480312
motive_7,0.11930819372818505,0.19933130707265206,0.1723597620794125,-0.08441385683065036,0.2627115827033838,0.5467183066709602,0.0,0.3366510705191638
motive_8,0.3605284704359339,0.2707040552562605,0.13587129420325303,0.6041855927142976,-0.03864085963844545,0.09113160830480312,0.3366510705191638,0.0
