,motive_1,motive_2,motive_3,motive_4,motive_5,motive_6,motive_7,motive_8
motive_1,0.0,-0.18629040669767633,0.005208276958669683,0.10720075709727467,0.26904780773858533,0.5855900291854398,0.25738578569381704,-0.048177068047626996
motive_2,-0.18629040669767633,0.0,0.21579589006571367,0.2528523946186019,0.1324759527334119,0.2979731513972938,0.09803109990904324,0.11092762536740707
motive_3,0.005208276958669683,0.21579589006571367,0.0,0.6116615792772181,0.11866977067308071,0.5210140230306337,0.382066291207216,0.1742560662596056
motive_4,0.10720075709727467,0.2528523946186019,0.6116615792772181,0.0,-0.07699521585451077,0.18239385320019608,0.321306085183255,0.11783194227211297
motive_5,0.26904780773858533,0.1324759527334119,0.11866977067308071,-0.07699521585451077,0.0,0.5130986888750809,0.058172312591948,0.24799954285286713
motive_6,0.5855900291854398,0.2979731513972938,0.5210140230306337,0.18239385320019608,0.5130986888750809,0.0,-0.10056791101157649,0.19262994956937696
motive_7,0.25738578569381704,0.09803109990904324,0.382066291207216,0.321306085183255,0.058172312591948,-0.10056791101157649,0.0,0.27319335735442635
motive_8,-0.048177068047626996,0.11092762536740707,0.1742560662596056,0.11783194227211297,0.24799954285286713,0.19262994956937696,0.27319335735442635,0.0
