,motive_1,motive_2,motive_3,motive_4,motive_5,motive_6,motive_7,motive_8
motive_1,0.0,0.4202466579158777,0.4378408388512565,0.0965141894847904,0.3708910070002084,0.3164677285733304,0.06688896172029106,0.6286756465778558
motive_2,0.4202466579158777,0.0,0.5032591604723217,0.3396639616477741,0.44637188401641165,0.2993268954146514,0.02630443373032823,0.10561879559800927
motive_3,0.4378408388512565,0.5032591604723217,0.0,0.4073237089630027,0.5776911000762603,0.3277005393402893,0.5988781345639855,0.6110767078533362
motive_4,0.0965141894847904,0.3396639616477741,0.4073237089630027,0.0,0.3828367729168522,0.32768257232787645,0.4736787909569039,0.38482885569845
motive_5,0.3708910070002084,0.44637188401641165,0.5776911000762603,0.3828367729168522,0.0,0.7705494364797459,0.33112724387417125,0.3577186414316546
motive_6,0.3164677285733304,0.2993268954146514,0.3277005393402893,0.32768257232787645,0.7705494364797459,0.0,0.5126754885426292,0.6143144716852753
motive_7,0.06688896172029106,0.02630443373032823,0.5988781345639855,0.4736787909569039,0.33112724387417125,0.5126754885426292,0.0,0.2995003782379072
motive_8,0.6286756465778558,0.10561879559800927,0.6110767078533362,0.38482885569845,0.3577186414316546,0.6143144716852753,0.2995003782379072,0.0
