,motive_1,motive_2,motive_3,motive_4,motive_5,motive_6,motive_7,motive_8
satisfaction,-0.14812642304844487,0.29406790407468203,0.3415993592401203,0.37335851154984184,0.3516220260564106,0.012053667745386437,0.09608920217341592,-0.41978255021030014
