,motive_1,motive_2,motive_3,motive_4,motive_5,motive_6,motive_7,motive_8
motive_1,0.0,-0.02730672614845738,0.006434677551136678,0.024909691801169982,0.018156559406955215,0.04914855114696113,0.04584383592798677,-0.0901185335551143
motive_2,-0.02730672614845738,0.0,-0.056516087305888855,0.012206605939767539,-0.03185915654308971,-0.10737434005165561,0.08525552668133589,-0.037569123027162234
motive_3,0.006434677551136678,-0.056516087305888855,0.0,0.058880862910777605,0.018101154209641472,-0.02704820463041901,0.0029006163204609754,-0.01879652310231538
motive_4,0.024909691801169982,0.012206605939767539,0.058880862910777605,0.0,0.03261870625396025,0.047057013747153945,0.078023923670726,-0.10583218355375493
motive_5,0.018156559406955215,-0.03185915654308971,0.018101154209641472,0.03261870625396025,0.0,0.13880451856482806,-0.13921237179238302,-0.11316793890698597
motive_6,0.04914855114696113,-0.10737434005165561,-0.02704820463041901,0.047057013747153945,0.13880451856482806,0.0,0.04510351174168531,-0.020530693132932678
motive_7,0.04584383592798677,0.08525552668133589,0.0029006163204609754,0.078023923670726,-0.13921237179238302,0.04510351174168531,0.0,-0.11077939335049021
motive_8,-0.0901185335551143,-0.037569123027162234,-0.01879652310231538,-0.10583218355375493,-0.11316793890698597,-0.020530693132932678,-0.11077939335049021,0.0
