,motive_1,motive_2,motive_3,motive_4,motive_5,motive_6,motive_7,motive_8
motive_1,0.0,-0.023566623310415945,0.130811596579232,0.002219976774750998,-0.0009071793285227725,-0.06427678357095115,-0.13243268931105565,0.025648216152799073
motive_2,-0.023566623310415945,0.0,0.05126570285541457,0.012561261455778606,-0.1156409859420433,0.0811913086205142,0.05592553524358906,0.05674598465950702
motive_3,0.130811596579232,0.05126570285541457,0.0,-0.020987612377721836,0.013178956223065454,0.05254661348610591,0.035849761311677844,-0.03839704970930145
motive_4,0.002219976774750998,0.012561261455778606,-0.020987612377721836,0.0,0.03018298314774784,-0.02051391022065803,0.07678139906082974,0.06161782394564739
motive_5,-0.0009071793285227725,-0.1156409859420433,0.013178956223065454,0.03018298314774784,0.0,-0.014716192622086078,0.11762620679051272,0.044325493610200876
motive_6,-0.06427678357095115,0.0811913086205142,0.05254661348610591,-0.02051391022065803,-0.014716192622086078,0.0,0.10494890081828032,0.05559569444362327
motive_7,-0.13243268931105565,0.05592553524358906,0.035849761311677844,0.07678139906082974,0.11762620679051272,0.10494890081828032,0.0,-0.01633544543668452
motive_8,0.025648216152799073,0.05674598465950702,-0.03839704970930145,0.06161782394564739,0.044325493610200876,0.05559569444362327,-0.01633544543668452,0.0
