,motive_1,motive_2,motive_3,motive_4,motive_5,motive_6,motive_7,motive_8
satisfaction,0.13938420279652858,0.2526323449348252,-0.07513067812284752,0.11947538386987383,0.0913660519083355,0.5585845549213536,0.6721963528077832,0.5183752296294402
