,motive_1,motive_2,motive_3,motive_4,motive_5,motive_6,motive_7,motive_8
motive_1,0.0,0.2702219159614693,0.01698814357720703,0.46114158254533266,0.13059350937524827,0.18361404600367148,0.43186406415080814,0.1822982176831757
motive_2,0.2702219159614693,0.0,0.002841211937204338,-0.0727779729675275,0.3502450529353534,0.3664598519597048,0.28807814069400695,0.11503101130821489
motive_3,0.01698814357720703,0.002841211937204338,0.0,-0.03135323768657035,0.04193220076666411,0.01599943029880216,0.17283092778408515,-0.03070873396203018
motive_4,0.46114158254533266,-0.0727779729675275,-0.03135323768657035,0.0,-0.1376208253551708,-0.07936467741548306,0.07731339934173964,0.0435905165506274
motive_5,0.13059350937524827,0.3502450529353534,0.04193220076666411,-0.1376208253551708,0.0,0.5817178188086353,0.2830808761693637,-0.15056717151673196
motive_6,0.18361404600367148,0.3664598519597048,0.01599943029880216,-0.07936467741548306,0.5817178188086353,0.0,0.38934695762718285,-0.07688497676316636
motive_7,0.43186406415080814,0.28807814069400695,0.17283092778408515,0.07731339934173964,0.2830808761693637,0.38934695762718285,0.0,-0.08900239458195457
motive_8,0.1822982176831757,0.11503101130821489,-0.03070873396203018,0.0435905165506274,-0.15056717151673196,-0.07688497676316636,-0.08900239458195457,0.0
