,motive_1,motive_2,motive_3,motive_4,motive_5,motive_6,motive_7,motive_8
satisfaction,0.03254168114473363,0.4466053263358729,0.0662763978187903,0.020618938952130544,-0.07849151735255469,-0.06418754250890268,-0.027668490392527334,-0.02143122060162579
