,motive_1,motive_2,motive_3,motive_4,motive_5,motive_6,motive_7,motive_8
satisfaction,0.12950998470831987,0.08361067000017765,0.0367632124411532,-0.07748038125692863,-0.16029691387274345,0.123893361553538,0.08030781768920886,0.16839988389727986
