{
  "total_simulations": 1000,
  "simulations_with_patterns": 1000,
  "mean_decay_rate": 0.2459342922923379,
  "std_decay_rate": 0.08321883753095954
}