,motive_1,motive_2,motive_3,motive_4,motive_5,motive_6,motive_7,motive_8
motive_1,0.0,-0.0384763812319462,-0.4997664619224353,-0.10687849235160679,0.044690259946774,-0.19663257907732934,-0.19223568653289275,0.04496806926104609
motive_2,-0.0384763812319462,0.0,1.0414676823572344,-0.4896237246119961,0.417761338776536,0.3075230020162809,0.6626539742505493,-0.023989960507987906
motive_3,-0.4997664619224353,1.0414676823572344,0.0,0.16695722803365282,0.3304586740737587,-0.24546887556085834,-0.2789069026718878,0.17360145945547975
motive_4,-0.10687849235160679,-0.4896237246119961,0.16695722803365282,0.0,0.05380500614094169,-0.817740779886625,0.5445642026025933,0.06297299569056974
motive_5,0.044690259946774,0.417761338776536,0.3304586740737587,0.05380500614094169,0.0,0.3211247243928686,-0.9380023653512315,-0.07625783100382111
motive_6,-0.19663257907732934,0.3075230020162809,-0.24546887556085834,-0.817740779886625,0.3211247243928686,0.0,0.020530384902879784,-0.7051036147803957
motive_7,-0.19223568653289275,0.6626539742505493,-0.2789069026718878,0.5445642026025933,-0.9380023653512315,0.020530384902879784,0.0,-0.3293256074291978
motive_8,0.04496806926104609,-0.023989960507987906,0.17360145945547975,0.06297299569056974,-0.07625783100382111,-0.7051036147803957,-0.3293256074291978,0.0
