,motive_1,motive_2,motive_3,motive_4,motive_5,motive_6,motive_7,motive_8
satisfaction,0.048377194227232384,0.4274999124298392,-0.0005975013955104858,0.6070837403997258,0.1428246098291049,0.6147295864428444,0.16412821102194738,-0.08424849597088302
