,motive_1,motive_2,motive_3,motive_4,motive_5,motive_6,motive_7,motive_8
motive_1,0.0,0.5308323177229173,0.17824056726810564,0.20760489235277296,0.12358518220572035,-0.0909995151406855,0.10068174583468613,0.14550649269899482
motive_2,0.5308323177229173,0.0,0.4102485422506146,0.20866830227606303,0.22801988595957262,-0.003384079560573343,0.18989217273291803,-0.2701229274215743
motive_3,0.17824056726810564,0.4102485422506146,0.0,0.1868950581027758,0.14511235384364657,0.3106441906720621,0.34204482371849926,0.0672145702213794
motive_4,0.20760489235277296,0.20866830227606303,0.1868950581027758,0.0,0.48716916939735555,0.1725923677416594,0.1876697308015747,0.31230455265160995
motive_5,0.12358518220572035,0.22801988595957262,0.14511235384364657,0.48716916939735555,0.0,-0.04459802592605054,0.21965932850659894,0.4162463783560198
motive_6,-0.0909995151406855,-0.003384079560573343,0.3106441906720621,0.1725923677416594,-0.04459802592605054,0.0,0.09405057226902443,0.1271535369622523
motive_7,0.10068174583468613,0.18989217273291803,0.34204482371849926,0.1876697308015747,0.21965932850659894,0.09405057226902443,0.0,0.3410030592302349
motive_8,0.14550649269899482,-0.2701229274215743,0.0672145702213794,0.31230455265160995,0.4162463783560198,0.1271535369622523,0.3410030592302349,0.0
