,motive_1,motive_2,motive_3,motive_4,motive_5,motive_6,motive_7,motive_8
motive_1,0.0,0.3270721306256209,0.5436503457671997,0.5560895972870282,0.5525442097380961,0.8273979520223254,0.2382441812335691,0.9461328998525587
motive_2,0.3270721306256209,0.0,-0.03361791795942798,0.060569821664748974,0.3869882076478563,0.2845738977452218,0.15938662342116136,0.37994840443036915
motive_3,0.5436503457671997,-0.03361791795942798,0.0,0.4459214374729804,0.4739871537628084,0.5916232194093478,0.3693006722707161,0.24376426959705583
motive_4,0.5560895972870282,0.060569821664748974,0.4459214374729804,0.0,0.12864550172610698,0.6367314836732405,0.1381042878984664,0.46187131497040923
motive_5,0.5525442097380961,0.3869882076478563,0.4739871537628084,0.12864550172610698,0.0,0.4073901773157099,0.6580592120655764,0.5308007227500029
motive_6,0.8273979520223254,0.2845738977452218,0.5916232194093478,0.6367314836732405,0.4073901773157099,0.0,0.35261118442307104,0.1361880928066776
motive_7,0.2382441812335691,0.15938662342116136,0.3693006722707161,0.1381042878984664,0.6580592120655764,0.35261118442307104,0.0,0.37236076992490635
motive_8,0.9461328998525587,0.37994840443036915,0.24376426959705583,0.46187131497040923,0.5308007227500029,0.1361880928066776,0.37236076992490635,0.0
