,motive_1,motive_2,motive_3,motive_4,motive_5,motive_6,motive_7,motive_8
satisfaction,-0.01118563703582856,-0.35822942786498924,-0.2010252024686441,-0.1485479297878669,0.0077225206593200535,-0.14668827953111907,0.19688889644702734,0.21762524029265157
