,motive_1,motive_2,motive_3,motive_4,motive_5,motive_6,motive_7,motive_8
satisfaction,0.015468159034733614,0.04719327264284026,0.17754820438763494,-0.34612852265886773,0.30689511500438926,0.18914012050220066,-0.07314512830259753,0.10496890925758322
