,motive_1,motive_2,motive_3,motive_4,motive_5,motive_6,motive_7,motive_8
motive_1,0.0,0.545292197250575,0.6493166602741206,0.2519354280925993,-0.07125366653349194,0.3480849176157622,0.28382922881095657,0.771611487919032
motive_2,0.545292197250575,0.0,0.5742148372434888,0.05677003335732128,0.2025090292466103,0.7104488503132975,0.4318370762324102,0.13161803774230157
motive_3,0.6493166602741206,0.5742148372434888,0.0,0.1805241936575646,0.28674365495320664,0.38045656008372564,0.467442213937248,0.347202523969115
motive_4,0.2519354280925993,0.05677003335732128,0.1805241936575646,0.0,0.24824204237450267,0.4066593000345589,0.3868092081821541,0.31847655774740224
motive_5,-0.07125366653349194,0.2025090292466103,0.28674365495320664,0.24824204237450267,0.0,0.11450164833456375,0.6211536293938967,0.4233514552948381
motive_6,0.3480849176157622,0.7104488503132975,0.38045656008372564,0.4066593000345589,0.11450164833456375,0.0,0.7027092263980965,0.33355169272723667
motive_7,0.28382922881095657,0.4318370762324102,0.467442213937248,0.3868092081821541,0.6211536293938967,0.7027092263980965,0.0,0.28675905520658784
motive_8,0.771611487919032,0.13161803774230157,0.347202523969115,0.31847655774740224,0.4233514552948381,0.33355169272723667,0.28675905520658784,0.0
