,motive_1,motive_2,motive_3,motive_4,motive_5,motive_6,motive_7,motive_8
motive_1,0.0,-0.08202736669455997,0.06437854733553783,0.05690396436211305,-0.07368420823983932,-0.08567920581527047,0.17665688404625626,-0.06912984863502886
motive_2,-0.08202736669455997,0.0,0.006256234833925706,-0.0317676461607994,0.018314493485737555,-0.06796222543622511,-0.03680662598181584,0.050658043358638605
motive_3,0.06437854733553783,0.006256234833925706,0.0,-0.15943568145263157,0.14661430640208228,-0.022655783302756353,-0.032735727657444334,-0.07727156474899605
motive_4,0.05690396436211305,-0.0317676461607994,-0.15943568145263157,0.0,-0.12496512987448294,-0.027034968543933873,0.041801840832125764,0.0639050540183234
motive_5,-0.07368420823983932,0.018314493485737555,0.14661430640208228,-0.12496512987448294,0.0,-0.022189217848228148,-0.08555911091431398,0.07000340719644974
motive_6,-0.08567920581527047,-0.06796222543622511,-0.022655783302756353,-0.027034968543933873,-0.022189217848228148,0.0,0.017991793929482178,0.08957355845630192
motive_7,0.17665688404625626,-0.03680662598181584,-0.032735727657444334,0.041801840832125764,-0.08555911091431398,0.017991793929482178,0.0,-0.10731701757147413
motive_8,-0.06912984863502886,0.050658043358638605,-0.07727156474899605,0.0639050540183234,0.07000340719644974,0.08957355845630192,-0.10731701757147413,0.0
