,motive_1,motive_2,motive_3,motive_4,motive_5,motive_6,motive_7,motive_8
satisfaction,0.08715266565829959,0.18286698768049406,0.5100800222173589,-0.15916609475598184,0.1430631856723229,0.1589903968167503,0.4076389876444507,0.007851394139838375
