,motive_1,motive_2,motive_3,motive_4,motive_5,motive_6,motive_7,motive_8
motive_1,0.0,0.29158767418134146,0.16956376858293984,0.17566701441554378,0.3505574390100581,0.19635993416741387,-0.27411743759822116,-0.14079878089507536
motive_2,0.29158767418134146,0.0,0.4645731683790282,-0.0732903698201613,0.30864711565880626,-0.15995463202099924,0.3894910289612967,0.02327378260359611
motive_3,0.16956376858293984,0.4645731683790282,0.0,0.39049162319801967,0.40536686343994943,-0.47472685377321433,0.08009251521620601,0.14980827883381007
motive_4,0.17566701441554378,-0.0732903698201613,0.39049162319801967,0.0,0.6290718407135532,0.10076426178776055,0.05107904803618257,0.09042577862838921
motive_5,0.3505574390100581,0.30864711565880626,0.40536686343994943,0.6290718407135532,0.0,0.11146018579579053,0.43689537261675765,-0.05558599883738677
motive_6,0.19635993416741387,-0.15995463202099924,-0.47472685377321433,0.10076426178776055,0.11146018579579053,0.0,0.4748886850118077,0.3578165013096695
motive_7,-0.27411743759822116,0.3894910289612967,0.08009251521620601,0.05107904803618257,0.43689537261675765,0.4748886850118077,0.0,0.3565427865559225
motive_8,-0.14079878089507536,0.02327378260359611,0.14980827883381007,0.09042577862838921,-0.05558599883738677,0.3578165013096695,0.3565427865559225,0.0
