,motive_1,motive_2,motive_3,motive_4,motive_5,motive_6,motive_7,motive_8
motive_1,0.0,0.005256134692609174,0.08311199826973609,0.09469987549779416,0.13113397163915214,0.10708769538907616,0.6635401772334829,0.2955707380848042
motive_2,0.005256134692609174,0.0,0.06872035846354817,0.13344357462267506,0.18682456145764342,0.6383103949319355,0.03160675792149731,0.2824498784758308
motive_3,0.08311199826973609,0.06872035846354817,0.0,0.031211502554820053,-0.23609755864513796,0.30849211455195785,-0.08177316951984,0.6064067111957762
motive_4,0.09469987549779416,0.13344357462267506,0.031211502554820053,0.0,-0.028925449617021898,0.5157693779049302,0.023153458926113188,0.1723247576890717
motive_5,0.13113397163915214,0.18682456145764342,-0.23609755864513796,-0.028925449617021898,0.0,0.3701506557512247,0.3435516690384969,0.21998529021327481
motive_6,0.10708769538907616,0.6383103949319355,0.30849211455195785,0.5157693779049302,0.3701506557512247,0.0,0.6459623625231665,0.05479811687272271
motive_7,0.6635401772334829,0.03160675792149731,-0.08177316951984,0.023153458926113188,0.3435516690384969,0.6459623625231665,0.0,0.535154116830305
motive_8,0.2955707380848042,0.2824498784758308,0.6064067111957762,0.1723247576890717,0.21998529021327481,0.05479811687272271,0.535154116830305,0.0
