,motive_1,motive_2,motive_3,motive_4,motive_5,motive_6,motive_7,motive_8
motive_1,0.0,-0.06834041383142406,0.035824608507342925,0.12073251108566907,0.004697303141706258,0.028025264677616304,-0.017685704718337303,0.02373434121799195
motive_2,-0.06834041383142406,0.0,0.15661973852579542,0.015869992633688813,0.012795753735615938,0.06817933762641676,-0.0034289343868369807,-0.029359123979703406
motive_3,0.035824608507342925,0.15661973852579542,0.0,0.013034116014129862,-0.12752952432291909,-0.05898385248255248,-0.005592350926553961,-0.009022855473653394
motive_4,0.12073251108566907,0.015869992633688813,0.013034116014129862,0.0,0.04113616939329418,0.023336773116288526,-0.020355848109491904,-0.006518629401622244
motive_5,0.004697303141706258,0.012795753735615938,-0.12752952432291909,0.04113616939329418,0.0,0.03889453843832512,0.14519067464248497,0.08027220071390678
motive_6,0.028025264677616304,0.06817933762641676,-0.05898385248255248,0.023336773116288526,0.03889453843832512,0.0,-0.01718618946510595,-0.02321423000032511
motive_7,-0.017685704718337303,-0.0034289343868369807,-0.005592350926553961,-0.020355848109491904,0.14519067464248497,-0.01718618946510595,0.0,-0.013846250021049236
motive_8,0.02373434121799195,-0.029359123979703406,-0.009022855473653394,-0.006518629401622244,0.08027220071390678,-0.02321423000032511,-0.013846250021049236,0.0
