,motive_1,motive_2,motive_3,motive_4,motive_5,motive_6,motive_7,motive_8
motive_1,0.0,0.16993884396691353,0.13428985185725975,0.1546690827406802,0.11433909588758444,0.018579455290130255,-0.004978559453161696,0.09685556081120333
motive_2,0.16993884396691353,0.0,0.16057967995576009,0.02987101117485362,0.14452082065689467,0.09629625538329552,0.14851741054633413,0.10008551208474953
motive_3,0.13428985185725975,0.16057967995576009,0.0,0.21054191128114208,0.02800176829128695,0.1810681209251519,0.030568409472215383,0.08604381660077144
motive_4,0.1546690827406802,0.02987101117485362,0.21054191128114208,0.0,0.015515911459013217,0.14759519130631604,0.14731653082951915,0.07211192428602287
motive_5,0.11433909588758444,0.14452082065689467,0.02800176829128695,0.015515911459013217,0.0,0.047946204508619764,-0.02922326449595053,0.10239115402265228
motive_6,0.018579455290130255,0.09629625538329552,0.1810681209251519,0.14759519130631604,0.047946204508619764,0.0,0.09725733530673022,0.025972247093828116
motive_7,-0.004978559453161696,0.14851741054633413,0.030568409472215383,0.14731653082951915,-0.02922326449595053,0.09725733530673022,0.0,0.18383641528542122
motive_8,0.09685556081120333,0.10008551208474953,0.08604381660077144,0.07211192428602287,0.10239115402265228,0.025972247093828116,0.18383641528542122,0.0
