,motive_1,motive_2,motive_3,motive_4,motive_5,motive_6,motive_7,motive_8
motive_1,0.0,0.9912743631661389,0.09679664305538582,-0.01718131559771205,0.6791860624286926,0.5929949285773493,0.35104107798259254,0.5093908284872755
motive_2,0.9912743631661389,0.0,0.14503982315973787,0.7452466606375948,0.188833282868566,0.7802412677649316,0.313578657559332,0.25481672708567793
motive_3,0.09679664305538582,0.14503982315973787,0.0,0.3657405961261282,0.4560315928365467,0.3674275646714733,0.4060009743261501,0.8171994201399082
motive_4,-0.01718131559771205,0.7452466606375948,0.3657405961261282,0.0,-0.004475640889013921,0.5185591707138649,0.27267312764808305,0.7064299804884049
motive_5,0.6791860624286926,0.188833282868566,0.4560315928365467,-0.004475640889013921,0.0,0.4955686753213654,0.4167860736401231,0.5000659577472015
motive_6,0.5929949285773493,0.7802412677649316,0.3674275646714733,0.5185591707138649,0.4955686753213654,0.0,0.8093439170339112,0.5156648930138467
motive_7,0.35104107798259254,0.313578657559332,0.4060009743261501,0.27267312764808305,0.4167860736401231,0.8093439170339112,0.0,0.07722871041558044
motive_8,0.5093908284872755,0.25481672708567793,0.8171994201399082,0.7064299804884049,0.5000659577472015,0.5156648930138467,0.07722871041558044,0.0
