,motive_1,motive_2,motive_3,motive_4,motive_5,motive_6,motive_7,motive_8
satisfaction,0.2623119760106607,0.14845616583050597,0.599061585715436,0.7178169302794,0.5048054389927629,-0.06793296414604699,0.16314568884007652,-0.1444589936887164
