,motive_1,motive_2,motive_3,motive_4,motive_5,motive_6,motive_7,motive_8
motive_1,0.0,0.17773028232915083,0.0916198814492539,0.16694883955155843,0.05202552241502577,0.3003089738184266,-0.05146768700230836,0.4150883171669101
motive_2,0.17773028232915083,0.0,0.26206115659444484,0.09692580509671281,0.3093553302748267,0.48684046824336374,0.008140345144993247,0.2202183039511308
motive_3,0.0916198814492539,0.26206115659444484,0.0,0.5152619986464229,0.24396179357362233,-0.017985932942410215,0.18489552871712128,0.17681786293936974
motive_4,0.16694883955155843,0.09692580509671281,0.5152619986464229,0.0,0.26527114550231107,0.30717581207355604,0.41962791060908333,-0.01269790514011665
motive_5,0.05202552241502577,0.3093553302748267,0.24396179357362233,0.26527114550231107,0.0,-0.13669397887281176,0.01836411282186467,0.17628447688116772
motive_6,0.3003089738184266,0.48684046824336374,-0.017985932942410215,0.30717581207355604,-0.13669397887281176,0.0,0.26322818837682493,0.46491145727103655
motive_7,-0.05146768700230836,0.008140345144993247,0.18489552871712128,0.41962791060908333,0.01836411282186467,0.26322818837682493,0.0,-0.04989173864853047
motive_8,0.4150883171669101,0.2202183039511308,0.17681786293936974,-0.01269790514011665,0.17628447688116772,0.46491145727103655,-0.04989173864853047,0.0
