,motive_1,motive_2,motive_3,motive_4,motive_5,motive_6,motive_7,motive_8
motive_1,0.5,0.02302363488182559,0.07599837000814996,0.15097799511002444,0.1526079869600652,0.07396088019559902,0.015688671556642216,0.007742461287693562
motive_2,0.009562339095255609,0.49981610886355277,0.04321441706509746,0.07429201912467819,0.10095623390952556,0.12835601324016183,0.11382861346083119,0.029974255240897387
motive_3,0.038021475092413305,0.026931878190459425,0.499911987326175,0.032388663967611336,0.04066185530716423,0.12761837704629467,0.1123041718007393,0.12216159126914275
motive_4,0.10938941154768493,0.0734181885261022,0.04187419295332964,0.5000922339051835,0.012543811104962183,0.02748570374469655,0.10551558752997602,0.12968087068806494
motive_5,0.15198863636363635,0.15584415584415584,0.07406655844155845,0.015625,0.500202922077922,0.007305194805194805,0.015422077922077922,0.07954545454545454
motive_6,0.14209302325581397,0.14488372093023255,0.12534883720930232,0.03813953488372093,0.011395348837209301,0.5004651162790698,0.0069767441860465115,0.030697674418604652
motive_7,0.04441190824792582,0.12030258662762323,0.1381161542215715,0.1273792093704246,0.05002440214738897,0.010492923377257199,0.5,0.009272816007808687
motive_8,0.0118082889557768,0.03959249826348692,0.12410280157443852,0.14308867793470711,0.14193100254688584,0.03102570039360963,0.008566797869877286,0.4998842324612179
