,motive_1,motive_2,motive_3,motive_4,motive_5,motive_6,motive_7,motive_8
motive_1,0.0,0.33076180938402694,0.10011676903878236,0.29656075382419667,0.3723451299733871,0.25168371046133536,0.25388215673355363,0.37248403463052304
motive_2,0.33076180938402694,0.0,0.8707338411786172,0.10518813769400195,0.558880669388268,0.5037615010081404,0.6813269871252747,0.33800501974600605
motive_3,0.10011676903878236,0.8707338411786172,0.0,0.4334786140168264,0.5152293370368793,0.22726556221957087,0.21054654866405614,0.43680072972773987
motive_4,0.29656075382419667,0.10518813769400195,0.4334786140168264,0.0,0.37690250307047085,-0.05887038994331248,0.6222821013012967,0.3814864978452849
motive_5,0.3723451299733871,0.558880669388268,0.5152293370368793,0.37690250307047085,0.0,0.5105623621964344,-0.11900118267561574,0.3118710844980895
motive_6,0.25168371046133536,0.5037615010081404,0.22726556221957087,-0.05887038994331248,0.5105623621964344,0.0,0.3602651924514399,-0.0025518073901978633
motive_7,0.25388215673355363,0.6813269871252747,0.21054654866405614,0.6222821013012967,-0.11900118267561574,0.3602651924514399,0.0,0.1853371962854011
motive_8,0.37248403463052304,0.33800501974600605,0.43680072972773987,0.3814864978452849,0.3118710844980895,-0.0025518073901978633,0.1853371962854011,0.0
