,motive_1,motive_2,motive_3,motive_4,motive_5,motive_6,motive_7,motive_8
motive_1,0.0,0.23524651789847162,0.25718563901487007,0.41882125448637153,0.05825649986084952,0.2836868738848959,0.23150303411318982,0.5539217576415502
motive_2,0.23524651789847162,0.0,0.33716224946755097,0.3329503912038725,0.057371032646282544,0.27057341589644807,0.08173380349158374,0.21238954470166013
motive_3,0.25718563901487007,0.33716224946755097,0.0,0.16225417849316665,-0.040088929349489634,0.5050322096728721,0.3591539815846351,0.26563655141159337
motive_4,0.41882125448637153,0.3329503912038725,0.16225417849316665,0.0,0.25343037535269053,0.4819571399045625,0.3238017229737389,0.4754630301989573
motive_5,0.05825649986084952,0.057371032646282544,-0.040088929349489634,0.25343037535269053,0.0,0.0820512230216833,0.07420255376369911,0.4597266219972935
motive_6,0.2836868738848959,0.27057341589644807,0.5050322096728721,0.4819571399045625,0.0820512230216833,0.0,0.19667916750141087,0.2091039791425747
motive_7,0.23150303411318982,0.08173380349158374,0.3591539815846351,0.3238017229737389,0.07420255376369911,0.19667916750141087,0.0,0.008858299050641873
motive_8,0.5539217576415502,0.21238954470166013,0.26563655141159337,0.4754630301989573,0.4597266219972935,0.2091039791425747,0.008858299050641873,0.0
