,motive_1,motive_2,motive_3,motive_4,motive_5,motive_6,motive_7,motive_8
motive_1,0.0,0.3903392481464651,0.40469085829502693,0.21140257714235342,0.24637975752380742,0.31463999238060125,0.32328319166090946,0.09188673494918426
motive_2,0.3903392481464651,0.0,-0.3040752470625775,-0.0012757463351578957,0.5681462327796472,0.5773084699819918,0.05175254796385048,0.2153128323571254
motive_3,0.40469085829502693,-0.3040752470625775,0.0,0.22732257618562024,0.18611684749013954,0.6813056236433847,0.019869714757203553,-0.019807197187644204
motive_4,0.21140257714235342,-0.0012757463351578957,0.22732257618562024,0.0,0.15570369290112762,0.00015057938788126668,0.26932985420647204,0.059581599116640405
motive_5,0.24637975752380742,0.5681462327796472,0.18611684749013954,0.15570369290112762,0.0,0.4266239737553731,0.555116151179045,0.3627463419270648
motive_6,0.31463999238060125,0.5773084699819918,0.6813056236433847,0.00015057938788126668,0.4266239737553731,0.0,-0.01808262163006763,0.15494490125742924
motive_7,0.32328319166090946,0.05175254796385048,0.019869714757203553,0.26932985420647204,0.555116151179045,-0.01808262163006763,0.0,0.6454353517807494
motive_8,0.09188673494918426,0.2153128323571254,-0.019807197187644204,0.059581599116640405,0.3627463419270648,0.15494490125742924,0.6454353517807494,0.0
