,motive_1,motive_2,motive_3,motive_4,motive_5,motive_6,motive_7,motive_8
satisfaction,0.40426952844673536,0.22042232310799695,0.031053383303173324,0.20895962527363587,-0.04376814079319147,0.6263042039825641,0.09597424256192848,-0.060060051304445
