,motive_1,motive_2,motive_3,motive_4,motive_5,motive_6,motive_7,motive_8
satisfaction,0.029902205586891814,0.028908641829356554,-0.19031183020643125,0.07982008696708605,0.47793201406825425,0.026856706794739588,0.5525099964777722,0.09421933033326671
