,motive_1,motive_2,motive_3,motive_4,motive_5,motive_6,motive_7,motive_8
satisfaction,-0.048184482267722956,0.037612064386059164,-0.03493093167167555,0.32468514047812436,0.07776849232253878,0.3056951548181446,0.11375940127778984,-0.38199354857333934
