,motive_1,motive_2,motive_3,motive_4,motive_5,motive_6,motive_7,motive_8
motive_1,0.0,0.022575719319598286,0.5276326114892009,0.6826279031688661,-0.6262352826218811,0.622456200832692,0.45956173472851325,-0.25490184962111906
motive_2,0.022575719319598286,0.0,-0.021650044806775626,0.12652976422344014,-0.4695948768777933,-0.02199479958313083,-0.17881600214324267,0.2073181096022406
motive_3,0.5276326114892009,-0.021650044806775626,0.0,0.3805364725400355,-0.038184751886036476,0.411896755982618,-0.24542078173897505,0.11672302347834956
motive_4,0.6826279031688661,0.12652976422344014,0.3805364725400355,0.0,-0.266648938890952,0.3022444079761336,0.2657550818970034,0.4780164504799043
motive_5,-0.6262352826218811,-0.4695948768777933,-0.038184751886036476,-0.266648938890952,0.0,0.3174359183264229,-0.18839413764864488,0.4746542923087844
motive_6,0.622456200832692,-0.02199479958313083,0.411896755982618,0.3022444079761336,0.3174359183264229,0.0,1.0410128288455984,0.33828502395232607
motive_7,0.45956173472851325,-0.17881600214324267,-0.24542078173897505,0.2657550818970034,-0.18839413764864488,1.0410128288455984,0.0,-0.049168688797401515
motive_8,-0.25490184962111906,0.2073181096022406,0.11672302347834956,0.4780164504799043,0.4746542923087844,0.33828502395232607,-0.049168688797401515,0.0
