,motive_1,motive_2,motive_3,motive_4,motive_5,motive_6,motive_7,motive_8
satisfaction,0.08230262694928557,0.03522343358030475,0.10197245019449773,-0.08192681589607509,0.1954836019852797,0.10673994663919163,-0.0012870609078038664,-0.15167795546148788
