,motive_1,motive_2,motive_3,motive_4,motive_5,motive_6,motive_7,motive_8
satisfaction,-0.30599011701929646,0.08004109073752336,-0.07947541797835464,0.3989809191613004,0.08264522627740795,-0.17665575026668287,-0.15223709570075641,-0.15404725863287458
