,motive_1,motive_2,motive_3,motive_4,motive_5,motive_6,motive_7,motive_8
motive_1,0.0,0.2796514053277486,0.399809260683002,0.3961460776034968,0.052336970077586045,-0.12452173826628232,0.2990655352801871,-0.3383230768493938
motive_2,0.2796514053277486,0.0,0.5127518907986559,1.0091514193645834,0.5455091767886202,0.2959442693556906,-0.6307971635886866,0.8753775193695432
motive_3,0.399809260683002,0.5127518907986559,0.0,-0.39397590270531446,-0.30164064337908375,0.3144142400453302,-0.47764733343497356,-0.598456043027619
motive_4,0.3961460776034968,1.0091514193645834,-0.39397590270531446,0.0,0.8490824955274062,-0.580435886223391,-0.09511244316300727,0.37277851472653195
motive_5,0.052336970077586045,0.5455091767886202,-0.30164064337908375,0.8490824955274062,0.0,-0.09265687560803236,0.48327674513424707,-0.3622337251813235
motive_6,-0.12452173826628232,0.2959442693556906,0.3144142400453302,-0.580435886223391,-0.09265687560803236,0.0,-0.2208498556548658,1.5522060360467618
motive_7,0.2990655352801871,-0.6307971635886866,-0.47764733343497356,-0.09511244316300727,0.48327674513424707,-0.2208498556548658,0.0,0.11743321318734296
motive_8,-0.3383230768493938,0.8753775193695432,-0.598456043027619,0.37277851472653195,-0.3622337251813235,1.5522060360467618,0.11743321318734296,0.0
