,motive_1,motive_2,motive_3,motive_4,motive_5,motive_6,motive_7,motive_8
motive_1,0.0,0.26250110480535005,0.4316541695473032,0.49287803535086694,-0.15965567691280508,0.5182752095353267,0.32509102020396574,0.21695461276449318
motive_2,0.26250110480535005,0.0,0.4610199220708112,0.6343825078804342,0.44707254753963754,0.5006581179961967,0.5837581481007602,0.03203837353296217
motive_3,0.4316541695473032,0.4610199220708112,0.0,0.7132708365971467,0.4142510423639528,-0.03020146210253935,0.46049620487244225,0.5495949675882783
motive_4,0.49287803535086694,0.6343825078804342,0.7132708365971467,0.0,0.45459493684322255,0.5205708574614665,0.8289780737564223,0.37695911512682306
motive_5,-0.15965567691280508,0.44707254753963754,0.4142510423639528,0.45459493684322255,0.0,0.02542023962978976,0.5398547423626832,0.6478808318563691
motive_6,0.5182752095353267,0.5006581179961967,-0.03020146210253935,0.5205708574614665,0.02542023962978976,0.0,0.4723076648330347,0.3162972371646763
motive_7,0.32509102020396574,0.5837581481007602,0.46049620487244225,0.8289780737564223,0.5398547423626832,0.4723076648330347,0.0,0.3377161774641863
motive_8,0.21695461276449318,0.03203837353296217,0.5495949675882783,0.37695911512682306,0.6478808318563691,0.3162972371646763,0.3377161774641863,0.0
