,motive_1,motive_2,motive_3,motive_4,motive_5,motive_6,motive_7,motive_8
satisfaction,0.5998234197928635,-0.04460597148996753,-0.2817027226951388,0.46801500928541284,0.11765444926893813,0.33476219364634335,0.14423593438310922,-0.2404999289644938
