,motive_1,motive_2,motive_3,motive_4,motive_5,motive_6,motive_7,motive_8
motive_1,0.0,0.7309997840803268,0.5449745087866323,0.12475073970936128,0.11796143580545865,0.20704208622870535,0.24441465262301884,0.6113741892088972
motive_2,0.7309997840803268,0.0,0.5448205350868249,0.21812552292085308,0.39671079613097404,-0.16432482476867183,-0.0008858872426468767,0.00872810044203512
motive_3,0.5449745087866323,0.5448205350868249,0.0,0.11283800511089456,-0.03104093344186991,0.22021846363041186,0.3121664995565437,-0.0047998940741954405
motive_4,0.12475073970936128,0.21812552292085308,0.11283800511089456,0.0,0.14073998661932624,0.013921096966358806,0.3589263780724218,0.09863350447394506
motive_5,0.11796143580545865,0.39671079613097404,-0.03104093344186991,0.14073998661932624,0.0,0.22173054503487732,0.21988877360990458,0.314955510187998
motive_6,0.20704208622870535,-0.16432482476867183,0.22021846363041186,0.013921096966358806,0.22173054503487732,0.0,0.1095058478365141,0.2076628998151244
motive_7,0.24441465262301884,-0.0008858872426468767,0.3121664995565437,0.3589263780724218,0.21988877360990458,0.1095058478365141,0.0,0.022036537429003272
motive_8,0.6113741892088972,0.00872810044203512,-0.0047998940741954405,0.09863350447394506,0.314955510187998,0.2076628998151244,0.022036537429003272,0.0
