,motive_1,motive_2,motive_3,motive_4,motive_5,motive_6,motive_7,motive_8
motive_1,0.0,0.4983511626398806,0.41202636007304283,0.4880450214969573,0.44977796333749676,0.3315172394348531,0.5221750176796969,0.2338884601234626
motive_2,0.4983511626398806,0.0,0.691644850020078,0.30216104531866317,0.5138501535164677,0.6276851221594238,0.3485905705552243,0.6959058711533653
motive_3,0.41202636007304283,0.691644850020078,0.0,0.18071031563101103,0.33079944321924837,0.6925624005480232,0.5469994620153362,0.6475205186444992
motive_4,0.4880450214969573,0.30216104531866317,0.18071031563101103,0.0,0.5195677797624372,0.568959585538474,0.40834875008639837,0.6467254029803152
motive_5,0.44977796333749676,0.5138501535164677,0.33079944321924837,0.5195677797624372,0.0,0.2997431116814493,0.38711502863336034,0.45277584664891457
motive_6,0.3315172394348531,0.6276851221594238,0.6925624005480232,0.568959585538474,0.2997431116814493,0.0,0.6448317354372702,0.4297614400666143
motive_7,0.5221750176796969,0.3485905705552243,0.5469994620153362,0.40834875008639837,0.38711502863336034,0.6448317354372702,0.0,0.26905887091628117
motive_8,0.2338884601234626,0.6959058711533653,0.6475205186444992,0.6467254029803152,0.45277584664891457,0.4297614400666143,0.26905887091628117,0.0
