,motive_1,motive_2,motive_3,motive_4,motive_5,motive_6,motive_7,motive_8
motive_1,0.0,0.3062617624861639,-0.33753064986040326,0.6395297253764968,0.03160788231299666,0.30461229228495246,-0.440525813934633,-0.4329650940957329
motive_2,0.3062617624861639,0.0,0.45153716509063563,-0.5222403520384244,0.7119269305445617,0.17775615653867166,-0.22484749764557072,-0.048188205568125385
motive_3,-0.33753064986040326,0.45153716509063563,0.0,1.0752740385176174,0.1958633626896728,0.12964688337751673,-0.20067182381769122,-0.03417125102433233
motive_4,0.6395297253764968,-0.5222403520384244,1.0752740385176174,0.0,0.5703788823425506,0.2085081741195004,-0.05053737448560247,0.16305149979740696
motive_5,0.03160788231299666,0.7119269305445617,0.1958633626896728,0.5703788823425506,0.0,0.4235458427987143,0.38004098443326806,-0.07694156711460409
motive_6,0.30461229228495246,0.17775615653867166,0.12964688337751673,0.2085081741195004,0.4235458427987143,0.0,0.3178323231184905,0.2504044645890638
motive_7,-0.440525813934633,-0.22484749764557072,-0.20067182381769122,-0.05053737448560247,0.38004098443326806,0.3178323231184905,0.0,0.3273343458845944
motive_8,-0.4329650940957329,-0.048188205568125385,-0.03417125102433233,0.16305149979740696,-0.07694156711460409,0.2504044645890638,0.3273343458845944,0.0
