,motive_1,motive_2,motive_3,motive_4,motive_5,motive_6,motive_7,motive_8
motive_1,0.0,0.07725167747515,0.6201432040754504,0.3024650255314512,0.21942958833798054,0.2464231163461856,0.6662443264174731,0.3503753623615684
motive_2,0.07725167747515,0.0,0.3231687430073485,0.18095970012710094,0.5121794163417013,0.6552200968022697,0.5689776582426297,0.7761835974532865
motive_3,0.6201432040754504,0.3231687430073485,0.0,0.5037293150581384,0.7338988255259101,0.5639037518054677,0.3510612395729441,0.2782246122024846
motive_4,0.3024650255314512,0.18095970012710094,0.5037293150581384,0.0,0.5507069771607691,0.49773170460252675,0.8102215576381928,0.25586549457445573
motive_5,0.21942958833798054,0.5121794163417013,0.7338988255259101,0.5507069771607691,0.0,0.06461903345261744,0.4971324664572214,0.5035253893265054
motive_6,0.2464231163461856,0.6552200968022697,0.5639037518054677,0.49773170460252675,0.06461903345261744,0.0,0.7113083596576579,0.48374336350527086
motive_7,0.6662443264174731,0.5689776582426297,0.3510612395729441,0.8102215576381928,0.4971324664572214,0.7113083596576579,0.0,0.16549833806377842
motive_8,0.3503753623615684,0.7761835974532865,0.2782246122024846,0.25586549457445573,0.5035253893265054,0.48374336350527086,0.16549833806377842,0.0
