,motive_1,motive_2,motive_3,motive_4,motive_5,motive_6,motive_7,motive_8
motive_1,0.0,-0.025911014843904265,0.028130251755702433,0.09760748531440308,0.05024891364030716,0.035730926825070446,-0.11519815303439905,0.024353592662354984
motive_2,-0.025911014843904265,0.0,-0.04594054576976398,-0.022211546527955515,0.016458264764913903,0.10622148359195752,0.054057253919821455,0.11496308430663388
motive_3,0.028130251755702433,-0.04594054576976398,0.0,-0.015364949756090401,-0.02148389373539226,0.07530891774294332,0.033085853040539445,-0.016240736506956878
motive_4,0.09760748531440308,-0.022211546527955515,-0.015364949756090401,0.0,0.034344570686666374,0.01770883527195664,-0.042205218598993656,-0.05260793690081923
motive_5,0.05024891364030716,0.016458264764913903,-0.02148389373539226,0.034344570686666374,0.0,-0.08905862869281164,-0.1326854887437866,-0.06191457546631822
motive_6,0.035730926825070446,0.10622148359195752,0.07530891774294332,0.01770883527195664,-0.08905862869281164,0.0,-0.06561605629430162,0.018844903719240226
motive_7,-0.11519815303439905,0.054057253919821455,0.033085853040539445,-0.042205218598993656,-0.1326854887437866,-0.06561605629430162,0.0,-0.033219455122671694
motive_8,0.024353592662354984,0.11496308430663388,-0.016240736506956878,-0.05260793690081923,-0.06191457546631822,0.018844903719240226,-0.033219455122671694,0.0
