,motive_1,motive_2,motive_3,motive_4,motive_5,motive_6,motive_7,motive_8
motive_1,0.0,0.2346673183378689,0.4653312198164343,0.07106820135147707,0.12520508963830557,0.11410108596660572,0.12574536074671927,0.24965546262072957
motive_2,0.2346673183378689,0.0,0.5593608735980514,0.31291504180775076,-0.0925560362237351,0.18530359531072194,0.4688745098823342,0.3253607596226755
motive_3,0.4653312198164343,0.5593608735980514,0.0,0.6230051363376787,-0.16362655341989277,0.1601664843237417,0.041871666314336115,0.2216029806718139
motive_4,0.07106820135147707,0.31291504180775076,0.6230051363376787,0.0,0.3996732119303067,0.1096406833306032,0.5167227787316272,0.1001817410830784
motive_5,0.12520508963830557,-0.0925560362237351,-0.16362655341989277,0.3996732119303067,0.0,-0.05187672914384378,0.01979237778324386,0.17663593680430018
motive_6,0.11410108596660572,0.18530359531072194,0.1601664843237417,0.1096406833306032,-0.05187672914384378,0.0,0.5337862433853615,-0.04686822946653535
motive_7,0.12574536074671927,0.4688745098823342,0.041871666314336115,0.5167227787316272,0.01979237778324386,0.5337862433853615,0.0,0.17044266484284812
motive_8,0.24965546262072957,0.3253607596226755,0.2216029806718139,0.1001817410830784,0.17663593680430018,-0.04686822946653535,0.17044266484284812,0.0
