,motive_1,motive_2,motive_3,motive_4,motive_5,motive_6,motive_7,motive_8
satisfaction,0.2772289990541205,0.08849837000586441,0.18369204935587016,-0.12246939696175013,0.030843127691491265,0.2466599572615387,0.021996957490333147,0.4146833298628029
