,motive_1,motive_2,motive_3,motive_4,motive_5,motive_6,motive_7,motive_8
motive_1,0.0,0.27824008120912636,0.5641829762088885,0.3266330440583435,0.11817164470832409,0.7219526741499986,0.13989121482146166,0.7394988054294598
motive_2,0.27824008120912636,0.0,0.4745047089724326,0.6879912650790394,0.6022288743274853,0.28044126905213096,0.3487613495257855,0.5024421923980286
motive_3,0.5641829762088885,0.4745047089724326,0.0,0.6734152018337789,-0.004187655060671688,0.30345709382060293,0.6485332247718886,-0.0870385826435979
motive_4,0.3266330440583435,0.6879912650790394,0.6734152018337789,0.0,0.9306115947769642,0.0006515017363781794,0.5111408974680246,0.5245077397939227
motive_5,0.11817164470832409,0.6022288743274853,-0.004187655060671688,0.9306115947769642,0.0,0.6316789207804101,0.27199570271429674,0.3603972425284306
motive_6,0.7219526741499986,0.28044126905213096,0.30345709382060293,0.0006515017363781794,0.6316789207804101,0.0,0.286707068898455,0.9558806434406963
motive_7,0.13989121482146166,0.3487613495257855,0.6485332247718886,0.5111408974680246,0.27199570271429674,0.286707068898455,0.0,0.03749479800711972
motive_8,0.7394988054294598,0.5024421923980286,-0.0870385826435979,0.5245077397939227,0.3603972425284306,0.9558806434406963,0.03749479800711972,0.0
