,motive_1,motive_2,motive_3,motive_4,motive_5,motive_6,motive_7,motive_8
satisfaction,0.07148994704192323,0.31055188579672255,0.3003101341730765,0.06825256312315055,0.14838821968297608,0.24987797084340835,-0.050837250173975584,0.19074937049918195
