,motive_1,motive_2,motive_3,motive_4,motive_5,motive_6,motive_7,motive_8
motive_1,0.0,0.7635034602678384,0.2015175266409776,-0.03605151337586038,0.42480229103646866,0.06253446794340045,0.27717034433248017,0.47253951322563026
motive_2,0.7635034602678384,0.0,0.3565704252684722,0.49102944542858673,0.5010273337744595,0.560290148239907,0.2941919418607909,0.6599941000863685
motive_3,0.2015175266409776,0.3565704252684722,0.0,-0.1712567769047872,0.2951361768528453,-0.13818411251855342,-0.6609758495582718,0.408134429843196
motive_4,-0.03605151337586038,0.49102944542858673,-0.1712567769047872,0.0,0.39473733334224204,-0.03282818191255682,0.12674351639276552,0.09787826624919499
motive_5,0.42480229103646866,0.5010273337744595,0.2951361768528453,0.39473733334224204,0.0,-0.10714658173814097,-0.3264258293404907,0.3578184944706703
motive_6,0.06253446794340045,0.560290148239907,-0.13818411251855342,-0.03282818191255682,-0.10714658173814097,0.0,0.6027553065611853,-0.1906769181027421
motive_7,0.27717034433248017,0.2941919418607909,-0.6609758495582718,0.12674351639276552,-0.3264258293404907,0.6027553065611853,0.0,0.018965900669480174
motive_8,0.47253951322563026,0.6599941000863685,0.408134429843196,0.09787826624919499,0.3578184944706703,-0.1906769181027421,0.018965900669480174,0.0
