,motive_1,motive_2,motive_3,motive_4,motive_5,motive_6,motive_7,motive_8
motive_1,0.0,-0.0229678162163459,0.03578499760318704,0.6406373388391567,0.33551958461543424,0.3295620248554907,-0.005569312976583779,-0.03575682525664205
motive_2,-0.0229678162163459,0.0,0.23492799743015735,0.339511558228202,-0.10553364007412594,0.11575698881154059,0.4611657303023702,0.3323308766019506
motive_3,0.03578499760318704,0.23492799743015735,0.0,-0.10248210487276213,-0.11870046300765984,0.3517617067954033,0.30963675313858835,0.35723600381513854
motive_4,0.6406373388391567,0.339511558228202,-0.10248210487276213,0.0,0.2137745768718231,-0.01892806975861122,0.3608348604351294,0.7366343072489906
motive_5,0.33551958461543424,-0.10553364007412594,-0.11870046300765984,0.2137745768718231,0.0,-0.03592158984066199,-0.1090630626265517,0.2673645013055521
motive_6,0.3295620248554907,0.11575698881154059,0.3517617067954033,-0.01892806975861122,-0.03592158984066199,0.0,-0.12514183310871785,0.33952353319878614
motive_7,-0.005569312976583779,0.4611657303023702,0.30963675313858835,0.3608348604351294,-0.1090630626265517,-0.12514183310871785,0.0,-0.09666768182247171
motive_8,-0.03575682525664205,0.3323308766019506,0.35723600381513854,0.7366343072489906,0.2673645013055521,0.33952353319878614,-0.09666768182247171,0.0
