,motive_1,motive_2,motive_3,motive_4,motive_5,motive_6,motive_7,motive_8
motive_1,0.0,0.3031266198741582,0.49100417707313265,0.37934686372182796,0.17271642007332738,0.39394786943301147,0.7912315330196568,0.355056481895512
motive_2,0.3031266198741582,0.0,0.4457553908850833,0.6097296529360328,0.5023455241530366,0.5465020553645077,0.5257417299883332,0.5004904425821683
motive_3,0.49100417707313265,0.4457553908850833,0.0,0.3758320860304722,0.20451135051132843,0.23946785497797404,0.5418770290845714,0.3653571139117424
motive_4,0.37934686372182796,0.6097296529360328,0.3758320860304722,0.0,0.7577826607775188,0.673281454826444,0.5179151015603402,0.4317562500302446
motive_5,0.17271642007332738,0.5023455241530366,0.20451135051132843,0.7577826607775188,0.0,0.6175768423755509,-0.17047883526794338,0.30378574521596
motive_6,0.39394786943301147,0.5465020553645077,0.23946785497797404,0.673281454826444,0.6175768423755509,0.0,0.5037212820321514,0.4564078409116323
motive_7,0.7912315330196568,0.5257417299883332,0.5418770290845714,0.5179151015603402,-0.17047883526794338,0.5037212820321514,0.0,0.5118578904876172
motive_8,0.355056481895512,0.5004904425821683,0.3653571139117424,0.4317562500302446,0.30378574521596,0.4564078409116323,0.5118578904876172,0.0
