,motive_1,motive_2,motive_3,motive_4,motive_5,motive_6,motive_7,motive_8
motive_1,0.0,-0.0676536015162506,0.050052623773658475,-0.06526261359084291,0.0594329263174269,-0.0633489882677572,0.018382635850210112,0.06217639162386863
motive_2,-0.0676536015162506,0.0,0.020982582410119827,-0.19341643197768982,-0.0027626970463982712,0.13919748320374686,0.0024926992857457987,0.020110982637971654
motive_3,0.050052623773658475,0.020982582410119827,0.0,-0.04611755445902435,0.12205348342450241,-0.10798985553776232,0.055128921571576825,0.01778245627068918
motive_4,-0.06526261359084291,-0.19341643197768982,-0.04611755445902435,0.0,0.03795382047382308,-0.10795388929601109,0.04979618212072622,0.016569133965382447
motive_5,0.0594329263174269,-0.0027626970463982712,0.12205348342450241,0.03795382047382308,0.0,-0.018698812364403537,0.10615174377130594,0.046724645153419876
motive_6,-0.0633489882677572,0.13919748320374686,-0.10798985553776232,-0.10795388929601109,-0.018698812364403537,0.0,-0.033816894714617345,0.09487707714878826
motive_7,0.018382635850210112,0.0024926992857457987,0.055128921571576825,0.04979618212072622,0.10615174377130594,-0.033816894714617345,0.0,0.13768806732291428
motive_8,0.06217639162386863,0.020110982637971654,0.01778245627068918,0.016569133965382447,0.046724645153419876,0.09487707714878826,0.13768806732291428,0.0
