,motive_1,motive_2,motive_3,motive_4,motive_5,motive_6,motive_7,motive_8
motive_1,0.0,-0.2177293019325196,-0.0827638270403653,0.04074913343787348,-0.16256623324500188,-0.040425139466294224,-0.1099575108499326,0.00740395522904766
motive_2,-0.2177293019325196,0.0,-0.04918359536566644,0.11311404199365084,-0.11106297410181784,-0.012359254139916807,0.06411628261063362,-0.018892537685362025
motive_3,-0.0827638270403653,-0.04918359536566644,0.0,-0.046395485844242225,-0.1166250568416799,-0.019455917178105943,-0.037331944948009024,-0.007136487334983836
motive_4,0.04074913343787348,0.11311404199365084,-0.046395485844242225,0.0,-0.051609322393077355,0.07528037899041072,-0.017723571529549058,-0.09454164679973194
motive_5,-0.16256623324500188,-0.11106297410181784,-0.1166250568416799,-0.051609322393077355,0.0,0.03895912170594827,-0.04940890465236911,0.07445168072858074
motive_6,-0.040425139466294224,-0.012359254139916807,-0.019455917178105943,0.07528037899041072,0.03895912170594827,0.0,0.12675543618051252,0.0038192533928445016
motive_7,-0.1099575108499326,0.06411628261063362,-0.037331944948009024,-0.017723571529549058,-0.04940890465236911,0.12675543618051252,0.0,0.07568463924328707
motive_8,0.00740395522904766,-0.018892537685362025,-0.007136487334983836,-0.09454164679973194,0.07445168072858074,0.0038192533928445016,0.07568463924328707,0.0
