,motive_1,motive_2,motive_3,motive_4,motive_5,motive_6,motive_7,motive_8
motive_1,0.0,0.25990540621116426,0.23052005348680238,0.009617915984300396,0.06982235122193342,-0.06294203696249556,-0.02213254750861436,-0.003407595142935302
motive_2,0.25990540621116426,0.0,0.10320445165094252,0.090350224519548,0.015483222840876082,0.11688467865618868,0.11047644487806599,0.0014129682136421948
motive_3,0.23052005348680238,0.10320445165094252,0.0,0.21417190656862012,0.08170453345643602,0.21136575119966144,-0.006984893886360602,0.026615742422190072
motive_4,0.009617915984300396,0.090350224519548,0.21417190656862012,0.0,0.11723030684400444,0.07356931374827816,0.20423517612023917,0.04042832295931619
motive_5,0.06982235122193342,0.015483222840876082,0.08170453345643602,0.11723030684400444,0.0,0.11187448528328,-0.03466119201768794,-4.4233242123242755e-05
motive_6,-0.06294203696249556,0.11688467865618868,0.21136575119966144,0.07356931374827816,0.11187448528328,0.0,0.07710403366298427,0.23357622148459858
motive_7,-0.02213254750861436,0.11047644487806599,-0.006984893886360602,0.20423517612023917,-0.03466119201768794,0.07710403366298427,0.0,0.26888069207509846
motive_8,-0.003407595142935302,0.0014129682136421948,0.026615742422190072,0.04042832295931619,-4.4233242123242755e-05,0.23357622148459858,0.26888069207509846,0.0
