,motive_1,motive_2,motive_3,motive_4,motive_5,motive_6,motive_7,motive_8
motive_1,0.0,0.2660259108619946,0.980730833993003,0.10973037776944596,0.7100223882210632,0.47131365185806806,0.4057164312142335,0.4865618895948284
motive_2,0.2660259108619946,0.0,0.30618078958110656,0.08541393311883885,0.1890093936979222,0.39473499941105206,0.11378245252050376,-0.05409711259644148
motive_3,0.980730833993003,0.30618078958110656,0.0,0.10286987263238156,0.21421087329121857,0.6337831741305837,0.2849792821243138,0.20971713004522174
motive_4,0.10973037776944596,0.08541393311883885,0.10286987263238156,0.0,0.44186466315474926,0.7243899116966718,0.5485834421800068,0.35453513396992165
motive_5,0.7100223882210632,0.1890093936979222,0.21421087329121857,0.44186466315474926,0.0,0.4731028946997907,0.5776681382798488,0.2568031182419681
motive_6,0.47131365185806806,0.39473499941105206,0.6337831741305837,0.7243899116966718,0.4731028946997907,0.0,0.2807169065849814,0.5067119264277603
motive_7,0.4057164312142335,0.11378245252050376,0.2849792821243138,0.5485834421800068,0.5776681382798488,0.2807169065849814,0.0,0.3667735244534425
motive_8,0.4865618895948284,-0.05409711259644148,0.20971713004522174,0.35453513396992165,0.2568031182419681,0.5067119264277603,0.3667735244534425,0.0
