,motive_1,motive_2,motive_3,motive_4,motive_5,motive_6,motive_7,motive_8
motive_1,0.0,0.11491800384589115,-0.1580422612263398,0.1030190520164444,-0.07946846363865971,-0.015467670957686745,-0.06580572325742975,0.12464738227223053
motive_2,0.11491800384589115,0.0,0.0807406795224068,0.05007169480448991,-0.1492582293429831,0.002470366310874987,0.02942511327716043,0.1339861401527712
motive_3,-0.1580422612263398,0.0807406795224068,0.0,0.08478509242619642,-0.09438966744907765,-0.06993327681371746,0.06862071521700842,0.03781881824111464
motive_4,0.1030190520164444,0.05007169480448991,0.08478509242619642,0.0,0.014931923030277919,0.004705551626741647,0.09596958631036465,-0.003018689766427378
motive_5,-0.07946846363865971,-0.1492582293429831,-0.09438966744907765,0.014931923030277919,0.0,-0.0736401154599002,-0.047813421769013674,7.209913671531523e-05
motive_6,-0.015467670957686745,0.002470366310874987,-0.06993327681371746,0.004705551626741647,-0.0736401154599002,0.0,0.09019988083956962,0.011332541072427656
motive_7,-0.06580572325742975,0.02942511327716043,0.06862071521700842,0.09596958631036465,-0.047813421769013674,0.09019988083956962,0.0,0.014777401077800498
motive_8,0.12464738227223053,0.1339861401527712,0.03781881824111464,-0.003018689766427378,7.209913671531523e-05,0.011332541072427656,0.014777401077800498,0.0
