,motive_1,motive_2,motive_3,motive_4,motive_5,motive_6,motive_7,motive_8
motive_1,0.0,0.32366590798741746,0.23255922121878453,0.4995110989703086,0.48006929085847566,0.455327293003041,0.17854580150731184,0.2873580310779523
motive_2,0.32366590798741746,0.0,0.400282404796655,0.45757946326663124,0.8801953257488442,0.4937597190470704,0.3732464864478074,0.41277976367428565
motive_3,0.23255922121878453,0.400282404796655,0.0,0.3550185756475881,0.22673082796937313,0.41111858334466966,-0.29244380333489034,0.6381588649376603
motive_4,0.4995110989703086,0.45757946326663124,0.3550185756475881,0.0,0.4193698287741189,0.3693034929047952,0.47934948579681946,0.26702083101654855
motive_5,0.48006929085847566,0.8801953257488442,0.22673082796937313,0.4193698287741189,0.0,0.3263271657422461,0.12522279149267657,0.23324246002588403
motive_6,0.455327293003041,0.4937597190470704,0.41111858334466966,0.3693034929047952,0.3263271657422461,0.0,0.4138937164521431,0.6254064890731237
motive_7,0.17854580150731184,0.3732464864478074,-0.29244380333489034,0.47934948579681946,0.12522279149267657,0.4138937164521431,0.0,0.49774366701747563
motive_8,0.2873580310779523,0.41277976367428565,0.6381588649376603,0.26702083101654855,0.23324246002588403,0.6254064890731237,0.49774366701747563,0.0
