,motive_1,motive_2,motive_3,motive_4,motive_5,motive_6,motive_7,motive_8
motive_1,0.0,0.1789921506716667,0.171945480250765,0.2560630564916073,0.0763814825977908,0.08893346920271131,0.0713005673654171,0.09680713981855606
motive_2,0.1789921506716667,0.0,0.1524664397733415,-0.003656417052501304,0.026400826349199345,0.07739141959743669,0.02691998649608314,0.05332534455355469
motive_3,0.171945480250765,0.1524664397733415,0.0,0.15449906744237574,0.22146423901656842,0.08524617206990345,0.06527796295795925,0.10447591913081886
motive_4,0.2560630564916073,-0.003656417052501304,0.15449906744237574,0.0,0.04508649993346767,0.20059833616537376,0.15105503032322837,-0.019281224542171495
motive_5,0.0763814825977908,0.026400826349199345,0.22146423901656842,0.04508649993346767,0.0,0.010562825713643142,0.14334399959065328,0.06994792001072232
motive_6,0.08893346920271131,0.07739141959743669,0.08524617206990345,0.20059833616537376,0.010562825713643142,0.0,0.23361817556784148,0.13885371132400962
motive_7,0.0713005673654171,0.02691998649608314,0.06527796295795925,0.15105503032322837,0.14334399959065328,0.23361817556784148,0.0,0.061827218436122496
motive_8,0.09680713981855606,0.05332534455355469,0.10447591913081886,-0.019281224542171495,0.06994792001072232,0.13885371132400962,0.061827218436122496,0.0
