,motive_1,motive_2,motive_3,motive_4,motive_5,motive_6,motive_7,motive_8
motive_1,0.0,0.1503222532616687,0.5860425460098315,0.20428133007856128,0.4777258644267238,0.5070971538294887,0.5894522889180229,0.4812764792607415
motive_2,0.1503222532616687,0.0,0.06045143670700383,0.5143736325958129,0.2515035810097641,0.11662929647907949,0.35722232664920456,0.2209177109726001
motive_3,0.5860425460098315,0.06045143670700383,0.0,0.52473496407978,0.4146409708510508,0.6642142422505262,0.049369693115870444,0.4086776729563086
motive_4,0.20428133007856128,0.5143736325958129,0.52473496407978,0.0,0.3698746713322627,0.42066585030738435,0.39352062285426515,0.6180580181547243
motive_5,0.4777258644267238,0.2515035810097641,0.4146409708510508,0.3698746713322627,0.0,0.5602081832376542,0.13555711918682267,0.4974742180719898
motive_6,0.5070971538294887,0.11662929647907949,0.6642142422505262,0.42066585030738435,0.5602081832376542,0.0,0.5688951079180284,0.5458028673591261
motive_7,0.5894522889180229,0.35722232664920456,0.049369693115870444,0.39352062285426515,0.13555711918682267,0.5688951079180284,0.0,0.5794827619343326
motive_8,0.4812764792607415,0.2209177109726001,0.4086776729563086,0.6180580181547243,0.4974742180719898,0.5458028673591261,0.5794827619343326,0.0
