,motive_1,motive_2,motive_3,motive_4,motive_5,motive_6,motive_7,motive_8
motive_1,0.0,0.1542933709129693,0.08539885457083324,-0.08844137607447501,0.07543131942064454,0.026362938109511888,0.16657282234654858,0.002343202511190849
motive_2,0.1542933709129693,0.0,0.17786616548872747,0.05150057286745126,0.01898679694302642,0.05839102519572449,0.1442798046040476,-0.023866274023816414
motive_3,0.08539885457083324,0.17786616548872747,0.0,0.09396080573624788,-0.026392983352618728,-0.03605757272123015,0.03267843623126942,0.016553760060455266
motive_4,-0.08844137607447501,0.05150057286745126,0.09396080573624788,0.0,0.023464887769748977,0.19493369131443838,0.2722383375668767,0.11907506786407779
motive_5,0.07543131942064454,0.01898679694302642,-0.026392983352618728,0.023464887769748977,0.0,0.1890704806293987,0.09870983934296595,0.09398912259764128
motive_6,0.026362938109511888,0.05839102519572449,-0.03605757272123015,0.19493369131443838,0.1890704806293987,0.0,0.055656854675532566,0.1444385531882422
motive_7,0.16657282234654858,0.1442798046040476,0.03267843623126942,0.2722383375668767,0.09870983934296595,0.055656854675532566,0.0,0.09410584441564145
motive_8,0.002343202511190849,-0.023866274023816414,0.016553760060455266,0.11907506786407779,0.09398912259764128,0.1444385531882422,0.09410584441564145,0.0
