,motive_1,motive_2,motive_3,motive_4,motive_5,motive_6,motive_7,motive_8
motive_1,0.0,0.007656860416823716,0.05719376776260919,-0.006694870461421684,-0.06852607409930248,-0.050242953167742105,-0.07130512307892439,-0.06055348122131681
motive_2,0.007656860416823716,0.0,0.02539749285720661,-0.1154166174991671,0.09001601075490365,0.11611600195011695,0.036700663632152596,-0.07276290749634767
motive_3,0.05719376776260919,0.02539749285720661,0.0,-0.02312404468115862,-0.024438801919496357,-0.06163710592694723,0.030279891661807612,-0.006404768451501876
motive_4,-0.006694870461421684,-0.1154166174991671,-0.02312404468115862,0.0,-0.02935949378371865,0.0036131226111174187,-0.004357267386034994,-0.0009935722389229022
motive_5,-0.06852607409930248,0.09001601075490365,-0.024438801919496357,-0.02935949378371865,0.0,-0.01327204922635981,0.032865074666814334,0.010267147949253855
motive_6,-0.050242953167742105,0.11611600195011695,-0.06163710592694723,0.0036131226111174187,-0.01327204922635981,0.0,-0.03257850956157127,0.01855284318192215
motive_7,-0.07130512307892439,0.036700663632152596,0.030279891661807612,-0.004357267386034994,0.032865074666814334,-0.03257850956157127,0.0,-0.0007311633866197778
motive_8,-0.06055348122131681,-0.07276290749634767,-0.006404768451501876,-0.0009935722389229022,0.010267147949253855,0.01855284318192215,-0.0007311633866197778,0.0
