,motive_1,motive_2,motive_3,motive_4,motive_5,motive_6,motive_7,motive_8
satisfaction,0.21348192768203791,-0.17244858573359156,0.07207439205249744,0.047491732237470524,0.09863792818084635,-0.15764021351710955,0.21696362748712406,0.3279753323808392
