,motive_1,motive_2,motive_3,motive_4,motive_5,motive_6,motive_7,motive_8
satisfaction,0.4731028707922087,-0.16802676678206457,-0.117058515574958,-0.2197218361435599,-0.06997999562512602,0.5653289484815871,0.13921574749152732,0.2474100129602046
