,motive_1,motive_2,motive_3,motive_4,motive_5,motive_6,motive_7,motive_8
motive_1,0.0,0.1971919143978595,-0.2303618040021328,0.15908630646433786,0.032701768596658645,0.8598226289821632,0.11435076011471917,0.46406130404294027
motive_2,0.1971919143978595,0.0,-0.029153140755126303,0.33246250953547907,0.4693044984140625,0.07769883934565493,0.294397600181743,0.09840371229792075
motive_3,-0.2303618040021328,-0.029153140755126303,0.0,0.15988010072570286,0.07683342112336156,-0.019096903460687528,0.29850316670184507,-0.02490424581665697
motive_4,0.15908630646433786,0.33246250953547907,0.15988010072570286,0.0,0.1510064045316617,0.3733730062245246,0.6678887775191402,0.1412878103792078
motive_5,0.032701768596658645,0.4693044984140625,0.07683342112336156,0.1510064045316617,0.0,0.10608081473918649,0.4897617367472509,-0.053453845912605054
motive_6,0.8598226289821632,0.07769883934565493,-0.019096903460687528,0.3733730062245246,0.10608081473918649,0.0,0.2923483095307558,0.058546813059847325
motive_7,0.11435076011471917,0.294397600181743,0.29850316670184507,0.6678887775191402,0.4897617367472509,0.2923483095307558,0.0,0.23760511025269687
motive_8,0.46406130404294027,0.09840371229792075,-0.02490424581665697,0.1412878103792078,-0.053453845912605054,0.058546813059847325,0.23760511025269687,0.0
