,motive_1,motive_2,motive_3,motive_4,motive_5,motive_6,motive_7,motive_8
motive_1,0.0,0.5139435995466433,0.33348080060205554,0.5288070261311915,0.214392237789714,0.3547140322048742,0.3099302169037778,0.31003840046153786
motive_2,0.5139435995466433,0.0,0.3700305624814618,0.03898209314933246,0.5711135623360523,0.5727351388472013,0.7852938769767346,0.7538037560223496
motive_3,0.33348080060205554,0.3700305624814618,0.0,0.24705552737709863,0.3083790423875551,0.3362326508862899,0.6481827714593547,0.15475038417858963
motive_4,0.5288070261311915,0.03898209314933246,0.24705552737709863,0.0,0.2565339160826362,0.10864922400385248,0.3302242684894798,0.2750745952227821
motive_5,0.214392237789714,0.5711135623360523,0.3083790423875551,0.2565339160826362,0.0,0.43452002570165554,0.16740395414624468,0.3160602736786686
motive_6,0.3547140322048742,0.5727351388472013,0.3362326508862899,0.10864922400385248,0.43452002570165554,0.0,0.12148236397606049,0.3588116018776115
motive_7,0.3099302169037778,0.7852938769767346,0.6481827714593547,0.3302242684894798,0.16740395414624468,0.12148236397606049,0.0,0.3599228093011402
motive_8,0.31003840046153786,0.7538037560223496,0.15475038417858963,0.2750745952227821,0.3160602736786686,0.3588116018776115,0.3599228093011402,0.0
