,motive_1,motive_2,motive_3,motive_4,motive_5,motive_6,motive_7,motive_8
motive_1,0.0,-0.008406235436549947,0.01261314097021618,0.1818696572353601,0.13864458246001082,0.00820374012177439,0.08032753566087111,-0.019422434544943565
motive_2,-0.008406235436549947,0.0,0.19495538476987864,0.24090649952307555,0.031067702129831613,0.11874077824292179,0.05660930718050615,0.059174396183300546
motive_3,0.01261314097021618,0.19495538476987864,0.0,0.169266955738119,0.09101394761943163,0.022153456487198974,0.040025681060958516,0.0013538551518999797
motive_4,0.1818696572353601,0.24090649952307555,0.169266955738119,0.0,0.08778731973870937,0.12299799249322671,0.22054028863205694,0.037118354679146565
motive_5,0.13864458246001082,0.031067702129831613,0.09101394761943163,0.08778731973870937,0.0,0.1629293152811514,0.00994495962050404,0.15967616490267716
motive_6,0.00820374012177439,0.11874077824292179,0.022153456487198974,0.12299799249322671,0.1629293152811514,0.0,0.1137906935715318,0.02772778985491453
motive_7,0.08032753566087111,0.05660930718050615,0.040025681060958516,0.22054028863205694,0.00994495962050404,0.1137906935715318,0.0,0.006715847585967459
motive_8,-0.019422434544943565,0.059174396183300546,0.0013538551518999797,0.037118354679146565,0.15967616490267716,0.02772778985491453,0.006715847585967459,0.0
