,motive_1,motive_2,motive_3,motive_4,motive_5,motive_6,motive_7,motive_8
motive_1,0.0,0.3905468943235988,0.6041022186871575,-0.07621598504883545,0.5871340916201087,0.25756938116650435,0.6381930301303893,0.4092675266718616
motive_2,0.3905468943235988,0.0,0.7435600657361245,0.7148519005600448,0.49863011676197877,0.4515625625651065,0.3106914477972913,0.3230900826479337
motive_3,0.6041022186871575,0.7435600657361245,0.0,0.30153524001224913,0.3840127850965098,0.5162806421742627,0.2593120644029775,0.38350051075757435
motive_4,-0.07621598504883545,0.7148519005600448,0.30153524001224913,0.0,0.5823673897430688,0.1125690871520764,0.5890093044501714,0.418690702945405
motive_5,0.5871340916201087,0.49863011676197877,0.3840127850965098,0.5823673897430688,0.0,0.7736714231954545,0.24781655449985474,0.5805116935125383
motive_6,0.25756938116650435,0.4515625625651065,0.5162806421742627,0.1125690871520764,0.7736714231954545,0.0,0.6243467614181973,0.6711095842638519
motive_7,0.6381930301303893,0.3106914477972913,0.2593120644029775,0.5890093044501714,0.24781655449985474,0.6243467614181973,0.0,0.5920157977870475
motive_8,0.4092675266718616,0.3230900826479337,0.38350051075757435,0.418690702945405,0.5805116935125383,0.6711095842638519,0.5920157977870475,0.0
