,motive_1,motive_2,motive_3,motive_4,motive_5,motive_6,motive_7,motive_8
satisfaction,-0.18955533552648135,0.12464499380973816,0.6039060768566977,0.007111012055409177,0.41272951363459076,0.08725693539264961,-0.5942359047823413,0.1318497472735592
