,motive_1,motive_2,motive_3,motive_4,motive_5,motive_6,motive_7,motive_8
motive_1,0.0,0.15693051493861812,0.06885638906463074,0.109699773783493,0.05952823985617478,0.08203286340270599,0.0895515146069312,0.1004978068834311
motive_2,0.15693051493861812,0.0,0.11545775600089692,0.0754542015970792,-0.003079165708335649,0.1090065438600953,0.042049763389225454,0.1937721576484635
motive_3,0.06885638906463074,0.11545775600089692,0.0,0.09425537652726804,0.08945276738745964,0.05076363691019155,0.06620435807472942,0.05088685639512676
motive_4,0.109699773783493,0.0754542015970792,0.09425537652726804,0.0,-0.00776842739445778,-0.041942980321632,0.24365985791059652,0.14262057558666252
motive_5,0.05952823985617478,-0.003079165708335649,0.08945276738745964,-0.00776842739445778,0.0,0.09088551864067276,0.03359980432760168,0.09308989653796425
motive_6,0.08203286340270599,0.1090065438600953,0.05076363691019155,-0.041942980321632,0.09088551864067276,0.0,0.12724333819024874,0.16120924887839452
motive_7,0.0895515146069312,0.042049763389225454,0.06620435807472942,0.24365985791059652,0.03359980432760168,0.12724333819024874,0.0,0.17529506356096075
motive_8,0.1004978068834311,0.1937721576484635,0.05088685639512676,0.14262057558666252,0.09308989653796425,0.16120924887839452,0.17529506356096075,0.0
