,motive_1,motive_2,motive_3,motive_4,motive_5,motive_6,motive_7,motive_8
satisfaction,0.5757986782965396,-0.0681861510425747,-0.46504819538655334,0.41827128578961725,0.22853514610372422,0.0876767805627895,0.11968264984774675,0.260414807350982
