,motive_1,motive_2,motive_3,motive_4,motive_5,motive_6,motive_7,motive_8
motive_1,0.0,0.1287778823546679,-0.006191892461534419,-0.0278058085626812,-0.08199908648246654,-0.020029436564087365,-0.03432965474870277,-0.08075416181337741
motive_2,0.1287778823546679,0.0,0.02020231023652877,-0.10704066683615782,0.07027123851447147,-0.07642883994300158,-0.025587486563859785,0.03675519880950678
motive_3,-0.006191892461534419,0.02020231023652877,0.0,-0.03205487861099136,0.05410074992145265,0.0774512771287086,-0.030766035299182426,-0.029634211610297653
motive_4,-0.0278058085626812,-0.10704066683615782,-0.03205487861099136,0.0,0.02605421993212625,-0.06953758692996989,-0.04639040760552117,-0.04003956738965975
motive_5,-0.08199908648246654,0.07027123851447147,0.05410074992145265,0.02605421993212625,0.0,0.0025193867320908447,0.03624893918996427,0.08897395399410045
motive_6,-0.020029436564087365,-0.07642883994300158,0.0774512771287086,-0.06953758692996989,0.0025193867320908447,0.0,-0.020457319255220693,-0.05649792260499412
motive_7,-0.03432965474870277,-0.025587486563859785,-0.030766035299182426,-0.04639040760552117,0.03624893918996427,-0.020457319255220693,0.0,-0.011991678918966686
motive_8,-0.08075416181337741,0.03675519880950678,-0.029634211610297653,-0.04003956738965975,0.08897395399410045,-0.05649792260499412,-0.011991678918966686,0.0
