,motive_1,motive_2,motive_3,motive_4,motive_5,motive_6,motive_7,motive_8
satisfaction,0.02454701594517908,0.011599250760320562,-0.061962322782641494,0.3090492201411022,0.5123562347493278,-0.2675446271742705,0.1995572566264256,-0.02783828330769081
