,motive_1,motive_2,motive_3,motive_4,motive_5,motive_6,motive_7,motive_8
motive_1,0.0,-0.029279439136845734,0.8592780172925897,0.275671469202067,0.02684465336865663,0.242045600368054,0.024628249341874325,0.09249743757983994
motive_2,-0.029279439136845734,0.0,0.09830425937890434,0.3413554881253975,0.4586561820873008,0.34010201050433087,0.6026268178649079,-0.1508859624152147
motive_3,0.8592780172925897,0.09830425937890434,0.0,0.4177037507671769,0.31930971706401595,0.0066075136672099355,0.02651953783377356,0.01948955912602078
motive_4,0.275671469202067,0.3413554881253975,0.4177037507671769,0.0,-0.14439384066788738,0.2248560077993957,0.3643127551088535,0.24284771701921976
motive_5,0.02684465336865663,0.4586561820873008,0.31930971706401595,-0.14439384066788738,0.0,-0.24544855089416398,-0.1894093758564842,-0.06666567139810538
motive_6,0.242045600368054,0.34010201050433087,0.0066075136672099355,0.2248560077993957,-0.24544855089416398,0.0,0.2855698093828578,0.3127581096970518
motive_7,0.024628249341874325,0.6026268178649079,0.02651953783377356,0.3643127551088535,-0.1894093758564842,0.2855698093828578,0.0,0.207955710464357
motive_8,0.09249743757983994,-0.1508859624152147,0.01948955912602078,0.24284771701921976,-0.06666567139810538,0.3127581096970518,0.207955710464357,0.0
