,motive_1,motive_2,motive_3,motive_4,motive_5,motive_6,motive_7,motive_8
motive_1,0.0,0.06424383528371498,-0.08907677286771215,0.039108602032683876,0.014755742100234153,-0.027253477438043114,-0.023012114782061874,0.022356207168370917
motive_2,0.06424383528371498,0.0,-0.12381855577747393,0.03062411986492189,-0.01742796273047069,-0.06886026097709315,0.07327871175666538,-0.05030532367936473
motive_3,-0.08907677286771215,-0.12381855577747393,0.0,0.021513741819793646,-0.0013703074885623731,-0.04101931270455097,-0.0016955677690609627,0.03234543705274528
motive_4,0.039108602032683876,0.03062411986492189,0.021513741819793646,0.0,-0.01721940909130072,-0.02943670878571821,0.028921380209726417,-0.11436665813756708
motive_5,0.014755742100234153,-0.01742796273047069,-0.0013703074885623731,-0.01721940909130072,0.0,0.03147474371329368,-0.02822751448373742,0.16121951506123194
motive_6,-0.027253477438043114,-0.06886026097709315,-0.04101931270455097,-0.02943670878571821,0.03147474371329368,0.0,-0.12235004861041876,-0.05400706124124276
motive_7,-0.023012114782061874,0.07327871175666538,-0.0016955677690609627,0.028921380209726417,-0.02822751448373742,-0.12235004861041876,0.0,-0.03718775058694995
motive_8,0.022356207168370917,-0.05030532367936473,0.03234543705274528,-0.11436665813756708,0.16121951506123194,-0.05400706124124276,-0.03718775058694995,0.0
