,motive_1,motive_2,motive_3,motive_4,motive_5,motive_6,motive_7,motive_8
motive_1,0.0,0.5039677816841998,0.0998184098397879,0.2844198655468705,0.39882432635460013,0.3096746973863487,0.34183260961192496,0.3675861176378367
motive_2,0.5039677816841998,0.0,0.707241929993358,0.43975142706019554,0.40415482149847276,0.3137802032048881,0.2548096906942441,0.28649310755358237
motive_3,0.0998184098397879,0.707241929993358,0.0,0.5301809925649816,0.47379408060386746,0.7308395947049251,0.3159902712276115,0.21441040668479372
motive_4,0.2844198655468705,0.43975142706019554,0.5301809925649816,0.0,0.31006133365080524,0.7726447984517189,0.3112464014123576,0.7915210300830664
motive_5,0.39882432635460013,0.40415482149847276,0.47379408060386746,0.31006133365080524,0.0,-0.11493251607756319,0.17035794846511346,0.36773122392803037
motive_6,0.3096746973863487,0.3137802032048881,0.7308395947049251,0.7726447984517189,-0.11493251607756319,0.0,-0.07878610657464469,0.2678562698809034
motive_7,0.34183260961192496,0.2548096906942441,0.3159902712276115,0.3112464014123576,0.17035794846511346,-0.07878610657464469,0.0,0.48664828239429847
motive_8,0.3675861176378367,0.28649310755358237,0.21441040668479372,0.7915210300830664,0.36773122392803037,0.2678562698809034,0.48664828239429847,0.0
