,motive_1,motive_2,motive_3,motive_4,motive_5,motive_6,motive_7,motive_8
satisfaction,0.3128462214587956,0.5503457281380363,0.3566997104529912,-0.07218076522392025,0.01393392234294466,0.36929844482310736,0.22480722799962918,0.011132161889751857
