,motive_1,motive_2,motive_3,motive_4,motive_5,motive_6,motive_7,motive_8
motive_1,0.0,0.027864263253798982,0.04202076188607552,0.0874407903966822,0.1357910638179795,0.15511175949328843,0.01717083674402696,0.14350516515977993
motive_2,0.027864263253798982,0.0,0.1491459379863904,0.1460866752973977,0.012501286901943139,0.14076800476047355,0.07494725037012748,0.05370409412988039
motive_3,0.04202076188607552,0.1491459379863904,0.0,0.13902998767384783,0.12345063396650555,0.26486892747340685,0.16932896221585375,0.009888389254433569
motive_4,0.0874407903966822,0.1460866752973977,0.13902998767384783,0.0,0.12556734812632495,0.05513830227882902,0.23063915522389453,0.06758617764719178
motive_5,0.1357910638179795,0.012501286901943139,0.12345063396650555,0.12556734812632495,0.0,0.033157624806102244,0.0823781249493563,0.08171403865976988
motive_6,0.15511175949328843,0.14076800476047355,0.26486892747340685,0.05513830227882902,0.033157624806102244,0.0,0.0618161954884989,0.19722156713503997
motive_7,0.01717083674402696,0.07494725037012748,0.16932896221585375,0.23063915522389453,0.0823781249493563,0.0618161954884989,0.0,0.17367950447321745
motive_8,0.14350516515977993,0.05370409412988039,0.009888389254433569,0.06758617764719178,0.08171403865976988,0.19722156713503997,0.17367950447321745,0.0
