,motive_1,motive_2,motive_3,motive_4,motive_5,motive_6,motive_7,motive_8
motive_1,0.0,-0.4840679081382713,0.6888929988542397,0.20908358159165674,0.7507795166479194,-0.24351617427544647,-0.47657025075951015,1.35826484878754
motive_2,-0.4840679081382713,0.0,-0.21584798396509897,-0.2984141576009201,0.472059337548437,-0.00031944848994658326,-0.23980339315790394,0.11519354558230321
motive_3,0.6888929988542397,-0.21584798396509897,0.0,0.13948558914177528,0.5703957973755184,0.046111288602491265,-0.365390128638072,-0.2706597989039538
motive_4,0.20908358159165674,-0.2984141576009201,0.13948558914177528,0.0,-0.0019041257527979832,0.12648321652510247,0.3481465127691715,-0.2944318021900482
motive_5,0.7507795166479194,0.472059337548437,0.5703957973755184,-0.0019041257527979832,0.0,1.0675398763023474,0.47009886730135286,0.4773420008278835
motive_6,-0.24351617427544647,-0.00031944848994658326,0.046111288602491265,0.12648321652510247,1.0675398763023474,0.0,-0.14442346673927853,0.059607968516097745
motive_7,-0.47657025075951015,-0.23980339315790394,-0.365390128638072,0.3481465127691715,0.47009886730135286,-0.14442346673927853,0.0,-0.09977182191833991
motive_8,1.35826484878754,0.11519354558230321,-0.2706597989039538,-0.2944318021900482,0.4773420008278835,0.059607968516097745,-0.09977182191833991,0.0
