,motive_1,motive_2,motive_3,motive_4,motive_5,motive_6,motive_7,motive_8
motive_1,0.0,-0.3713876021197653,0.06317275109697318,-0.22177477571993004,-0.5824083770889643,-0.07300090263388535,0.09629229532056999,-0.11466507722836321
motive_2,-0.3713876021197653,0.0,0.5233986689275614,-0.42857021138280943,0.1659761677251725,0.5625570168312909,0.37938256595118747,-0.2603782318382043
motive_3,0.06317275109697318,0.5233986689275614,0.0,-0.2727997151934921,0.2082072828780553,-0.5333452341818481,0.9042838498662962,-0.48097161871238
motive_4,-0.22177477571993004,-0.42857021138280943,-0.2727997151934921,0.0,-0.3223719961238474,-0.2743459846169361,0.732655336221094,0.017899466722901825
motive_5,-0.5824083770889643,0.1659761677251725,0.2082072828780553,-0.3223719961238474,0.0,0.4172605412552388,0.31569559054547336,0.5012660612944901
motive_6,-0.07300090263388535,0.5625570168312909,-0.5333452341818481,-0.2743459846169361,0.4172605412552388,0.0,0.1031084652201294,0.48684628133187513
motive_7,0.09629229532056999,0.37938256595118747,0.9042838498662962,0.732655336221094,0.31569559054547336,0.1031084652201294,0.0,-0.33535074340944426
motive_8,-0.11466507722836321,-0.2603782318382043,-0.48097161871238,0.017899466722901825,0.5012660612944901,0.48684628133187513,-0.33535074340944426,0.0
