,motive_1,motive_2,motive_3,motive_4,motive_5,motive_6,motive_7,motive_8
motive_1,0.0,0.22297768587564903,0.29326331385676013,0.18981239810638295,0.23374527220351943,0.19546695195828767,-0.008859825040116287,-0.08984060156181592
motive_2,0.22297768587564903,0.0,0.2857558549446083,0.4058368533847767,0.23492884410449316,0.2223013002308527,0.5215152008482685,0.37175878990045275
motive_3,0.29326331385676013,0.2857558549446083,0.0,0.1419023146369059,0.5554139633314157,0.43233796066134644,-0.015984510479639828,0.061692952374695464
motive_4,0.18981239810638295,0.4058368533847767,0.1419023146369059,0.0,0.0826722519994543,0.11641059190649217,0.15089801225297228,-0.1499422714735556
motive_5,0.23374527220351943,0.23492884410449316,0.5554139633314157,0.0826722519994543,0.0,0.14136968725575574,-0.14446678156091208,-0.11713493550969153
motive_6,0.19546695195828767,0.2223013002308527,0.43233796066134644,0.11641059190649217,0.14136968725575574,0.0,-0.07168636952432508,0.25642200539831383
motive_7,-0.008859825040116287,0.5215152008482685,-0.015984510479639828,0.15089801225297228,-0.14446678156091208,-0.07168636952432508,0.0,0.31184813186239124
motive_8,-0.08984060156181592,0.37175878990045275,0.061692952374695464,-0.1499422714735556,-0.11713493550969153,0.25642200539831383,0.31184813186239124,0.0
