,motive_1,motive_2,motive_3,motive_4,motive_5,motive_6,motive_7,motive_8
motive_1,0.0,0.30437123481103395,0.3628406812379197,0.02406650793788516,0.592795405547875,0.32057114203516074,0.061385775558481986,0.29550463065591637
motive_2,0.30437123481103395,0.0,0.3981362472941139,0.36108007725459235,0.10674317688106033,0.4980456085214841,0.4957930490987738,0.464975720718582
motive_3,0.3628406812379197,0.3981362472941139,0.0,0.03716919574470007,0.31857446517789606,0.3589088057661798,0.3137813533007263,0.5839237935626689
motive_4,0.02406650793788516,0.36108007725459235,0.03716919574470007,0.0,0.6502095294350838,0.5544518096550908,-0.2759590793127739,0.18689905432100984
motive_5,0.592795405547875,0.10674317688106033,0.31857446517789606,0.6502095294350838,0.0,0.3154983279752851,0.21248846586711617,0.7176516225361335
motive_6,0.32057114203516074,0.4980456085214841,0.3589088057661798,0.5544518096550908,0.3154983279752851,0.0,0.4812607020195443,0.6277444269025862
motive_7,0.061385775558481986,0.4957930490987738,0.3137813533007263,-0.2759590793127739,0.21248846586711617,0.4812607020195443,0.0,0.23993934505945155
motive_8,0.29550463065591637,0.464975720718582,0.5839237935626689,0.18689905432100984,0.7176516225361335,0.6277444269025862,0.23993934505945155,0.0
