,motive_1,motive_2,motive_3,motive_4,motive_5,motive_6,motive_7,motive_8
motive_1,0.0,0.05888490132467368,0.32961760486799363,0.35777350039810535,0.3322807458757071,0.4061200422061314,0.6365662670844239,0.13904464384913168
motive_2,0.05888490132467368,0.0,0.2702335829403253,0.12086660186582186,0.15393343766836604,0.12422806866463862,0.5627536628459049,0.39281781924662246
motive_3,0.32961760486799363,0.2702335829403253,0.0,0.365791629449697,0.09201304529527729,0.5104509172086271,0.013769930632356,0.1612595580164285
motive_4,0.35777350039810535,0.12086660186582186,0.365791629449697,0.0,-0.12098622533159033,0.5069779970638175,0.10197312298058933,-0.24670498718872566
motive_5,0.3322807458757071,0.15393343766836604,0.09201304529527729,-0.12098622533159033,0.0,0.1459061640849048,0.2736338331186275,0.47280312623263915
motive_6,0.4061200422061314,0.12422806866463862,0.5104509172086271,0.5069779970638175,0.1459061640849048,0.0,0.30311605044343953,0.13863566949653067
motive_7,0.6365662670844239,0.5627536628459049,0.013769930632356,0.10197312298058933,0.2736338331186275,0.30311605044343953,0.0,-0.16316491288063983
motive_8,0.13904464384913168,0.39281781924662246,0.1612595580164285,-0.24670498718872566,0.47280312623263915,0.13863566949653067,-0.16316491288063983,0.0
