,motive_1,motive_2,motive_3,motive_4,motive_5,motive_6,motive_7,motive_8
motive_1,0.0,0.1446347378004701,-0.045987238599798,-0.11845031409250165,0.31092022964954164,0.4227258469133747,0.5953335840944751,0.1963479185153979
motive_2,0.1446347378004701,0.0,-0.12294892373026037,0.23941936272664333,-0.1767922057481381,0.28804579854915247,0.6724511568566012,-0.18221934946514548
motive_3,-0.045987238599798,-0.12294892373026037,0.0,0.31043472574114794,0.19900502647721965,0.2652698166408233,0.3885890344914734,0.19343752064516698
motive_4,-0.11845031409250165,0.23941936272664333,0.31043472574114794,0.0,0.17634876557820495,0.10536789717464765,0.23361755880842408,0.4017592154037402
motive_5,0.31092022964954164,-0.1767922057481381,0.19900502647721965,0.17634876557820495,0.0,0.21757471906961037,0.23943236194364717,0.3033072136029453
motive_6,0.4227258469133747,0.28804579854915247,0.2652698166408233,0.10536789717464765,0.21757471906961037,0.0,0.46029944901455117,0.04897203670141466
motive_7,0.5953335840944751,0.6724511568566012,0.3885890344914734,0.23361755880842408,0.23943236194364717,0.46029944901455117,0.0,0.3201743109344129
motive_8,0.1963479185153979,-0.18221934946514548,0.19343752064516698,0.4017592154037402,0.3033072136029453,0.04897203670141466,0.3201743109344129,0.0
