,motive_1,motive_2,motive_3,motive_4,motive_5,motive_6,motive_7,motive_8
satisfaction,0.018012616139000487,-0.07489601500071363,-0.20080321741955892,0.22871720108856125,0.056320337963590344,0.4592284561367023,-0.3207077815650206,0.33258766238959026
