,motive_1,motive_2,motive_3,motive_4,motive_5,motive_6,motive_7,motive_8
motive_1,0.0,0.002655348643621453,0.19814883314237328,0.1181805969319428,0.20846325277465325,0.04274730428742558,0.003904958206748299,0.3097108081312566
motive_2,0.002655348643621453,0.0,0.04735866933915017,0.03359764039984665,0.16200988959140616,0.08328009191834222,0.04336610114034935,0.10253225759705054
motive_3,0.19814883314237328,0.04735866933915017,0.0,0.10658093152362919,0.1783992995625864,0.09101854810041521,0.02243497856032134,0.03822336684934102
motive_4,0.1181805969319428,0.03359764039984665,0.10658093152362919,0.0,0.08301597904120034,0.10441386942085043,0.14135775212819526,0.03426136630165863
motive_5,0.20846325277465325,0.16200988959140616,0.1783992995625864,0.08301597904120034,0.0,0.2612566460503913,0.16168314455022548,0.16289033347131393
motive_6,0.04274730428742558,0.08328009191834222,0.09101854810041521,0.10441386942085043,0.2612566460503913,0.0,0.05926275554345359,0.09326799475268296
motive_7,0.003904958206748299,0.04336610114034935,0.02243497856032134,0.14135775212819526,0.16168314455022548,0.05926275554345359,0.0,0.06670469634694334
motive_8,0.3097108081312566,0.10253225759705054,0.03822336684934102,0.03426136630165863,0.16289033347131393,0.09326799475268296,0.06670469634694334,0.0
