,motive_1,motive_2,motive_3,motive_4,motive_5,motive_6,motive_7,motive_8
satisfaction,0.31233399856455774,0.5836129256784036,0.7424109408079227,0.15918524277546575,0.19129809540511794,0.07632071268142449,0.18196698558056626,-0.4995195433556379
