,motive_1,motive_2,motive_3,motive_4,motive_5,motive_6,motive_7,motive_8
satisfaction,0.36295825506901247,-0.05571535107406597,0.19617694568125393,-0.33796177101336655,-0.08175772084007998,-0.10909841349939114,0.1716675263019874,-0.10028138906669373
