,motive_1,motive_2,motive_3,motive_4,motive_5,motive_6,motive_7,motive_8
motive_1,0.0,-0.25059903638258607,-0.5040986512900838,0.09013442652200396,0.015592941086668977,-0.042791562605603926,-0.6464567400550966,-0.4703275011408222
motive_2,-0.25059903638258607,0.0,0.6540810644993537,1.3060232905064644,0.30964333779072617,0.4840255719242765,-0.5723562342175809,0.883896604324218
motive_3,-0.5040986512900838,0.6540810644993537,0.0,0.5598908223854144,-0.18328940175603536,-0.01527181590687865,0.43952838399751465,-0.6057633516049326
motive_4,0.09013442652200396,1.3060232905064644,0.5598908223854144,0.0,0.36662118018805806,0.37754029458091576,0.029835117991449556,0.3345622470167034
motive_5,0.015592941086668977,0.30964333779072617,-0.18328940175603536,0.36662118018805806,0.0,0.728108577030728,0.5689223455472785,-0.07811265236958176
motive_6,-0.042791562605603926,0.4840255719242765,-0.01527181590687865,0.37754029458091576,0.728108577030728,0.0,0.08941454156650752,0.31694154312391354
motive_7,-0.6464567400550966,-0.5723562342175809,0.43952838399751465,0.029835117991449556,0.5689223455472785,0.08941454156650752,0.0,-0.9791201231640843
motive_8,-0.4703275011408222,0.883896604324218,-0.6057633516049326,0.3345622470167034,-0.07811265236958176,0.31694154312391354,-0.9791201231640843,0.0
