,motive_1,motive_2,motive_3,motive_4,motive_5,motive_6,motive_7,motive_8
motive_1,0.0,-0.0015146052925796571,-0.029820335192978782,0.03378201491795585,-0.027092312658427663,0.01958904031325287,0.0517390145345126,0.07396908117290725
motive_2,-0.0015146052925796571,0.0,-0.04751140813556221,-0.01735757707281678,0.01302855778961997,-0.07422205509387417,0.11950003987632767,0.15387172866554893
motive_3,-0.029820335192978782,-0.04751140813556221,0.0,-0.03365647592452645,-0.0117687065058549,0.004408784838365971,-0.025078624036760033,-0.11138386521034101
motive_4,0.03378201491795585,-0.01735757707281678,-0.03365647592452645,0.0,0.07192743396690192,-0.08925012253511357,0.09187762907337463,0.022468665896210646
motive_5,-0.027092312658427663,0.01302855778961997,-0.0117687065058549,0.07192743396690192,0.0,-0.04539086414383439,0.05850377291537125,-0.010391574998101252
motive_6,0.01958904031325287,-0.07422205509387417,0.004408784838365971,-0.08925012253511357,-0.04539086414383439,0.0,-0.03664439819391575,0.019541205709168966
motive_7,0.0517390145345126,0.11950003987632767,-0.025078624036760033,0.09187762907337463,0.05850377291537125,-0.03664439819391575,0.0,-0.029833828266531418
motive_8,0.07396908117290725,0.15387172866554893,-0.11138386521034101,0.022468665896210646,-0.010391574998101252,0.019541205709168966,-0.029833828266531418,0.0
