,motive_1,motive_2,motive_3,motive_4,motive_5,motive_6,motive_7,motive_8
motive_1,0.0,-0.6131456090963038,-0.47358849275744586,-0.49962846512101616,0.45590393339895674,0.23135388025445294,0.1179754354183297,0.05101793038604876
motive_2,-0.6131456090963038,0.0,0.6133950731039877,0.2985695186199729,-0.18123563546563043,-0.3209379531007258,1.0151725416417512,-0.07957468629010539
motive_3,-0.47358849275744586,0.6133950731039877,0.0,-0.08444067790428389,0.570116759637453,-0.17146103465146995,-0.39074511914059995,0.47933980524656133
motive_4,-0.49962846512101616,0.2985695186199729,-0.08444067790428389,0.0,0.7523130797794977,-0.4137206475469599,0.006509676690712327,0.3939171865118935
motive_5,0.45590393339895674,-0.18123563546563043,0.570116759637453,0.7523130797794977,0.0,0.6436225780655511,0.08141506510862734,0.19503692352510052
motive_6,0.23135388025445294,-0.3209379531007258,-0.17146103465146995,-0.4137206475469599,0.6436225780655511,0.0,0.17204494406427676,-0.524258302331684
motive_7,0.1179754354183297,1.0151725416417512,-0.39074511914059995,0.006509676690712327,0.08141506510862734,0.17204494406427676,0.0,-0.02163840923198751
motive_8,0.05101793038604876,-0.07957468629010539,0.47933980524656133,0.3939171865118935,0.19503692352510052,-0.524258302331684,-0.02163840923198751,0.0
