,motive_1,motive_2,motive_3,motive_4,motive_5,motive_6,motive_7,motive_8
motive_1,0.0,0.43616174687168957,0.12540250782485096,0.4310943015487417,-0.07933916249295014,-0.010445620635173583,-0.02223362995752995,-0.3185005399608648
motive_2,0.43616174687168957,0.0,0.10992977428156962,0.2138877600662088,0.1445391785149115,0.2121542740857471,0.44470073175678776,-0.5144101654320297
motive_3,0.12540250782485096,0.10992977428156962,0.0,0.6319086543309456,-0.33802143186003086,0.296862469395759,0.12427412897766871,-0.20478618437149432
motive_4,0.4310943015487417,0.2138877600662088,0.6319086543309456,0.0,-0.1907455402912293,0.02710150179428985,0.34525879216451205,0.33625459827600784
motive_5,-0.07933916249295014,0.1445391785149115,-0.33802143186003086,-0.1907455402912293,0.0,-0.44196302513525526,0.39230337575845553,-0.7876375933070412
motive_6,-0.010445620635173583,0.2121542740857471,0.296862469395759,0.02710150179428985,-0.44196302513525526,0.0,0.13909975640565214,1.1982268399769345
motive_7,-0.02223362995752995,0.44470073175678776,0.12427412897766871,0.34525879216451205,0.39230337575845553,0.13909975640565214,0.0,0.423226668025859
motive_8,-0.3185005399608648,-0.5144101654320297,-0.20478618437149432,0.33625459827600784,-0.7876375933070412,1.1982268399769345,0.423226668025859,0.0
