,motive_1,motive_2,motive_3,motive_4,motive_5,motive_6,motive_7,motive_8
motive_1,0.0,0.3582488810284253,0.15783470261223773,0.21429366960886645,-0.24369966994911293,0.3045027061572194,0.5000545788168966,0.18870129664077262
motive_2,0.3582488810284253,0.0,0.05367805312215737,-0.09283670474971426,0.35874152352018085,0.006811513342514897,0.4438316064980423,0.2999317946085376
motive_3,0.15783470261223773,0.05367805312215737,0.0,0.07126885456249835,0.04315636990263659,0.07058594992957673,0.25074290720533365,0.24567140698285883
motive_4,0.21429366960886645,-0.09283670474971426,0.07126885456249835,0.0,0.25249370030258234,0.3724335602113027,0.26773365999667986,0.20217576033908807
motive_5,-0.24369966994911293,0.35874152352018085,0.04315636990263659,0.25249370030258234,0.0,0.1942841782479202,0.555830291641586,0.3528271306276438
motive_6,0.3045027061572194,0.006811513342514897,0.07058594992957673,0.3724335602113027,0.1942841782479202,0.0,0.0031521258853984963,0.20069444962499494
motive_7,0.5000545788168966,0.4438316064980423,0.25074290720533365,0.26773365999667986,0.555830291641586,0.0031521258853984963,0.0,0.45335571736693664
motive_8,0.18870129664077262,0.2999317946085376,0.24567140698285883,0.20217576033908807,0.3528271306276438,0.20069444962499494,0.45335571736693664,0.0
