,motive_1,motive_2,motive_3,motive_4,motive_5,motive_6,motive_7,motive_8
motive_1,0.0,-0.003969885147926566,0.05107402179246332,0.003925985491589198,-0.03283698532325763,-0.0049578523888668055,0.08678937536849074,-0.03858754749664077
motive_2,-0.003969885147926566,0.0,0.16622563638312704,-0.004430058550990053,-0.022124573367036056,0.022930413986966863,-0.0021924770658801954,-0.012124973983366271
motive_3,0.05107402179246332,0.16622563638312704,0.0,-0.04899804604092173,0.022467586834760946,-0.11043028917096294,0.05316150270460602,-0.01869080523812476
motive_4,0.003925985491589198,-0.004430058550990053,-0.04899804604092173,0.0,0.09812773105887285,-0.05737357743308287,0.07672782536746639,-0.0035560970975127074
motive_5,-0.03283698532325763,-0.022124573367036056,0.022467586834760946,0.09812773105887285,0.0,-0.14455098819329926,-0.002549916388463901,-0.1358275972908575
motive_6,-0.0049578523888668055,0.022930413986966863,-0.11043028917096294,-0.05737357743308287,-0.14455098819329926,0.0,0.007370902252334301,-0.12326360204072684
motive_7,0.08678937536849074,-0.0021924770658801954,0.05316150270460602,0.07672782536746639,-0.002549916388463901,0.007370902252334301,0.0,-0.08318570101450955
motive_8,-0.03858754749664077,-0.012124973983366271,-0.01869080523812476,-0.0035560970975127074,-0.1358275972908575,-0.12326360204072684,-0.08318570101450955,0.0
