,motive_1,motive_2,motive_3,motive_4,motive_5,motive_6,motive_7,motive_8
motive_1,0.0,0.36202483496904103,0.27574692456528127,0.6056018132661218,0.19198236392734663,0.6096858871956415,0.17621397241461384,0.364876813091022
motive_2,0.36202483496904103,0.0,0.5618701423813408,0.41578633762453704,0.38701977031800217,0.7080866630426013,0.5959958461717008,0.32769977812396184
motive_3,0.27574692456528127,0.5618701423813408,0.0,0.5434853549926696,0.4824130587418447,0.28385262617820506,0.4010717800066178,0.411060430426608
motive_4,0.6056018132661218,0.41578633762453704,0.5434853549926696,0.0,0.23193323769480634,0.4645735949154926,0.2385050185704068,0.3412591454622059
motive_5,0.19198236392734663,0.38701977031800217,0.4824130587418447,0.23193323769480634,0.0,0.6085423801326402,0.3907587270691217,0.39160690329528264
motive_6,0.6096858871956415,0.7080866630426013,0.28385262617820506,0.4645735949154926,0.6085423801326402,0.0,0.34715593259368305,0.3686544996766875
motive_7,0.17621397241461384,0.5959958461717008,0.4010717800066178,0.2385050185704068,0.3907587270691217,0.34715593259368305,0.0,0.3131333449955974
motive_8,0.364876813091022,0.32769977812396184,0.411060430426608,0.3412591454622059,0.39160690329528264,0.3686544996766875,0.3131333449955974,0.0
