,motive_1,motive_2,motive_3,motive_4,motive_5,motive_6,motive_7,motive_8
motive_1,0.0,0.43100315237962716,0.7976925511479199,-0.020084786341859173,0.41862648004641856,0.15553628068818415,0.012913167613724796,0.635551847833392
motive_2,0.43100315237962716,0.0,-0.1733382284918621,-0.42309131586840665,0.5327359224435374,0.4723377670941662,-0.457989606958362,-0.10990488387921549
motive_3,0.7976925511479199,-0.1733382284918621,0.0,-0.22277146408139936,-0.2523244897035526,-0.0115654823570559,0.1537265601440766,0.26759085778273267
motive_4,-0.020084786341859173,-0.42309131586840665,-0.22277146408139936,0.0,1.1817898923521482,0.0698755769326278,-0.16632213402936558,-0.11704991012711057
motive_5,0.41862648004641856,0.5327359224435374,-0.2523244897035526,1.1817898923521482,0.0,-0.3541994347088309,-0.5233432377107253,0.9485874279610158
motive_6,0.15553628068818415,0.4723377670941662,-0.0115654823570559,0.0698755769326278,-0.3541994347088309,0.0,0.49467723208509407,0.20950458276078987
motive_7,0.012913167613724796,-0.457989606958362,0.1537265601440766,-0.16632213402936558,-0.5233432377107253,0.49467723208509407,0.0,0.6879895643850529
motive_8,0.635551847833392,-0.10990488387921549,0.26759085778273267,-0.11704991012711057,0.9485874279610158,0.20950458276078987,0.6879895643850529,0.0
