,motive_1,motive_2,motive_3,motive_4,motive_5,motive_6,motive_7,motive_8
motive_1,0.0,0.010734413068533635,0.03457119327133354,-0.0668233086319903,0.019904634840663724,0.08267378916729441,-0.12625890151399288,0.07825968757936295
motive_2,0.010734413068533635,0.0,-0.03897302395858678,-0.08172165872863693,-0.02793039827120307,-0.06338207107592708,0.04281477802309815,-0.013874823702046332
motive_3,0.03457119327133354,-0.03897302395858678,0.0,-0.0017099524099170663,-0.10447807978366333,-0.02038913286870101,-0.13235782203905067,0.03260985775773538
motive_4,-0.0668233086319903,-0.08172165872863693,-0.0017099524099170663,0.0,0.039814760131653845,-0.039516851447747726,-0.05285739407287847,0.00871269752748312
motive_5,0.019904634840663724,-0.02793039827120307,-0.10447807978366333,0.039814760131653845,0.0,0.009357120775153797,-0.10451853655081515,-0.032177762427111185
motive_6,0.08267378916729441,-0.06338207107592708,-0.02038913286870101,-0.039516851447747726,0.009357120775153797,0.0,0.1355347525949176,-0.10967817268666591
motive_7,-0.12625890151399288,0.04281477802309815,-0.13235782203905067,-0.05285739407287847,-0.10451853655081515,0.1355347525949176,0.0,0.11570355157769346
motive_8,0.07825968757936295,-0.013874823702046332,0.03260985775773538,0.00871269752748312,-0.032177762427111185,-0.10967817268666591,0.11570355157769346,0.0
