,motive_1,motive_2,motive_3,motive_4,motive_5,motive_6,motive_7,motive_8
satisfaction,-0.18918634927659905,-0.09011781216745052,0.11274437025121599,0.12537218237750677,0.6985591496734664,0.5236892105050435,0.34374782314597885,0.13043987694917147
