,motive_1,motive_2,motive_3,motive_4,motive_5,motive_6,motive_7,motive_8
motive_1,0.0,0.19414802967202513,0.09567354652204407,0.5570353238264285,-0.49944019874081474,0.04622270340612805,0.3098610735780114,-0.1311483792880016
motive_2,0.19414802967202513,0.0,0.6579593569150647,0.28077616949535084,-0.04675546126316048,0.4199423105982854,0.2203905595111862,-0.26211579152552245
motive_3,0.09567354652204407,0.6579593569150647,0.0,0.4366738979355981,-0.11161014192127121,1.0541654488052876,0.12674217788320538,-0.15534882692526727
motive_4,0.5570353238264285,0.28077616949535084,0.4366738979355981,0.0,0.31808743740354334,-0.19110297258777773,0.39791913887010977,0.5280209819434722
motive_5,-0.49944019874081474,-0.04675546126316048,-0.11161014192127121,0.31808743740354334,0.0,0.6866845874245063,-0.14606808756169615,0.07866345327368225
motive_6,0.04622270340612805,0.4199423105982854,1.0541654488052876,-0.19110297258777773,0.6866845874245063,0.0,0.2924206375085974,0.490554216880238
motive_7,0.3098610735780114,0.2203905595111862,0.12674217788320538,0.39791913887010977,-0.14606808756169615,0.2924206375085974,0.0,0.548413244225703
motive_8,-0.1311483792880016,-0.26211579152552245,-0.15534882692526727,0.5280209819434722,0.07866345327368225,0.490554216880238,0.548413244225703,0.0
