,motive_1,motive_2,motive_3,motive_4,motive_5,motive_6,motive_7,motive_8
motive_1,0.0,0.213133959674171,0.1448319156479838,0.16077012880988112,0.39195083012549475,0.3965650535766514,0.009574272883445603,-0.10090018310691053
motive_2,0.213133959674171,0.0,0.2060869974455362,0.28367527903788864,-0.11699557613001442,0.14786403493850558,-0.13822592072399387,0.12596845582222932
motive_3,0.1448319156479838,0.2060869974455362,0.0,0.07209199809256407,0.3608530041676993,-0.20057517210213663,0.14383156193168678,-0.10026257878655981
motive_4,0.16077012880988112,0.28367527903788864,0.07209199809256407,0.0,0.34083615475785656,0.5163144045150514,0.33639896660398105,0.29873191074759353
motive_5,0.39195083012549475,-0.11699557613001442,0.3608530041676993,0.34083615475785656,0.0,-0.08822179511443995,0.248652010037512,0.18683574055637248
motive_6,0.3965650535766514,0.14786403493850558,-0.20057517210213663,0.5163144045150514,-0.08822179511443995,0.0,0.11485464659764599,0.2291760554526897
motive_7,0.009574272883445603,-0.13822592072399387,0.14383156193168678,0.33639896660398105,0.248652010037512,0.11485464659764599,0.0,0.30304032410230985
motive_8,-0.10090018310691053,0.12596845582222932,-0.10026257878655981,0.29873191074759353,0.18683574055637248,0.2291760554526897,0.30304032410230985,0.0
