,motive_1,motive_2,motive_3,motive_4,motive_5,motive_6,motive_7,motive_8
motive_1,0.0,0.0250224016834524,0.06960910831474107,0.059132141925703284,-0.14658126623662251,0.0265947926381717,-0.038152051735782455,-0.02460260222843985
motive_2,0.0250224016834524,0.0,-0.07002141933711999,-0.11859352342816139,0.1649653719429131,-0.05225068699888291,0.015263347043007108,-0.05475964961269334
motive_3,0.06960910831474107,-0.07002141933711999,0.0,-0.01185495421875295,0.016759355520506794,0.049031846596330086,-0.04619921972501791,-0.02671315821718301
motive_4,0.059132141925703284,-0.11859352342816139,-0.01185495421875295,0.0,-0.02419536038228823,-0.04529756718858405,0.060264940881911574,0.17820070602494445
motive_5,-0.14658126623662251,0.1649653719429131,0.016759355520506794,-0.02419536038228823,0.0,-0.05220620808581708,0.1253741020984564,-0.07852068419265124
motive_6,0.0265947926381717,-0.05225068699888291,0.049031846596330086,-0.04529756718858405,-0.05220620808581708,0.0,0.09767998638407857,0.1276949125877913
motive_7,-0.038152051735782455,0.015263347043007108,-0.04619921972501791,0.060264940881911574,0.1253741020984564,0.09767998638407857,0.0,0.08567509672023205
motive_8,-0.02460260222843985,-0.05475964961269334,-0.02671315821718301,0.17820070602494445,-0.07852068419265124,0.1276949125877913,0.08567509672023205,0.0
