,motive_1,motive_2,motive_3,motive_4,motive_5,motive_6,motive_7,motive_8
motive_1,0.0,0.26763621327426546,0.363443045691676,0.23713068967077489,0.2897122735574641,-0.06392498293738265,0.13413582516460143,0.14727376009185267
motive_2,0.26763621327426546,0.0,-0.08192563706130676,0.2912763139634087,0.15900112095521957,0.695467852501956,-0.006431434034405201,-0.1110074497142421
motive_3,0.363443045691676,-0.08192563706130676,0.0,0.20751310844290483,-0.16760458892600688,0.3092425605318895,0.2700730455231313,0.26168840301519547
motive_4,0.23713068967077489,0.2912763139634087,0.20751310844290483,0.0,-0.20239167559490276,0.6094033258944651,0.276743566899359,-0.06704572907883313
motive_5,0.2897122735574641,0.15900112095521957,-0.16760458892600688,-0.20239167559490276,0.0,0.04824853804651469,-0.16803969983945707,0.20029413212290242
motive_6,-0.06392498293738265,0.695467852501956,0.3092425605318895,0.6094033258944651,0.04824853804651469,0.0,0.32498698186860564,0.1920825804329136
motive_7,0.13413582516460143,-0.006431434034405201,0.2700730455231313,0.276743566899359,-0.16803969983945707,0.32498698186860564,0.0,0.07981735189884206
motive_8,0.14727376009185267,-0.1110074497142421,0.26168840301519547,-0.06704572907883313,0.20029413212290242,0.1920825804329136,0.07981735189884206,0.0
