,motive_1,motive_2,motive_3,motive_4,motive_5,motive_6,motive_7,motive_8
satisfaction,0.203418134393324,0.672774833770104,0.1866435469422097,0.26671115851763705,0.5662956561905186,0.09601964125060516,-0.05124657921906256,0.2151883886718741
