,motive_1,motive_2,motive_3,motive_4,motive_5,motive_6,motive_7,motive_8
satisfaction,0.4490249927914753,-0.06637815873933467,0.4126725147149469,-0.25671288609832604,0.9977886325087058,0.3336732916158559,-0.4751518407054183,0.08112359668868163
