,motive_1,motive_2,motive_3,motive_4,motive_5,motive_6,motive_7,motive_8
motive_1,0.0,0.4369764520150001,0.415836440752295,0.668189169474822,0.12914444779337242,0.16680040760813394,0.11390170209625128,0.19042141945566818
motive_2,0.4369764520150001,0.0,0.35739931932002444,-0.11096925115750386,-0.020797520952401963,0.1321742587923101,-0.019240040511750545,0.05997603366066409
motive_3,0.415836440752295,0.35739931932002444,0.0,0.36349720232712734,0.5643927170497053,0.15573851620971033,0.09583388887387775,0.21342775739245656
motive_4,0.668189169474822,-0.11096925115750386,0.36349720232712734,0.0,0.035259499800403035,0.5017950084961212,0.3531650909696851,-0.15784367362651444
motive_5,0.12914444779337242,-0.020797520952401963,0.5643927170497053,0.035259499800403035,0.0,-0.06831152285907058,0.3300319987719599,0.10984376003216698
motive_6,0.16680040760813394,0.1321742587923101,0.15573851620971033,0.5017950084961212,-0.06831152285907058,0.0,0.6008545267035245,0.3165611339720289
motive_7,0.11390170209625128,-0.019240040511750545,0.09583388887387775,0.3531650909696851,0.3300319987719599,0.6008545267035245,0.0,0.08548165530836749
motive_8,0.19042141945566818,0.05997603366066409,0.21342775739245656,-0.15784367362651444,0.10984376003216698,0.3165611339720289,0.08548165530836749,0.0
