,motive_1,motive_2,motive_3,motive_4,motive_5,motive_6,motive_7,motive_8
satisfaction,-0.03714224270932573,0.2556186458090771,0.2896384626642125,-0.06689408719043291,-0.036576281935719906,-0.2821791125860381,-0.2636203947553891,0.19451835488237806
