,motive_1,motive_2,motive_3,motive_4,motive_5,motive_6,motive_7,motive_8
satisfaction,0.2500967935413948,-0.13324820649014116,-0.03748395058778747,0.14797597811818483,0.1864754431734048,0.00824733196261676,0.04706613914559894,-0.08049493019875717
