,motive_1,motive_2,motive_3,motive_4,motive_5,motive_6,motive_7,motive_8
motive_1,0.0,0.12426868360037191,0.09288265585877126,0.13500483444408476,0.17250246083928747,0.18192072937955645,0.08571313210876966,0.14141165058844046
motive_2,0.12426868360037191,0.0,0.06512434287846153,0.14774881237131662,0.08736699508178318,-0.04184075740654468,0.044594741570448015,0.1598983744214828
motive_3,0.09288265585877126,0.06512434287846153,0.0,0.01363943033982689,0.07358810481663705,0.08333605273826361,0.05569734548404513,0.0741872829964865
motive_4,0.13500483444408476,0.14774881237131662,0.01363943033982689,0.0,-0.014852882479484186,0.0766314639717142,0.057543979126256306,0.13004281821632382
motive_5,0.17250246083928747,0.08736699508178318,0.07358810481663705,-0.014852882479484186,0.0,0.16178528146051774,0.04426016579373409,0.10000017935932193
motive_6,0.18192072937955645,-0.04184075740654468,0.08333605273826361,0.0766314639717142,0.16178528146051774,0.0,0.1199303927619324,0.1067203618327901
motive_7,0.08571313210876966,0.044594741570448015,0.05569734548404513,0.057543979126256306,0.04426016579373409,0.1199303927619324,0.0,0.11275462019647695
motive_8,0.14141165058844046,0.1598983744214828,0.0741872829964865,0.13004281821632382,0.10000017935932193,0.1067203618327901,0.11275462019647695,0.0
