,motive_1,motive_2,motive_3,motive_4,motive_5,motive_6,motive_7,motive_8
satisfaction,-0.04559695146230386,-0.01059414994170818,-0.016874503209492464,0.21016919371845744,0.1537841428114509,0.19266940757971138,0.025862555606272764,0.2447262440626458
