,motive_1,motive_2,motive_3,motive_4,motive_5,motive_6,motive_7,motive_8
motive_1,0.0,-0.0011871184296511766,0.11435374154567697,-0.043259087678224395,-0.09872206661998631,0.04312293111849559,0.014382306831563206,0.0921205916694936
motive_2,-0.0011871184296511766,0.0,0.0017072962479671421,-0.09512254832362162,0.007020773431880243,0.05627667138522844,-0.06391627808945928,0.07309851381589147
motive_3,0.11435374154567697,0.0017072962479671421,0.0,0.06757078340129465,0.019902820072269213,0.17477084705222234,0.028337599008574237,0.04212050062599156
motive_4,-0.043259087678224395,-0.09512254832362162,0.06757078340129465,0.0,-0.0127888814301189,0.02335755046345192,-0.008843166823762738,0.007184224693763272
motive_5,-0.09872206661998631,0.007020773431880243,0.019902820072269213,-0.0127888814301189,0.0,0.1002440074837115,-0.01669869526223025,0.01353745042037756
motive_6,0.04312293111849559,0.05627667138522844,0.17477084705222234,0.02335755046345192,0.1002440074837115,0.0,-0.01784627574139648,0.03551471628281003
motive_7,0.014382306831563206,-0.06391627808945928,0.028337599008574237,-0.008843166823762738,-0.01669869526223025,-0.01784627574139648,0.0,0.05795681608113013
motive_8,0.0921205916694936,0.07309851381589147,0.04212050062599156,0.007184224693763272,0.01353745042037756,0.03551471628281003,0.05795681608113013,0.0
