,motive_1,motive_2,motive_3,motive_4,motive_5,motive_6,motive_7,motive_8
motive_1,0.0,0.13722636250120307,0.07010479439985791,-0.03172228706803919,-0.1271475531378963,0.05320592067725531,0.0714510369244148,-0.07345615222713765
motive_2,0.13722636250120307,0.0,0.0061226600563981035,0.0017319322920403557,-0.016000539090105046,0.11113514248342854,0.028090872750135013,-0.0730462546674272
motive_3,0.07010479439985791,0.0061226600563981035,0.0,-0.01896118009482662,0.01700333555731424,-0.02418350226954646,-0.008017855304891186,0.05605822022712056
motive_4,-0.03172228706803919,0.0017319322920403557,-0.01896118009482662,0.0,0.003059495653190378,-0.0570142166387462,0.08408137345537152,-0.04557407276477957
motive_5,-0.1271475531378963,-0.016000539090105046,0.01700333555731424,0.003059495653190378,0.0,0.05526811551133418,-0.03143739233684087,-0.0037584441406171357
motive_6,0.05320592067725531,0.11113514248342854,-0.02418350226954646,-0.0570142166387462,0.05526811551133418,0.0,0.01883409483241493,-0.031990483780231484
motive_7,0.0714510369244148,0.028090872750135013,-0.008017855304891186,0.08408137345537152,-0.03143739233684087,0.01883409483241493,0.0,-0.09999129981958631
motive_8,-0.07345615222713765,-0.0730462546674272,0.05605822022712056,-0.04557407276477957,-0.0037584441406171357,-0.031990483780231484,-0.09999129981958631,0.0
