,motive_1,motive_2,motive_3,motive_4,motive_5,motive_6,motive_7,motive_8
satisfaction,0.5904288195966271,-0.0984405722749665,0.8283996014247335,0.3078286981866213,0.40730063557703655,-0.24571588250866816,0.2296365844192972,0.13150369079492297
