,motive_1,motive_2,motive_3,motive_4,motive_5,motive_6,motive_7,motive_8
satisfaction,-0.07206382347165757,0.30719880868510263,0.5732181724949287,0.492529499206274,0.1409838014462657,-0.06960588509454763,0.11306926023221062,0.022537602537409246
