,motive_1,motive_2,motive_3,motive_4,motive_5,motive_6,motive_7,motive_8
motive_1,0.0,0.02920652880271196,-0.05613959300184879,0.10000813240204078,-0.13452857195667087,0.0292702679895742,0.10573915927432624,0.0948363928977872
motive_2,0.02920652880271196,0.0,0.027375829738697826,0.03368857142502725,0.007742636514847637,0.09283223231511165,-0.016036470628414526,0.024970761605855755
motive_3,-0.05613959300184879,0.027375829738697826,0.0,0.013784781202735824,-0.05217701747067629,0.009289092491278614,-0.05784991553515663,0.17426933741980416
motive_4,0.10000813240204078,0.03368857142502725,0.013784781202735824,0.0,-0.058503386834213605,0.046820400578550775,-0.015199260154614407,-0.04235009277335139
motive_5,-0.13452857195667087,0.007742636514847637,-0.05217701747067629,-0.058503386834213605,0.0,-2.4122732812471848e-05,0.00524373910442676,0.0018630922637345518
motive_6,0.0292702679895742,0.09283223231511165,0.009289092491278614,0.046820400578550775,-2.4122732812471848e-05,0.0,-0.054946288186589295,0.02783115243447878
motive_7,0.10573915927432624,-0.016036470628414526,-0.05784991553515663,-0.015199260154614407,0.00524373910442676,-0.054946288186589295,0.0,-0.03704472719137253
motive_8,0.0948363928977872,0.024970761605855755,0.17426933741980416,-0.04235009277335139,0.0018630922637345518,0.02783115243447878,-0.03704472719137253,0.0
