,motive_1,motive_2,motive_3,motive_4,motive_5,motive_6,motive_7,motive_8
motive_1,0.0,-0.06921342865406101,0.06510514834120208,0.12598072750633854,0.041719265036056545,0.017657093652331562,-0.01764857699206733,0.06182484418299228
motive_2,-0.06921342865406101,0.0,-0.017504471950550417,-0.03230974742278843,-0.1391221862769683,-0.02238201895196675,0.06626625271881834,-0.018294394297430128
motive_3,0.06510514834120208,-0.017504471950550417,0.0,-0.23410192097842414,0.03372166460685842,0.026973148349231965,-0.07201377011405485,0.0455494202485172
motive_4,0.12598072750633854,-0.03230974742278843,-0.23410192097842414,0.0,0.008598518642680724,-0.11340310872732481,-0.02845929175839784,-0.03883206823100067
motive_5,0.041719265036056545,-0.1391221862769683,0.03372166460685842,0.008598518642680724,0.0,-0.07910768746033162,-0.10499534695370855,-0.16533401679384652
motive_6,0.017657093652331562,-0.02238201895196675,0.026973148349231965,-0.11340310872732481,-0.07910768746033162,0.0,-0.08608688273687531,0.01973143096438083
motive_7,-0.01764857699206733,0.06626625271881834,-0.07201377011405485,-0.02845929175839784,-0.10499534695370855,-0.08608688273687531,0.0,-0.003264918962046171
motive_8,0.06182484418299228,-0.018294394297430128,0.0455494202485172,-0.03883206823100067,-0.16533401679384652,0.01973143096438083,-0.003264918962046171,0.0
