,motive_1,motive_2,motive_3,motive_4,motive_5,motive_6,motive_7,motive_8
motive_1,0.0,0.1972640742159898,0.5196888557077824,0.3007610969654461,0.6510817240723649,0.218444215635231,0.26339973792866167,0.09930330534689337
motive_2,0.1972640742159898,0.0,0.4367020152591773,0.520120951727097,0.09631364030873157,0.571509260988116,0.31290107789794147,0.32998606691377513
motive_3,0.5196888557077824,0.4367020152591773,0.0,0.6877238718066426,0.30117621310596665,0.5959185554181234,0.8731500679208001,0.5429951215238566
motive_4,0.3007610969654461,0.520120951727097,0.6877238718066426,0.0,-0.16080141252677146,0.4177937944756389,0.14819573376515977,0.7956748630407207
motive_5,0.6510817240723649,0.09631364030873157,0.30117621310596665,-0.16080141252677146,0.0,0.5076813767102212,0.399510535069565,0.3365896110186406
motive_6,0.218444215635231,0.571509260988116,0.5959185554181234,0.4177937944756389,0.5076813767102212,0.0,0.23345344172725785,0.7158641880378269
motive_7,0.26339973792866167,0.31290107789794147,0.8731500679208001,0.14819573376515977,0.399510535069565,0.23345344172725785,0.0,0.8540084954455368
motive_8,0.09930330534689337,0.32998606691377513,0.5429951215238566,0.7956748630407207,0.3365896110186406,0.7158641880378269,0.8540084954455368,0.0
