,motive_1,motive_2,motive_3,motive_4,motive_5,motive_6,motive_7,motive_8
motive_1,0.0,0.4913489545164523,0.7110235922599274,0.4055149400357417,0.41726063394701274,0.5579282698253966,0.3814251293789457,0.2156605010959949
motive_2,0.4913489545164523,0.0,0.4176383783716873,0.5477355872931324,0.46433007771919155,0.7464346743312962,0.44727700598808173,0.1611943439198014
motive_3,0.7110235922599274,0.4176383783716873,0.0,0.5516071028738356,0.12049732090573013,0.31113559706395627,0.28554184448645026,0.11907044908521232
motive_4,0.4055149400357417,0.5477355872931324,0.5516071028738356,0.0,0.469787848730834,0.7081371996542875,0.5665273758020537,0.2878308098154737
motive_5,0.41726063394701274,0.46433007771919155,0.12049732090573013,0.469787848730834,0.0,0.6668730440345888,0.4988617513015081,0.2953382144997177
motive_6,0.5579282698253966,0.7464346743312962,0.31113559706395627,0.7081371996542875,0.6668730440345888,0.0,0.4866244699837823,0.7270414439012853
motive_7,0.3814251293789457,0.44727700598808173,0.28554184448645026,0.5665273758020537,0.4988617513015081,0.4866244699837823,0.0,0.2966008460920052
motive_8,0.2156605010959949,0.1611943439198014,0.11907044908521232,0.2878308098154737,0.2953382144997177,0.7270414439012853,0.2966008460920052,0.0
