,motive_1,motive_2,motive_3,motive_4,motive_5,motive_6,motive_7,motive_8
satisfaction,0.11638106931413925,0.11318996303911927,-0.018858032401027985,0.34923784841971506,0.08146137262899394,-0.18926172468398747,-0.21786858584209554,0.24264972696424536
