,motive_1,motive_2,motive_3,motive_4,motive_5,motive_6,motive_7,motive_8
motive_1,0.0,0.15090924441397108,-0.0019952028419877033,0.01792559947691181,0.007646853826569523,-0.04538285722480708,0.18963969944194498,0.008594928527215532
motive_2,0.15090924441397108,0.0,0.04677852300595553,-0.11774265992699776,-0.12173649077308465,-0.0016149243313293218,0.028313268786656756,-0.05395036050035219
motive_3,-0.0019952028419877033,0.04677852300595553,0.0,0.14651245517011638,0.014144000339065321,0.1355542469341841,-0.05014848707634256,0.027738027860924788
motive_4,0.01792559947691181,-0.11774265992699776,0.14651245517011638,0.0,-0.008694680212402685,-0.10120184946770228,0.1262356093649975,0.005353557788020961
motive_5,0.007646853826569523,-0.12173649077308465,0.014144000339065321,-0.008694680212402685,0.0,0.08286547609796091,-0.04427280792062542,-0.06870577199197113
motive_6,-0.04538285722480708,-0.0016149243313293218,0.1355542469341841,-0.10120184946770228,0.08286547609796091,0.0,0.09949505523915318,0.09456308853718613
motive_7,0.18963969944194498,0.028313268786656756,-0.05014848707634256,0.1262356093649975,-0.04427280792062542,0.09949505523915318,0.0,-0.04009248175535494
motive_8,0.008594928527215532,-0.05395036050035219,0.027738027860924788,0.005353557788020961,-0.06870577199197113,0.09456308853718613,-0.04009248175535494,0.0
