,motive_1,motive_2,motive_3,motive_4,motive_5,motive_6,motive_7,motive_8
satisfaction,-0.3257506822325116,-0.18739598670333588,0.23698441433581552,0.42623785545752635,0.07762733158719018,0.1359655357411455,0.1345100853019895,-0.07782655215968534
