,motive_1,motive_2,motive_3,motive_4,motive_5,motive_6,motive_7,motive_8
satisfaction,-0.08507683242131311,0.23348842638704004,0.17083031060345694,-0.016479367455046343,-0.13107115607289793,0.3308301777489364,0.052568830875973194,0.18730993830209902
