,motive_1,motive_2,motive_3,motive_4,motive_5,motive_6,motive_7,motive_8
motive_1,0.0,-0.45084979790095825,0.3068539691632262,-0.1208302763323033,0.578371100225766,0.1362134677986825,-0.05208135894335547,0.038459307094420914
motive_2,-0.45084979790095825,0.0,0.461261273248835,0.2679408987933348,-0.017240218779364068,0.1527849921718064,0.1495055790056698,0.4385129662038041
motive_3,0.3068539691632262,0.461261273248835,0.0,-0.016322105497216438,0.003141671854346939,0.44078481543012327,0.07636081596969733,0.3483539693474439
motive_4,-0.1208302763323033,0.2679408987933348,-0.016322105497216438,0.0,0.042194189925309836,0.2518204075293682,0.13293663582796453,0.5156026158236113
motive_5,0.578371100225766,-0.017240218779364068,0.003141671854346939,0.042194189925309836,0.0,0.4388957953426569,0.4818962837920404,0.03291292591736213
motive_6,0.1362134677986825,0.1527849921718064,0.44078481543012327,0.2518204075293682,0.4388957953426569,0.0,0.18128532220008856,-0.20102675330120218
motive_7,-0.05208135894335547,0.1495055790056698,0.07636081596969733,0.13293663582796453,0.4818962837920404,0.18128532220008856,0.0,0.3214524589127731
motive_8,0.038459307094420914,0.4385129662038041,0.3483539693474439,0.5156026158236113,0.03291292591736213,-0.20102675330120218,0.3214524589127731,0.0
