,motive_1,motive_2,motive_3,motive_4,motive_5,motive_6,motive_7,motive_8
satisfaction,0.04322921146683889,0.5542644929147952,0.18518200780323396,0.3448996996491772,0.13010926257085792,0.05432672794972096,0.10102749826948966,0.28528789814969624
