,motive_1,motive_2,motive_3,motive_4,motive_5,motive_6,motive_7,motive_8
satisfaction,0.2943124375005953,0.24333920081859822,0.10064246552059819,0.21253688693923342,-0.16557879769116005,-0.01625744412457579,0.3596644475587073,0.21543146378551825
