,motive_1,motive_2,motive_3,motive_4,motive_5,motive_6,motive_7,motive_8
satisfaction,0.12668427743761024,0.6686587787028577,-0.3216143910362212,0.25276961245077917,0.23026459474524902,-0.15936102196522134,0.3918004279347321,0.5166327577529637
