,motive_1,motive_2,motive_3,motive_4,motive_5,motive_6,motive_7,motive_8
motive_1,0.0,0.08196251046978988,-0.06079080686788904,-0.016328707247912855,0.02536893519114585,0.0880349094666051,0.11819814187864261,0.053043018067827595
motive_2,0.08196251046978988,0.0,0.07958497623055999,0.1677562983463552,0.1719067691948783,0.054645025875133424,0.11915508639366984,0.17711598585191235
motive_3,-0.06079080686788904,0.07958497623055999,0.0,0.09882003123780637,0.09423818287697308,0.16182702788327982,0.14450900745300904,0.0046743709404939646
motive_4,-0.016328707247912855,0.1677562983463552,0.09882003123780637,0.0,0.20210897699750247,0.004661626227511224,0.08976033182444754,0.0996164450709846
motive_5,0.02536893519114585,0.1719067691948783,0.09423818287697308,0.20210897699750247,0.0,0.09072974226193375,0.07039196018552235,0.10242427056194708
motive_6,0.0880349094666051,0.054645025875133424,0.16182702788327982,0.004661626227511224,0.09072974226193375,0.0,0.14038581729491256,-0.030456595436647346
motive_7,0.11819814187864261,0.11915508639366984,0.14450900745300904,0.08976033182444754,0.07039196018552235,0.14038581729491256,0.0,0.04970505456661918
motive_8,0.053043018067827595,0.17711598585191235,0.0046743709404939646,0.0996164450709846,0.10242427056194708,-0.030456595436647346,0.04970505456661918,0.0
