,motive_1,motive_2,motive_3,motive_4,motive_5,motive_6,motive_7,motive_8
motive_1,0.0,0.11633978371567616,0.09047136348826569,0.09152637880512703,0.2581620503319105,0.13672727683838523,0.2898343248512907,0.42765201965416166
motive_2,0.11633978371567616,0.0,0.11768290617819009,0.39980961221480493,0.4354806844639374,0.15918710370329248,0.18299436460831048,-0.09206993025144791
motive_3,0.09047136348826569,0.11768290617819009,0.0,-0.051075494644991434,0.026267313721429437,-0.0036028654852592254,0.08924674795962619,0.09777219537026531
motive_4,0.09152637880512703,0.39980961221480493,-0.051075494644991434,0.0,0.07229066093567643,0.06879992405154348,0.22590976982469718,0.2992232484110984
motive_5,0.2581620503319105,0.4354806844639374,0.026267313721429437,0.07229066093567643,0.0,0.04344324031187925,0.2036861330649703,0.43868931367589603
motive_6,0.13672727683838523,0.15918710370329248,-0.0036028654852592254,0.06879992405154348,0.04344324031187925,0.0,0.1649771194433615,0.4100281785137508
motive_7,0.2898343248512907,0.18299436460831048,0.08924674795962619,0.22590976982469718,0.2036861330649703,0.1649771194433615,0.0,0.278781233043897
motive_8,0.42765201965416166,-0.09206993025144791,0.09777219537026531,0.2992232484110984,0.43868931367589603,0.4100281785137508,0.278781233043897,0.0
