,motive_1,motive_2,motive_3,motive_4,motive_5,motive_6,motive_7,motive_8
motive_1,0.0,0.044423576299720546,0.2238035204309365,-0.014432415079205521,0.3460435895507732,0.2691301454246022,0.6737681197037378,0.18100099554956273
motive_2,0.044423576299720546,0.0,0.4617574897345756,0.17515622898055871,0.2330193699021761,0.24982159991295835,0.5274606142454722,0.24110485611013047
motive_3,0.2238035204309365,0.4617574897345756,0.0,0.2886560051682392,0.2587005960529983,0.1970952672335492,0.22675531383093972,0.30867194582647334
motive_4,-0.014432415079205521,0.17515622898055871,0.2886560051682392,0.0,0.4939319888291764,0.1969059095080154,0.08900579995204866,0.3550708052681918
motive_5,0.3460435895507732,0.2330193699021761,0.2587005960529983,0.4939319888291764,0.0,0.16729562367025308,0.038597533001072354,0.39461767846012596
motive_6,0.2691301454246022,0.24982159991295835,0.1970952672335492,0.1969059095080154,0.16729562367025308,0.0,0.36591158484972663,0.27016246533953164
motive_7,0.6737681197037378,0.5274606142454722,0.22675531383093972,0.08900579995204866,0.038597533001072354,0.36591158484972663,0.0,0.17298031566780916
motive_8,0.18100099554956273,0.24110485611013047,0.30867194582647334,0.3550708052681918,0.39461767846012596,0.27016246533953164,0.17298031566780916,0.0
