,motive_1,motive_2,motive_3,motive_4,motive_5,motive_6,motive_7,motive_8
motive_1,0.0,0.11314743764385113,-0.06528629054041665,0.04492971057749694,0.09364469056426372,0.015073861700937372,-0.010657593117492332,-0.015226133987081645
motive_2,0.11314743764385113,0.0,-0.009360283271039277,0.00844329331240972,0.016520004958438316,0.008954428435206281,0.014998724457251252,-0.06510441124007693
motive_3,-0.06528629054041665,-0.009360283271039277,0.0,0.0938737781650206,0.10850707386384212,0.07120951727812169,0.04921139487837136,0.02529944023272558
motive_4,0.04492971057749694,0.00844329331240972,0.0938737781650206,0.0,-0.01263323864517657,-0.023968642370659692,-0.1134638035747387,0.08319946984258227
motive_5,0.09364469056426372,0.016520004958438316,0.10850707386384212,-0.01263323864517657,0.0,0.02297662519641182,0.03241646831473885,0.03435885135233909
motive_6,0.015073861700937372,0.008954428435206281,0.07120951727812169,-0.023968642370659692,0.02297662519641182,0.0,0.055161002158292144,0.0381725052970255
motive_7,-0.010657593117492332,0.014998724457251252,0.04921139487837136,-0.1134638035747387,0.03241646831473885,0.055161002158292144,0.0,0.053541806127733065
motive_8,-0.015226133987081645,-0.06510441124007693,0.02529944023272558,0.08319946984258227,0.03435885135233909,0.0381725052970255,0.053541806127733065,0.0
