,motive_1,motive_2,motive_3,motive_4,motive_5,motive_6,motive_7,motive_8
satisfaction,-0.08198600667573222,0.13434965030871937,-0.4311769365559268,0.06374030539826485,-0.01126682421386524,-0.05203012011214975,0.26369838270869983,0.04642114217897417
