,motive_1,motive_2,motive_3,motive_4,motive_5,motive_6,motive_7,motive_8
motive_1,0.0,0.42225625420889035,-0.14116863246862688,-0.1594413049224524,0.7115538155702157,0.043490314922528917,-0.1577073751241253,-0.10570573252217191
motive_2,0.42225625420889035,0.0,-0.4007645893394797,0.4857508264155739,-0.21660432125775805,-1.3870909833689025,0.567967806505203,-0.19929142900512936
motive_3,-0.14116863246862688,-0.4007645893394797,0.0,-0.25891183004133644,0.07414088002430852,0.35533976682921165,0.6695651305665232,0.1888927687112305
motive_4,-0.1594413049224524,0.4857508264155739,-0.25891183004133644,0.0,0.33449402086415053,0.23295664334171795,0.3355760461814251,0.34413129120004693
motive_5,0.7115538155702157,-0.21660432125775805,0.07414088002430852,0.33449402086415053,0.0,-0.6312498871788833,-0.4190730262963531,0.9776359675247845
motive_6,0.043490314922528917,-1.3870909833689025,0.35533976682921165,0.23295664334171795,-0.6312498871788833,0.0,0.7434628200482942,-0.780961779522858
motive_7,-0.1577073751241253,0.567967806505203,0.6695651305665232,0.3355760461814251,-0.4190730262963531,0.7434628200482942,0.0,-0.9884941209260716
motive_8,-0.10570573252217191,-0.19929142900512936,0.1888927687112305,0.34413129120004693,0.9776359675247845,-0.780961779522858,-0.9884941209260716,0.0
