,motive_1,motive_2,motive_3,motive_4,motive_5,motive_6,motive_7,motive_8
motive_1,0.0,-0.055497410655986734,1.0433162317330575,0.20962425936129525,0.297974104722263,0.5614122574360719,0.6994251952289255,0.5969836169507471
motive_2,-0.055497410655986734,0.0,0.16448039173012768,0.73200293762634,0.4644965258964757,0.09961352160431655,0.4185739536138852,0.3689807032339567
motive_3,1.0433162317330575,0.16448039173012768,0.0,0.6007299195868896,0.6244304412258139,0.26140414385034616,0.6817370368082132,0.4238684589712577
motive_4,0.20962425936129525,0.73200293762634,0.6007299195868896,0.0,0.4140155080612565,0.44159605136892854,0.6273356371411672,0.371224439057372
motive_5,0.297974104722263,0.4644965258964757,0.6244304412258139,0.4140155080612565,0.0,0.27914512312395656,0.6510214990131693,0.13967839626573397
motive_6,0.5614122574360719,0.09961352160431655,0.26140414385034616,0.44159605136892854,0.27914512312395656,0.0,-0.06642633141038631,0.22761680909718152
motive_7,0.6994251952289255,0.4185739536138852,0.6817370368082132,0.6273356371411672,0.6510214990131693,-0.06642633141038631,0.0,0.3620628176040318
motive_8,0.5969836169507471,0.3689807032339567,0.4238684589712577,0.371224439057372,0.13967839626573397,0.22761680909718152,0.3620628176040318,0.0
