,motive_1,motive_2,motive_3,motive_4,motive_5,motive_6,motive_7,motive_8
satisfaction,-0.08761654094771157,0.11203879609797637,0.2376333094746715,0.1513506966766274,-0.1557651252261915,0.3127594024987783,-0.17395433411179087,0.13808186572919134
