,motive_1,motive_2,motive_3,motive_4,motive_5,motive_6,motive_7,motive_8
motive_1,0.0,0.23504877298242455,0.5389129244288053,-0.454661429181738,-0.11168777314553234,0.41690185784469835,0.3082224201144819,0.7369163538286124
motive_2,0.23504877298242455,0.0,-0.3902494687199528,-0.1919607093831993,0.040731040342373896,0.40725875658715033,0.425186119337313,0.5921722497516393
motive_3,0.5389129244288053,-0.3902494687199528,0.0,0.259903671268459,0.6217295559782805,0.8574285812673974,0.25026335012578727,0.32580389055832915
motive_4,-0.454661429181738,-0.1919607093831993,0.259903671268459,0.0,0.3772557370027425,0.6515391078263888,0.09665025801716048,0.1491058706638373
motive_5,-0.11168777314553234,0.040731040342373896,0.6217295559782805,0.3772557370027425,0.0,0.24942168986593388,1.2040911339085048,-0.40897685635960157
motive_6,0.41690185784469835,0.40725875658715033,0.8574285812673974,0.6515391078263888,0.24942168986593388,0.0,0.5894695348975628,-0.18410234331018455
motive_7,0.3082224201144819,0.425186119337313,0.25026335012578727,0.09665025801716048,1.2040911339085048,0.5894695348975628,0.0,0.25563505145200793
motive_8,0.7369163538286124,0.5921722497516393,0.32580389055832915,0.1491058706638373,-0.40897685635960157,-0.18410234331018455,0.25563505145200793,0.0
