,motive_1,motive_2,motive_3,motive_4,motive_5,motive_6,motive_7,motive_8
motive_1,0.0,0.3906082034770365,0.4918976709971927,0.24921658351806686,0.1423730610558313,0.6069679355973306,0.32774939463177705,0.4415754768937721
motive_2,0.3906082034770365,0.0,0.777145424345538,0.5418566781064901,0.3178305039480088,0.6036074191510872,0.30635402135615897,0.5918524831759899
motive_3,0.4918976709971927,0.777145424345538,0.0,-0.180647771792753,0.7328802484396578,0.618528420806476,0.3652430015495578,0.4020627181261578
motive_4,0.24921658351806686,0.5418566781064901,-0.180647771792753,0.0,0.766321377866265,0.4193451396278007,0.3792438734678468,0.33579519074825825
motive_5,0.1423730610558313,0.3178305039480088,0.7328802484396578,0.766321377866265,0.0,0.23862059968418728,0.3862986280991918,0.17629121656463034
motive_6,0.6069679355973306,0.6036074191510872,0.618528420806476,0.4193451396278007,0.23862059968418728,0.0,0.8186666873951531,0.19113168305268236
motive_7,0.32774939463177705,0.30635402135615897,0.3652430015495578,0.3792438734678468,0.3862986280991918,0.8186666873951531,0.0,0.7035334027699824
motive_8,0.4415754768937721,0.5918524831759899,0.4020627181261578,0.33579519074825825,0.17629121656463034,0.19113168305268236,0.7035334027699824,0.0
