,motive_1,motive_2,motive_3,motive_4,motive_5,motive_6,motive_7,motive_8
motive_1,0.0,0.21079337053234604,-0.005771436843162878,0.1800703344223371,0.09525204800983514,0.08634062784561844,0.1220996367568896,0.125361528659166
motive_2,0.21079337053234604,0.0,0.14229019955829791,0.19852793910274386,0.11100008546471363,0.14353090286649423,-0.04659203515823596,0.10838326995454542
motive_3,-0.005771436843162878,0.14229019955829791,0.0,0.006213599084611998,0.1349671072746366,0.05754643225019751,0.23472024966917288,0.11927882159070517
motive_4,0.1800703344223371,0.19852793910274386,0.006213599084611998,0.0,0.048898829449915394,0.053970570274017526,0.0541307325738195,0.01089214478380076
motive_5,0.09525204800983514,0.11100008546471363,0.1349671072746366,0.048898829449915394,0.0,0.034562033974639805,0.16274837325014477,0.14207416711104956
motive_6,0.08634062784561844,0.14353090286649423,0.05754643225019751,0.053970570274017526,0.034562033974639805,0.0,0.07652664834418399,-0.0038578276195448784
motive_7,0.1220996367568896,-0.04659203515823596,0.23472024966917288,0.0541307325738195,0.16274837325014477,0.07652664834418399,0.0,0.07527408532670334
motive_8,0.125361528659166,0.10838326995454542,0.11927882159070517,0.01089214478380076,0.14207416711104956,-0.0038578276195448784,0.07527408532670334,0.0
