,motive_1,motive_2,motive_3,motive_4,motive_5,motive_6,motive_7,motive_8
satisfaction,-0.34828490955298463,0.22763135429542367,0.5843198280661012,-0.1660636051130561,0.16241920531224902,0.17634547386476476,0.060970844346459434,0.12829091509341758
