,motive_1,motive_2,motive_3,motive_4,motive_5,motive_6,motive_7,motive_8
motive_1,0.0,-0.28129419240402337,0.5640477167545785,0.5910129201901613,0.1359293530975217,-0.5828381336129391,0.550040676190638,-0.15451676679184817
motive_2,-0.28129419240402337,0.0,-0.4460576770697943,-0.07876133052602685,1.0479958910560956,0.29561230312641934,0.5278495285147562,-0.026635522649796795
motive_3,0.5640477167545785,-0.4460576770697943,0.0,-0.5046208021247283,0.9746909172164491,0.5028281230335256,-0.02227013636839026,-0.03791014134169855
motive_4,0.5910129201901613,-0.07876133052602685,-0.5046208021247283,0.0,0.33970271372467925,-0.2727842933525766,-0.3167026088283471,0.7021022379702956
motive_5,0.1359293530975217,1.0479958910560956,0.9746909172164491,0.33970271372467925,0.0,0.6230690183972618,0.12970495552220457,0.336616191225934
motive_6,-0.5828381336129391,0.29561230312641934,0.5028281230335256,-0.2727842933525766,0.6230690183972618,0.0,0.07725015189278277,0.7875726861540004
motive_7,0.550040676190638,0.5278495285147562,-0.02227013636839026,-0.3167026088283471,0.12970495552220457,0.07725015189278277,0.0,0.15084221798481987
motive_8,-0.15451676679184817,-0.026635522649796795,-0.03791014134169855,0.7021022379702956,0.336616191225934,0.7875726861540004,0.15084221798481987,0.0
