,motive_1,motive_2,motive_3,motive_4,motive_5,motive_6,motive_7,motive_8
motive_1,0.0,-0.07906783582331221,0.022959184379521116,0.17079036166423306,0.08686213468669073,0.06613846758233424,-0.016755029241860127,0.008014515534537872
motive_2,-0.07906783582331221,0.0,0.007790730841540722,0.03204541074914424,-0.035824724926728606,0.06228538123232967,-0.014231642637183045,-0.043273478317106845
motive_3,0.022959184379521116,0.007790730841540722,0.0,0.1126146050424378,-0.05848572055019781,0.020425346462048098,-0.0034741950150867645,-0.003513639254855195
motive_4,0.17079036166423306,0.03204541074914424,0.1126146050424378,0.0,0.022336867140075982,-0.08169347592104895,0.043033055230843414,-0.019020739676716657
motive_5,0.08686213468669073,-0.035824724926728606,-0.05848572055019781,0.022336867140075982,0.0,-0.10945239641437929,0.16200195317556565,0.1420669687948387
motive_6,0.06613846758233424,0.06228538123232967,0.020425346462048098,-0.08169347592104895,-0.10945239641437929,0.0,0.06426500863861029,0.02822761995974206
motive_7,-0.016755029241860127,-0.014231642637183045,-0.0034741950150867645,0.043033055230843414,0.16200195317556565,0.06426500863861029,0.0,0.13523475467975699
motive_8,0.008014515534537872,-0.043273478317106845,-0.003513639254855195,-0.019020739676716657,0.1420669687948387,0.02822761995974206,0.13523475467975699,0.0
