,motive_1,motive_2,motive_3,motive_4,motive_5,motive_6,motive_7,motive_8
motive_1,0.0,0.764760223194076,-0.5346286210589772,0.5804220065340226,0.07151228805901083,0.018043767073710637,0.23259782054133765,0.252169171954996
motive_2,0.764760223194076,0.0,0.3537411973497875,0.6911676346164631,0.16600051278828173,0.3611854171989653,-0.7795522109494156,0.1502996197272725
motive_3,-0.5346286210589772,0.3537411973497875,0.0,-0.46271840549232784,0.3098026436478196,-0.15472140649881494,0.9083214980150374,0.21567292954423095
motive_4,0.5804220065340226,0.6911676346164631,-0.46271840549232784,0.0,-0.20660702330050768,-0.17617657835589484,-0.17521560455708302,-0.43464713129719545
motive_5,0.07151228805901083,0.16600051278828173,0.3098026436478196,-0.20660702330050768,0.0,-0.29262779615216117,0.4764902395008685,0.3524450026662973
motive_6,0.018043767073710637,0.3611854171989653,-0.15472140649881494,-0.17617657835589484,-0.29262779615216117,0.0,-0.04084010993489612,-0.5231469657172693
motive_7,0.23259782054133765,-0.7795522109494156,0.9083214980150374,-0.17521560455708302,0.4764902395008685,-0.04084010993489612,0.0,-0.048355488039779994
motive_8,0.252169171954996,0.1502996197272725,0.21567292954423095,-0.43464713129719545,0.3524450026662973,-0.5231469657172693,-0.048355488039779994,0.0
