,motive_1,motive_2,motive_3,motive_4,motive_5,motive_6,motive_7,motive_8
motive_1,0.0,0.4550774101533208,0.5837115614097388,-0.06665604322040328,0.24170395079337315,0.406558810483345,0.1112821085857107,0.30126566381986597
motive_2,0.4550774101533208,0.0,0.6838432809293399,0.48292499496838076,0.4180672360932477,0.44586248345827706,0.5167319327633668,0.39356589829409616
motive_3,0.5837115614097388,0.6838432809293399,0.0,0.6888342181990135,0.4903391080651188,0.4227170316322086,0.6550646217419747,0.23536180846152682
motive_4,-0.06665604322040328,0.48292499496838076,0.6888342181990135,0.0,0.2722572432686209,-0.12883201937014704,0.6981958630371,0.3244567181286623
motive_5,0.24170395079337315,0.4180672360932477,0.4903391080651188,0.2722572432686209,0.0,0.20657225399011042,0.33151361096658183,0.17288462271934535
motive_6,0.406558810483345,0.44586248345827706,0.4227170316322086,-0.12883201937014704,0.20657225399011042,0.0,0.3933749699397652,0.36252589070390384
motive_7,0.1112821085857107,0.5167319327633668,0.6550646217419747,0.6981958630371,0.33151361096658183,0.3933749699397652,0.0,0.12906452110000152
motive_8,0.30126566381986597,0.39356589829409616,0.23536180846152682,0.3244567181286623,0.17288462271934535,0.36252589070390384,0.12906452110000152,0.0
