,motive_1,motive_2,motive_3,motive_4,motive_5,motive_6,motive_7,motive_8
motive_1,0.0,0.37298605901174753,0.2626187045021628,0.1905147728382081,0.36679906850456456,-0.12413358766878799,0.18652726434865813,0.19963277884865607
motive_2,0.37298605901174753,0.0,-0.17599234046667955,0.8179300342396929,0.15427453573205496,0.38031413476083,0.1275324781734223,0.08336173405205488
motive_3,0.2626187045021628,-0.17599234046667955,0.0,0.09715012664483971,0.4447656204399775,0.16311953956224437,0.14661699651208288,0.16220127468695875
motive_4,0.1905147728382081,0.8179300342396929,0.09715012664483971,0.0,0.0577557867242071,0.17806290329842145,0.05855030873892202,0.29729971211996714
motive_5,0.36679906850456456,0.15427453573205496,0.4447656204399775,0.0577557867242071,0.0,0.08543483113013962,0.37480949884384546,-0.10456214593308319
motive_6,-0.12413358766878799,0.38031413476083,0.16311953956224437,0.17806290329842145,0.08543483113013962,0.0,0.12502760319367784,0.516004497327372
motive_7,0.18652726434865813,0.1275324781734223,0.14661699651208288,0.05855030873892202,0.37480949884384546,0.12502760319367784,0.0,0.36330922662413273
motive_8,0.19963277884865607,0.08336173405205488,0.16220127468695875,0.29729971211996714,-0.10456214593308319,0.516004497327372,0.36330922662413273,0.0
