,motive_1,motive_2,motive_3,motive_4,motive_5,motive_6,motive_7,motive_8
satisfaction,0.3248014791704855,0.15720929280155985,0.2703541918599005,-0.038360333417508274,-0.026883917337630014,0.2611905662589371,0.35177619369528856,-0.0950849520129263
