,motive_1,motive_2,motive_3,motive_4,motive_5,motive_6,motive_7,motive_8
motive_1,0.0,0.5324454589691697,0.664425710077355,0.20671756869462452,0.7527676284538916,0.4504852719186493,0.18699582559735015,0.4300984959054368
motive_2,0.5324454589691697,0.0,0.4053867416194426,0.0767835224910614,0.3544070269255001,0.476226724871321,0.11403384765948474,0.1063832565639774
motive_3,0.664425710077355,0.4053867416194426,0.0,0.1713805940014818,-0.0867885534274617,0.546563181075685,0.6248707886023097,0.6226119565645687
motive_4,0.20671756869462452,0.0767835224910614,0.1713805940014818,0.0,0.7402151953196344,0.4136907627730613,-0.05651080252290025,0.4436217480915192
motive_5,0.7527676284538916,0.3544070269255001,-0.0867885534274617,0.7402151953196344,0.0,0.47288121319221443,0.2758619657124839,0.2614625808917635
motive_6,0.4504852719186493,0.476226724871321,0.546563181075685,0.4136907627730613,0.47288121319221443,0.0,0.3255091394801237,0.2051523601400935
motive_7,0.18699582559735015,0.11403384765948474,0.6248707886023097,-0.05651080252290025,0.2758619657124839,0.3255091394801237,0.0,0.6181267591234852
motive_8,0.4300984959054368,0.1063832565639774,0.6226119565645687,0.4436217480915192,0.2614625808917635,0.2051523601400935,0.6181267591234852,0.0
