,motive_1,motive_2,motive_3,motive_4,motive_5,motive_6,motive_7,motive_8
motive_1,0.0,0.027736048860746237,0.05481277220114824,0.0854446468586954,-0.035846133355690715,0.08851907949533666,-0.0036108587122926153,-0.004704331293149322
motive_2,0.027736048860746237,0.0,0.08068380183853166,-0.01106758753935698,-0.06252317993005196,0.005438210278924119,0.04007089702225389,-0.004431497818294026
motive_3,0.05481277220114824,0.08068380183853166,0.0,-0.0013977871490068452,-0.03663817658885184,-0.026950330882556495,-0.10140431965107675,-0.041544732694021064
motive_4,0.0854446468586954,-0.01106758753935698,-0.0013977871490068452,0.0,0.05463258574774902,-0.16455715901732942,-0.07773211626393156,-0.12269908796030479
motive_5,-0.035846133355690715,-0.06252317993005196,-0.03663817658885184,0.05463258574774902,0.0,-0.0625579240606389,-0.016515414778836356,-0.03490502256235793
motive_6,0.08851907949533666,0.005438210278924119,-0.026950330882556495,-0.16455715901732942,-0.0625579240606389,0.0,-0.058651777311692466,-0.017407557866504927
motive_7,-0.0036108587122926153,0.04007089702225389,-0.10140431965107675,-0.07773211626393156,-0.016515414778836356,-0.058651777311692466,0.0,-0.1031662775134216
motive_8,-0.004704331293149322,-0.004431497818294026,-0.041544732694021064,-0.12269908796030479,-0.03490502256235793,-0.017407557866504927,-0.1031662775134216,0.0
