,motive_1,motive_2,motive_3,motive_4,motive_5,motive_6,motive_7,motive_8
satisfaction,0.03464364431352779,0.5980000851757636,0.009648000441503629,0.8654801709440689,-0.12950052077910523,-0.546724960409944,0.9443524046360299,-0.34326802365086634
