,motive_1,motive_2,motive_3,motive_4,motive_5,motive_6,motive_7,motive_8
satisfaction,0.32726162658798846,-0.009588492091087614,-0.20663898101712355,-0.03333207188182116,-0.08005633730591075,0.14704501327436292,0.2357373732639679,-0.1895723821517277
