,motive_1,motive_2,motive_3,motive_4,motive_5,motive_6,motive_7,motive_8
motive_1,0.0,-0.21169069385407105,-0.403254597643269,-0.17767365436778998,0.36455685602900384,-0.12464335762362894,0.2869909990308835,0.7238965777098907
motive_2,-0.21169069385407105,0.0,0.2017152313487997,-0.0022853788197576205,-0.22245671283591326,-0.20239144988124852,0.272951761614303,0.07475200861759154
motive_3,-0.403254597643269,0.2017152313487997,0.0,-0.3402248586411397,-0.3055325743079605,0.35777484747970206,0.8092052995224189,-0.09584297626545384
motive_4,-0.17767365436778998,-0.0022853788197576205,-0.3402248586411397,0.0,0.21758800924328292,0.4977400325302651,0.4258940628604395,0.15090485066364778
motive_5,0.36455685602900384,-0.22245671283591326,-0.3055325743079605,0.21758800924328292,0.0,-0.39135214558722514,-0.6536753141844002,0.3214965831595005
motive_6,-0.12464335762362894,-0.20239144988124852,0.35777484747970206,0.4977400325302651,-0.39135214558722514,0.0,-0.6573535079245988,0.21219400210070416
motive_7,0.2869909990308835,0.272951761614303,0.8092052995224189,0.4258940628604395,-0.6536753141844002,-0.6573535079245988,0.0,0.9031657779416691
motive_8,0.7238965777098907,0.07475200861759154,-0.09584297626545384,0.15090485066364778,0.3214965831595005,0.21219400210070416,0.9031657779416691,0.0
