,motive_1,motive_2,motive_3,motive_4,motive_5,motive_6,motive_7,motive_8
satisfaction,0.26813438736497097,-0.04610357203659396,-0.001771068371630588,-0.10538873093398402,0.21576997904430673,0.14750646296825654,-0.19827491425244217,-0.01585742511601447
