,motive_1,motive_2,motive_3,motive_4,motive_5,motive_6,motive_7,motive_8
motive_1,0.0,0.5968184864090456,0.4290548605815159,0.4971096665067686,0.6963993051902237,0.7420923130404342,0.45169730710375355,0.1153480783647925
motive_2,0.5968184864090456,0.0,0.12627097809372542,0.47063327691696766,0.13463538253910892,0.5434992470419806,0.12090075094426045,0.338841765533508
motive_3,0.4290548605815159,0.12627097809372542,0.0,0.38441510473994656,0.46186600001654377,0.467549615608669,0.5327403999656473,0.2280234417401745
motive_4,0.4971096665067686,0.47063327691696766,0.38441510473994656,0.0,0.6497201259271386,0.44387379678838634,0.5625152676661003,0.25084982999733846
motive_5,0.6963993051902237,0.13463538253910892,0.46186600001654377,0.6497201259271386,0.0,0.17552714240194933,0.3603904863251031,0.7967215720819936
motive_6,0.7420923130404342,0.5434992470419806,0.467549615608669,0.44387379678838634,0.17552714240194933,0.0,0.3992604278953268,0.3775018758904431
motive_7,0.45169730710375355,0.12090075094426045,0.5327403999656473,0.5625152676661003,0.3603904863251031,0.3992604278953268,0.0,0.3646569659203633
motive_8,0.1153480783647925,0.338841765533508,0.2280234417401745,0.25084982999733846,0.7967215720819936,0.3775018758904431,0.3646569659203633,0.0
