,motive_1,motive_2,motive_3,motive_4,motive_5,motive_6,motive_7,motive_8
satisfaction,0.4357009599562799,0.20776548304323625,-0.267266747920908,0.3473020762225142,0.0725212529368538,0.2068684862888396,0.07472969558828514,0.08213266381357821
