,motive_1,motive_2,motive_3,motive_4,motive_5,motive_6,motive_7,motive_8
motive_1,0.0,0.28673529603032055,0.5831669594024247,0.27675830870396045,0.6162047791335539,0.5320947667915144,0.5865837357256606,0.34530193805598197
motive_2,0.28673529603032055,0.0,0.36804466761977384,0.5139109966330699,0.40126971976003956,0.38560390295748226,0.46237100488769767,0.4225018838117459
motive_3,0.5831669594024247,0.36804466761977384,0.0,0.3329298443787563,0.38079186867451487,0.4927404987788546,0.34784170508502943,0.25949592597919363
motive_4,0.27675830870396045,0.5139109966330699,0.3329298443787563,0.0,0.46739785381664806,0.08834920215420092,0.3199801492623392,0.20976850594721752
motive_5,0.6162047791335539,0.40126971976003956,0.38079186867451487,0.46739785381664806,0.0,0.7353862482697934,0.4570456099208924,0.31716578748675184
motive_6,0.5320947667915144,0.38560390295748226,0.4927404987788546,0.08834920215420092,0.7353862482697934,0.0,0.6421317971852742,0.47929462609651474
motive_7,0.5865837357256606,0.46237100488769767,0.34784170508502943,0.3199801492623392,0.4570456099208924,0.6421317971852742,0.0,0.5482932087327346
motive_8,0.34530193805598197,0.4225018838117459,0.25949592597919363,0.20976850594721752,0.31716578748675184,0.47929462609651474,0.5482932087327346,0.0
