,motive_1,motive_2,motive_3,motive_4,motive_5,motive_6,motive_7,motive_8
motive_1,0.0,0.02244108799431722,-0.01856705345739098,0.053083415193955485,0.07349637847582176,0.025484915465033477,0.014248418458331745,0.042610234955490434
motive_2,0.02244108799431722,0.0,0.025074632856615438,0.03168281340218928,0.05817478280783589,-0.019544603367034296,-0.016776060710859665,0.04845690577817889
motive_3,-0.01856705345739098,0.025074632856615438,0.0,0.0011763597559601158,0.039490165254051995,0.05470751370441741,0.028019027248231392,0.1335867115642007
motive_4,0.053083415193955485,0.03168281340218928,0.0011763597559601158,0.0,-0.14568512777860654,0.0071795230220915,-0.02751224815718458,0.09019201977361348
motive_5,0.07349637847582176,0.05817478280783589,0.039490165254051995,-0.14568512777860654,0.0,0.0006266894648170821,0.06537278468720618,-0.059530100994862625
motive_6,0.025484915465033477,-0.019544603367034296,0.05470751370441741,0.0071795230220915,0.0006266894648170821,0.0,0.05188779393509123,0.10099547034245603
motive_7,0.014248418458331745,-0.016776060710859665,0.028019027248231392,-0.02751224815718458,0.06537278468720618,0.05188779393509123,0.0,0.01631840355345181
motive_8,0.042610234955490434,0.04845690577817889,0.1335867115642007,0.09019201977361348,-0.059530100994862625,0.10099547034245603,0.01631840355345181,0.0
