,motive_1,motive_2,motive_3,motive_4,motive_5,motive_6,motive_7,motive_8
motive_1,0.0,0.007750183481467374,0.2814349902378416,0.058590199452860536,0.07591984120639181,0.2138874966771409,-0.28047138120826065,0.04157148250522541
motive_2,0.007750183481467374,0.0,-0.028012995050485823,-0.1184123744446732,0.524406332365208,0.15474648146865144,0.03468219765924516,0.179679016273595
motive_3,0.2814349902378416,-0.028012995050485823,0.0,0.0009165364696221839,0.30649244253628516,0.14614246580518486,-0.0480860846905294,0.2325002714031719
motive_4,0.058590199452860536,-0.1184123744446732,0.0009165364696221839,0.0,0.18338815332394517,0.04315870308509455,0.5977070351712911,-0.023246003148176986
motive_5,0.07591984120639181,0.524406332365208,0.30649244253628516,0.18338815332394517,0.0,0.21564866371001548,0.005967824764625096,0.017213625473427252
motive_6,0.2138874966771409,0.15474648146865144,0.14614246580518486,0.04315870308509455,0.21564866371001548,0.0,0.1457048181403343,0.5569900758319957
motive_7,-0.28047138120826065,0.03468219765924516,-0.0480860846905294,0.5977070351712911,0.005967824764625096,0.1457048181403343,0.0,-0.09529551551115187
motive_8,0.04157148250522541,0.179679016273595,0.2325002714031719,-0.023246003148176986,0.017213625473427252,0.5569900758319957,-0.09529551551115187,0.0
