,motive_1,motive_2,motive_3,motive_4,motive_5,motive_6,motive_7,motive_8
motive_1,0.0,0.36869834235616095,0.3290012722240966,0.6264717556614557,0.5582884504311909,0.23342860467899076,0.33568062077291705,0.5274267312879175
motive_2,0.36869834235616095,0.0,0.3434552271474399,0.43236059599753834,0.3018165593085475,0.4639796633333552,0.25433444145198686,0.5941336799717161
motive_3,0.3290012722240966,0.3434552271474399,0.0,0.4652845104484789,0.5001650329825005,0.8258663698572767,0.6094019752515094,0.21806417155630542
motive_4,0.6264717556614557,0.43236059599753834,0.4652845104484789,0.0,0.17069574953762118,0.5722764815615604,0.14482911336299037,0.7983833068937206
motive_5,0.5582884504311909,0.3018165593085475,0.5001650329825005,0.17069574953762118,0.0,0.4248176526832114,0.6447953816135035,0.4259728062196707
motive_6,0.23342860467899076,0.4639796633333552,0.8258663698572767,0.5722764815615604,0.4248176526832114,0.0,0.2993117333193427,0.18477801187177945
motive_7,0.33568062077291705,0.25433444145198686,0.6094019752515094,0.14482911336299037,0.6447953816135035,0.2993117333193427,0.0,0.6184384885644885
motive_8,0.5274267312879175,0.5941336799717161,0.21806417155630542,0.7983833068937206,0.4259728062196707,0.18477801187177945,0.6184384885644885,0.0
