,motive_1,motive_2,motive_3,motive_4,motive_5,motive_6,motive_7,motive_8
motive_1,0.0,-0.25533499943225124,-0.21317782590406206,-0.1930737066421114,-0.19550629594617502,0.8036448233372382,0.15963985008099646,0.5192824069993566
motive_2,-0.25533499943225124,0.0,-0.7215972017061569,0.015306878486072172,0.05561866795164622,0.4756440243201809,0.4816673716137999,-0.325541516231451
motive_3,-0.21317782590406206,-0.7215972017061569,0.0,0.1038286665007272,0.317439710260609,-0.5893193738871445,0.16289111265716366,-0.22878179338553778
motive_4,-0.1930737066421114,0.015306878486072172,0.1038286665007272,0.0,-0.43662087751201933,0.3718561480145063,0.20656266384730054,-0.03884945241375559
motive_5,-0.19550629594617502,0.05561866795164622,0.317439710260609,-0.43662087751201933,0.0,-0.10988712627494884,0.09100988748128302,-0.06383792739609118
motive_6,0.8036448233372382,0.4756440243201809,-0.5893193738871445,0.3718561480145063,-0.10988712627494884,0.0,-0.444689603051591,0.15449219714903578
motive_7,0.15963985008099646,0.4816673716137999,0.16289111265716366,0.20656266384730054,0.09100988748128302,-0.444689603051591,0.0,-0.015092059824843185
motive_8,0.5192824069993566,-0.325541516231451,-0.22878179338553778,-0.03884945241375559,-0.06383792739609118,0.15449219714903578,-0.015092059824843185,0.0
