,motive_1,motive_2,motive_3,motive_4,motive_5,motive_6,motive_7,motive_8
motive_1,0.0,0.28150815201713586,0.12363616662190163,0.744539166508164,0.0940959751652455,0.18347921841490555,-0.3215071068856996,0.2320380266416695
motive_2,0.28150815201713586,0.0,0.23694273193900384,0.21758415756494953,-0.1537091860025136,0.46208348652218645,0.5293769546012101,0.2045172124217031
motive_3,0.12363616662190163,0.23694273193900384,0.0,-0.09674654258089951,0.07589474199792175,0.27842090148816623,0.1510057118221729,0.21445960351156143
motive_4,0.744539166508164,0.21758415756494953,-0.09674654258089951,0.0,0.22504852408051518,0.1465254266503218,0.07541100940516958,-0.16111856231948668
motive_5,0.0940959751652455,-0.1537091860025136,0.07589474199792175,0.22504852408051518,0.0,0.09001784344187098,0.2078202402054607,0.02263177977072897
motive_6,0.18347921841490555,0.46208348652218645,0.27842090148816623,0.1465254266503218,0.09001784344187098,0.0,-0.17053314620382196,0.12326323088432767
motive_7,-0.3215071068856996,0.5293769546012101,0.1510057118221729,0.07541100940516958,0.2078202402054607,-0.17053314620382196,0.0,0.31842100973420534
motive_8,0.2320380266416695,0.2045172124217031,0.21445960351156143,-0.16111856231948668,0.02263177977072897,0.12326323088432767,0.31842100973420534,0.0
