,motive_1,motive_2,motive_3,motive_4,motive_5,motive_6,motive_7,motive_8
motive_1,0.0,0.011748839299490534,0.019061879671623358,0.07294041816212384,-0.04724783337971683,0.027895624628298622,0.01050101137106327,0.11797391921385006
motive_2,0.011748839299490534,0.0,0.045720749822517,0.0443167970679575,-0.04754298911790582,0.023524471965482685,-0.03942206550280543,0.0041298482338867105
motive_3,0.019061879671623358,0.045720749822517,0.0,-0.012581940502277789,-0.08002964311649656,0.10167740322429071,0.053051327194878366,0.021878850470531133
motive_4,0.07294041816212384,0.0443167970679575,-0.012581940502277789,0.0,0.017810125117563504,0.09398571330152083,0.041267240991246304,0.0918210100663191
motive_5,-0.04724783337971683,-0.04754298911790582,-0.08002964311649656,0.017810125117563504,0.0,-0.039316258992772246,-0.04193248207876697,0.08657554066576449
motive_6,0.027895624628298622,0.023524471965482685,0.10167740322429071,0.09398571330152083,-0.039316258992772246,0.0,-0.0011069441661963773,0.003034659714191563
motive_7,0.01050101137106327,-0.03942206550280543,0.053051327194878366,0.041267240991246304,-0.04193248207876697,-0.0011069441661963773,0.0,-0.06371390031645272
motive_8,0.11797391921385006,0.0041298482338867105,0.021878850470531133,0.0918210100663191,0.08657554066576449,0.003034659714191563,-0.06371390031645272,0.0
