,motive_1,motive_2,motive_3,motive_4,motive_5,motive_6,motive_7,motive_8
satisfaction,0.1339991990339821,-0.07540398387797992,-0.12774571462626094,-0.40552100448666956,0.5016595832168187,0.5436448068715625,0.2541843570830173,0.051075868660848206
