,motive_1,motive_2,motive_3,motive_4,motive_5,motive_6,motive_7,motive_8
motive_1,0.0,0.1599790118013257,0.5081814559815272,0.09856812878618679,0.268986802346308,0.6772853226652491,-0.039783530032891895,0.2918367331129694
motive_2,0.1599790118013257,0.0,0.22155546761341888,0.13834767081795718,0.3772799034018563,0.2581540818377347,0.2838551006655066,0.47961574145166014
motive_3,0.5081814559815272,0.22155546761341888,0.0,0.7114978225835833,-0.1930810937008771,-0.09447704672993537,0.3227969885754217,0.6602618070535227
motive_4,0.09856812878618679,0.13834767081795718,0.7114978225835833,0.0,0.04803474216515333,0.5193668213008441,0.37597999889255995,0.08364198064723774
motive_5,0.268986802346308,0.3772799034018563,-0.1930810937008771,0.04803474216515333,0.0,0.3730702228574204,0.3487219081866839,0.39275427255448386
motive_6,0.6772853226652491,0.2581540818377347,-0.09447704672993537,0.5193668213008441,0.3730702228574204,0.0,-0.11957540167035356,0.07512223934945897
motive_7,-0.039783530032891895,0.2838551006655066,0.3227969885754217,0.37597999889255995,0.3487219081866839,-0.11957540167035356,0.0,-0.02360487464451584
motive_8,0.2918367331129694,0.47961574145166014,0.6602618070535227,0.08364198064723774,0.39275427255448386,0.07512223934945897,-0.02360487464451584,0.0
