,motive_1,motive_2,motive_3,motive_4,motive_5,motive_6,motive_7,motive_8
motive_1,0.0,0.13268340057209466,-0.034504761235252264,0.12643975722660072,0.13402945631292185,0.21109248196675826,-0.03195594589136647,0.05633135463864031
motive_2,0.13268340057209466,0.0,0.22790962617732916,0.17196775568054395,0.11437267006055588,0.06996939859045151,0.1296720391408402,0.14497685949922984
motive_3,-0.034504761235252264,0.22790962617732916,0.0,0.09976717559247998,0.12295878612259131,0.09734920103516878,0.07181075440550966,0.1680619042461645
motive_4,0.12643975722660072,0.17196775568054395,0.09976717559247998,0.0,0.10187455469130069,0.04899251798632591,0.05076786040289441,0.056889304970934244
motive_5,0.13402945631292185,0.11437267006055588,0.12295878612259131,0.10187455469130069,0.0,0.14679104311461844,0.21283554809101246,0.03390326987974221
motive_6,0.21109248196675826,0.06996939859045151,0.09734920103516878,0.04899251798632591,0.14679104311461844,0.0,0.05929184335661654,-0.00432836330716348
motive_7,-0.03195594589136647,0.1296720391408402,0.07181075440550966,0.05076786040289441,0.21283554809101246,0.05929184335661654,0.0,0.1487363540009049
motive_8,0.05633135463864031,0.14497685949922984,0.1680619042461645,0.056889304970934244,0.03390326987974221,-0.00432836330716348,0.1487363540009049,0.0
