,motive_1,motive_2,motive_3,motive_4,motive_5,motive_6,motive_7,motive_8
motive_1,0.0,0.027456472095072244,-0.06060493563318732,0.03775344933028284,-0.013865042654719384,-0.020869158822349465,-0.07071338714544073,-0.08218730714940378
motive_2,0.027456472095072244,0.0,0.014702799177861645,-0.11938404919496891,-0.029331203727331157,0.04029145790877464,0.035257371300625506,0.002145755313362973
motive_3,-0.06060493563318732,0.014702799177861645,0.0,0.1624007739140145,-0.1332498627282657,0.05619527691546163,-0.10652559148018965,0.07712572072242324
motive_4,0.03775344933028284,-0.11938404919496891,0.1624007739140145,0.0,0.12663681872142946,-0.020643910773566032,0.07381126331567309,0.12287786635824184
motive_5,-0.013865042654719384,-0.029331203727331157,-0.1332498627282657,0.12663681872142946,0.0,0.05391115046639068,0.029667216968614987,0.10545150975141966
motive_6,-0.020869158822349465,0.04029145790877464,0.05619527691546163,-0.020643910773566032,0.05391115046639068,0.0,-0.07659008055239981,0.0719393062398776
motive_7,-0.07071338714544073,0.035257371300625506,-0.10652559148018965,0.07381126331567309,0.029667216968614987,-0.07659008055239981,0.0,0.07507448139615386
motive_8,-0.08218730714940378,0.002145755313362973,0.07712572072242324,0.12287786635824184,0.10545150975141966,0.0719393062398776,0.07507448139615386,0.0
