,motive_1,motive_2,motive_3,motive_4,motive_5,motive_6,motive_7,motive_8
satisfaction,0.33580489444415373,-0.09168447848549943,0.0591458718211261,-0.40671090169215734,0.25361729849418585,0.36209112875956456,0.10778517905011471,0.36208402272660284
