,motive_1,motive_2,motive_3,motive_4,motive_5,motive_6,motive_7,motive_8
motive_1,0.0,0.054212065325086115,0.06871115226037125,0.04790036689752173,-0.06146404269145766,0.038022965565171464,-0.055300084797462686,0.06499138237888391
motive_2,0.054212065325086115,0.0,-0.008678603213669266,-0.08863784351841919,-0.10693811853398373,-0.11413933647879315,0.08185570486991323,0.03583365927459476
motive_3,0.06871115226037125,-0.008678603213669266,0.0,-0.11095186015281874,0.03674922288512849,-0.07069608331732717,-0.1440731915403502,-0.0008463256755087828
motive_4,0.04790036689752173,-0.08863784351841919,-0.11095186015281874,0.0,-0.10093303779417724,-0.038140599695889836,0.11731096278564634,-0.01420540696327094
motive_5,-0.06146404269145766,-0.10693811853398373,0.03674922288512849,-0.10093303779417724,0.0,0.08472313523082008,0.011065044979170623,-0.02013230517567202
motive_6,0.038022965565171464,-0.11413933647879315,-0.07069608331732717,-0.038140599695889836,0.08472313523082008,0.0,-0.1172963187490081,-0.03370945570315271
motive_7,-0.055300084797462686,0.08185570486991323,-0.1440731915403502,0.11731096278564634,0.011065044979170623,-0.1172963187490081,0.0,-0.0415912870959787
motive_8,0.06499138237888391,0.03583365927459476,-0.0008463256755087828,-0.01420540696327094,-0.02013230517567202,-0.03370945570315271,-0.0415912870959787,0.0
