,motive_1,motive_2,motive_3,motive_4,motive_5,motive_6,motive_7,motive_8
motive_1,0.0,0.5938933603321366,0.27925044669484744,0.2748657560717601,0.031296807992701126,0.19849095224768115,0.06472084759066572,0.20011034503207087
motive_2,0.5938933603321366,0.0,0.12488340767321289,0.2764168714023339,0.1550844086065915,0.30817307139961647,-0.1411474809939217,0.1001921207518737
motive_3,0.27925044669484744,0.12488340767321289,0.0,0.14556984703370215,0.49696840105909146,0.16081399897180812,0.1278898234332252,0.14234181213904956
motive_4,0.2748657560717601,0.2764168714023339,0.14556984703370215,0.0,-0.07613024392567436,0.22733684504803617,-0.09353455232603927,0.10629538230119219
motive_5,0.031296807992701126,0.1550844086065915,0.49696840105909146,-0.07613024392567436,0.0,0.054425616642302596,0.3707923604224863,0.4928283660401408
motive_6,0.19849095224768115,0.30817307139961647,0.16081399897180812,0.22733684504803617,0.054425616642302596,0.0,0.12104506416694613,0.2763936780459239
motive_7,0.06472084759066572,-0.1411474809939217,0.1278898234332252,-0.09353455232603927,0.3707923604224863,0.12104506416694613,0.0,0.3315740473204941
motive_8,0.20011034503207087,0.1001921207518737,0.14234181213904956,0.10629538230119219,0.4928283660401408,0.2763936780459239,0.3315740473204941,0.0
