,motive_1,motive_2,motive_3,motive_4,motive_5,motive_6,motive_7,motive_8
motive_1,0.0,0.5386831603604151,0.03409513808344655,0.4104758148162614,0.1106654744325028,0.44888498320004794,0.5178153426964482,0.6204588995648161
motive_2,0.5386831603604151,0.0,0.26897596347185015,0.4909472131874335,0.6302477239720079,0.9787421528696956,0.4166823356678405,0.48410766943239114
motive_3,0.03409513808344655,0.26897596347185015,0.0,0.08274070931774682,0.2076621470488439,0.2268455259055248,0.4267202224229904,0.45612014706592585
motive_4,0.4104758148162614,0.4909472131874335,0.08274070931774682,0.0,0.4872615884773134,0.7439211868236013,0.3965547523143609,0.5922955071446346
motive_5,0.1106654744325028,0.6302477239720079,0.2076621470488439,0.4872615884773134,0.0,0.40493149175571497,0.6040760931953332,0.14278236344143264
motive_6,0.44888498320004794,0.9787421528696956,0.2268455259055248,0.7439211868236013,0.40493149175571497,0.0,0.5902373733781068,0.6824859333658344
motive_7,0.5178153426964482,0.4166823356678405,0.4267202224229904,0.3965547523143609,0.6040760931953332,0.5902373733781068,0.0,0.46572217452027254
motive_8,0.6204588995648161,0.48410766943239114,0.45612014706592585,0.5922955071446346,0.14278236344143264,0.6824859333658344,0.46572217452027254,0.0
