,motive_1,motive_2,motive_3,motive_4,motive_5,motive_6,motive_7,motive_8
satisfaction,0.4306820174688327,0.03986170777345143,0.46971384573955244,0.35995943895108107,-0.23837094933040906,-0.015933623680725845,0.11965635903593001,0.5101946176849057
