,motive_1,motive_2,motive_3,motive_4,motive_5,motive_6,motive_7,motive_8
motive_1,0.0,0.36247332386968917,0.7090609132608702,0.5004425299825307,0.18153479775481796,0.25339046777713964,0.26935256546127173,0.551638754547541
motive_2,0.36247332386968917,0.0,0.3781319588402507,0.449635210499247,0.5944945370326921,0.36586071907116574,0.5147486832137956,0.4710014029971221
motive_3,0.7090609132608702,0.3781319588402507,0.0,0.5135267218075639,0.3724088502198657,0.22259954218243308,0.42211543083326364,0.33880349537864496
motive_4,0.5004425299825307,0.449635210499247,0.5135267218075639,0.0,0.3383992565571215,0.7786411278861248,0.20091181721021567,0.5910240301791236
motive_5,0.18153479775481796,0.5944945370326921,0.3724088502198657,0.3383992565571215,0.0,0.03963575225208518,0.3035585408306106,-0.06222238488482762
motive_6,0.25339046777713964,0.36586071907116574,0.22259954218243308,0.7786411278861248,0.03963575225208518,0.0,0.384797860612454,0.26562523879659583
motive_7,0.26935256546127173,0.5147486832137956,0.42211543083326364,0.20091181721021567,0.3035585408306106,0.384797860612454,0.0,0.5415222759746021
motive_8,0.551638754547541,0.4710014029971221,0.33880349537864496,0.5910240301791236,-0.06222238488482762,0.26562523879659583,0.5415222759746021,0.0
