,motive_1,motive_2,motive_3,motive_4,motive_5,motive_6,motive_7,motive_8
motive_1,0.0,0.2021552729578807,0.37731516367951234,-0.08811042824560258,0.20660532875150583,-0.22120991997989692,-0.0184857908360285,-0.160278796142251
motive_2,0.2021552729578807,0.0,0.17315212354646015,-0.14198918608832156,0.03713328552447172,0.357175731290995,0.1264853007990164,0.13929036415808507
motive_3,0.37731516367951234,0.17315212354646015,0.0,0.15563201516689934,0.3535785693985352,0.7781899904847376,0.01291287302479549,0.026172855749204554
motive_4,-0.08811042824560258,-0.14198918608832156,0.15563201516689934,0.0,0.18003592273963906,0.3598734429436654,0.12845844153009667,0.1945177184454755
motive_5,0.20660532875150583,0.03713328552447172,0.3535785693985352,0.18003592273963906,0.0,0.4259354279938218,0.5216379434318087,-0.45647051890784296
motive_6,-0.22120991997989692,0.357175731290995,0.7781899904847376,0.3598734429436654,0.4259354279938218,0.0,0.3466953849117712,0.2781764999448676
motive_7,-0.0184857908360285,0.1264853007990164,0.01291287302479549,0.12845844153009667,0.5216379434318087,0.3466953849117712,0.0,0.17538315458031523
motive_8,-0.160278796142251,0.13929036415808507,0.026172855749204554,0.1945177184454755,-0.45647051890784296,0.2781764999448676,0.17538315458031523,0.0
