,motive_1,motive_2,motive_3,motive_4,motive_5,motive_6,motive_7,motive_8
motive_1,0.0,0.10880667774479824,0.08711502584304061,0.45661830855354446,-0.05954874865907339,0.22688097940789298,0.12686110727184619,0.06929963900629152
motive_2,0.10880667774479824,0.0,0.24872457084810717,0.15580160694788486,0.19445355494242642,-0.02829616128481912,0.16056073426247794,0.3107002704856396
motive_3,0.08711502584304061,0.24872457084810717,0.0,0.05836162000777412,0.28945572276189857,-0.1531109017608523,0.04172007839976762,-0.25081036838552634
motive_4,0.45661830855354446,0.15580160694788486,0.05836162000777412,0.0,-0.17102790318706992,0.24870939866239958,0.2763759584314702,-0.021750384138030016
motive_5,-0.05954874865907339,0.19445355494242642,0.28945572276189857,-0.17102790318706992,0.0,-0.023286639970521647,0.23668097025100995,0.3376171182966997
motive_6,0.22688097940789298,-0.02829616128481912,-0.1531109017608523,0.24870939866239958,-0.023286639970521647,0.0,0.17426611922899082,0.25550270859076707
motive_7,0.12686110727184619,0.16056073426247794,0.04172007839976762,0.2763759584314702,0.23668097025100995,0.17426611922899082,0.0,0.1750864214042617
motive_8,0.06929963900629152,0.3107002704856396,-0.25081036838552634,-0.021750384138030016,0.3376171182966997,0.25550270859076707,0.1750864214042617,0.0
