,motive_1,motive_2,motive_3,motive_4,motive_5,motive_6,motive_7,motive_8
motive_1,0.0,0.0622450986767735,0.16105565313414152,0.05891943623465347,0.1720682597111846,0.14403158893050477,0.16219457857522018,0.0817673126853273
motive_2,0.0622450986767735,0.0,0.08934822253992461,0.1379703322110233,0.10042323992001317,0.09520130098582741,0.1207903349625659,0.10750062793724863
motive_3,0.16105565313414152,0.08934822253992461,0.0,0.07764328145958543,0.09359728955817159,0.1309134995929515,0.08261390169500982,0.053165308659731195
motive_4,0.05891943623465347,0.1379703322110233,0.07764328145958543,0.0,0.12246595127221602,-0.003883599281933034,0.07332671642077972,0.03658950198240584
motive_5,0.1720682597111846,0.10042323992001317,0.09359728955817159,0.12246595127221602,0.0,0.21179541608993113,0.11901520330696413,0.07238859582891727
motive_6,0.14403158893050477,0.09520130098582741,0.1309134995929515,-0.003883599281933034,0.21179541608993113,0.0,0.1807105990617581,0.12643154203217155
motive_7,0.16219457857522018,0.1207903349625659,0.08261390169500982,0.07332671642077972,0.11901520330696413,0.1807105990617581,0.0,0.1494310695775782
motive_8,0.0817673126853273,0.10750062793724863,0.053165308659731195,0.03658950198240584,0.07238859582891727,0.12643154203217155,0.1494310695775782,0.0
