,motive_1,motive_2,motive_3,motive_4,motive_5,motive_6,motive_7,motive_8
motive_1,0.0,0.727888078590081,0.670244684341224,0.4630648253324539,0.03775341368908386,0.43660534351453195,0.39063186530936617,0.1298655292051506
motive_2,0.727888078590081,0.0,0.21565435682082149,0.5911128801078824,0.2710697079239379,0.16758692714657564,0.4431985881255526,0.2801053267034235
motive_3,0.670244684341224,0.21565435682082149,0.0,0.5342290737666874,0.650995783297919,0.34593075661591166,0.6365447440345364,0.36017152327559177
motive_4,0.4630648253324539,0.5911128801078824,0.5342290737666874,0.0,0.6605176053554271,0.5139493951100473,0.6639159509986342,0.6284012798352827
motive_5,0.03775341368908386,0.2710697079239379,0.650995783297919,0.6605176053554271,0.0,0.3572913118125367,0.2622765318329697,0.4336733293901277
motive_6,0.43660534351453195,0.16758692714657564,0.34593075661591166,0.5139493951100473,0.3572913118125367,0.0,0.4392117123856325,0.2309523323065672
motive_7,0.39063186530936617,0.4431985881255526,0.6365447440345364,0.6639159509986342,0.2622765318329697,0.4392117123856325,0.0,0.4562422833200789
motive_8,0.1298655292051506,0.2801053267034235,0.36017152327559177,0.6284012798352827,0.4336733293901277,0.2309523323065672,0.4562422833200789,0.0
