,motive_1,motive_2,motive_3,motive_4,motive_5,motive_6,motive_7,motive_8
motive_1,0.0,0.5182287418781651,0.34759346416572967,0.34439163651679106,-0.04734308499795828,0.5604020717463074,0.3764254438135647,0.20202660840744482
motive_2,0.5182287418781651,0.0,0.7559977181308035,0.3581316872577064,0.3700670454765176,0.9012385747280394,0.1692758076587621,0.1745305801079735
motive_3,0.34759346416572967,0.7559977181308035,0.0,0.47722555786578147,0.43157207653294377,0.03056828710254797,0.36126062185433133,0.6943674157667501
motive_4,0.34439163651679106,0.3581316872577064,0.47722555786578147,0.0,0.03258907985723847,0.06735401815318723,-0.14006735913944535,0.47122566568190744
motive_5,-0.04734308499795828,0.3700670454765176,0.43157207653294377,0.03258907985723847,0.0,0.09048520693052381,0.7589326617249033,0.34397991805943445
motive_6,0.5604020717463074,0.9012385747280394,0.03056828710254797,0.06735401815318723,0.09048520693052381,0.0,0.5318343276583368,0.6597597830146363
motive_7,0.3764254438135647,0.1692758076587621,0.36126062185433133,-0.14006735913944535,0.7589326617249033,0.5318343276583368,0.0,0.5060214582717355
motive_8,0.20202660840744482,0.1745305801079735,0.6943674157667501,0.47122566568190744,0.34397991805943445,0.6597597830146363,0.5060214582717355,0.0
