,motive_1,motive_2,motive_3,motive_4,motive_5,motive_6,motive_7,motive_8
motive_1,0.0,0.010969286812878981,-0.581116487883985,1.2448794660248659,-0.35896722704029577,0.3609777419067887,0.06603324872415918,0.0665074331243395
motive_2,0.010969286812878981,0.0,0.7212080386822964,-0.27459115943485973,-0.0892956506814885,0.9927148634428571,-0.3752737299333789,-0.2997734552560833
motive_3,-0.581116487883985,0.7212080386822964,0.0,0.38403916569868723,-0.28661969278359345,0.6575123687992848,0.4493238481279522,-0.7048325127405143
motive_4,1.2448794660248659,-0.27459115943485973,0.38403916569868723,0.0,1.123400449440656,0.022802063580997622,0.3513916239818987,-0.2691674321156177
motive_5,-0.35896722704029577,-0.0892956506814885,-0.28661969278359345,1.123400449440656,0.0,-0.019652336974732107,0.11065531404097267,-0.1282014620635991
motive_6,0.3609777419067887,0.9927148634428571,0.6575123687992848,0.022802063580997622,-0.019652336974732107,0.0,0.023276351233032004,0.1579833980327645
motive_7,0.06603324872415918,-0.3752737299333789,0.4493238481279522,0.3513916239818987,0.11065531404097267,0.023276351233032004,0.0,0.9161039670538982
motive_8,0.0665074331243395,-0.2997734552560833,-0.7048325127405143,-0.2691674321156177,-0.1282014620635991,0.1579833980327645,0.9161039670538982,0.0
