,motive_1,motive_2,motive_3,motive_4,motive_5,motive_6,motive_7,motive_8
motive_1,0.0,0.4827580952683991,0.4881100713355709,0.4543195379703793,0.03400020729526343,0.5264198222574226,0.44027818669749336,-0.07845316585714618
motive_2,0.4827580952683991,0.0,0.3247677896980418,0.15666595594865562,0.5561093095784264,0.3337985775334004,0.2848969452889902,0.2572574066035376
motive_3,0.4881100713355709,0.3247677896980418,0.0,0.11023714190537101,0.337942733209795,0.508359613417651,0.6287318378568328,0.6901445155481827
motive_4,0.4543195379703793,0.15666595594865562,0.11023714190537101,0.0,0.4580855814514669,0.22460327275877753,0.32421224821489386,0.739833408087926
motive_5,0.03400020729526343,0.5561093095784264,0.337942733209795,0.4580855814514669,0.0,0.36304546360697026,0.6801392294711424,0.29526516694586336
motive_6,0.5264198222574226,0.3337985775334004,0.508359613417651,0.22460327275877753,0.36304546360697026,0.0,0.49535493809692444,0.4511837761415847
motive_7,0.44027818669749336,0.2848969452889902,0.6287318378568328,0.32421224821489386,0.6801392294711424,0.49535493809692444,0.0,0.33863695412743827
motive_8,-0.07845316585714618,0.2572574066035376,0.6901445155481827,0.739833408087926,0.29526516694586336,0.4511837761415847,0.33863695412743827,0.0
