,motive_1,motive_2,motive_3,motive_4,motive_5,motive_6,motive_7,motive_8
motive_1,0.0,-0.05519933860211689,0.27790708618090004,0.2750568977819496,0.01429018934540914,0.041838622471256526,-0.08799031016605767,-0.19867413920965363
motive_2,-0.05519933860211689,0.0,0.1676490156862982,-0.017495073644629072,0.04090305922606209,0.11446317237716327,0.2782256608618895,0.25090116453117195
motive_3,0.27790708618090004,0.1676490156862982,0.0,-0.03904283774680095,-0.2588803975298316,0.2815598365800712,0.2944027367620101,-0.1204852389332575
motive_4,0.2750568977819496,-0.017495073644629072,-0.03904283774680095,0.0,0.13817845595388117,0.5692606961685349,0.8138275724359735,-0.1398063366210607
motive_5,0.01429018934540914,0.04090305922606209,-0.2588803975298316,0.13817845595388117,0.0,0.3088103063971259,0.1462705643010756,0.0029855499399113056
motive_6,0.041838622471256526,0.11446317237716327,0.2815598365800712,0.5692606961685349,0.3088103063971259,0.0,0.12314852530220176,0.6578071137482034
motive_7,-0.08799031016605767,0.2782256608618895,0.2944027367620101,0.8138275724359735,0.1462705643010756,0.12314852530220176,0.0,0.11193320443728078
motive_8,-0.19867413920965363,0.25090116453117195,-0.1204852389332575,-0.1398063366210607,0.0029855499399113056,0.6578071137482034,0.11193320443728078,0.0
