,motive_1,motive_2,motive_3,motive_4,motive_5,motive_6,motive_7,motive_8
motive_1,0.0,0.3908969205222541,0.5510459671525294,0.5634441215851129,0.30279694923715816,0.8204548348302927,0.4890223061008021,0.05137730531166167
motive_2,0.3908969205222541,0.0,0.3425633624387671,0.21975450650841355,0.09582725568836704,0.2518623992631653,0.3039890000780756,0.20166334300810707
motive_3,0.5510459671525294,0.3425633624387671,0.0,0.5706688231470207,0.6154136735641644,0.19931139292270117,0.5258771479188056,0.3558865652155398
motive_4,0.5634441215851129,0.21975450650841355,0.5706688231470207,0.0,0.204494145138502,0.5902527158530282,0.4916096645618393,0.5922575880634544
motive_5,0.30279694923715816,0.09582725568836704,0.6154136735641644,0.204494145138502,0.0,0.14214085160616094,0.46475461525977774,0.9386624031716916
motive_6,0.8204548348302927,0.2518623992631653,0.19931139292270117,0.5902527158530282,0.14214085160616094,0.0,0.12963495971894012,0.4825838331143649
motive_7,0.4890223061008021,0.3039890000780756,0.5258771479188056,0.4916096645618393,0.46475461525977774,0.12963495971894012,0.0,0.4615908683473864
motive_8,0.05137730531166167,0.20166334300810707,0.3558865652155398,0.5922575880634544,0.9386624031716916,0.4825838331143649,0.4615908683473864,0.0
