,motive_1,motive_2,motive_3,motive_4,motive_5,motive_6,motive_7,motive_8
motive_1,0.0,0.01761902479816051,-0.019735622687802837,0.003846556958088221,0.12069771757103845,-0.06877582616443399,-0.06258191359918445,-0.10291601091013099
motive_2,0.01761902479816051,0.0,-0.11620618534429293,0.018960002501687136,0.04983138854924919,-0.02455723495753325,0.11068479247583637,0.025309853940842814
motive_3,-0.019735622687802837,-0.11620618534429293,0.0,-0.09993621533054903,-0.04712059465857572,0.05446846021400338,0.01721350111766767,-0.00117991207114414
motive_4,0.003846556958088221,0.018960002501687136,-0.09993621533054903,0.0,-0.06546613891928815,0.016204934213445384,-0.06691430797946421,0.06902172876091733
motive_5,0.12069771757103845,0.04983138854924919,-0.04712059465857572,-0.06546613891928815,0.0,-0.04798355283638457,0.02757617009814004,0.041270505898293564
motive_6,-0.06877582616443399,-0.02455723495753325,0.05446846021400338,0.016204934213445384,-0.04798355283638457,0.0,0.010944473024937456,-0.10845638875875813
motive_7,-0.06258191359918445,0.11068479247583637,0.01721350111766767,-0.06691430797946421,0.02757617009814004,0.010944473024937456,0.0,0.10710181193784082
motive_8,-0.10291601091013099,0.025309853940842814,-0.00117991207114414,0.06902172876091733,0.041270505898293564,-0.10845638875875813,0.10710181193784082,0.0
