,motive_1,motive_2,motive_3,motive_4,motive_5,motive_6,motive_7,motive_8
motive_1,0.0,0.36476979610326643,0.6326271298329931,0.320561612520956,0.07258386621154347,0.07498541716946736,0.43787577888472184,0.5014096159042295
motive_2,0.36476979610326643,0.0,0.2755906602565509,0.13715998479609368,0.17543275981514095,0.4128371480061426,0.5665121729287075,-0.039253238071641175
motive_3,0.6326271298329931,0.2755906602565509,0.0,0.23646503356351292,0.5792778168891836,-0.1735670018909783,0.15850028791959575,0.21811659491745816
motive_4,0.320561612520956,0.13715998479609368,0.23646503356351292,0.0,0.18708859554937635,0.11985558859084233,0.3185526201609008,0.0318880690657143
motive_5,0.07258386621154347,0.17543275981514095,0.5792778168891836,0.18708859554937635,0.0,0.5222058353897632,0.40963273710166526,0.10040056829657532
motive_6,0.07498541716946736,0.4128371480061426,-0.1735670018909783,0.11985558859084233,0.5222058353897632,0.0,-0.024811596496353866,0.06787765339579824
motive_7,0.43787577888472184,0.5665121729287075,0.15850028791959575,0.3185526201609008,0.40963273710166526,-0.024811596496353866,0.0,-0.1390270316047454
motive_8,0.5014096159042295,-0.039253238071641175,0.21811659491745816,0.0318880690657143,0.10040056829657532,0.06787765339579824,-0.1390270316047454,0.0
