,motive_1,motive_2,motive_3,motive_4,motive_5,motive_6,motive_7,motive_8
satisfaction,0.1635272702370509,0.14437226757944513,0.10922595842101007,0.33696420748470124,0.07898788742384473,-0.08504434395172686,0.11456744683395642,-0.455306608957031
