,motive_1,motive_2,motive_3,motive_4,motive_5,motive_6,motive_7,motive_8
motive_1,0.0,0.43689270578936384,0.36684773353026057,0.6104981539211025,0.20738027216309116,0.181639489479844,0.41721422942529723,-0.0010377674063836995
motive_2,0.43689270578936384,0.0,0.15542089534068934,0.48592692447265806,0.08558652604241104,0.44231413903129424,0.48462760716698877,0.29330959833740994
motive_3,0.36684773353026057,0.15542089534068934,0.0,-0.1148940462007344,0.42030940773636005,0.0916399547710308,0.3745307530471476,0.21055418778212343
motive_4,0.6104981539211025,0.48592692447265806,-0.1148940462007344,0.0,0.7272517475220689,0.3132620041447942,0.14787548528884728,0.1847075972087487
motive_5,0.20738027216309116,0.08558652604241104,0.42030940773636005,0.7272517475220689,0.0,0.2660712299296797,0.2214019151163575,0.24127750786902152
motive_6,0.181639489479844,0.44231413903129424,0.0916399547710308,0.3132620041447942,0.2660712299296797,0.0,0.3925476914952118,0.3110685007939547
motive_7,0.41721422942529723,0.48462760716698877,0.3745307530471476,0.14787548528884728,0.2214019151163575,0.3925476914952118,0.0,0.5641792265408203
motive_8,-0.0010377674063836995,0.29330959833740994,0.21055418778212343,0.1847075972087487,0.24127750786902152,0.3110685007939547,0.5641792265408203,0.0
