,motive_1,motive_2,motive_3,motive_4,motive_5,motive_6,motive_7,motive_8
motive_1,0.0,0.175061431632075,0.058303498763901326,0.09654619180178015,-0.05934894635798441,0.10776244672556476,0.04254180900685893,0.10734540481833484
motive_2,0.175061431632075,0.0,0.0629856984717311,0.07375502446689086,0.06656351544586246,0.16623163991726236,0.006498542749059762,0.10546453661700844
motive_3,0.058303498763901326,0.0629856984717311,0.0,0.09911591850203953,0.11330083506377905,0.03678547567089026,0.09854242177023273,0.2220586665449204
motive_4,0.09654619180178015,0.07375502446689086,0.09911591850203953,0.0,0.04045198056160056,0.04229717086504706,0.1409009907177923,0.07396235953409987
motive_5,-0.05934894635798441,0.06656351544586246,0.11330083506377905,0.04045198056160056,0.0,0.07496868709848373,0.17143160236877897,0.20069571085243199
motive_6,0.10776244672556476,0.16623163991726236,0.03678547567089026,0.04229717086504706,0.07496868709848373,0.0,0.03642619368030203,0.06695232648495764
motive_7,0.04254180900685893,0.006498542749059762,0.09854242177023273,0.1409009907177923,0.17143160236877897,0.03642619368030203,0.0,0.12099212021185687
motive_8,0.10734540481833484,0.10546453661700844,0.2220586665449204,0.07396235953409987,0.20069571085243199,0.06695232648495764,0.12099212021185687,0.0
