,motive_1,motive_2,motive_3,motive_4,motive_5,motive_6,motive_7,motive_8
motive_1,0.0,0.15672912190805094,0.15503090106510725,0.18873203236374514,0.18486234157136244,0.13717052516907494,0.10354924735272654,0.19132626113376405
motive_2,0.15672912190805094,0.0,0.08736202205956621,0.14581827598283692,0.04265448450111154,-0.053059458882341835,0.027338537716924932,-0.0801087216368517
motive_3,0.15503090106510725,0.08736202205956621,0.0,0.06520358088459499,0.21878390870588785,0.20217074635470433,0.08502442942589702,0.15885996452025702
motive_4,0.18873203236374514,0.14581827598283692,0.06520358088459499,0.0,0.13276266671207776,0.020483992263063043,0.04275193302690654,0.24927182591804775
motive_5,0.18486234157136244,0.04265448450111154,0.21878390870588785,0.13276266671207776,0.0,0.12084704709410535,0.03798655594014004,0.07577469936938103
motive_6,0.13717052516907494,-0.053059458882341835,0.20217074635470433,0.020483992263063043,0.12084704709410535,0.0,-0.02755382640362323,0.16844703325609703
motive_7,0.10354924735272654,0.027338537716924932,0.08502442942589702,0.04275193302690654,0.03798655594014004,-0.02755382640362323,0.0,0.07928438587570653
motive_8,0.19132626113376405,-0.0801087216368517,0.15885996452025702,0.24927182591804775,0.07577469936938103,0.16844703325609703,0.07928438587570653,0.0
