,motive_1,motive_2,motive_3,motive_4,motive_5,motive_6,motive_7,motive_8
motive_1,0.0,-0.0024470108639546018,0.46575761567319063,0.2480811988958577,0.46685871113450994,0.2976474185396149,0.10396788793622641,0.7011504117353635
motive_2,-0.0024470108639546018,0.0,0.6729085331729484,0.30203330724505767,0.5197763423811299,0.48125544735945053,0.4478535852736113,0.7195689731710877
motive_3,0.46575761567319063,0.6729085331729484,0.0,0.3883951034307287,0.4337329214815899,0.6631138485296406,0.6241795561937685,0.5964520537628437
motive_4,0.2480811988958577,0.30203330724505767,0.3883951034307287,0.0,0.49925730942266,0.5440297901474792,0.6152273760424165,0.4776023862758271
motive_5,0.46685871113450994,0.5197763423811299,0.4337329214815899,0.49925730942266,0.0,0.47982674438025785,0.1217446437381097,0.5298891769303722
motive_6,0.2976474185396149,0.48125544735945053,0.6631138485296406,0.5440297901474792,0.47982674438025785,0.0,0.4409421447576101,0.43453216190842225
motive_7,0.10396788793622641,0.4478535852736113,0.6241795561937685,0.6152273760424165,0.1217446437381097,0.4409421447576101,0.0,0.46922984393794714
motive_8,0.7011504117353635,0.7195689731710877,0.5964520537628437,0.4776023862758271,0.5298891769303722,0.43453216190842225,0.46922984393794714,0.0
