,motive_1,motive_2,motive_3,motive_4,motive_5,motive_6,motive_7,motive_8
motive_1,0.0,0.02163622670323051,-0.20356232440644872,0.13259967208228268,0.2992225124452329,0.42700108455161295,0.27568389103650226,0.0052072565908385104
motive_2,0.02163622670323051,0.0,0.37669016075758166,0.2303908330379087,0.020152980718298824,0.18560699387679788,0.10507632383248294,0.33179967916323694
motive_3,-0.20356232440644872,0.37669016075758166,0.0,0.29546888421926343,-0.03930507856272171,0.4212282740374546,-0.04694718152953829,0.11344899844811768
motive_4,0.13259967208228268,0.2303908330379087,0.29546888421926343,0.0,0.5831798253850421,-0.08309633351190601,0.28714692709206324,0.4822358200702632
motive_5,0.2992225124452329,0.020152980718298824,-0.03930507856272171,0.5831798253850421,0.0,0.12233796548887492,0.24100224938282944,0.27329615624538633
motive_6,0.42700108455161295,0.18560699387679788,0.4212282740374546,-0.08309633351190601,0.12233796548887492,0.0,0.2176801832392285,0.02186750732769424
motive_7,0.27568389103650226,0.10507632383248294,-0.04694718152953829,0.28714692709206324,0.24100224938282944,0.2176801832392285,0.0,-0.21012888163291193
motive_8,0.0052072565908385104,0.33179967916323694,0.11344899844811768,0.4822358200702632,0.27329615624538633,0.02186750732769424,-0.21012888163291193,0.0
