,motive_1,motive_2,motive_3,motive_4,motive_5,motive_6,motive_7,motive_8
motive_1,0.0,0.12786191458706825,0.12597592720706266,0.14100473768626454,0.130531209632536,0.17076450578976107,0.14329089018764546,0.2268000408002871
motive_2,0.12786191458706825,0.0,0.09206242452264377,0.19812147559615778,0.12828282487246556,-0.0055335457135042496,0.17297633105989438,-0.0011823759969355682
motive_3,0.12597592720706266,0.09206242452264377,0.0,0.265600714458916,0.039603830836855536,0.04875045545725265,0.17867620155218153,0.060675093163096196
motive_4,0.14100473768626454,0.19812147559615778,0.265600714458916,0.0,-0.0029568436442060156,0.1272269785829453,0.1342003379950334,0.16482408315601907
motive_5,0.130531209632536,0.12828282487246556,0.039603830836855536,-0.0029568436442060156,0.0,0.18870596776254916,0.1421764896147532,0.09547015982431059
motive_6,0.17076450578976107,-0.0055335457135042496,0.04875045545725265,0.1272269785829453,0.18870596776254916,0.0,0.23319409560320103,0.13135289334207556
motive_7,0.14329089018764546,0.17297633105989438,0.17867620155218153,0.1342003379950334,0.1421764896147532,0.23319409560320103,0.0,0.0302840601217743
motive_8,0.2268000408002871,-0.0011823759969355682,0.060675093163096196,0.16482408315601907,0.09547015982431059,0.13135289334207556,0.0302840601217743,0.0
