,motive_1,motive_2,motive_3,motive_4,motive_5,motive_6,motive_7,motive_8
motive_1,0.0,-0.2283519027690131,0.5467680377457207,0.13460104164623132,0.5166956997461096,0.13039145096403829,-0.34173351049184186,-0.03851604060182634
motive_2,-0.2283519027690131,0.0,0.7352739199160194,0.003632186225770051,0.2195740257577451,0.3230529420118168,0.21281838071716877,-0.12796345737333006
motive_3,0.5467680377457207,0.7352739199160194,0.0,-0.05324083111063224,0.48204064040414196,0.25254212728070924,0.37498538719383,0.6098730620075223
motive_4,0.13460104164623132,0.003632186225770051,-0.05324083111063224,0.0,0.46355366365397915,-0.23514738822452774,0.3188288719893422,0.47290824410952687
motive_5,0.5166956997461096,0.2195740257577451,0.48204064040414196,0.46355366365397915,0.0,0.36231324917313573,0.4617766674329378,-0.09643962858389445
motive_6,0.13039145096403829,0.3230529420118168,0.25254212728070924,-0.23514738822452774,0.36231324917313573,0.0,0.442224889028898,-0.02288216196464539
motive_7,-0.34173351049184186,0.21281838071716877,0.37498538719383,0.3188288719893422,0.4617766674329378,0.442224889028898,0.0,0.10550940779127468
motive_8,-0.03851604060182634,-0.12796345737333006,0.6098730620075223,0.47290824410952687,-0.09643962858389445,-0.02288216196464539,0.10550940779127468,0.0
