,motive_1,motive_2,motive_3,motive_4,motive_5,motive_6,motive_7,motive_8
satisfaction,-0.14469421796370663,0.0651898931393945,0.07641818500460532,0.3299451542233003,0.1717552782299633,0.9473380094914661,-0.10439546170582997,0.46541973180860796
