,motive_1,motive_2,motive_3,motive_4,motive_5,motive_6,motive_7,motive_8
motive_1,0.0,0.03745574767040196,0.24388383794469026,0.589494452287844,-0.039067295939945956,0.18524491413052982,0.45909304117859395,0.04912188756084565
motive_2,0.03745574767040196,0.0,0.19482376483787273,0.1990433947599583,-0.21217870869701821,0.24330216855328293,0.2904955287172529,0.4855617448413839
motive_3,0.24388383794469026,0.19482376483787273,0.0,0.21438648739899854,0.46360886000669244,-0.17550296649021996,-0.13436543270987675,0.47180177907145415
motive_4,0.589494452287844,0.1990433947599583,0.21438648739899854,0.0,0.34698551550637813,-0.10068201381537141,0.2929024723828403,-0.01050724256497726
motive_5,-0.039067295939945956,-0.21217870869701821,0.46360886000669244,0.34698551550637813,0.0,0.17768717053533706,0.057862528430369674,0.22805429540141361
motive_6,0.18524491413052982,0.24330216855328293,-0.17550296649021996,-0.10068201381537141,0.17768717053533706,0.0,0.4263964967518305,0.5021598580344797
motive_7,0.45909304117859395,0.2904955287172529,-0.13436543270987675,0.2929024723828403,0.057862528430369674,0.4263964967518305,0.0,-0.07172958697546049
motive_8,0.04912188756084565,0.4855617448413839,0.47180177907145415,-0.01050724256497726,0.22805429540141361,0.5021598580344797,-0.07172958697546049,0.0
