,motive_1,motive_2,motive_3,motive_4,motive_5,motive_6,motive_7,motive_8
motive_1,0.0,-0.09648231645702483,-0.08938063940848574,-0.02398230618342062,0.11706770506338755,-0.02409148888729363,0.00865558052912306,0.21529829083505841
motive_2,-0.09648231645702483,0.0,-0.09315551575651967,-0.03834018866724145,0.07206652382119158,0.03199636873573815,-0.10554394750443151,0.10985106707104855
motive_3,-0.08938063940848574,-0.09315551575651967,0.0,0.014898123441282128,0.01282024548756713,-0.04268609814671735,0.11022467579707215,0.054704301966628135
motive_4,-0.02398230618342062,-0.03834018866724145,0.014898123441282128,0.0,0.05040766837549494,0.18706497641805464,-0.010026848794015516,0.13660187788535472
motive_5,0.11706770506338755,0.07206652382119158,0.01282024548756713,0.05040766837549494,0.0,-0.0706303067489445,-0.013509413379062453,0.02324805886688591
motive_6,-0.02409148888729363,0.03199636873573815,-0.04268609814671735,0.18706497641805464,-0.0706303067489445,0.0,0.03845492866942747,-0.013128585759727293
motive_7,0.00865558052912306,-0.10554394750443151,0.11022467579707215,-0.010026848794015516,-0.013509413379062453,0.03845492866942747,0.0,-0.1035757021146376
motive_8,0.21529829083505841,0.10985106707104855,0.054704301966628135,0.13660187788535472,0.02324805886688591,-0.013128585759727293,-0.1035757021146376,0.0
