,motive_1,motive_2,motive_3,motive_4,motive_5,motive_6,motive_7,motive_8
motive_1,0.0,-0.061387317250655486,0.043331845031248,0.060524356461665284,-0.06754419757097804,0.0061924069709354546,0.032044541918453844,-0.06895172898902363
motive_2,-0.061387317250655486,0.0,-0.071770032038842,0.10401574765197986,0.09199331673057755,0.015468212609333003,0.009663223825223513,0.040672142573855895
motive_3,0.043331845031248,-0.071770032038842,0.0,-0.01650780701820553,0.10560312718614336,0.08976604672989548,-0.006351954385906425,-0.04617310235181346
motive_4,0.060524356461665284,0.10401574765197986,-0.01650780701820553,0.0,-0.10371380236680541,0.09202360330144553,-0.011947643869506155,0.03726394703716194
motive_5,-0.06754419757097804,0.09199331673057755,0.10560312718614336,-0.10371380236680541,0.0,0.03530299148771224,0.0010944913718728966,-0.07975659996533425
motive_6,0.0061924069709354546,0.015468212609333003,0.08976604672989548,0.09202360330144553,0.03530299148771224,0.0,0.04465988830044236,-0.05410415375453509
motive_7,0.032044541918453844,0.009663223825223513,-0.006351954385906425,-0.011947643869506155,0.0010944913718728966,0.04465988830044236,0.0,0.09655239914286481
motive_8,-0.06895172898902363,0.040672142573855895,-0.04617310235181346,0.03726394703716194,-0.07975659996533425,-0.05410415375453509,0.09655239914286481,0.0
