,motive_1,motive_2,motive_3,motive_4,motive_5,motive_6,motive_7,motive_8
motive_1,0.0,0.11246771145594361,0.5100232415402955,0.23503648339228433,0.6302019905743351,0.30441572013388507,0.4434065011506123,0.2817162146329923
motive_2,0.11246771145594361,0.0,0.0833910017128753,0.007660661729228857,0.2755434653814652,-0.05717811716551886,0.40118151566441285,0.5068901173990888
motive_3,0.5100232415402955,0.0833910017128753,0.0,0.2999145467702629,0.5889279213464345,-0.4666755944137728,0.43747435396446366,0.42635498885688555
motive_4,0.23503648339228433,0.007660661729228857,0.2999145467702629,0.0,0.045561645782770166,0.20499985044016011,-0.102459415920685,0.2689303830835753
motive_5,0.6302019905743351,0.2755434653814652,0.5889279213464345,0.045561645782770166,0.0,0.2493003828016688,-0.0673458352429125,0.4109805930315997
motive_6,0.30441572013388507,-0.05717811716551886,-0.4666755944137728,0.20499985044016011,0.2493003828016688,0.0,-0.09595404975912732,-0.014177639153817687
motive_7,0.4434065011506123,0.40118151566441285,0.43747435396446366,-0.102459415920685,-0.0673458352429125,-0.09595404975912732,0.0,0.1362895350863475
motive_8,0.2817162146329923,0.5068901173990888,0.42635498885688555,0.2689303830835753,0.4109805930315997,-0.014177639153817687,0.1362895350863475,0.0
