,motive_1,motive_2,motive_3,motive_4,motive_5,motive_6,motive_7,motive_8
motive_1,0.0,0.24775801173813364,0.04223516385533314,0.1365418159065147,0.16627472790911188,0.12916432047974538,0.03695352813253791,0.04382100752183124
motive_2,0.24775801173813364,0.0,0.13485939804630792,0.0616552978596613,0.15766737165793482,-0.003666682060975923,0.06295986437006182,0.032868802340121094
motive_3,0.04223516385533314,0.13485939804630792,0.0,0.14567630311923374,0.12003465560076255,0.012843245827301508,-0.00010103107816794923,0.06059386179660939
motive_4,0.1365418159065147,0.0616552978596613,0.14567630311923374,0.0,0.0694417234042449,0.14821452709909005,0.14071020108111681,0.10311376207023946
motive_5,0.16627472790911188,0.15766737165793482,0.12003465560076255,0.0694417234042449,0.0,0.13992285798574278,0.1414674342891577,0.05676022872554432
motive_6,0.12916432047974538,-0.003666682060975923,0.012843245827301508,0.14821452709909005,0.13992285798574278,0.0,-0.0475623965934074,0.19041897101078958
motive_7,0.03695352813253791,0.06295986437006182,-0.00010103107816794923,0.14071020108111681,0.1414674342891577,-0.0475623965934074,0.0,0.0342290388573993
motive_8,0.04382100752183124,0.032868802340121094,0.06059386179660939,0.10311376207023946,0.05676022872554432,0.19041897101078958,0.0342290388573993,0.0
