,motive_1,motive_2,motive_3,motive_4,motive_5,motive_6,motive_7,motive_8
motive_1,0.0,0.06705570960070151,0.09283765556553975,0.14394050425874233,-0.03125921066797663,0.09946051905051848,0.13235915058976963,0.11477214299890524
motive_2,0.06705570960070151,0.0,0.16179383384235302,0.13453593142744616,0.050813549713113595,0.06977247643504336,0.05777296007731008,0.1826895230376223
motive_3,0.09283765556553975,0.16179383384235302,0.0,0.173695087200455,0.12021071083803897,0.19673829276942445,0.16370081798205255,0.11836747058966611
motive_4,0.14394050425874233,0.13453593142744616,0.173695087200455,0.0,0.20000549566158055,0.19638987044046227,0.16758010308496596,0.017169486297050007
motive_5,-0.03125921066797663,0.050813549713113595,0.12021071083803897,0.20000549566158055,0.0,0.10697997319290578,0.0409507137509175,0.04409067119781053
motive_6,0.09946051905051848,0.06977247643504336,0.19673829276942445,0.19638987044046227,0.10697997319290578,0.0,0.019209812682586196,-0.04151727978747238
motive_7,0.13235915058976963,0.05777296007731008,0.16370081798205255,0.16758010308496596,0.0409507137509175,0.019209812682586196,0.0,0.11314144083283045
motive_8,0.11477214299890524,0.1826895230376223,0.11836747058966611,0.017169486297050007,0.04409067119781053,-0.04151727978747238,0.11314144083283045,0.0
