,motive_1,motive_2,motive_3,motive_4,motive_5,motive_6,motive_7,motive_8
motive_1,0.0,-0.01520232213709155,0.3683570280265138,0.4421636706337159,0.08290901583606336,0.2907633337251556,0.36735572641600694,0.3456866712537219
motive_2,-0.01520232213709155,0.0,0.5780849156025859,0.3275102990306458,0.265817356715941,0.18555968945198476,0.6694126998502858,0.8710129055283735
motive_3,0.3683570280265138,0.5780849156025859,0.0,0.12210197969274356,0.467095015438214,0.40457443256965575,0.49960625731050745,0.653085444310334
motive_4,0.4421636706337159,0.3275102990306458,0.12210197969274356,0.0,0.2869603837074748,0.3930833951617433,0.7584544631638456,0.8056548188343905
motive_5,0.08290901583606336,0.265817356715941,0.467095015438214,0.2869603837074748,0.0,0.39493388842530763,0.6075010711291164,0.31515117421054784
motive_6,0.2907633337251556,0.18555968945198476,0.40457443256965575,0.3930833951617433,0.39493388842530763,0.0,0.6199464124268601,0.21689134974566718
motive_7,0.36735572641600694,0.6694126998502858,0.49960625731050745,0.7584544631638456,0.6075010711291164,0.6199464124268601,0.0,0.9213651817466891
motive_8,0.3456866712537219,0.8710129055283735,0.653085444310334,0.8056548188343905,0.31515117421054784,0.21689134974566718,0.9213651817466891,0.0
