,motive_1,motive_2,motive_3,motive_4,motive_5,motive_6,motive_7,motive_8
motive_1,0.0,-0.02116022058553907,0.0074456700085942795,0.011589363106487335,0.14469326394882534,-0.07466223858832424,0.10368564480014936,0.055227875799043515
motive_2,-0.02116022058553907,0.0,-0.03271203224787922,-0.0024765361761524118,0.00854055832746309,-0.08638515692260512,-0.06815416404107061,-0.044298345063051345
motive_3,0.0074456700085942795,-0.03271203224787922,0.0,0.06605282376860197,-0.14686775966188756,-0.0264677223155382,0.04572823505920416,-0.06589149822650743
motive_4,0.011589363106487335,-0.0024765361761524118,0.06605282376860197,0.0,-0.09508733904404539,-0.02156731889268949,0.024997858389578985,-0.016918749821329036
motive_5,0.14469326394882534,0.00854055832746309,-0.14686775966188756,-0.09508733904404539,0.0,0.07273011944483733,-0.025269790866844166,0.11097760104800829
motive_6,-0.07466223858832424,-0.08638515692260512,-0.0264677223155382,-0.02156731889268949,0.07273011944483733,0.0,0.05442452971203159,0.1201535590105208
motive_7,0.10368564480014936,-0.06815416404107061,0.04572823505920416,0.024997858389578985,-0.025269790866844166,0.05442452971203159,0.0,0.08560723908628234
motive_8,0.055227875799043515,-0.044298345063051345,-0.06589149822650743,-0.016918749821329036,0.11097760104800829,0.1201535590105208,0.08560723908628234,0.0
