,motive_1,motive_2,motive_3,motive_4,motive_5,motive_6,motive_7,motive_8
motive_1,0.0,0.025200063027473907,0.13401758922554735,0.05209275338062817,0.2742711840152288,0.34345019664535825,-0.30699909538697256,0.2498512133424159
motive_2,0.025200063027473907,0.0,-0.07882188824105615,0.3989570525881362,0.0319397238686798,-0.019278320690270592,0.2552039024658061,0.22457229262676842
motive_3,0.13401758922554735,-0.07882188824105615,0.0,0.2435096835368444,-0.09970945711604706,0.3512111209683334,0.809120128268051,0.008109254160371865
motive_4,0.05209275338062817,0.3989570525881362,0.2435096835368444,0.0,0.03745517358310786,0.34577078788493526,-0.13201668548158846,0.12659416240661459
motive_5,0.2742711840152288,0.0319397238686798,-0.09970945711604706,0.03745517358310786,0.0,-0.06528236406739588,0.26823331406480516,0.04223076915463963
motive_6,0.34345019664535825,-0.019278320690270592,0.3512111209683334,0.34577078788493526,-0.06528236406739588,0.0,0.31539987063293945,0.06265093846727345
motive_7,-0.30699909538697256,0.2552039024658061,0.809120128268051,-0.13201668548158846,0.26823331406480516,0.31539987063293945,0.0,0.112994205468184
motive_8,0.2498512133424159,0.22457229262676842,0.008109254160371865,0.12659416240661459,0.04223076915463963,0.06265093846727345,0.112994205468184,0.0
