,motive_1,motive_2,motive_3,motive_4,motive_5,motive_6,motive_7,motive_8
satisfaction,0.44067516043441357,0.5690052453291716,0.3011131203737414,0.582797653566413,0.052375065101203405,-0.3573743571097547,-0.007727583782778047,-0.33522373461621285
