,motive_1,motive_2,motive_3,motive_4,motive_5,motive_6,motive_7,motive_8
motive_1,0.0,0.6308475242640015,0.40630236171370204,0.6110679474337779,0.41667752142709563,0.5077448715714612,0.5033280340740616,0.21436227732771373
motive_2,0.6308475242640015,0.0,0.17161807897648246,0.5121710251256508,0.48276154576048746,0.6165403135094821,0.8204293171293638,0.40516503252099234
motive_3,0.40630236171370204,0.17161807897648246,0.0,0.7123677195866787,0.17275655174509677,0.6464644685380876,0.29376813889258957,0.3302020451863003
motive_4,0.6110679474337779,0.5121710251256508,0.7123677195866787,0.0,0.16591639258080182,0.3101418072610338,0.22741465086852397,0.5737521343288399
motive_5,0.41667752142709563,0.48276154576048746,0.17275655174509677,0.16591639258080182,0.0,0.437159536119599,0.9423744313454212,0.7275396234599778
motive_6,0.5077448715714612,0.6165403135094821,0.6464644685380876,0.3101418072610338,0.437159536119599,0.0,-0.06475587872412278,0.5576650911325226
motive_7,0.5033280340740616,0.8204293171293638,0.29376813889258957,0.22741465086852397,0.9423744313454212,-0.06475587872412278,0.0,0.11927883058288967
motive_8,0.21436227732771373,0.40516503252099234,0.3302020451863003,0.5737521343288399,0.7275396234599778,0.5576650911325226,0.11927883058288967,0.0
