,motive_1,motive_2,motive_3,motive_4,motive_5,motive_6,motive_7,motive_8
motive_1,0.0,0.08024660728585742,0.09891039787680864,0.12797872645527705,0.050281498849422936,0.0706980185291064,0.19771015861844937,0.021878625345677125
motive_2,0.08024660728585742,0.0,0.09533404992696277,0.09827287084994947,0.09698640000194583,0.07873433966718228,0.11099154652357834,0.17289676886757718
motive_3,0.09891039787680864,0.09533404992696277,0.0,0.14605559336559698,0.08458006729404298,0.14995969201352466,0.12922999223806084,0.01935038548951859
motive_4,0.12797872645527705,0.09827287084994947,0.14605559336559698,0.0,0.1609820260838929,0.004981235984833077,0.13601008192869823,-0.018170859418991877
motive_5,0.050281498849422936,0.09698640000194583,0.08458006729404298,0.1609820260838929,0.0,0.1041356103246524,0.21390704525005594,0.06674521468877417
motive_6,0.0706980185291064,0.07873433966718228,0.14995969201352466,0.004981235984833077,0.1041356103246524,0.0,0.1308323307653574,-0.0019081440809499972
motive_7,0.19771015861844937,0.11099154652357834,0.12922999223806084,0.13601008192869823,0.21390704525005594,0.1308323307653574,0.0,0.20125321857608364
motive_8,0.021878625345677125,0.17289676886757718,0.01935038548951859,-0.018170859418991877,0.06674521468877417,-0.0019081440809499972,0.20125321857608364,0.0
