,motive_1,motive_2,motive_3,motive_4,motive_5,motive_6,motive_7,motive_8
motive_1,0.0,0.04869841495767011,0.24374663130144936,0.004420441263254492,-0.024950945396163715,0.16747422708430654,0.1279220956763185,0.013000384031765684
motive_2,0.04869841495767011,0.0,0.13299288335054635,0.23379965476818407,0.1586375084595855,0.06621192965493441,0.28863788321083894,0.1294498617417151
motive_3,0.24374663130144936,0.13299288335054635,0.0,-0.004459927473116219,0.25908339968075783,0.10495793505057187,0.015690328407172625,0.18028578654157124
motive_4,0.004420441263254492,0.23379965476818407,-0.004459927473116219,0.0,0.027208209872228294,0.15109324588714437,0.12231539398958774,0.048561617536219445
motive_5,-0.024950945396163715,0.1586375084595855,0.25908339968075783,0.027208209872228294,0.0,0.01872074766137611,0.04218641453541533,0.14633747117834078
motive_6,0.16747422708430654,0.06621192965493441,0.10495793505057187,0.15109324588714437,0.01872074766137611,0.0,0.12728748819280972,0.16465086809054597
motive_7,0.1279220956763185,0.28863788321083894,0.015690328407172625,0.12231539398958774,0.04218641453541533,0.12728748819280972,0.0,0.053156130441869044
motive_8,0.013000384031765684,0.1294498617417151,0.18028578654157124,0.048561617536219445,0.14633747117834078,0.16465086809054597,0.053156130441869044,0.0
