,motive_1,motive_2,motive_3,motive_4,motive_5,motive_6,motive_7,motive_8
satisfaction,-0.14500700364448102,0.22467898541732484,0.1518778167082802,-0.004832615471092955,0.15523515012597966,-0.0052246028046585985,0.26668838902480474,0.30772151903514444
