,motive_1,motive_2,motive_3,motive_4,motive_5,motive_6,motive_7,motive_8
motive_1,0.0,0.131643713998792,0.06517747555396255,0.05337565355123055,0.10887851322944823,0.15842977084124052,0.07310273124272834,0.15350949014531132
motive_2,0.131643713998792,0.0,0.21671761520036925,0.2861065534009256,0.15295645294277996,0.145734613773391,0.09977710235755068,0.1235680184187535
motive_3,0.06517747555396255,0.21671761520036925,0.0,0.04330276690754771,0.01388550332241082,0.08637803758713565,0.09078658735980419,0.07862376473441768
motive_4,0.05337565355123055,0.2861065534009256,0.04330276690754771,0.0,0.15067898985683492,0.12742662533623672,0.0051953810564498715,0.23472853090476586
motive_5,0.10887851322944823,0.15295645294277996,0.01388550332241082,0.15067898985683492,0.0,0.06434360896602585,0.12090386090112792,0.020453046787184848
motive_6,0.15842977084124052,0.145734613773391,0.08637803758713565,0.12742662533623672,0.06434360896602585,0.0,0.21557276889032007,0.06371053610160103
motive_7,0.07310273124272834,0.09977710235755068,0.09078658735980419,0.0051953810564498715,0.12090386090112792,0.21557276889032007,0.0,0.14555035683972128
motive_8,0.15350949014531132,0.1235680184187535,0.07862376473441768,0.23472853090476586,0.020453046787184848,0.06371053610160103,0.14555035683972128,0.0
