,motive_1,motive_2,motive_3,motive_4,motive_5,motive_6,motive_7,motive_8
satisfaction,0.21393329063290523,0.01609815543900464,0.10084085904812139,0.13620131952613745,0.11492022992409254,-0.04071261417081534,0.04706714545741424,0.07217480322409592
