,motive_1,motive_2,motive_3,motive_4,motive_5,motive_6,motive_7,motive_8
motive_1,0.0,0.1844646221371647,0.6805392317218729,0.4939372160998914,0.01354782670601705,0.15833444129684765,0.34982890755452245,0.42075253897566245
motive_2,0.1844646221371647,0.0,0.5147078266802683,0.6550497360166696,0.4684308301447213,0.43734852127768864,0.482289495995212,0.21853277201879473
motive_3,0.6805392317218729,0.5147078266802683,0.0,0.35923814312938646,0.44314818545150725,0.3123874006774773,0.22758346074319613,-0.06676791152892766
motive_4,0.4939372160998914,0.6550497360166696,0.35923814312938646,0.0,0.21243163693087053,0.5906965942672522,0.5987722046344847,0.548757180794021
motive_5,0.01354782670601705,0.4684308301447213,0.44314818545150725,0.21243163693087053,0.0,0.3549572396393793,0.6555342914301496,0.3996528978752926
motive_6,0.15833444129684765,0.43734852127768864,0.3123874006774773,0.5906965942672522,0.3549572396393793,0.0,0.691343820342202,0.39130919012552157
motive_7,0.34982890755452245,0.482289495995212,0.22758346074319613,0.5987722046344847,0.6555342914301496,0.691343820342202,0.0,0.44765003723025654
motive_8,0.42075253897566245,0.21853277201879473,-0.06676791152892766,0.548757180794021,0.3996528978752926,0.39130919012552157,0.44765003723025654,0.0
