,motive_1,motive_2,motive_3,motive_4,motive_5,motive_6,motive_7,motive_8
motive_1,0.0,0.04156682726956899,-0.000683108548347286,0.09835573775366734,0.08593215684777816,0.07620140623239935,-0.024409456675849428,0.0049454164765296155
motive_2,0.04156682726956899,0.0,0.1923468440832256,0.30100388175107745,0.13494055629845436,0.16400426198737944,-0.01205937236959681,0.23064943405403637
motive_3,-0.000683108548347286,0.1923468440832256,0.0,0.17664847039756906,0.052785099707327435,0.0807880306821869,0.15658806399958577,-0.017627225267488764
motive_4,0.09835573775366734,0.30100388175107745,0.17664847039756906,0.0,0.14443686336467634,0.14625671576348595,0.08830585299857494,0.13909370783611724
motive_5,0.08593215684777816,0.13494055629845436,0.052785099707327435,0.14443686336467634,0.0,0.20468476283845466,0.17815372425787976,0.07031455793840305
motive_6,0.07620140623239935,0.16400426198737944,0.0807880306821869,0.14625671576348595,0.20468476283845466,0.0,0.09823575692775126,0.1361569238539856
motive_7,-0.024409456675849428,-0.01205937236959681,0.15658806399958577,0.08830585299857494,0.17815372425787976,0.09823575692775126,0.0,-0.07985335386068071
motive_8,0.0049454164765296155,0.23064943405403637,-0.017627225267488764,0.13909370783611724,0.07031455793840305,0.1361569238539856,-0.07985335386068071,0.0
