,motive_1,motive_2,motive_3,motive_4,motive_5,motive_6,motive_7,motive_8
motive_1,0.0,0.05365247298794684,0.12247557544736844,0.17151724049087025,0.13863070099277836,0.3118476941419445,0.4450150109969929,-0.11418280240007106
motive_2,0.05365247298794684,0.0,0.12294615199819409,0.3266363090013841,0.18930822527105978,0.16536665244391965,-0.06323222969745383,0.20491682198764355
motive_3,0.12247557544736844,0.12294615199819409,0.0,-0.030207667460356094,0.4118725354470744,0.25238062300647934,0.016248838058009113,0.41548819156386385
motive_4,0.17151724049087025,0.3266363090013841,-0.030207667460356094,0.0,0.04034350860452296,0.1924008834281659,0.32257086205187463,-0.04056732526009153
motive_5,0.13863070099277836,0.18930822527105978,0.4118725354470744,0.04034350860452296,0.0,0.5290084852806939,0.3759620139368798,0.3674343586877711
motive_6,0.3118476941419445,0.16536665244391965,0.25238062300647934,0.1924008834281659,0.5290084852806939,0.0,0.2634862630988364,0.16535973334140805
motive_7,0.4450150109969929,-0.06323222969745383,0.016248838058009113,0.32257086205187463,0.3759620139368798,0.2634862630988364,0.0,0.2054969453356825
motive_8,-0.11418280240007106,0.20491682198764355,0.41548819156386385,-0.04056732526009153,0.3674343586877711,0.16535973334140805,0.2054969453356825,0.0
