,motive_1,motive_2,motive_3,motive_4,motive_5,motive_6,motive_7,motive_8
motive_1,0.0,-0.07856460035329421,-0.006137874817171145,-0.053629129286655,-0.11373472951482738,-0.028833483772314226,-0.0006179507799049938,-0.03577751287139387
motive_2,-0.07856460035329421,0.0,0.07056644482126023,-0.08809503523046824,0.010996027954195416,0.07709283613854849,0.046563760991864586,-0.06006303863970072
motive_3,-0.006137874817171145,0.07056644482126023,0.0,-0.062133285865582026,0.018034547146342547,-0.10555753903030801,0.13404730831104936,-0.09682860311873
motive_4,-0.053629129286655,-0.08809503523046824,-0.062133285865582026,0.0,-0.07039533268730791,-0.06239099743615602,0.105442556036849,-0.013683422212849693
motive_5,-0.11373472951482738,0.010996027954195416,0.018034547146342547,-0.07039533268730791,0.0,0.05287675687587315,0.03594926509091223,0.06687767688241503
motive_6,-0.028833483772314226,0.07709283613854849,-0.10555753903030801,-0.06239099743615602,0.05287675687587315,0.0,0.0005180775366882343,0.0644743802219792
motive_7,-0.0006179507799049938,0.046563760991864586,0.13404730831104936,0.105442556036849,0.03594926509091223,0.0005180775366882343,0.0,-0.07255845723490738
motive_8,-0.03577751287139387,-0.06006303863970072,-0.09682860311873,-0.013683422212849693,0.06687767688241503,0.0644743802219792,-0.07255845723490738,0.0
