,motive_1,motive_2,motive_3,motive_4,motive_5,motive_6,motive_7,motive_8
motive_1,0.0,-0.10200708387886456,-0.12510939382634606,-0.01568211602726277,-0.11249278498553927,-0.07441739143364627,0.09202175361719647,-0.0422483893725999
motive_2,-0.10200708387886456,0.0,-0.08739795788595098,0.010996801425440718,0.0897312582835836,-0.055522376783198185,0.03239012425064205,0.010249927251707779
motive_3,-0.12510939382634606,-0.08739795788595098,0.0,0.0892731547228861,0.08771161405384266,-0.04580675543704622,-0.06308786555404243,-0.1569521374487371
motive_4,-0.01568211602726277,0.010996801425440718,0.0892731547228861,0.0,0.10120199250736535,0.046090132887017715,-0.08159185166764782,0.0011618622745126015
motive_5,-0.11249278498553927,0.0897312582835836,0.08771161405384266,0.10120199250736535,0.0,0.05059997813424273,-0.026870472610575576,-0.04802535015781652
motive_6,-0.07441739143364627,-0.055522376783198185,-0.04580675543704622,0.046090132887017715,0.05059997813424273,0.0,0.04939927845322525,-0.09777835592937315
motive_7,0.09202175361719647,0.03239012425064205,-0.06308786555404243,-0.08159185166764782,-0.026870472610575576,0.04939927845322525,0.0,0.0835994364769383
motive_8,-0.0422483893725999,0.010249927251707779,-0.1569521374487371,0.0011618622745126015,-0.04802535015781652,-0.09777835592937315,0.0835994364769383,0.0
