,motive_1,motive_2,motive_3,motive_4,motive_5,motive_6,motive_7,motive_8
motive_1,0.0,-0.01861730096940247,-0.016730055127931368,-0.0047315349906415505,0.026836404216872327,0.07392063519869507,-0.0759781739273328,-0.12178599394463302
motive_2,-0.01861730096940247,0.0,0.06403965208746337,-0.09800634531697573,-0.04450136314140184,0.07828522862056222,0.05468348626490025,0.050434000870821435
motive_3,-0.016730055127931368,0.06403965208746337,0.0,-0.0602690787054881,-0.023993777879738963,0.005630676781917534,0.06781324174113271,0.17324958369344018
motive_4,-0.0047315349906415505,-0.09800634531697573,-0.0602690787054881,0.0,0.015689790295125666,-0.01280515986500623,0.01826005114580974,-0.160487990726982
motive_5,0.026836404216872327,-0.04450136314140184,-0.023993777879738963,0.015689790295125666,0.0,0.08962073157600384,0.03651545585790832,0.08428850893502263
motive_6,0.07392063519869507,0.07828522862056222,0.005630676781917534,-0.01280515986500623,0.08962073157600384,0.0,-0.04115166182913541,-0.012027007587694365
motive_7,-0.0759781739273328,0.05468348626490025,0.06781324174113271,0.01826005114580974,0.03651545585790832,-0.04115166182913541,0.0,0.057591714783413864
motive_8,-0.12178599394463302,0.050434000870821435,0.17324958369344018,-0.160487990726982,0.08428850893502263,-0.012027007587694365,0.057591714783413864,0.0
