,motive_1,motive_2,motive_3,motive_4,motive_5,motive_6,motive_7,motive_8
motive_1,0.0,0.06429601859820233,0.08499458608922184,0.07197426239513467,0.08903581471700092,0.1307981913161738,0.13387815859291563,0.08933097964593822
motive_2,0.06429601859820233,0.0,-0.012529687896752177,0.04941376402445883,0.10353190016826809,0.04404021350121927,0.22569788570491456,0.273944193270568
motive_3,0.08499458608922184,-0.012529687896752177,0.0,0.12827336059182412,0.1747045974559649,0.09583378364054027,0.05153239859687204,-0.060593315205974635
motive_4,0.07197426239513467,0.04941376402445883,0.12827336059182412,0.0,0.10915028503199117,0.09978241978107494,0.1414366960668619,0.11021245009282896
motive_5,0.08903581471700092,0.10353190016826809,0.1747045974559649,0.10915028503199117,0.0,0.0758155789935247,0.03547095325959591,0.10529510439121557
motive_6,0.1307981913161738,0.04404021350121927,0.09583378364054027,0.09978241978107494,0.0758155789935247,0.0,0.12028017171432334,0.13250823325632652
motive_7,0.13387815859291563,0.22569788570491456,0.05153239859687204,0.1414366960668619,0.03547095325959591,0.12028017171432334,0.0,0.028341906940473817
motive_8,0.08933097964593822,0.273944193270568,-0.060593315205974635,0.11021245009282896,0.10529510439121557,0.13250823325632652,0.028341906940473817,0.0
