,motive_1,motive_2,motive_3,motive_4,motive_5,motive_6,motive_7,motive_8
motive_1,0.0,-0.299652148445386,-0.4163689893993784,0.050709938540802094,-0.21729711079829298,-0.1783281560561661,-0.11686666894334002,-0.3728309018633725
motive_2,-0.299652148445386,0.0,-0.07298316454574474,-0.0004488446241546068,-0.42728067437181194,-0.009967545425644875,-0.14994093719537446,0.3389481667246679
motive_3,-0.4163689893993784,-0.07298316454574474,0.0,-0.08761545998496824,-0.15557584180651263,-0.0335347805649176,-0.377717882632721,0.17875806683302525
motive_4,0.050709938540802094,-0.0004488446241546068,-0.08761545998496824,0.0,0.25160643940525745,-0.2332119147513007,0.21016665851964486,0.3815513814408257
motive_5,-0.21729711079829298,-0.42728067437181194,-0.15557584180651263,0.25160643940525745,0.0,-0.15480909584198305,-0.24274286897683894,0.05946909900301289
motive_6,-0.1783281560561661,-0.009967545425644875,-0.0335347805649176,-0.2332119147513007,-0.15480909584198305,0.0,0.0571147806317307,-0.3031608842647137
motive_7,-0.11686666894334002,-0.14994093719537446,-0.377717882632721,0.21016665851964486,-0.24274286897683894,0.0571147806317307,0.0,-0.3905343610642688
motive_8,-0.3728309018633725,0.3389481667246679,0.17875806683302525,0.3815513814408257,0.05946909900301289,-0.3031608842647137,-0.3905343610642688,0.0
