,motive_1,motive_2,motive_3,motive_4,motive_5,motive_6,motive_7,motive_8
motive_1,0.0,-0.0014214510474113151,-0.0967002146781791,-0.023848455252333055,-0.03851129490557807,-0.11801883690587828,-0.09530325267443085,-0.03258113915214618
motive_2,-0.0014214510474113151,0.0,0.02736282791746082,-0.025117514539395397,-0.027258830380129717,0.04684431450624585,0.11255454472077585,-0.031637500018978804
motive_3,-0.0967002146781791,0.02736282791746082,0.0,0.055555132529519394,-0.01748763812891905,-0.002974500184174566,-0.026605183692525063,0.009815651526148723
motive_4,-0.023848455252333055,-0.025117514539395397,0.055555132529519394,0.0,0.0196024630545871,0.04510081789899198,-0.05801005674451926,-0.014381580680262941
motive_5,-0.03851129490557807,-0.027258830380129717,-0.01748763812891905,0.0196024630545871,0.0,0.025162280458037027,-0.019414911043001026,-0.15241928396555232
motive_6,-0.11801883690587828,0.04684431450624585,-0.002974500184174566,0.04510081789899198,0.025162280458037027,0.0,0.06524463430219153,0.1036808664702523
motive_7,-0.09530325267443085,0.11255454472077585,-0.026605183692525063,-0.05801005674451926,-0.019414911043001026,0.06524463430219153,0.0,0.06578052221691284
motive_8,-0.03258113915214618,-0.031637500018978804,0.009815651526148723,-0.014381580680262941,-0.15241928396555232,0.1036808664702523,0.06578052221691284,0.0
