,motive_1,motive_2,motive_3,motive_4,motive_5,motive_6,motive_7,motive_8
motive_1,0.0,0.16154673658846996,-0.14189015372898478,0.48855746504502906,0.1490506707722784,0.34540454904482604,0.13422476216067913,0.21666044094006837
motive_2,0.16154673658846996,0.0,0.4710971919169057,0.05044824479203197,0.20251936116758157,-0.08086566147265004,0.08502706500033758,0.3398202965349535
motive_3,-0.14189015372898478,0.4710971919169057,0.0,-0.011571473173197427,0.38375612348339067,0.3974424307779946,0.29510878714213395,-0.05523492844123222
motive_4,0.48855746504502906,0.05044824479203197,-0.011571473173197427,0.0,0.5682253007121622,-0.05537649358475846,-0.09473012760427944,0.4341972945419134
motive_5,0.1490506707722784,0.20251936116758157,0.38375612348339067,0.5682253007121622,0.0,0.1438304193850052,0.15990670548893907,0.09652790503695394
motive_6,0.34540454904482604,-0.08086566147265004,0.3974424307779946,-0.05537649358475846,0.1438304193850052,0.0,0.07643226333561681,0.21875804880725758
motive_7,0.13422476216067913,0.08502706500033758,0.29510878714213395,-0.09473012760427944,0.15990670548893907,0.07643226333561681,0.0,0.3337490451998248
motive_8,0.21666044094006837,0.3398202965349535,-0.05523492844123222,0.4341972945419134,0.09652790503695394,0.21875804880725758,0.3337490451998248,0.0
