,motive_1,motive_2,motive_3,motive_4,motive_5,motive_6,motive_7,motive_8
motive_1,0.0,0.0907672649032367,0.03520011727029089,0.11069633402373184,0.04459370540531113,0.08529911537520314,0.14294321365145873,0.12049234816759943
motive_2,0.0907672649032367,0.0,0.10774499329681202,0.02913992440893154,0.030657615740209823,0.06060317018445577,0.10864595681605825,0.028842916299972716
motive_3,0.03520011727029089,0.10774499329681202,0.0,0.10681693063655195,0.050180472344262136,0.10792202093698486,0.11131536270770238,0.09968952730072658
motive_4,0.11069633402373184,0.02913992440893154,0.10681693063655195,0.0,0.07914778894506241,-0.015451897841669598,0.1206507583726499,-0.05965023904437508
motive_5,0.04459370540531113,0.030657615740209823,0.050180472344262136,0.07914778894506241,0.0,0.14895455885371794,0.0873627466899003,0.13578148917186303
motive_6,0.08529911537520314,0.06060317018445577,0.10792202093698486,-0.015451897841669598,0.14895455885371794,0.0,0.03959474549536808,0.15812420262808716
motive_7,0.14294321365145873,0.10864595681605825,0.11131536270770238,0.1206507583726499,0.0873627466899003,0.03959474549536808,0.0,0.21670410864877943
motive_8,0.12049234816759943,0.028842916299972716,0.09968952730072658,-0.05965023904437508,0.13578148917186303,0.15812420262808716,0.21670410864877943,0.0
