,motive_1,motive_2,motive_3,motive_4,motive_5,motive_6,motive_7,motive_8
motive_1,0.0,-0.015222433434418467,0.05970260177811547,0.0638114097390764,-0.10374340844492816,-0.05161403997687894,-0.04716261611112768,0.004404779273895432
motive_2,-0.015222433434418467,0.0,-0.07923909907918388,0.04051024822315347,-0.01693951142589603,0.1381426062490314,0.023751841459625875,-0.027608297704868744
motive_3,0.05970260177811547,-0.07923909907918388,0.0,-0.015539906174087483,-0.14926503743969827,0.038924438303469165,-0.048530684274484856,-0.05727741500690899
motive_4,0.0638114097390764,0.04051024822315347,-0.015539906174087483,0.0,-0.04511156320181263,-0.008744077793717133,0.15003839128742646,0.019069009360634635
motive_5,-0.10374340844492816,-0.01693951142589603,-0.14926503743969827,-0.04511156320181263,0.0,-0.11904275888000512,-0.0684633817316184,0.026635474294435618
motive_6,-0.05161403997687894,0.1381426062490314,0.038924438303469165,-0.008744077793717133,-0.11904275888000512,0.0,-0.06112355817825757,0.10745814743324088
motive_7,-0.04716261611112768,0.023751841459625875,-0.048530684274484856,0.15003839128742646,-0.0684633817316184,-0.06112355817825757,0.0,-0.05418329688925663
motive_8,0.004404779273895432,-0.027608297704868744,-0.05727741500690899,0.019069009360634635,0.026635474294435618,0.10745814743324088,-0.05418329688925663,0.0
