,motive_1,motive_2,motive_3,motive_4,motive_5,motive_6,motive_7,motive_8
motive_1,0.0,0.122780937903254,-0.4098619008216706,-0.19282252297287827,0.5196282372389487,0.1517705845377411,-0.4993854853657289,0.28113917280132733
motive_2,0.122780937903254,0.0,-0.7361659074096429,0.19326160763476555,-0.8815077698147686,-0.07308073315395677,-0.8747060432574201,-0.4143743700037457
motive_3,-0.4098619008216706,-0.7361659074096429,0.0,-0.19011612528447203,-0.4685382266159242,-1.0062231673107664,0.09449564779636271,0.3463452518261
motive_4,-0.19282252297287827,0.19326160763476555,-0.19011612528447203,0.0,-0.025959758268538136,-0.04964865673943597,-0.06014764104579214,0.21733408752859673
motive_5,0.5196282372389487,-0.8815077698147686,-0.4685382266159242,-0.025959758268538136,0.0,-0.060340054222929346,-0.30886666755522496,0.1778940179778359
motive_6,0.1517705845377411,-0.07308073315395677,-1.0062231673107664,-0.04964865673943597,-0.060340054222929346,0.0,0.503464412157901,-0.2953846464992955
motive_7,-0.4993854853657289,-0.8747060432574201,0.09449564779636271,-0.06014764104579214,-0.30886666755522496,0.503464412157901,0.0,-0.003987416310856529
motive_8,0.28113917280132733,-0.4143743700037457,0.3463452518261,0.21733408752859673,0.1778940179778359,-0.2953846464992955,-0.003987416310856529,0.0
