,motive_1,motive_2,motive_3,motive_4,motive_5,motive_6,motive_7,motive_8
motive_1,0.0,0.3939439404683366,0.5426612510439289,0.7184551161186427,0.4946125352126438,0.41707697979477837,0.40098849393447566,0.5272776883318693
motive_2,0.3939439404683366,0.0,0.24569599389702487,0.2964941667207574,0.06973171389824628,0.9287114329177786,0.5351762333331367,0.07742524891656542
motive_3,0.5426612510439289,0.24569599389702487,0.0,0.1247304007917086,0.44579384674559236,0.4159970831477202,0.2698745717085962,0.2654217311394123
motive_4,0.7184551161186427,0.2964941667207574,0.1247304007917086,0.0,0.37498586974408504,0.6077044556925797,0.7570135967438699,0.2486643585431281
motive_5,0.4946125352126438,0.06973171389824628,0.44579384674559236,0.37498586974408504,0.0,0.26572467150588086,0.7407574930530654,0.7477987491641965
motive_6,0.41707697979477837,0.9287114329177786,0.4159970831477202,0.6077044556925797,0.26572467150588086,0.0,0.7440785381333337,0.4570442688800043
motive_7,0.40098849393447566,0.5351762333331367,0.2698745717085962,0.7570135967438699,0.7407574930530654,0.7440785381333337,0.0,0.5794191286621504
motive_8,0.5272776883318693,0.07742524891656542,0.2654217311394123,0.2486643585431281,0.7477987491641965,0.4570442688800043,0.5794191286621504,0.0
