,motive_1,motive_2,motive_3,motive_4,motive_5,motive_6,motive_7,motive_8
satisfaction,0.22271887476499125,0.7800761948792443,0.3949258376376015,0.6742276609586328,0.6133988821929934,0.5684383571065075,0.11703210824927017,0.34305508931166084
