,motive_1,motive_2,motive_3,motive_4,motive_5,motive_6,motive_7,motive_8
motive_1,0.0,0.012034517521725296,-0.19371132179552616,-0.008650996966198227,0.001619655810195464,0.3416833971220916,0.05653225512321122,0.2184833236571414
motive_2,0.012034517521725296,0.0,0.2590967586669533,0.3033287021842859,0.29224988619885095,0.07688018860859117,0.1521890261107488,0.4356989744503005
motive_3,-0.19371132179552616,0.2590967586669533,0.0,-0.24870244643402656,0.14798171117386474,0.25901177200957776,0.33410575560998756,0.2042088207536686
motive_4,-0.008650996966198227,0.3033287021842859,-0.24870244643402656,0.0,0.6448005793885777,0.27660089514089703,0.4566327683274689,0.3609290315687897
motive_5,0.001619655810195464,0.29224988619885095,0.14798171117386474,0.6448005793885777,0.0,0.13989767583019327,0.38363858685218705,0.2393044394044146
motive_6,0.3416833971220916,0.07688018860859117,0.25901177200957776,0.27660089514089703,0.13989767583019327,0.0,0.14608334404318854,0.09631910027361809
motive_7,0.05653225512321122,0.1521890261107488,0.33410575560998756,0.4566327683274689,0.38363858685218705,0.14608334404318854,0.0,0.3798713735734744
motive_8,0.2184833236571414,0.4356989744503005,0.2042088207536686,0.3609290315687897,0.2393044394044146,0.09631910027361809,0.3798713735734744,0.0
