,motive_1,motive_2,motive_3,motive_4,motive_5,motive_6,motive_7,motive_8
motive_1,0.0,0.789766505071552,0.32046579052649377,0.18457154715426774,-0.35773623496998247,0.001145660474967336,0.4194429730712225,0.02375923661325907
motive_2,0.789766505071552,0.0,0.19184752294382584,0.3581221827325164,0.17766225340295103,0.1636724709779488,-0.14340173719917312,-0.2530202844209161
motive_3,0.32046579052649377,0.19184752294382584,0.0,0.23473833072798075,0.25168293455288926,0.01757168694316502,-0.12133805984544092,0.2406758361807046
motive_4,0.18457154715426774,0.3581221827325164,0.23473833072798075,0.0,0.06826072343319495,-0.16320424050949583,0.6611319739062038,-0.3275182363573389
motive_5,-0.35773623496998247,0.17766225340295103,0.25168293455288926,0.06826072343319495,0.0,0.10624547684634242,-0.5317469545988394,0.3640183453164506
motive_6,0.001145660474967336,0.1636724709779488,0.01757168694316502,-0.16320424050949583,0.10624547684634242,0.0,-0.3395788587972961,-0.5042126146260296
motive_7,0.4194429730712225,-0.14340173719917312,-0.12133805984544092,0.6611319739062038,-0.5317469545988394,-0.3395788587972961,0.0,-0.03568709089101808
motive_8,0.02375923661325907,-0.2530202844209161,0.2406758361807046,-0.3275182363573389,0.3640183453164506,-0.5042126146260296,-0.03568709089101808,0.0
