,motive_1,motive_2,motive_3,motive_4,motive_5,motive_6,motive_7,motive_8
satisfaction,0.20943465237406655,-0.11834279258628111,-0.673374915349138,0.614259406180317,0.15603462848392796,0.062120725683204536,0.3653369648363282,-0.009682125168258865
