,motive_1,motive_2,motive_3,motive_4,motive_5,motive_6,motive_7,motive_8
motive_1,0.0,0.01213376381363251,0.07427527655763698,-0.10675244569589912,-0.0704652549900638,0.00411243822424941,-0.03657990060433633,-0.07197641228815684
motive_2,0.01213376381363251,0.0,0.012574618192134651,0.02581744791359931,-0.11556515283250868,0.043773310408547095,0.04884978878341275,-0.10193397205110552
motive_3,0.07427527655763698,0.012574618192134651,0.0,0.011579757396958941,-0.05516064769797406,0.04341255527827083,-0.020530238917056107,0.07057009095822535
motive_4,-0.10675244569589912,0.02581744791359931,0.011579757396958941,0.0,0.057275290620390884,-0.04862745344346021,-0.08385317984067991,-0.07693043453373521
motive_5,-0.0704652549900638,-0.11556515283250868,-0.05516064769797406,0.057275290620390884,0.0,0.10717249460508377,0.012966276093793996,0.0999181565422177
motive_6,0.00411243822424941,0.043773310408547095,0.04341255527827083,-0.04862745344346021,0.10717249460508377,0.0,-0.014532470681126104,0.06522038129424214
motive_7,-0.03657990060433633,0.04884978878341275,-0.020530238917056107,-0.08385317984067991,0.012966276093793996,-0.014532470681126104,0.0,0.1055954412049001
motive_8,-0.07197641228815684,-0.10193397205110552,0.07057009095822535,-0.07693043453373521,0.0999181565422177,0.06522038129424214,0.1055954412049001,0.0
