,motive_1,motive_2,motive_3,motive_4,motive_5,motive_6,motive_7,motive_8
motive_1,0.0,0.2772706499132749,-0.041452879729498224,-0.14941826065905156,0.35907472636239235,-0.2563443893602213,0.33135570625672106,0.7318969920198801
motive_2,0.2772706499132749,0.0,-0.07245012223989708,0.18404169524343375,0.440347843601627,-0.013130157090270267,-0.37926925589187394,0.7352685122981306
motive_3,-0.041452879729498224,-0.07245012223989708,0.0,0.2478291908606663,0.05714803239310273,-0.21864899801683996,-0.38822316423226194,0.7628865719113678
motive_4,-0.14941826065905156,0.18404169524343375,0.2478291908606663,0.0,-0.6113910377167634,0.5642650072667019,-0.7571742506276968,0.25728198765598115
motive_5,0.35907472636239235,0.440347843601627,0.05714803239310273,-0.6113910377167634,0.0,-0.405324304278723,0.22942430807642455,0.4258962165389729
motive_6,-0.2563443893602213,-0.013130157090270267,-0.21864899801683996,0.5642650072667019,-0.405324304278723,0.0,-0.3327058831401402,0.32280986728570393
motive_7,0.33135570625672106,-0.37926925589187394,-0.38822316423226194,-0.7571742506276968,0.22942430807642455,-0.3327058831401402,0.0,1.059121706847344
motive_8,0.7318969920198801,0.7352685122981306,0.7628865719113678,0.25728198765598115,0.4258962165389729,0.32280986728570393,1.059121706847344,0.0
