,motive_1,motive_2,motive_3,motive_4,motive_5,motive_6,motive_7,motive_8
motive_1,0.0,0.19073890831461782,0.265812193570108,0.27163965926229583,0.4912361308787844,0.14698014456183053,0.46361614207245916,0.27568052363569195
motive_2,0.19073890831461782,0.0,0.6462704689441213,0.4361834460747226,0.17158263328094078,0.0375275968559563,0.2177612358861417,0.05174762264836874
motive_3,0.265812193570108,0.6462704689441213,0.0,0.20830800719757592,0.32622471228873223,1.018676452507839,0.24576612504259537,0.17048123471339835
motive_4,0.27163965926229583,0.4361834460747226,0.20830800719757592,0.0,0.1413975562744471,0.49646933795831993,0.44102064120393836,0.49560658849431594
motive_5,0.4912361308787844,0.17158263328094078,0.32622471228873223,0.1413975562744471,0.0,0.5780713294252655,0.590561150307642,0.8707232400712568
motive_6,0.14698014456183053,0.0375275968559563,1.018676452507839,0.49646933795831993,0.5780713294252655,0.0,0.44381675968224577,0.24816170072313382
motive_7,0.46361614207245916,0.2177612358861417,0.24576612504259537,0.44102064120393836,0.590561150307642,0.44381675968224577,0.0,0.43308123293131073
motive_8,0.27568052363569195,0.05174762264836874,0.17048123471339835,0.49560658849431594,0.8707232400712568,0.24816170072313382,0.43308123293131073,0.0
