,motive_1,motive_2,motive_3,motive_4,motive_5,motive_6,motive_7,motive_8
satisfaction,-0.033499109724532905,-0.3523176384589742,-0.071946661798932,-0.1295797768473267,0.07512132471140323,0.35725207071010234,0.23989429086898975,0.3947397743854903
