,motive_1,motive_2,motive_3,motive_4,motive_5,motive_6,motive_7,motive_8
motive_1,0.0,0.010623875953143472,0.04574717379112482,0.04017240033266664,0.1591293783762637,0.0970415091056764,0.015492352777584727,0.018778505010498454
motive_2,0.010623875953143472,0.0,0.12599164221161624,0.08009068122694805,0.08060651370692612,0.09603495739713272,0.20597775282744157,0.17484485205981928
motive_3,0.04574717379112482,0.12599164221161624,0.0,0.0667162468832663,0.05812525411535263,0.20486691871777693,0.16487209636076006,0.14302673275112388
motive_4,0.04017240033266664,0.08009068122694805,0.0667162468832663,0.0,0.06375630088718087,0.15298649184191773,0.07737900808706227,0.16909215009595258
motive_5,0.1591293783762637,0.08060651370692612,0.05812525411535263,0.06375630088718087,0.0,0.11248322286448913,0.058928959467903996,-0.01733209338321741
motive_6,0.0970415091056764,0.09603495739713272,0.20486691871777693,0.15298649184191773,0.11248322286448913,0.0,0.07310704404763763,0.18339804727268166
motive_7,0.015492352777584727,0.20597775282744157,0.16487209636076006,0.07737900808706227,0.058928959467903996,0.07310704404763763,0.0,0.184062351986308
motive_8,0.018778505010498454,0.17484485205981928,0.14302673275112388,0.16909215009595258,-0.01733209338321741,0.18339804727268166,0.184062351986308,0.0
