,motive_1,motive_2,motive_3,motive_4,motive_5,motive_6,motive_7,motive_8
motive_1,0.0,0.2723555639481422,0.292522328674776,0.6965939536476609,0.7421830760376964,0.2726353120123425,0.08583790994191678,0.2551327692298961
motive_2,0.2723555639481422,0.0,0.18380666264080148,0.5029171073098894,0.3275228683066546,0.31094635928142467,0.24438087431803082,0.5354733031868978
motive_3,0.292522328674776,0.18380666264080148,0.0,0.43926992451874214,0.344067006764452,0.14879686312081103,0.19332665851896338,0.17659461963865408
motive_4,0.6965939536476609,0.5029171073098894,0.43926992451874214,0.0,0.284409984422418,0.697425551190656,0.42542112915968566,0.3579449180665877
motive_5,0.7421830760376964,0.3275228683066546,0.344067006764452,0.284409984422418,0.0,0.24848820816393347,0.47635802374050623,0.6408861609573112
motive_6,0.2726353120123425,0.31094635928142467,0.14879686312081103,0.697425551190656,0.24848820816393347,0.0,0.634139995577631,0.397711094953727
motive_7,0.08583790994191678,0.24438087431803082,0.19332665851896338,0.42542112915968566,0.47635802374050623,0.634139995577631,0.0,0.3943714669131566
motive_8,0.2551327692298961,0.5354733031868978,0.17659461963865408,0.3579449180665877,0.6408861609573112,0.397711094953727,0.3943714669131566,0.0
