,motive_1,motive_2,motive_3,motive_4,motive_5,motive_6,motive_7,motive_8
motive_1,0.0,0.015489404020413206,0.02590381271897227,-0.05062526710293479,-0.04853077504920586,0.056025951408101335,-0.007319483731840937,-0.03544561112308228
motive_2,0.015489404020413206,0.0,0.08354999613855957,-0.03578356929637202,0.029060608984082033,0.04292777603135637,-0.06698291092849472,-0.05851353656243949
motive_3,0.02590381271897227,0.08354999613855957,0.0,-0.04175204755919014,0.02396428601811513,-0.0016568659177010545,0.053093803245317275,0.0974553496345345
motive_4,-0.05062526710293479,-0.03578356929637202,-0.04175204755919014,0.0,0.0014226105828871807,-0.04050585766103366,0.05520332995163054,-0.21089138867980983
motive_5,-0.04853077504920586,0.029060608984082033,0.02396428601811513,0.0014226105828871807,0.0,0.03675278395853909,-0.0969626040704541,0.0004034638388104705
motive_6,0.056025951408101335,0.04292777603135637,-0.0016568659177010545,-0.04050585766103366,0.03675278395853909,0.0,-0.15539221358628505,0.12380952913384094
motive_7,-0.007319483731840937,-0.06698291092849472,0.053093803245317275,0.05520332995163054,-0.0969626040704541,-0.15539221358628505,0.0,-0.043909280165481374
motive_8,-0.03544561112308228,-0.05851353656243949,0.0974553496345345,-0.21089138867980983,0.0004034638388104705,0.12380952913384094,-0.043909280165481374,0.0
