,motive_1,motive_2,motive_3,motive_4,motive_5,motive_6,motive_7,motive_8
satisfaction,-0.18509750407880185,0.311740310303251,0.043865935762998055,0.11153775835087276,0.27659233128794825,0.31577603829572287,0.25542571879292153,-0.20452946455651524
