,motive_1,motive_2,motive_3,motive_4,motive_5,motive_6,motive_7,motive_8
motive_1,0.0,-0.17287779430106728,0.16563847821931793,0.08712105370875067,-0.2882799826426731,-0.06872671623455712,0.10563876020985839,0.33095450227289036
motive_2,-0.17287779430106728,0.0,0.47689901643212457,0.2906000116011649,-0.08397919187617257,0.39633195708582003,-0.28449255204577634,-0.09026330120825429
motive_3,0.16563847821931793,0.47689901643212457,0.0,0.5951665078754871,-0.039697420705643235,-0.051428118353647634,0.0060047991740691115,0.03226489680418232
motive_4,0.08712105370875067,0.2906000116011649,0.5951665078754871,0.0,0.2485195309178217,-0.058868624949820314,0.28108371087707174,0.01008433557060505
motive_5,-0.2882799826426731,-0.08397919187617257,-0.039697420705643235,0.2485195309178217,0.0,0.07092596833079262,-0.3991582769793767,0.8561378074708124
motive_6,-0.06872671623455712,0.39633195708582003,-0.051428118353647634,-0.058868624949820314,0.07092596833079262,0.0,0.38092892031667414,-0.09013146615797929
motive_7,0.10563876020985839,-0.28449255204577634,0.0060047991740691115,0.28108371087707174,-0.3991582769793767,0.38092892031667414,0.0,1.1823412164554992
motive_8,0.33095450227289036,-0.09026330120825429,0.03226489680418232,0.01008433557060505,0.8561378074708124,-0.09013146615797929,1.1823412164554992,0.0
