,motive_1,motive_2,motive_3,motive_4,motive_5,motive_6,motive_7,motive_8
satisfaction,0.5831645480316087,0.23766548383068328,0.33957931837008437,0.16316043228899124,-0.05426072362915896,0.007653170575929347,0.34035822593623277,-0.1274467812705033
