,motive_1,motive_2,motive_3,motive_4,motive_5,motive_6,motive_7,motive_8
satisfaction,0.2662295839292411,0.1815165885703571,-0.11147926487030368,0.11041725629300583,0.3123477168536987,0.45440601824288074,-0.1286187265883672,0.07618330813472471
