,motive_1,motive_2,motive_3,motive_4,motive_5,motive_6,motive_7,motive_8
motive_1,0.0,0.07019095699192579,-0.06952604539321774,0.14110946498226845,0.2762280745075011,0.07949291309454706,0.1192788713861615,0.19498673489405313
motive_2,0.07019095699192579,0.0,0.18406482263237822,0.29862198035312426,0.12621548293712845,0.13379131936315866,-0.016011301837147725,0.005964279641871344
motive_3,-0.06952604539321774,0.18406482263237822,0.0,0.08859719757375234,0.16918616420114466,0.024200140556416946,0.2521335497916287,0.21373952380374903
motive_4,0.14110946498226845,0.29862198035312426,0.08859719757375234,0.0,0.2777455777151391,0.12345303786876599,0.22063547047434184,-0.020131540204190217
motive_5,0.2762280745075011,0.12621548293712845,0.16918616420114466,0.2777455777151391,0.0,0.03427560136798115,0.14230164258994515,0.13969020343247102
motive_6,0.07949291309454706,0.13379131936315866,0.024200140556416946,0.12345303786876599,0.03427560136798115,0.0,0.060714925988889355,0.2041595317241331
motive_7,0.1192788713861615,-0.016011301837147725,0.2521335497916287,0.22063547047434184,0.14230164258994515,0.060714925988889355,0.0,0.044799937141212026
motive_8,0.19498673489405313,0.005964279641871344,0.21373952380374903,-0.020131540204190217,0.13969020343247102,0.2041595317241331,0.044799937141212026,0.0
