,motive_1,motive_2,motive_3,motive_4,motive_5,motive_6,motive_7,motive_8
satisfaction,-0.36320156236694107,0.0927932021096993,0.30041178147883923,0.6362544220652847,0.3725758820972326,-0.00031332872438785686,0.14258241915990383,0.17529899109549707
