,motive_1,motive_2,motive_3,motive_4,motive_5,motive_6,motive_7,motive_8
satisfaction,0.38889593681650647,0.1269331639356787,0.1589205638435433,0.1874729037425214,-0.2325648761156683,0.266212892574196,0.3440555550555043,0.18156339437722022
