,motive_1,motive_2,motive_3,motive_4,motive_5,motive_6,motive_7,motive_8
motive_1,0.0,0.23745574767040195,0.44388383794469033,0.7894944522878442,0.16093270406005405,0.38524491413052986,0.6590930411785939,0.24912188756084563
motive_2,0.23745574767040195,0.0,0.39482376483787274,0.3990433947599583,-0.012178708697018203,0.4433021685532829,0.49049552871725294,0.685561744841384
motive_3,0.44388383794469033,0.39482376483787274,0.0,0.4143864873989986,0.6636088600066924,0.024497033509780053,0.06563456729012326,0.6718017790714541
motive_4,0.7894944522878442,0.3990433947599583,0.4143864873989986,0.0,0.5469855155063781,0.0993179861846286,0.4929024723828403,0.18949275743502275
motive_5,0.16093270406005405,-0.012178708697018203,0.6636088600066924,0.5469855155063781,0.0,0.37768717053533707,0.2578625284303697,0.4280542954014136
motive_6,0.38524491413052986,0.4433021685532829,0.024497033509780053,0.0993179861846286,0.37768717053533707,0.0,0.6263964967518305,0.7021598580344797
motive_7,0.6590930411785939,0.49049552871725294,0.06563456729012326,0.4929024723828403,0.2578625284303697,0.6263964967518305,0.0,0.1282704130245395
motive_8,0.24912188756084563,0.685561744841384,0.6718017790714541,0.18949275743502275,0.4280542954014136,0.7021598580344797,0.1282704130245395,0.0
