,motive_1,motive_2,motive_3,motive_4,motive_5,motive_6,motive_7,motive_8
motive_1,0.0,-0.13412949924841913,0.03792568954656689,0.0779119480085686,-0.08612521483888257,0.13586455393671698,0.27405039970997624,0.18197280009491973
motive_2,-0.13412949924841913,0.0,0.39156302808239984,-0.4400816319219793,0.03447656674983943,0.00953277089168246,0.33117524864742903,0.27300350928846884
motive_3,0.03792568954656689,0.39156302808239984,0.0,0.058998158747581325,0.15970999039506126,0.06094508010079298,-0.014925869289160093,0.4811354635044106
motive_4,0.0779119480085686,-0.4400816319219793,0.058998158747581325,0.0,0.32224912080887574,0.4031250959244719,0.06192686596573424,0.30119798294978367
motive_5,-0.08612521483888257,0.03447656674983943,0.15970999039506126,0.32224912080887574,0.0,0.22768371805186358,0.23494317777122098,0.010117965073728835
motive_6,0.13586455393671698,0.00953277089168246,0.06094508010079298,0.4031250959244719,0.22768371805186358,0.0,0.07745540434065248,0.13562630323424968
motive_7,0.27405039970997624,0.33117524864742903,-0.014925869289160093,0.06192686596573424,0.23494317777122098,0.07745540434065248,0.0,0.21176674959366681
motive_8,0.18197280009491973,0.27300350928846884,0.4811354635044106,0.30119798294978367,0.010117965073728835,0.13562630323424968,0.21176674959366681,0.0
