,motive_1,motive_2,motive_3,motive_4,motive_5,motive_6,motive_7,motive_8
motive_1,0.0,0.30313088124308196,-0.01876532493020161,0.46976486268824835,0.16580394115649835,0.30230614614247625,-0.07026290696731649,-0.06648254704786644
motive_2,0.30313088124308196,0.0,0.3757685825453178,-0.11112017601921219,0.5059634652722809,0.23887807826933583,0.03757625117721464,0.1259058972159373
motive_3,-0.01876532493020161,0.3757685825453178,0.0,0.6876370192588086,0.24793168134483642,0.2148234416887584,0.0496640880911544,0.13291437448783383
motive_4,0.46976486268824835,-0.11112017601921219,0.6876370192588086,0.0,0.43518944117127534,0.2542540870597502,0.12473131275719879,0.23152574989870345
motive_5,0.16580394115649835,0.5059634652722809,0.24793168134483642,0.43518944117127534,0.0,0.3617729213993572,0.340020492216634,0.11152921644269798
motive_6,0.30230614614247625,0.23887807826933583,0.2148234416887584,0.2542540870597502,0.3617729213993572,0.0,0.30891616155924523,0.2752022322945319
motive_7,-0.07026290696731649,0.03757625117721464,0.0496640880911544,0.12473131275719879,0.340020492216634,0.30891616155924523,0.0,0.31366717294229723
motive_8,-0.06648254704786644,0.1259058972159373,0.13291437448783383,0.23152574989870345,0.11152921644269798,0.2752022322945319,0.31366717294229723,0.0
