,motive_1,motive_2,motive_3,motive_4,motive_5,motive_6,motive_7,motive_8
satisfaction,0.23878470519210485,0.05117117442322036,0.1599031701869933,0.007820053807037666,0.21485036630617396,0.49136167330011127,-0.062221971177118,-0.07413877832034768
