,motive_1,motive_2,motive_3,motive_4,motive_5,motive_6,motive_7,motive_8
motive_1,0.0,0.16519138264928543,0.4725223521990731,0.8830428721814682,0.373809475424613,0.5802317529847948,0.5938550586348601,0.3732608998274144
motive_2,0.16519138264928543,0.0,0.5589686068292736,0.7228291483095957,0.6196031163313109,0.7789666953747293,0.41460101162111207,0.35339180931055525
motive_3,0.4725223521990731,0.5589686068292736,0.0,0.35562763697606875,0.5224238256547695,0.3681605387824648,0.27438222873380913,0.4683048051966891
motive_4,0.8830428721814682,0.7228291483095957,0.35562763697606875,0.0,0.5361895999967721,0.19475715082034073,0.2674115018418207,0.19650044099005615
motive_5,0.373809475424613,0.6196031163313109,0.5224238256547695,0.5361895999967721,0.0,-0.042476488623788805,0.7118666281522392,0.5867559538950597
motive_6,0.5802317529847948,0.7789666953747293,0.3681605387824648,0.19475715082034073,-0.042476488623788805,0.0,0.31555884516174104,0.46977339307466187
motive_7,0.5938550586348601,0.41460101162111207,0.27438222873380913,0.2674115018418207,0.7118666281522392,0.31555884516174104,0.0,0.5241893277381686
motive_8,0.3732608998274144,0.35339180931055525,0.4683048051966891,0.19650044099005615,0.5867559538950597,0.46977339307466187,0.5241893277381686,0.0
