,motive_1,motive_2,motive_3,motive_4,motive_5,motive_6,motive_7,motive_8
satisfaction,0.8724498301982928,0.7826703063437226,0.06542378058128387,0.5312533666362566,0.0723693060106051,0.08300894351292788,0.4289900980290496,0.27371879774819546
