,motive_1,motive_2,motive_3,motive_4,motive_5,motive_6,motive_7,motive_8
motive_1,0.0,-0.003842230982575967,0.1567762513089697,0.4269033130778046,0.5569967575528709,0.16053207776273143,0.4991798186128081,0.3301068678900817
motive_2,-0.003842230982575967,0.0,-0.008048410558556762,0.5765191300499235,0.18981936735099555,0.41639055185895457,-0.3661022782522035,0.25848310510183836
motive_3,0.1567762513089697,-0.008048410558556762,0.0,0.5566396529833635,0.5187493000694865,0.15770582991540016,0.009504012133827011,0.31737564637914895
motive_4,0.4269033130778046,0.5765191300499235,0.5566396529833635,0.0,0.3880195888870936,0.2823519208831474,0.30959686621335625,0.3955007966541293
motive_5,0.5569967575528709,0.18981936735099555,0.5187493000694865,0.3880195888870936,0.0,0.41108044210143024,0.30012237373603123,-0.13040427092022677
motive_6,0.16053207776273143,0.41639055185895457,0.15770582991540016,0.2823519208831474,0.41108044210143024,0.0,0.345309160212367,0.4005177546113803
motive_7,0.4991798186128081,-0.3661022782522035,0.009504012133827011,0.30959686621335625,0.30012237373603123,0.345309160212367,0.0,0.49062950987628395
motive_8,0.3301068678900817,0.25848310510183836,0.31737564637914895,0.3955007966541293,-0.13040427092022677,0.4005177546113803,0.49062950987628395,0.0
