,motive_1,motive_2,motive_3,motive_4,motive_5,motive_6,motive_7,motive_8
motive_1,0.0,0.17698599371127038,0.36741896055263873,0.04510038974755019,-0.23348479362974126,0.4311491488139108,0.3251992251955709,-0.37314456443384875
motive_2,0.17698599371127038,0.0,-0.30587371215250747,0.18333433502116725,0.1610017337368593,0.10346511821359865,0.22088364863762866,0.15552276377033852
motive_3,0.36741896055263873,-0.30587371215250747,0.0,0.5896746930963009,0.3753644706497845,0.4642860013267376,-0.05148351860959169,-0.47609171447752074
motive_4,0.04510038974755019,0.18333433502116725,0.5896746930963009,0.0,0.12355227963045164,0.5146161973368305,-0.10053495913621124,-0.39762247766428627
motive_5,-0.23348479362974126,0.1610017337368593,0.3753644706497845,0.12355227963045164,0.0,-0.7549708791142018,0.2963137345058453,0.48605064587853397
motive_6,0.4311491488139108,0.10346511821359865,0.4642860013267376,0.5146161973368305,-0.7549708791142018,0.0,0.15367133778778458,0.35297269157013644
motive_7,0.3251992251955709,0.22088364863762866,-0.05148351860959169,-0.10053495913621124,0.2963137345058453,0.15367133778778458,0.0,0.30748010808006965
motive_8,-0.37314456443384875,0.15552276377033852,-0.47609171447752074,-0.39762247766428627,0.48605064587853397,0.35297269157013644,0.30748010808006965,0.0
