,motive_1,motive_2,motive_3,motive_4,motive_5,motive_6,motive_7,motive_8
motive_1,0.0,0.03975001043780438,0.28325968129320866,0.155483591283042,0.09726015160049974,0.20597014614706477,0.15936156662924525,0.20572525538235548
motive_2,0.03975001043780438,0.0,0.04758156479525926,0.061060114786875994,0.08580014296226982,0.08483773734235878,0.03605047135755325,0.23134670557030104
motive_3,0.28325968129320866,0.04758156479525926,0.0,0.3491104676296187,0.026263127464606496,0.015856403100973263,0.06065844199271417,-0.02082752235378852
motive_4,0.155483591283042,0.061060114786875994,0.3491104676296187,0.0,0.200576357876739,0.09140774731086543,0.22568859393600915,0.07132723077620529
motive_5,0.09726015160049974,0.08580014296226982,0.026263127464606496,0.200576357876739,0.0,0.11316654595979361,0.09044181755279573,0.1970528932674987
motive_6,0.20597014614706477,0.08483773734235878,0.015856403100973263,0.09140774731086543,0.11316654595979361,0.0,0.05176147853164978,0.06827330940992443
motive_7,0.15936156662924525,0.03605047135755325,0.06065844199271417,0.22568859393600915,0.09044181755279573,0.05176147853164978,0.0,0.02773364214498453
motive_8,0.20572525538235548,0.23134670557030104,-0.02082752235378852,0.07132723077620529,0.1970528932674987,0.06827330940992443,0.02773364214498453,0.0
