,motive_1,motive_2,motive_3,motive_4,motive_5,motive_6,motive_7,motive_8
satisfaction,0.4100929501760645,0.18382144731593397,0.1839750084624085,-0.13455274318351848,-0.02579885280291333,0.20232301071278164,0.41908122146763493,0.15262256910226318
