,motive_1,motive_2,motive_3,motive_4,motive_5,motive_6,motive_7,motive_8
motive_1,0.0,-0.040129068135542116,0.05629379546336312,0.21045982943684483,0.18856448157375655,0.12965117583353858,0.22076149974174314,0.15159127353128277
motive_2,-0.040129068135542116,0.0,0.12845959389064798,0.10048330309895767,0.28783640654705656,0.12807925297044376,0.21051199993387018,0.18476879801268584
motive_3,0.05629379546336312,0.12845959389064798,0.0,0.1462674620981884,0.08437130650430624,0.12133372437178427,0.20490717487311705,0.13573024883682777
motive_4,0.21045982943684483,0.10048330309895767,0.1462674620981884,0.0,0.11147085694554533,0.10611765603581738,0.19557489749823667,0.01738403063923167
motive_5,0.18856448157375655,0.28783640654705656,0.08437130650430624,0.11147085694554533,0.0,0.14201710961364566,0.10067308792092652,0.19247630955365858
motive_6,0.12965117583353858,0.12807925297044376,0.12133372437178427,0.10611765603581738,0.14201710961364566,0.0,0.0708314367797682,0.08631118458608293
motive_7,0.22076149974174314,0.21051199993387018,0.20490717487311705,0.19557489749823667,0.10067308792092652,0.0708314367797682,0.0,0.12928964706516183
motive_8,0.15159127353128277,0.18476879801268584,0.13573024883682777,0.01738403063923167,0.19247630955365858,0.08631118458608293,0.12928964706516183,0.0
