,motive_1,motive_2,motive_3,motive_4,motive_5,motive_6,motive_7,motive_8
motive_1,0.0,0.4427180564543176,0.3413730223767597,0.6480380437157389,0.4186973554364931,0.3473124318648059,0.652216964679245,0.48284876426024886
motive_2,0.4427180564543176,0.0,0.36306795620164206,0.3614202208539948,0.6422589011203088,0.21586685471596995,0.3561800240904029,0.5528062466222616
motive_3,0.3413730223767597,0.36306795620164206,0.0,0.7614743250775561,0.5218132565297957,0.5869192505051911,0.6707899262774308,0.45745308997710277
motive_4,0.6480380437157389,0.3614202208539948,0.7614743250775561,0.0,0.1718202299129274,0.32587476581911534,0.49992180321864865,0.2233881357617109
motive_5,0.4186973554364931,0.6422589011203088,0.5218132565297957,0.1718202299129274,0.0,0.4892976734700969,0.4315902751314329,0.9105603838009793
motive_6,0.3473124318648059,0.21586685471596995,0.5869192505051911,0.32587476581911534,0.4892976734700969,0.0,0.4461432357391846,0.35323086370353896
motive_7,0.652216964679245,0.3561800240904029,0.6707899262774308,0.49992180321864865,0.4315902751314329,0.4461432357391846,0.0,0.5015112056848974
motive_8,0.48284876426024886,0.5528062466222616,0.45745308997710277,0.2233881357617109,0.9105603838009793,0.35323086370353896,0.5015112056848974,0.0
