,motive_1,motive_2,motive_3,motive_4,motive_5,motive_6,motive_7,motive_8
motive_1,0.0,0.6493302917149075,0.21154653221797812,0.03507880289138082,0.5064706290610655,0.6031739459437738,0.08305316514888905,0.6862373148087575
motive_2,0.6493302917149075,0.0,0.7174889538582834,0.6586582476620683,0.12867606989829966,0.20319055524967689,0.3184812669981892,0.3652826036170528
motive_3,0.21154653221797812,0.7174889538582834,0.0,0.7544937393858646,0.29574889457477377,0.3254992472640984,0.41916119401040475,0.38517995810510364
motive_4,0.03507880289138082,0.6586582476620683,0.7544937393858646,0.0,0.419839149257451,0.3540386079764439,0.37813180087797765,0.19945312148994973
motive_5,0.5064706290610655,0.12867606989829966,0.29574889457477377,0.419839149257451,0.0,0.05214442606986258,0.41220611284201025,0.29006388363685554
motive_6,0.6031739459437738,0.20319055524967689,0.3254992472640984,0.3540386079764439,0.05214442606986258,0.0,0.41584650971452886,0.1603054257021782
motive_7,0.08305316514888905,0.3184812669981892,0.41916119401040475,0.37813180087797765,0.41220611284201025,0.41584650971452886,0.0,0.5946366778783613
motive_8,0.6862373148087575,0.3652826036170528,0.38517995810510364,0.19945312148994973,0.29006388363685554,0.1603054257021782,0.5946366778783613,0.0
