,motive_1,motive_2,motive_3,motive_4,motive_5,motive_6,motive_7,motive_8
motive_1,0.0,0.13798119984888108,0.07782693353401852,0.1429356753770638,0.038130745929904654,0.08490467740162472,0.06997673896792593,0.07001280015384595
motive_2,0.13798119984888108,0.0,0.09001018749382061,-0.020339302283555856,0.15703785411201743,0.15757837961573373,0.2284312923255782,0.2179345853407832
motive_3,0.07782693353401852,0.09001018749382061,0.0,0.04901850912569954,0.0694596807958517,0.07874421696209663,0.18272759048645154,0.01825012805952987
motive_4,0.1429356753770638,-0.020339302283555856,0.04901850912569954,0.0,0.05217797202754541,0.0028830746679508086,0.07674142282982659,0.05835819840759403
motive_5,0.038130745929904654,0.15703785411201743,0.0694596807958517,0.05217797202754541,0.0,0.11150667523388519,0.022467984715414883,0.07202009122622285
motive_6,0.08490467740162472,0.15757837961573373,0.07874421696209663,0.0028830746679508086,0.11150667523388519,0.0,0.007160787992020152,0.08627053395920382
motive_7,0.06997673896792593,0.2284312923255782,0.18272759048645154,0.07674142282982659,0.022467984715414883,0.007160787992020152,0.0,0.08664093643371341
motive_8,0.07001280015384595,0.2179345853407832,0.01825012805952987,0.05835819840759403,0.07202009122622285,0.08627053395920382,0.08664093643371341,0.0
