,motive_1,motive_2,motive_3,motive_4,motive_5,motive_6,motive_7,motive_8
motive_1,0.0,0.44315940345039495,0.317248433001853,0.7058541598068986,0.34645364550207824,-0.5176946358466368,0.7226465349352653,0.2430134098051232
motive_2,0.44315940345039495,0.0,0.5681224690835676,0.6971120635045885,0.44225256432904264,0.5602504663075134,0.262793694502744,0.5375467339553595
motive_3,0.317248433001853,0.5681224690835676,0.0,0.1622215324119241,0.6567017378249076,0.2819928195587079,0.3002783593318418,0.6741187877044041
motive_4,0.7058541598068986,0.6971120635045885,0.1622215324119241,0.0,0.2750367781128249,0.7190270245396834,0.44827830561553617,0.6964962718186294
motive_5,0.34645364550207824,0.44225256432904264,0.6567017378249076,0.2750367781128249,0.0,0.2766208392220367,0.2219445956249736,0.5027035974571704
motive_6,-0.5176946358466368,0.5602504663075134,0.2819928195587079,0.7190270245396834,0.2766208392220367,0.0,0.14295579201319614,0.2994120162106637
motive_7,0.7226465349352653,0.262793694502744,0.3002783593318418,0.44827830561553617,0.2219445956249736,0.14295579201319614,0.0,0.6429420414125478
motive_8,0.2430134098051232,0.5375467339553595,0.6741187877044041,0.6964962718186294,0.5027035974571704,0.2994120162106637,0.6429420414125478,0.0
