,motive_1,motive_2,motive_3,motive_4,motive_5,motive_6,motive_7,motive_8
motive_1,0.0,0.12226695546828723,0.28439075526710733,0.4928224559432093,0.3507467409209215,0.30719278047521137,-0.14559445910319707,0.27306077798706496
motive_2,0.12226695546828723,0.0,0.062178362690708075,0.1333653604161335,0.2493747942947417,0.5186644507758725,0.36217176175946436,0.5448892529199016
motive_3,0.28439075526710733,0.062178362690708075,0.0,0.15390515073172883,0.13554831879382323,0.42592675322883,0.29925755912161833,0.15127779047912937
motive_4,0.4928224559432093,0.1333653604161335,0.15390515073172883,0.0,0.3030337120599991,0.25312650581586993,0.07338434420301905,0.04217618929754232
motive_5,0.3507467409209215,0.2493747942947417,0.13554831879382323,0.3030337120599991,0.0,-0.06717588607843487,-0.19805646623135975,0.014256273601045338
motive_6,0.30719278047521137,0.5186644507758725,0.42592675322883,0.25312650581586993,-0.06717588607843487,0.0,0.0031518311170951885,0.2565347111577207
motive_7,-0.14559445910319707,0.36217176175946436,0.29925755912161833,0.07338434420301905,-0.19805646623135975,0.0031518311170951885,0.0,0.10034163463198494
motive_8,0.27306077798706496,0.5448892529199016,0.15127779047912937,0.04217618929754232,0.014256273601045338,0.2565347111577207,0.10034163463198494,0.0
