,motive_1,motive_2,motive_3,motive_4,motive_5,motive_6,motive_7,motive_8
satisfaction,0.11565554594917281,0.26089887404618173,0.12048525511761864,-0.08232437616718213,0.1692891626926699,0.24115746229244192,0.6967696249331208,0.49526946973252794
