,motive_1,motive_2,motive_3,motive_4,motive_5,motive_6,motive_7,motive_8
motive_1,0.0,0.5739529040300002,0.5316728815045899,1.036378338949644,-0.04171110441325521,0.03360081521626787,-0.07219659580749746,0.08084283891133631
motive_2,0.5739529040300002,0.0,0.4147986386400489,-0.5219385023150077,-0.34159504190480394,-0.03565148241537991,-0.33848008102350113,-0.18004793267867186
motive_3,0.5316728815045899,0.4147986386400489,0.0,0.4269944046542546,0.8287854340994105,0.011477032419420607,-0.10833222225224451,0.12685551478491308
motive_4,1.036378338949644,-0.5219385023150077,0.4269944046542546,0.0,-0.22948100039919395,0.7035900169922424,0.4063301819393702,-0.6156873472530289
motive_5,-0.04171110441325521,-0.34159504190480394,0.8287854340994105,-0.22948100039919395,0.0,-0.4366230457181412,0.3600639975439196,-0.08031247993566604
motive_6,0.03360081521626787,-0.03565148241537991,0.011477032419420607,0.7035900169922424,-0.4366230457181412,0.0,0.9017090534070491,0.3331222679440577
motive_7,-0.07219659580749746,-0.33848008102350113,-0.10833222225224451,0.4063301819393702,0.3600639975439196,0.9017090534070491,0.0,-0.12903668938326507
motive_8,0.08084283891133631,-0.18004793267867186,0.12685551478491308,-0.6156873472530289,-0.08031247993566604,0.3331222679440577,-0.12903668938326507,0.0
