,motive_1,motive_2,motive_3,motive_4,motive_5,motive_6,motive_7,motive_8
motive_1,0.0,0.1676587063969624,0.14406226510183126,0.18436556480199284,0.0447379903120739,0.06231603447938262,0.0682738814912375,0.1641184915784597
motive_2,0.1676587063969624,0.0,0.20696924564155167,0.2565911182338749,0.04963855080954469,0.009229639202000282,0.09229440742688226,0.20868639233285916
motive_3,0.14406226510183126,0.20696924564155167,0.0,-0.015660678768261715,0.13550331511604916,0.1491800023185522,0.1012041982598581,0.09078500707097854
motive_4,0.18436556480199284,0.2565911182338749,-0.015660678768261715,0.0,-0.06007808610788584,0.10076140771813046,0.10539288816088033,0.09569687290981067
motive_5,0.0447379903120739,0.04963855080954469,0.13550331511604916,-0.06007808610788584,0.0,0.10907248694988177,0.14952832809268551,0.03053417133456226
motive_6,0.06231603447938262,0.009229639202000282,0.1491800023185522,0.10076140771813046,0.10907248694988177,0.0,0.2369569299528222,0.0866987753813174
motive_7,0.0682738814912375,0.09229440742688226,0.1012041982598581,0.10539288816088033,0.14952832809268551,0.2369569299528222,0.0,0.07669391707089222
motive_8,0.1641184915784597,0.20868639233285916,0.09078500707097854,0.09569687290981067,0.03053417133456226,0.0866987753813174,0.07669391707089222,0.0
