,motive_1,motive_2,motive_3,motive_4,motive_5,motive_6,motive_7,motive_8
motive_1,0.0,0.13156766492677238,-0.43553479304384,0.10339986117346589,0.9776191421351966,-0.02836391477589495,-0.3881689651177734,0.31798692423933334
motive_2,0.13156766492677238,0.0,0.9933300309976115,-0.23387930234032978,-0.02563792972067125,-0.06552377987528002,0.6248677203867002,0.3065576861361942
motive_3,-0.43553479304384,0.9933300309976115,0.0,0.15049150905394912,0.3153665003796666,-0.49628435831844264,0.36104521907861675,-0.42451238142414716
motive_4,0.10339986117346589,-0.23387930234032978,0.15049150905394912,0.0,-0.0642873918915921,0.7675203938158244,0.8395171708539018,1.0370309114087022
motive_5,0.9776191421351966,-0.02563792972067125,0.3153665003796666,-0.0642873918915921,0.0,-0.4364830151958055,-0.4066303381251043,-0.03377824089217954
motive_6,-0.02836391477589495,-0.06552377987528002,-0.49628435831844264,0.7675203938158244,-0.4364830151958055,0.0,-0.03924497562743878,0.46973614665436364
motive_7,-0.3881689651177734,0.6248677203867002,0.36104521907861675,0.8395171708539018,-0.4066303381251043,-0.03924497562743878,0.0,1.049163041621096
motive_8,0.31798692423933334,0.3065576861361942,-0.42451238142414716,1.0370309114087022,-0.03377824089217954,0.46973614665436364,1.049163041621096,0.0
