,motive_1,motive_2,motive_3,motive_4,motive_5,motive_6,motive_7,motive_8
motive_1,0.0,0.214961084178592,0.1367442984210823,0.11409525785904462,0.02371062750500292,0.0835242767458279,0.1532404955118704,0.08729320610220986
motive_2,0.214961084178592,0.0,0.11530792049063765,0.14302036378875274,0.11294370890049185,0.1106120784963248,0.059433043800137815,0.04116328592984732
motive_3,0.1367442984210823,0.11530792049063765,0.0,0.12245638845466347,0.12528048909214823,0.08626194782386085,0.06311032335909318,0.12344597269678412
motive_4,0.11409525785904462,0.14302036378875274,0.12245638845466347,0.0,0.09471012057219916,0.0561326265817507,0.19352199565103398,0.028746960607110177
motive_5,0.02371062750500292,0.11294370890049185,0.12528048909214823,0.09471012057219916,0.0,0.10104091280772375,-0.005291159099806542,0.1440030575527418
motive_6,0.0835242767458279,0.1106120784963248,0.08626194782386085,0.0561326265817507,0.10104091280772375,0.0,0.02673685686711732,-0.0007021024376716103
motive_7,0.1532404955118704,0.059433043800137815,0.06311032335909318,0.19352199565103398,-0.005291159099806542,0.02673685686711732,0.0,0.07738548485149699
motive_8,0.08729320610220986,0.04116328592984732,0.12344597269678412,0.028746960607110177,0.1440030575527418,-0.0007021024376716103,0.07738548485149699,0.0
