,motive_1,motive_2,motive_3,motive_4,motive_5,motive_6,motive_7,motive_8
satisfaction,0.08377556323661078,-0.0058592161998976405,0.30923657136165283,-0.18371120584467895,0.027500163368871844,0.07561886176762231,0.16387128421824482,0.19218058033434368
