,motive_1,motive_2,motive_3,motive_4,motive_5,motive_6,motive_7,motive_8
motive_1,0.0,0.13597852026662194,-0.034100125197115624,0.15576537017404507,0.1377022134825216,0.09700729952537082,0.14153321276743736,0.22516260952997524
motive_2,0.13597852026662194,0.0,0.1284081534201117,0.24378297935600202,0.027939615727794985,0.13387010932714163,0.104060493619882,0.16812982751703887
motive_3,-0.034100125197115624,0.1284081534201117,0.0,0.050967216502498386,0.06653724001027854,-0.03414028278307292,0.11200824135921825,0.21363474297584686
motive_4,0.15576537017404507,0.24378297935600202,0.050967216502498386,0.0,0.0961882645633656,0.10619334839874939,0.10108885075651831,0.054425526937614044
motive_5,0.1377022134825216,0.027939615727794985,0.06653724001027854,0.0961882645633656,0.0,0.04288882603222572,0.13582965962112273,0.051792412102735066
motive_6,0.09700729952537082,0.13387010932714163,-0.03414028278307292,0.10619334839874939,0.04288882603222572,0.0,0.11845098869315844,0.09052205183591774
motive_7,0.14153321276743736,0.104060493619882,0.11200824135921825,0.10108885075651831,0.13582965962112273,0.11845098869315844,0.0,0.1666182975218678
motive_8,0.22516260952997524,0.16812982751703887,0.21363474297584686,0.054425526937614044,0.051792412102735066,0.09052205183591774,0.1666182975218678,0.0
