,motive_1,motive_2,motive_3,motive_4,motive_5,motive_6,motive_7,motive_8
motive_1,0.0,0.09257109618334408,0.12620183387844178,0.009870027584838625,0.12201582015988482,0.11817740522943124,0.248584817231497,0.13763329420466042
motive_2,0.09257109618334408,0.0,0.1184269604826132,0.11993027221228818,0.18003149673500704,0.13825192827690524,-0.04044938719356582,0.15502965771478483
motive_3,0.12620183387844178,0.1184269604826132,0.0,0.25654769682379885,0.042430743033056675,0.07405133942187708,0.11493877801759368,0.14943156289633322
motive_4,0.009870027584838625,0.11993027221228818,0.25654769682379885,0.0,-0.06654965636361655,0.011036167408569789,0.1491504353169473,0.2088306491888492
motive_5,0.12201582015988482,0.18003149673500704,0.042430743033056675,-0.06654965636361655,0.0,0.14615547960731623,0.0315694126651108,-0.010706144994008703
motive_6,0.11817740522943124,0.13825192827690524,0.07405133942187708,0.011036167408569789,0.14615547960731623,0.0,0.17957346655345088,0.0403797267529121
motive_7,0.248584817231497,-0.04044938719356582,0.11493877801759368,0.1491504353169473,0.0315694126651108,0.17957346655345088,0.0,0.13569412505843134
motive_8,0.13763329420466042,0.15502965771478483,0.14943156289633322,0.2088306491888492,-0.010706144994008703,0.0403797267529121,0.13569412505843134,0.0
