,motive_1,motive_2,motive_3,motive_4,motive_5,motive_6,motive_7,motive_8
motive_1,0.5,0.4,0.1,0.0,0.0,0.0,0.0,0.0
motive_2,0.0,0.5,0.1,0.0,0.16666666666666666,0.1,0.1,0.03333333333333333
motive_3,0.0,0.05555555555555555,0.5,0.05555555555555555,0.0,0.1388888888888889,0.16666666666666666,0.08333333333333333
motive_4,0.16666666666666666,0.13333333333333333,0.0,0.5,0.0,0.0,0.0,0.2
motive_5,0.0,0.0,0.3,0.1,0.5,0.0,0.1,0.0
motive_6,0.0,0.05555555555555555,0.2222222222222222,0.16666666666666666,0.0,0.5,0.05555555555555555,0.0
motive_7,0.0,0.045454545454545456,0.18181818181818182,0.2727272727272727,0.0,0.0,0.5,0.0
motive_8,0.0,0.1111111111111111,0.16666666666666666,0.16666666666666666,0.0,0.05555555555555555,0.0,0.5
