,motive_1,motive_2,motive_3,motive_4,motive_5,motive_6,motive_7,motive_8
motive_1,0.0,0.3780040156632462,0.3375954274753717,0.5853295026013726,0.4383734649744364,0.5246288134924182,0.7071565854475397,0.06671020610341546
motive_2,0.3780040156632462,0.0,0.43559336907896173,0.7848662379777667,0.3188823929403619,0.49678273836022374,0.27946179907202723,0.30622972086542044
motive_3,0.3375954274753717,0.43559336907896173,0.0,0.5922367409271669,0.3039895509979628,0.7299608094815603,0.180089787668272,0.3099310446679979
motive_4,0.5853295026013726,0.7848662379777667,0.5922367409271669,0.0,0.6182026993832226,0.19578413903662237,0.32765613622564893,0.6042280153399371
motive_5,0.4383734649744364,0.3188823929403619,0.3039895509979628,0.6182026993832226,0.0,0.48998535535330323,0.7230694858538032,0.44129506457579537
motive_6,0.5246288134924182,0.49678273836022374,0.7299608094815603,0.19578413903662237,0.48998535535330323,0.0,0.2069830501853161,0.3958806508791056
motive_7,0.7071565854475397,0.27946179907202723,0.180089787668272,0.32765613622564893,0.7230694858538032,0.2069830501853161,0.0,0.5165562717577539
motive_8,0.06671020610341546,0.30622972086542044,0.3099310446679979,0.6042280153399371,0.44129506457579537,0.3958806508791056,0.5165562717577539,0.0
