,motive_1,motive_2,motive_3,motive_4,motive_5,motive_6,motive_7,motive_8
motive_1,0.0,0.11348140315239325,-0.46641560158834605,0.7152668284820034,0.0736997478158043,0.43593690030699694,0.5994922094279604,-0.14465131707911522
motive_2,0.11348140315239325,0.0,-0.549564743049114,-0.1262625719710667,0.8155246436992079,0.4881609231463666,0.4868485693623388,-0.07060400313803496
motive_3,-0.46641560158834605,-0.549564743049114,0.0,0.29003106383030663,-0.014691061957231577,-0.59065057899589,0.07279121143641445,-0.7301098878435305
motive_4,0.7152668284820034,-0.1262625719710667,0.29003106383030663,0.0,0.43044050041443405,0.2972849664959556,0.2420699056315343,0.3824349455054718
motive_5,0.0736997478158043,0.8155246436992079,-0.014691061957231577,0.43044050041443405,0.0,-0.19634234425918407,0.6092459245115276,0.38620160878863474
motive_6,0.43593690030699694,0.4881609231463666,-0.59065057899589,0.2972849664959556,-0.19634234425918407,0.0,0.7163407184571606,-0.026648406933279675
motive_7,0.5994922094279604,0.4868485693623388,0.07279121143641445,0.2420699056315343,0.6092459245115276,0.7163407184571606,0.0,0.6124068729798505
motive_8,-0.14465131707911522,-0.07060400313803496,-0.7301098878435305,0.3824349455054718,0.38620160878863474,-0.026648406933279675,0.6124068729798505,0.0
