,motive_1,motive_2,motive_3,motive_4,motive_5,motive_6,motive_7,motive_8
motive_1,0.0,0.3493531600683474,0.21637801704904971,0.5865145636330109,1.0213473107719202,0.32935527422731503,0.4637983269530638,0.49947917632939187
motive_2,0.3493531600683474,0.0,0.2013657595962831,0.494448952829195,0.49289111917948636,0.340808634255907,0.4170474101303389,0.71919568761214
motive_3,0.21637801704904971,0.2013657595962831,0.0,0.4253489652358328,0.8476935223589681,0.07938783605188485,0.490381576611303,0.28527787187772635
motive_4,0.5865145636330109,0.494448952829195,0.4253489652358328,0.0,0.3974853226743107,0.4212750872127369,0.4307857322798214,0.21154189692625575
motive_5,1.0213473107719202,0.49289111917948636,0.8476935223589681,0.3974853226743107,0.0,0.13120639963674893,0.9796917417633703,-0.01705977871350378
motive_6,0.32935527422731503,0.340808634255907,0.07938783605188485,0.4212750872127369,0.13120639963674893,0.0,0.10447517784031524,0.4925023930424608
motive_7,0.4637983269530638,0.4170474101303389,0.490381576611303,0.4307857322798214,0.9796917417633703,0.10447517784031524,0.0,0.5727519106694684
motive_8,0.49947917632939187,0.71919568761214,0.28527787187772635,0.21154189692625575,-0.01705977871350378,0.4925023930424608,0.5727519106694684,0.0
