,motive_1,motive_2,motive_3,motive_4,motive_5,motive_6,motive_7,motive_8
motive_1,0.0,0.36263619597525837,0.4061334567811138,0.3437011006925652,0.015607871925627029,0.31406889669551435,0.03409974560761195,0.3949741471366518
motive_2,0.36263619597525837,0.0,0.17396419035899222,-0.06591353055525756,-0.1208143556019512,-0.14241800943637944,0.44556711460973963,0.30750097782378427
motive_3,0.4061334567811138,0.17396419035899222,0.0,-0.1328555804584562,0.3102476686553855,-0.012088249951981517,-0.23221957462105056,0.19746102297347368
motive_4,0.3437011006925652,-0.06591353055525756,-0.1328555804584562,0.0,-0.10279911338253173,0.08557820091233051,0.5519328883569391,0.1573837791101872
motive_5,0.015607871925627029,-0.1208143556019512,0.3102476686553855,-0.10279911338253173,0.0,0.4541694056924602,0.2331951349375119,0.13960308447298392
motive_6,0.31406889669551435,-0.14241800943637944,-0.012088249951981517,0.08557820091233051,0.4541694056924602,0.0,-0.15188895624702423,0.0988716328905419
motive_7,0.03409974560761195,0.44556711460973963,-0.23221957462105056,0.5519328883569391,0.2331951349375119,-0.15188895624702423,0.0,0.07522613871206392
motive_8,0.3949741471366518,0.30750097782378427,0.19746102297347368,0.1573837791101872,0.13960308447298392,0.0988716328905419,0.07522613871206392,0.0
