,motive_1,motive_2,motive_3,motive_4,motive_5,motive_6,motive_7,motive_8
motive_1,0.0,0.33770266375045,0.36864991620570264,0.37014690692985186,0.8687041109649659,0.023281600420952814,0.47933495357717004,0.5260106473024704
motive_2,0.33770266375045,0.0,0.5743794955543506,0.4558908706152993,0.5474574793664726,0.1870966985817898,0.2789649516901531,0.31831818439130405
motive_3,0.36864991620570264,0.5743794955543506,0.0,0.13027491426569904,0.5842732289784709,0.5400118673827223,0.7499567587113405,0.4759533445050755
motive_4,0.37014690692985186,0.4558908706152993,0.13027491426569904,0.0,0.2718653294241979,0.28694297648341194,0.34063294560230295,0.06764164647390417
motive_5,0.8687041109649659,0.5474574793664726,0.5842732289784709,0.2718653294241979,0.0,0.3089953027579764,0.48077185677075307,0.038468098887331964
motive_6,0.023281600420952814,0.1870966985817898,0.5400118673827223,0.28694297648341194,0.3089953027579764,0.0,0.6002212225234357,0.31780141882746904
motive_7,0.47933495357717004,0.2789649516901531,0.7499567587113405,0.34063294560230295,0.48077185677075307,0.6002212225234357,0.0,0.5182402914032721
motive_8,0.5260106473024704,0.31831818439130405,0.4759533445050755,0.06764164647390417,0.038468098887331964,0.31780141882746904,0.5182402914032721,0.0
