,motive_1,motive_2,motive_3,motive_4,motive_5,motive_6,motive_7,motive_8
motive_1,0.0,0.04128597079883062,0.2935016369549019,0.05325059225888079,0.15946733308256,0.1210743131288313,0.17626758577244817,0.13697942563622317
motive_2,0.04128597079883062,0.0,0.14191289920394,0.15624091775177285,0.08809534891168208,0.1343516916976092,0.10916199767608256,0.08422549900325682
motive_3,0.2935016369549019,0.14191289920394,0.0,0.09886253675400666,-0.07752168583561402,0.3399593329691325,0.07598356421333223,0.1670960164939572
motive_4,0.05325059225888079,0.15624091775177285,0.09886253675400666,0.0,0.26195853372206446,0.2013297621761453,0.16607710113336996,0.16226873298707672
motive_5,0.15946733308256,0.08809534891168208,-0.07752168583561402,0.26195853372206446,0.0,0.21174779131930954,0.023990219120167362,0.19858764480338437
motive_6,0.1210743131288313,0.1343516916976092,0.3399593329691325,0.2013297621761453,0.21174779131930954,0.0,0.21211316601211183,0.028943476042612527
motive_7,0.17626758577244817,0.10916199767608256,0.07598356421333223,0.16607710113336996,0.023990219120167362,0.21211316601211183,0.0,0.0056273469668336115
motive_8,0.13697942563622317,0.08422549900325682,0.1670960164939572,0.16226873298707672,0.19858764480338437,0.028943476042612527,0.0056273469668336115,0.0
