,motive_1,motive_2,motive_3,motive_4,motive_5,motive_6,motive_7,motive_8
motive_1,0.0,-0.07310323818070118,-0.02096950324965014,-0.010906514946240571,0.07586106900769697,0.137584464759604,-0.02348998380205434,0.07046593776018702
motive_2,-0.07310323818070118,0.0,-0.043624419843816584,0.006344608208015676,0.05974713613434283,0.008866076349111063,0.055238653629460586,-0.027826570120590872
motive_3,-0.02096950324965014,-0.043624419843816584,0.0,-0.0477374492400552,-0.019912229799593645,0.07705506540088702,0.08941159596577163,-0.018293843335253118
motive_4,-0.010906514946240571,0.006344608208015676,-0.0477374492400552,0.0,0.06542883695964864,-0.03985471643968007,0.011585858849188002,-0.08300196163944336
motive_5,0.07586106900769697,0.05974713613434283,-0.019912229799593645,0.06542883695964864,0.0,-0.042271487297652344,-0.017661374967748156,-0.09853288378918733
motive_6,0.137584464759604,0.008866076349111063,0.07705506540088702,-0.03985471643968007,-0.042271487297652344,0.0,-0.04780705517991658,0.005298440347889025
motive_7,-0.02348998380205434,0.055238653629460586,0.08941159596577163,0.011585858849188002,-0.017661374967748156,-0.04780705517991658,0.0,0.0808991524800215
motive_8,0.07046593776018702,-0.027826570120590872,-0.018293843335253118,-0.08300196163944336,-0.09853288378918733,0.005298440347889025,0.0808991524800215,0.0
