,motive_1,motive_2,motive_3,motive_4,motive_5,motive_6,motive_7,motive_8
motive_1,0.0,0.12009460223907359,0.07073843527836884,0.043982024623928806,0.07693762297969362,0.052666249003371225,0.061749881537821544,0.113027946278246
motive_2,0.12009460223907359,0.0,0.20904156702685767,0.07511611522745862,0.05972090699851018,0.1441136420631668,0.12821052991924578,0.12444096375190916
motive_3,0.07073843527836884,0.20904156702685767,0.0,0.07071780480716144,0.08245452772343795,0.19276622649013797,0.18609048204659304,0.1450069389966555
motive_4,0.043982024623928806,0.07511611522745862,0.07071780480716144,0.0,0.09790057383399789,0.16006372620169065,0.13620069724960882,0.15031582934985
motive_5,0.07693762297969362,0.05972090699851018,0.08245452772343795,0.09790057383399789,0.0,0.2541525841773289,0.12933724637874366,0.19838452168051257
motive_6,0.052666249003371225,0.1441136420631668,0.19276622649013797,0.16006372620169065,0.2541525841773289,0.0,0.0914896616183674,0.11104358643936571
motive_7,0.061749881537821544,0.12821052991924578,0.18609048204659304,0.13620069724960882,0.12933724637874366,0.0914896616183674,0.0,0.14773816060405356
motive_8,0.113027946278246,0.12444096375190916,0.1450069389966555,0.15031582934985,0.19838452168051257,0.11104358643936571,0.14773816060405356,0.0
