,motive_1,motive_2,motive_3,motive_4,motive_5,motive_6,motive_7,motive_8
motive_1,0.0,0.40078857139161356,0.5689741461024515,0.24559317784126042,0.5217768075435235,0.3777871199777495,0.2927837015758527,0.36803577082664235
motive_2,0.40078857139161356,0.0,0.7167414526678897,0.6016045594331857,0.20590108975099625,0.5579430196260335,0.4049661847543402,0.6035000059135855
motive_3,0.5689741461024515,0.7167414526678897,0.0,0.8090165817287731,0.2905329463016981,0.22361524083829132,0.49448299659675693,0.6090721195760347
motive_4,0.24559317784126042,0.6016045594331857,0.8090165817287731,0.0,0.12338287093222211,0.15225006197031687,0.7532289895438729,0.6740881137984436
motive_5,0.5217768075435235,0.20590108975099625,0.2905329463016981,0.12338287093222211,0.0,0.3344100270014259,0.7633426488136528,0.5321920562570535
motive_6,0.3777871199777495,0.5579430196260335,0.22361524083829132,0.15225006197031687,0.3344100270014259,0.0,0.3459704315551797,0.9134634503108188
motive_7,0.2927837015758527,0.4049661847543402,0.49448299659675693,0.7532289895438729,0.7633426488136528,0.3459704315551797,0.0,0.26286441962238105
motive_8,0.36803577082664235,0.6035000059135855,0.6090721195760347,0.6740881137984436,0.5321920562570535,0.9134634503108188,0.26286441962238105,0.0
