,motive_1,motive_2,motive_3,motive_4,motive_5,motive_6,motive_7,motive_8
motive_1,0.0,0.12399077879534404,-0.042004856290945365,-0.013005355729208454,-0.02625604479451052,0.0065912894753617154,-0.08202320369362832,-0.017201852614145186
motive_2,0.12399077879534404,0.0,-0.022745278367479308,-0.1830993038008558,0.06546053422503685,-0.08711839687312078,0.013430645617340059,-0.041046451021259714
motive_3,-0.042004856290945365,-0.022745278367479308,0.0,0.031540460989825596,-0.1265299126094221,0.1589529453847838,0.07700637531671145,-0.03875540257424781
motive_4,-0.013005355729208454,-0.1830993038008558,0.031540460989825596,0.0,0.06729870368257203,-0.020047193948875146,0.04772273337546845,0.05025964350536142
motive_5,-0.02625604479451052,0.06546053422503685,-0.1265299126094221,0.06729870368257203,0.0,-0.12016346173893275,-0.031240979745710704,0.0020645774730011293
motive_6,0.0065912894753617154,-0.08711839687312078,0.1589529453847838,-0.020047193948875146,-0.12016346173893275,0.0,0.012035517788843791,0.059548153953309424
motive_7,-0.08202320369362832,0.013430645617340059,0.07700637531671145,0.04772273337546845,-0.031240979745710704,0.012035517788843791,0.0,-0.014918386508095804
motive_8,-0.017201852614145186,-0.041046451021259714,-0.03875540257424781,0.05025964350536142,0.0020645774730011293,0.059548153953309424,-0.014918386508095804,0.0
