,motive_1,motive_2,motive_3,motive_4,motive_5,motive_6,motive_7,motive_8
motive_1,0.0,-0.03404961209517311,0.03661013344163297,0.06523591978537138,0.09068582340372533,0.12176401815275736,0.08181825758437387,0.11322051314558987
motive_2,-0.03404961209517311,0.0,0.19515211494630197,0.09450369908193712,0.04501289157830779,0.24656016219096955,0.09444595211215104,0.022438265713854794
motive_3,0.03661013344163297,0.19515211494630197,0.0,0.11441199774401017,0.170444228692748,0.11776685963115034,0.07330773258365844,0.1403758547903769
motive_4,0.06523591978537138,0.09450369908193712,0.11441199774401017,0.0,0.0648248204603485,0.06151633498011043,0.2137442873263077,0.04411267653726643
motive_5,0.09068582340372533,0.04501289157830779,0.170444228692748,0.0648248204603485,0.0,0.1481090897262584,0.05222746157099766,0.06617176397180474
motive_6,0.12176401815275736,0.24656016219096955,0.11776685963115034,0.06151633498011043,0.1481090897262584,0.0,0.15822518135495567,0.09450093504544976
motive_7,0.08181825758437387,0.09444595211215104,0.07330773258365844,0.2137442873263077,0.05222746157099766,0.15822518135495567,0.0,0.07558920372030857
motive_8,0.11322051314558987,0.022438265713854794,0.1403758547903769,0.04411267653726643,0.06617176397180474,0.09450093504544976,0.07558920372030857,0.0
