,motive_1,motive_2,motive_3,motive_4,motive_5,motive_6,motive_7,motive_8
motive_1,0.0,0.15100805113669813,0.06490366693533484,0.05636794297492801,0.05192623751483446,0.11915190690671723,0.11033825064580466,0.0833318965429247
motive_2,0.15100805113669813,0.0,0.05122728120596689,0.0702315958006305,0.1374170400447921,0.07950519232685471,0.08582974788269698,0.1172564103329661
motive_3,0.06490366693533484,0.05122728120596689,0.0,0.08915482779237795,0.10106954740213184,0.03875202412184672,0.09418089482435477,0.11490543233433723
motive_4,0.05636794297492801,0.0702315958006305,0.08915482779237795,0.0,0.044975213872908495,0.027899909451462413,0.1278783654273905,0.007294920030671503
motive_5,0.05192623751483446,0.1374170400447921,0.10106954740213184,0.044975213872908495,0.0,0.058302595725934374,-0.007461929963600351,0.10563981641456577
motive_6,0.11915190690671723,0.07950519232685471,0.03875202412184672,0.027899909451462413,0.058302595725934374,0.0,0.03157787084944553,0.12022376404609499
motive_7,0.11033825064580466,0.08582974788269698,0.09418089482435477,0.1278783654273905,-0.007461929963600351,0.03157787084944553,0.0,-0.03913998061949322
motive_8,0.0833318965429247,0.1172564103329661,0.11490543233433723,0.007294920030671503,0.10563981641456577,0.12022376404609499,-0.03913998061949322,0.0
