,motive_1,motive_2,motive_3,motive_4,motive_5,motive_6,motive_7,motive_8
satisfaction,-0.08086104190620153,0.22954805128858216,0.07899609266254598,0.4488959508861142,-0.04978316062154617,0.1884200895733522,0.2596830294530548,0.25221214130607683
