,motive_1,motive_2,motive_3,motive_4,motive_5,motive_6,motive_7,motive_8
motive_1,0.0,0.019892082672106733,-0.11031473659644575,0.058836521890424015,-0.031836168131651243,-0.010515920626628865,-0.012049142492812533,-0.12720405464319912
motive_2,0.019892082672106733,0.0,-0.034553526217148425,0.0760992318992139,0.10198888692258133,-0.04906916396814873,0.06211193888299653,0.07579992129743382
motive_3,-0.11031473659644575,-0.034553526217148425,0.0,0.029572846310182754,-0.02445200572466743,-0.1713762784497601,-0.0574897779583284,0.00356180356556849
motive_4,0.058836521890424015,0.0760992318992139,0.029572846310182754,0.0,-0.07038436841122349,-0.10718012502152655,0.15693176457075303,-0.08230330862366468
motive_5,-0.031836168131651243,0.10198888692258133,-0.02445200572466743,-0.07038436841122349,0.0,0.04681126187945264,-0.058694846427338535,-0.1837834536064777
motive_6,-0.010515920626628865,-0.04906916396814873,-0.1713762784497601,-0.10718012502152655,0.04681126187945264,0.0,-0.02654231356528508,-0.09436971458699255
motive_7,-0.012049142492812533,0.06211193888299653,-0.0574897779583284,0.15693176457075303,-0.058694846427338535,-0.02654231356528508,0.0,-0.06074898916869979
motive_8,-0.12720405464319912,0.07579992129743382,0.00356180356556849,-0.08230330862366468,-0.1837834536064777,-0.09436971458699255,-0.06074898916869979,0.0
