,motive_1,motive_2,motive_3,motive_4,motive_5,motive_6,motive_7,motive_8
motive_1,0.0,0.03268381668393919,0.08775252984015747,0.1488570388184253,0.15474644501070028,0.25171486018943434,0.04817054999136322,0.032377903780231865
motive_2,0.03268381668393919,0.0,0.09560619731416933,0.06785059049945218,0.09634357160140132,0.18064489011980517,0.065571948365646,0.16770645476748958
motive_3,0.08775252984015747,0.09560619731416933,0.0,0.20180269490246303,0.10489296969817885,0.07979422070755349,0.16538249946007022,0.06657815740129958
motive_4,0.1488570388184253,0.06785059049945218,0.20180269490246303,0.0,0.07590108160099385,0.12745778109556594,0.06587993004244617,0.014431241771420935
motive_5,0.15474644501070028,0.09634357160140132,0.10489296969817885,0.07590108160099385,0.0,0.14984563654082012,0.16190818376497002,0.14528481310818564
motive_6,0.25171486018943434,0.18064489011980517,0.07979422070755349,0.12745778109556594,0.14984563654082012,0.0,0.04142711875777241,-0.008369198455956676
motive_7,0.04817054999136322,0.065571948365646,0.16538249946007022,0.06587993004244617,0.16190818376497002,0.04142711875777241,0.0,0.22744013657394788
motive_8,0.032377903780231865,0.16770645476748958,0.06657815740129958,0.014431241771420935,0.14528481310818564,-0.008369198455956676,0.22744013657394788,0.0
