,motive_1,motive_2,motive_3,motive_4,motive_5,motive_6,motive_7,motive_8
motive_1,0.0,0.02176593281252364,0.07580710505477871,0.05737902879899165,0.04586114767688956,0.155060746963411,0.05183718626879052,0.08988898839225759
motive_2,0.02176593281252364,0.0,0.11469405977365188,0.09452257419710941,0.04101933915981577,0.2428217681666063,0.051002891911541705,0.12402024301224623
motive_3,0.07580710505477871,0.11469405977365188,0.0,0.15412456364360927,0.12968295703582722,0.15368417525734643,0.04775269056158525,0.1603411468203981
motive_4,0.05737902879899165,0.09452257419710941,0.15412456364360927,0.0,0.05087074126489208,0.11247395775078092,0.153974923562364,0.0195205596798897
motive_5,0.04586114767688956,0.04101933915981577,0.12968295703582722,0.05087074126489208,0.0,0.0629783693032844,0.021874176092039482,0.024845360711975344
motive_6,0.155060746963411,0.2428217681666063,0.15368417525734643,0.11247395775078092,0.0629783693032844,0.0,0.18033538857757322,0.14530486578834326
motive_7,0.05183718626879052,0.051002891911541705,0.04775269056158525,0.153974923562364,0.021874176092039482,0.18033538857757322,0.0,0.11143615287944064
motive_8,0.08988898839225759,0.12402024301224623,0.1603411468203981,0.0195205596798897,0.024845360711975344,0.14530486578834326,0.11143615287944064,0.0
