,motive_1,motive_2,motive_3,motive_4,motive_5,motive_6,motive_7,motive_8
motive_1,0.0,-0.021298554862283353,0.5190752910793394,-0.08676691497287142,0.3639645186933075,-0.10511339231465441,0.4228396604666695,-0.011213274958864455
motive_2,-0.021298554862283353,0.0,0.6031306806158758,0.2154221739638108,0.2632135726091387,0.08682375396990191,0.49103328888144726,0.3925620840202794
motive_3,0.5190752910793394,0.6031306806158758,0.0,0.33190931620877284,0.35274963078516763,0.05440070643835465,0.17744230737503353,-0.05047610781600472
motive_4,-0.08676691497287142,0.2154221739638108,0.33190931620877284,0.0,0.23143619588287648,0.024195247444723594,0.07851525088958078,0.25065287054041374
motive_5,0.3639645186933075,0.2632135726091387,0.35274963078516763,0.23143619588287648,0.0,0.192032156810928,0.28506903880372114,0.39710850393835073
motive_6,-0.10511339231465441,0.08682375396990191,0.05440070643835465,0.024195247444723594,0.192032156810928,0.0,0.47811419218806167,0.501905565471752
motive_7,0.4228396604666695,0.49103328888144726,0.17744230737503353,0.07851525088958078,0.28506903880372114,0.47811419218806167,0.0,0.24387807508853726
motive_8,-0.011213274958864455,0.3925620840202794,-0.05047610781600472,0.25065287054041374,0.39710850393835073,0.501905565471752,0.24387807508853726,0.0
