,motive_1,motive_2,motive_3,motive_4,motive_5,motive_6,motive_7,motive_8
motive_1,0.0,0.08697351824814209,0.07819495423396672,0.008142715104515544,-0.09864924525746063,-0.022011457874173333,0.04753377088205755,-0.11727569983069919
motive_2,0.08697351824814209,0.0,-0.024367887848772092,-0.00598253712575658,0.03145152935893828,0.07225054373373765,0.03635877363263512,-0.0135844407736306
motive_3,0.07819495423396672,-0.024367887848772092,0.0,-0.043588445754417074,0.004232679784701678,0.02405122598039049,0.0400516348445931,0.04216939653250247
motive_4,0.008142715104515544,-0.00598253712575658,-0.043588445754417074,0.0,-0.05265688920566162,0.17754926875011182,0.0199480535597593,0.021465942744309255
motive_5,-0.09864924525746063,0.03145152935893828,0.004232679784701678,-0.05265688920566162,0.0,0.042871589558211125,-0.0998314895273046,0.10675238048216744
motive_6,-0.022011457874173333,0.07225054373373765,0.02405122598039049,0.17754926875011182,0.042871589558211125,0.0,-0.11292807291964178,-0.027697452968503563
motive_7,0.04753377088205755,0.03635877363263512,0.0400516348445931,0.0199480535597593,-0.0998314895273046,-0.11292807291964178,0.0,-0.14927532044945224
motive_8,-0.11727569983069919,-0.0135844407736306,0.04216939653250247,0.021465942744309255,0.10675238048216744,-0.027697452968503563,-0.14927532044945224,0.0
