,motive_1,motive_2,motive_3,motive_4,motive_5,motive_6,motive_7,motive_8
motive_1,0.0,0.11008712222662048,-0.012356785292616398,0.03761067008086337,-0.02392752545736241,-0.08364639227498032,-0.05595673175845357,0.08545085823201316
motive_2,0.11008712222662048,0.0,0.06786318338007769,0.1078128710444014,0.021985182406093186,-0.06666163294315024,-0.05218739972794031,-0.06603472209817841
motive_3,-0.012356785292616398,0.06786318338007769,0.0,0.04073008251533851,0.005029649135763144,0.13875358129897422,0.1854049352492178,-0.12328278227894264
motive_4,0.03761067008086337,0.1078128710444014,0.04073008251533851,0.0,0.07955288692466803,-0.029291516595604736,-0.13981752194078667,-0.04995387867704496
motive_5,-0.02392752545736241,0.021985182406093186,0.005029649135763144,0.07955288692466803,0.0,-0.06748324604999802,-0.05008904445406612,-0.11918518944399845
motive_6,-0.08364639227498032,-0.06666163294315024,0.13875358129897422,-0.029291516595604736,-0.06748324604999802,0.0,0.08413548386303653,-0.02774186169009438
motive_7,-0.05595673175845357,-0.05218739972794031,0.1854049352492178,-0.13981752194078667,-0.05008904445406612,0.08413548386303653,0.0,0.10493798768526452
motive_8,0.08545085823201316,-0.06603472209817841,-0.12328278227894264,-0.04995387867704496,-0.11918518944399845,-0.02774186169009438,0.10493798768526452,0.0
