,motive_1,motive_2,motive_3,motive_4,motive_5,motive_6,motive_7,motive_8
satisfaction,0.3416502201991142,0.1579448716533767,0.5302664970753763,-0.20988434748111273,0.15456892821395446,0.2510578558566245,-0.15557533362132958,-0.0037465663476121125
