,motive_1,motive_2,motive_3,motive_4,motive_5,motive_6,motive_7,motive_8
motive_1,0.0,0.11219329557934554,0.495173400840279,0.305728795968044,0.1519175168334217,0.42594488579966416,0.4056589254386383,0.40482504454653045
motive_2,0.11219329557934554,0.0,0.25199528133874416,0.2842935755698876,-0.0678073484528561,0.21309533740248224,0.3194796944052959,-0.09717090509709606
motive_3,0.495173400840279,0.25199528133874416,0.0,-0.02330646008512445,0.22755098915063057,0.3264836188930621,0.1293235241040338,0.20386353622094266
motive_4,0.305728795968044,0.2842935755698876,-0.02330646008512445,0.0,0.09892801176086283,0.25811080368430667,0.27942307290530854,0.30802277172932135
motive_5,0.1519175168334217,-0.0678073484528561,0.22755098915063057,0.09892801176086283,0.0,0.32293359851920933,-0.17017338668545406,0.4963944207021527
motive_6,0.42594488579966416,0.21309533740248224,0.3264836188930621,0.25811080368430667,0.32293359851920933,0.0,0.3173520898324362,0.5960592598544439
motive_7,0.4056589254386383,0.3194796944052959,0.1293235241040338,0.27942307290530854,-0.17017338668545406,0.3173520898324362,0.0,0.0640781048896032
motive_8,0.40482504454653045,-0.09717090509709606,0.20386353622094266,0.30802277172932135,0.4963944207021527,0.5960592598544439,0.0640781048896032,0.0
