,motive_1,motive_2,motive_3,motive_4,motive_5,motive_6,motive_7,motive_8
motive_1,0.0,0.3632540826729108,0.7014396157298894,0.6151507862456742,0.3218914769045623,0.796685949046332,0.2514680027110221,0.4133440491694259
motive_2,0.3632540826729108,0.0,0.3472986651510191,0.43521196667321416,0.5558543015084645,0.7055178011729255,0.06893879326015853,0.4522832846326341
motive_3,0.7014396157298894,0.3472986651510191,0.0,0.1605332565597513,0.15710569874102032,0.29326389617946397,0.623993738946139,0.23849774397702161
motive_4,0.6151507862456742,0.43521196667321416,0.1605332565597513,0.0,0.13413527350731405,0.5792872920908503,0.5830892328160584,0.44162374849086017
motive_5,0.3218914769045623,0.5558543015084645,0.15710569874102032,0.13413527350731405,0.0,0.177345087129745,0.36394468189013024,0.23286687447685994
motive_6,0.796685949046332,0.7055178011729255,0.29326389617946397,0.5792872920908503,0.177345087129745,0.0,0.4795771136288982,0.37345526180064137
motive_7,0.2514680027110221,0.06893879326015853,0.623993738946139,0.5830892328160584,0.36394468189013024,0.4795771136288982,0.0,0.31696428397472143
motive_8,0.4133440491694259,0.4522832846326341,0.23849774397702161,0.44162374849086017,0.23286687447685994,0.37345526180064137,0.31696428397472143,0.0
