,motive_1,motive_2,motive_3,motive_4,motive_5,motive_6,motive_7,motive_8
motive_1,0.0,0.05012513038386433,0.032522629321332784,-0.03760428085832972,-0.0709404944305598,0.1360343158104063,-0.029589990726808617,0.010530194511803162
motive_2,0.05012513038386433,0.0,0.0732946255814795,0.04450733710425231,0.06610638861518248,0.015199370661158666,-0.1334172106242555,0.14151629550929354
motive_3,0.032522629321332784,0.0732946255814795,0.0,0.03910949287272633,0.07183997660419209,0.10314838834068601,0.17140049409164754,0.006753225149142526
motive_4,-0.03760428085832972,0.04450733710425231,0.03910949287272633,0.0,0.06510429911909557,0.016616309864401352,-0.03583950631691647,0.09348912968956463
motive_5,-0.0709404944305598,0.06610638861518248,0.07183997660419209,0.06510429911909557,0.0,0.1402775661894308,-0.05327315974725611,0.07301142847570061
motive_6,0.1360343158104063,0.015199370661158666,0.10314838834068601,0.016616309864401352,0.1402775661894308,0.0,0.00396206839413756,0.04153096881846217
motive_7,-0.029589990726808617,-0.1334172106242555,0.17140049409164754,-0.03583950631691647,-0.05327315974725611,0.00396206839413756,0.0,-0.12168085785096691
motive_8,0.010530194511803162,0.14151629550929354,0.006753225149142526,0.09348912968956463,0.07301142847570061,0.04153096881846217,-0.12168085785096691,0.0
