,motive_1,motive_2,motive_3,motive_4,motive_5,motive_6,motive_7,motive_8
motive_1,0.0,0.3645343405900502,0.46071920901092955,0.7111388736313169,0.2328072014091686,0.26226894267405215,0.379190628188726,0.6110231632911498
motive_2,0.3645343405900502,0.0,0.5188160417942881,0.4087501386198179,0.7265103403615709,0.5601956934970751,0.06723855432938208,0.3511464240383473
motive_3,0.46071920901092955,0.5188160417942881,0.0,0.017574285313278426,0.6213264594558315,0.33517726737342635,0.1157139094448446,0.7239789803421222
motive_4,0.7111388736313169,0.4087501386198179,0.017574285313278426,0.0,0.871272693792733,0.2538014503432453,0.20714500266404395,0.2068978342783433
motive_5,0.2328072014091686,0.7265103403615709,0.6213264594558315,0.871272693792733,0.0,0.5643451950315895,0.3166294510305441,0.946863421475108
motive_6,0.26226894267405215,0.5601956934970751,0.33517726737342635,0.2538014503432453,0.5643451950315895,0.0,0.2678254760563563,0.4997085272592418
motive_7,0.379190628188726,0.06723855432938208,0.1157139094448446,0.20714500266404395,0.3166294510305441,0.2678254760563563,0.0,0.40279946375703285
motive_8,0.6110231632911498,0.3511464240383473,0.7239789803421222,0.2068978342783433,0.946863421475108,0.4997085272592418,0.40279946375703285,0.0
