,motive_1,motive_2,motive_3,motive_4,motive_5,motive_6,motive_7,motive_8
motive_1,0.0,0.05744518112948805,-0.11589101139987627,0.02983585527811139,-0.0351294547371116,-0.03772857218252769,0.03343815883822799,-0.014837117307765643
motive_2,0.05744518112948805,0.0,-0.07443879690889886,-0.022615864019807218,-0.08359701001962108,0.05804883285308728,-0.13548045409196918,-0.08309545398704682
motive_3,-0.11589101139987627,-0.07443879690889886,0.0,0.0498619386675527,-0.004774915333955871,-0.007297294036565729,0.060127361740244634,-0.01660463149838314
motive_4,0.02983585527811139,-0.022615864019807218,0.0498619386675527,0.0,-0.0396002453148517,-0.01431232448976337,-0.01204958620743542,-0.023736797701027927
motive_5,-0.0351294547371116,-0.08359701001962108,-0.004774915333955871,-0.0396002453148517,0.0,0.07100706554168483,0.022878849245555395,0.04197731668036653
motive_6,-0.03772857218252769,0.05804883285308728,-0.007297294036565729,-0.01431232448976337,0.07100706554168483,0.0,-0.025788939668590364,0.04568368056608094
motive_7,0.03343815883822799,-0.13548045409196918,0.060127361740244634,-0.01204958620743542,0.022878849245555395,-0.025788939668590364,0.0,0.020560334038473474
motive_8,-0.014837117307765643,-0.08309545398704682,-0.01660463149838314,-0.023736797701027927,0.04197731668036653,0.04568368056608094,0.020560334038473474,0.0
