,motive_1,motive_2,motive_3,motive_4,motive_5,motive_6,motive_7,motive_8
motive_1,0.0,0.026378685547612888,0.015466366024127348,0.0383118816530682,-0.06523053276208651,0.06722061225456992,0.03556540629732602,0.12907210425875482
motive_2,0.026378685547612888,0.0,-0.11690274530639433,-0.016152087245191894,-0.09010580760397038,-0.00747627978912848,0.023288946095909247,0.02789038444586088
motive_3,0.015466366024127348,-0.11690274530639433,0.0,-0.010485902156444564,-0.03540977663588477,0.04337244716262306,0.04119053233322208,0.039474919764680455
motive_4,0.0383118816530682,-0.016152087245191894,-0.010485902156444564,0.0,-0.04553495849287021,0.04841300405557783,0.04281355277493544,-0.13742075780309568
motive_5,-0.06523053276208651,-0.09010580760397038,-0.03540977663588477,-0.04553495849287021,0.0,-0.10741140089041652,-0.07745643408810085,0.027209654752346248
motive_6,0.06722061225456992,-0.00747627978912848,0.04337244716262306,0.04841300405557783,-0.10741140089041652,0.0,0.005613344627349451,0.02536036613627968
motive_7,0.03556540629732602,0.023288946095909247,0.04119053233322208,0.04281355277493544,-0.07745643408810085,0.005613344627349451,0.0,0.0021215500304644017
motive_8,0.12907210425875482,0.02789038444586088,0.039474919764680455,-0.13742075780309568,0.027209654752346248,0.02536036613627968,0.0021215500304644017,0.0
