,motive_1,motive_2,motive_3,motive_4,motive_5,motive_6,motive_7,motive_8
motive_1,0.0,-0.044377320093300865,0.01972787195843701,0.017741227761463238,0.008199414115556816,0.09312748622432954,0.03569807755940833,-0.025030336498414334
motive_2,-0.044377320093300865,0.0,0.02698676013773204,-0.029716978331764236,0.011686050223539881,0.01416982209716645,0.039778452965768554,-0.010678342959221654
motive_3,0.01972787195843701,0.02698676013773204,0.0,0.042882644018503904,-0.06008756644243318,-0.07774588196707677,-0.0014399132518345234,-0.022232731662318428
motive_4,0.017741227761463238,-0.029716978331764236,0.042882644018503904,0.0,-0.008378887057181386,0.03363602978008633,0.22699435558207365,-0.022753196810837272
motive_5,0.008199414115556816,0.011686050223539881,-0.06008756644243318,-0.008378887057181386,0.0,0.011153889667906692,0.015462999728222841,-0.05766823427634878
motive_6,0.09312748622432954,0.01416982209716645,-0.07774588196707677,0.03363602978008633,0.011153889667906692,0.0,0.0096615758152149,-0.020018094684736566
motive_7,0.03569807755940833,0.039778452965768554,-0.0014399132518345234,0.22699435558207365,0.015462999728222841,0.0096615758152149,0.0,0.11056972346957544
motive_8,-0.025030336498414334,-0.010678342959221654,-0.022232731662318428,-0.022753196810837272,-0.05766823427634878,-0.020018094684736566,0.11056972346957544,0.0
