,motive_1,motive_2,motive_3,motive_4,motive_5,motive_6,motive_7,motive_8
motive_1,0.0,0.5534096579065997,0.5220481061473737,0.5583341288003165,0.9595458815333539,0.3395232103344968,0.3078754635455416,0.46123859241011733
motive_2,0.5534096579065997,0.0,0.39643559719861093,0.5740629474011582,0.5156643878131388,0.8213968324880693,0.22826964146104423,0.5320100357022168
motive_3,0.5220481061473737,0.39643559719861093,0.0,0.7268106822964291,0.3591165437890658,0.3124236126414276,0.4060065915323146,0.5777774233576576
motive_4,0.5583341288003165,0.5740629474011582,0.7268106822964291,0.0,0.8930766001475886,0.3166257645054208,0.19753816204869967,0.5003750252898947
motive_5,0.9595458815333539,0.5156643878131388,0.3591165437890658,0.8930766001475886,0.0,0.6621380057109685,0.3041104709011103,0.2698192865599398
motive_6,0.3395232103344968,0.8213968324880693,0.3124236126414276,0.3166257645054208,0.6621380057109685,0.0,0.5671062619390661,0.3637532434069599
motive_7,0.3078754635455416,0.22826964146104423,0.4060065915323146,0.19753816204869967,0.3041104709011103,0.5671062619390661,0.0,0.3432473697814383
motive_8,0.46123859241011733,0.5320100357022168,0.5777774233576576,0.5003750252898947,0.2698192865599398,0.3637532434069599,0.3432473697814383,0.0
