,motive_1,motive_2,motive_3,motive_4,motive_5,motive_6,motive_7,motive_8
satisfaction,-0.06413968269729053,0.09821231253667455,0.34254300259519876,-0.07875286152862793,0.33941041140639394,0.7915576603749368,-0.016380719077968814,0.22769985257488454
