,motive_1,motive_2,motive_3,motive_4,motive_5,motive_6,motive_7,motive_8
satisfaction,0.487336235411066,-0.1516299168871355,-0.45351109024044983,0.6518341149713014,0.7309408145343739,0.39600003172859755,0.3090810632445921,0.1684347997985159
