,motive_1,motive_2,motive_3,motive_4,motive_5,motive_6,motive_7,motive_8
motive_1,0.0,-0.5991502589450725,-0.47209180880851015,0.43764703889584056,0.6080289215165902,-0.9761186529262031,-0.6398764680660919,0.05831422672152814
motive_2,-0.5991502589450725,0.0,0.006909820342142055,-0.12375927578644333,-0.06913790262442843,0.305861958092439,0.0027985415888234777,-0.09027999575340404
motive_3,-0.47209180880851015,0.006909820342142055,0.0,0.010111238179074722,-0.2720596104298444,-0.1276690341616398,0.20908923144237468,0.8622907515724136
motive_4,0.43764703889584056,-0.12375927578644333,0.010111238179074722,0.0,-0.28253741135798077,-0.47730720633572177,-0.6292360281043119,0.06254616463643127
motive_5,0.6080289215165902,-0.06913790262442843,-0.2720596104298444,-0.28253741135798077,0.0,0.3731666698978664,-0.14209083045934878,-0.17920795115753532
motive_6,-0.9761186529262031,0.305861958092439,-0.1276690341616398,-0.47730720633572177,0.3731666698978664,0.0,0.12137463248565723,0.10769272312513882
motive_7,-0.6398764680660919,0.0027985415888234777,0.20908923144237468,-0.6292360281043119,-0.14209083045934878,0.12137463248565723,0.0,-0.07412009357421451
motive_8,0.05831422672152814,-0.09027999575340404,0.8622907515724136,0.06254616463643127,-0.17920795115753532,0.10769272312513882,-0.07412009357421451,0.0
