,motive_1,motive_2,motive_3,motive_4,motive_5,motive_6,motive_7,motive_8
motive_1,0.0,0.18017953018664873,0.20725389626571686,0.10679907373663079,0.13070307847509652,0.1780786274780659,0.14010269129683356,-0.043462705949319315
motive_2,0.18017953018664873,0.0,0.0690767867169863,0.1168589977384974,0.0826317034669207,0.24905300308425576,0.19598609972677367,0.18882913346165858
motive_3,0.20725389626571686,0.0690767867169863,0.0,0.09825073760858202,0.009197690526287668,0.1005704846878833,0.1635185404135524,0.026324402260510256
motive_4,0.10679907373663079,0.1168589977384974,0.09825073760858202,0.0,0.12639253681110185,0.0791258719003268,0.04911550276094472,0.11943771456152207
motive_5,0.13070307847509652,0.0826317034669207,0.009197690526287668,0.12639253681110185,0.0,0.07386156144657403,0.005034357538290041,0.07437134152808797
motive_6,0.1780786274780659,0.24905300308425576,0.1005704846878833,0.0791258719003268,0.07386156144657403,0.0,0.21162503525342807,0.07345758388767328
motive_7,0.14010269129683356,0.19598609972677367,0.1635185404135524,0.04911550276094472,0.005034357538290041,0.21162503525342807,0.0,0.07671802857013538
motive_8,-0.043462705949319315,0.18882913346165858,0.026324402260510256,0.11943771456152207,0.07437134152808797,0.07345758388767328,0.07671802857013538,0.0
