,motive_1,motive_2,motive_3,motive_4,motive_5,motive_6,motive_7,motive_8
motive_1,0.0,-0.1116847759442911,-0.01387475097673882,0.07915403537243135,0.05651251330745285,0.016998673962381753,-0.023168890579568734,0.12970840155172192
motive_2,-0.1116847759442911,0.0,-0.06216094090616418,-0.12951817700835716,0.02134961461743625,-0.007695758207105479,0.033203733336694685,-0.05077782090175048
motive_3,-0.01387475097673882,-0.06216094090616418,0.0,-0.21648573329275078,0.05749397849748967,-0.0007003994399605237,-0.07224710408400126,-0.04396240014844598
motive_4,0.07915403537243135,-0.12951817700835716,-0.21648573329275078,0.0,0.04446846124256576,-0.11109106449765832,-0.013930528446083196,-0.030272103139227256
motive_5,0.05651251330745285,0.02134961461743625,0.05749397849748967,0.04446846124256576,0.0,0.027737270755764102,0.0831788668897009,0.035447038144148006
motive_6,0.016998673962381753,-0.007695758207105479,-0.0007003994399605237,-0.11109106449765832,0.027737270755764102,0.0,-0.0034840206376960782,0.08438646019952724
motive_7,-0.023168890579568734,0.033203733336694685,-0.07224710408400126,-0.013930528446083196,0.0831788668897009,-0.0034840206376960782,0.0,0.0428607835640374
motive_8,0.12970840155172192,-0.05077782090175048,-0.04396240014844598,-0.030272103139227256,0.035447038144148006,0.08438646019952724,0.0428607835640374,0.0
