,motive_1,motive_2,motive_3,motive_4,motive_5,motive_6,motive_7,motive_8
motive_1,0.0,0.17659176930828846,0.4433537371922953,0.4002334383195634,0.787890514569523,0.4960290173672879,0.22219565581703957,0.7195426639040271
motive_2,0.17659176930828846,0.0,0.29697147150443315,0.6563771778680211,0.8316692101672727,0.5486639588448348,0.5086502535646955,0.4259124408425864
motive_3,0.4433537371922953,0.29697147150443315,0.0,0.3914134172154835,0.3818479144203658,0.3764622563870008,0.6132084989566673,0.4344297789153212
motive_4,0.4002334383195634,0.6563771778680211,0.3914134172154835,0.0,0.7192742653005969,0.2598270240182504,0.22741545683358366,0.41826247474526185
motive_5,0.787890514569523,0.8316692101672727,0.3818479144203658,0.7192742653005969,0.0,0.13881454159659667,0.11625256423424564,0.11362753328692789
motive_6,0.4960290173672879,0.5486639588448348,0.3764622563870008,0.2598270240182504,0.13881454159659667,0.0,0.08450450648887944,0.5135512989520552
motive_7,0.22219565581703957,0.5086502535646955,0.6132084989566673,0.22741545683358366,0.11625256423424564,0.08450450648887944,0.0,0.5385415344969489
motive_8,0.7195426639040271,0.4259124408425864,0.4344297789153212,0.41826247474526185,0.11362753328692789,0.5135512989520552,0.5385415344969489,0.0
