,motive_1,motive_2,motive_3,motive_4,motive_5,motive_6,motive_7,motive_8
motive_1,0.0,0.05275934092841576,0.11223744105049646,-0.062318289851429676,0.1438287203737869,-0.06603322270633623,-0.0318028122212836,-0.007722582205944068
motive_2,0.05275934092841576,0.0,0.022122052970150685,0.01960059419600206,-0.05225023369832218,0.009360559258937202,-0.018298901944298823,-0.07235845477390192
motive_3,0.11223744105049646,0.022122052970150685,0.0,0.05116524850531608,0.12508351756182046,0.016950140852473417,0.017461815182973385,0.06395834231725396
motive_4,-0.062318289851429676,0.01960059419600206,0.05116524850531608,0.0,-0.09101353313692659,-0.08043488400250705,0.0174504909117638,0.009578228135590089
motive_5,0.1438287203737869,-0.05225023369832218,0.12508351756182046,-0.09101353313692659,0.0,-0.1478702299354787,0.11535775534192469,-0.031705873696387346
motive_6,-0.06603322270633623,0.009360559258937202,0.016950140852473417,-0.08043488400250705,-0.1478702299354787,0.0,0.03525381881924984,-0.010122388802660564
motive_7,-0.0318028122212836,-0.018298901944298823,0.017461815182973385,0.0174504909117638,0.11535775534192469,0.03525381881924984,0.0,-0.14752611733249438
motive_8,-0.007722582205944068,-0.07235845477390192,0.06395834231725396,0.009578228135590089,-0.031705873696387346,-0.010122388802660564,-0.14752611733249438,0.0
