,motive_1,motive_2,motive_3,motive_4,motive_5,motive_6,motive_7,motive_8
motive_1,0.0,0.20554983377131217,0.34961754387855826,0.5784610184686702,0.6145821456308458,0.2443511040209545,0.2817411895903544,0.32224815730379247
motive_2,0.20554983377131217,0.0,0.5172126793637407,0.35764459478412414,0.7436059376888684,0.5494431741874187,0.16068421500683522,0.09962265142663615
motive_3,0.34961754387855826,0.5172126793637407,0.0,0.23874469188418532,0.28755572046154054,0.6198990906287338,0.4625596626803278,0.49761584244508794
motive_4,0.5784610184686702,0.35764459478412414,0.23874469188418532,0.0,0.3241323059408013,0.278254730004728,0.6408192010221615,0.6475172965695228
motive_5,0.6145821456308458,0.7436059376888684,0.28755572046154054,0.3241323059408013,0.0,0.411345485521731,0.5677499327799895,0.43422964928873287
motive_6,0.2443511040209545,0.5494431741874187,0.6198990906287338,0.278254730004728,0.411345485521731,0.0,0.57586366594851,0.2638523526810965
motive_7,0.2817411895903544,0.16068421500683522,0.4625596626803278,0.6408192010221615,0.5677499327799895,0.57586366594851,0.0,0.260685602425983
motive_8,0.32224815730379247,0.09962265142663615,0.49761584244508794,0.6475172965695228,0.43422964928873287,0.2638523526810965,0.260685602425983,0.0
