,motive_1,motive_2,motive_3,motive_4,motive_5,motive_6,motive_7,motive_8
motive_1,0.0,0.2809480337938774,0.15138855421745046,0.14133126860989442,0.09027438838070281,0.20186504981941125,0.04854437937871421,0.17383363323290496
motive_2,0.2809480337938774,0.0,0.3745233793984734,0.37861464310621323,0.014783671145728372,0.2948681579449811,0.30665472898341684,0.4186475543096633
motive_3,0.15138855421745046,0.3745233793984734,0.0,0.2314236964956196,0.0790495263951676,0.3962837726269287,0.2084767050512677,0.4446323063358031
motive_4,0.14133126860989442,0.37861464310621323,0.2314236964956196,0.0,0.2805762008569439,-0.08969081872542896,0.4370613982113536,-0.05850778183544775
motive_5,0.09027438838070281,0.014783671145728372,0.0790495263951676,0.2805762008569439,0.0,0.42493036382434757,0.4135875725693351,-0.016078653750210392
motive_6,0.20186504981941125,0.2948681579449811,0.3962837726269287,-0.08969081872542896,0.42493036382434757,0.0,0.2505823120008435,0.3237634908803736
motive_7,0.04854437937871421,0.30665472898341684,0.2084767050512677,0.4370613982113536,0.4135875725693351,0.2505823120008435,0.0,0.24726017910663733
motive_8,0.17383363323290496,0.4186475543096633,0.4446323063358031,-0.05850778183544775,-0.016078653750210392,0.3237634908803736,0.24726017910663733,0.0
