,motive_1,motive_2,motive_3,motive_4,motive_5,motive_6,motive_7,motive_8
motive_1,0.0,-0.19269505402410636,-0.05504884910526314,0.04303448098174045,-0.022738598014443348,0.3236953882838891,0.5900300219939858,-0.5283656048001422
motive_2,-0.19269505402410636,0.0,-0.054107696003611844,0.3532726180027682,0.07861645054211952,0.030733304887839263,-0.4264644593949077,0.1098336439752871
motive_3,-0.05504884910526314,-0.054107696003611844,0.0,-0.3604153349207122,0.5237450708941488,0.2047612460129587,-0.2675023238839818,0.5309763831277277
motive_4,0.04303448098174045,0.3532726180027682,-0.3604153349207122,0.0,-0.21931298279095407,0.08480176685633173,0.3451417241037492,-0.3811346505201831
motive_5,-0.022738598014443348,0.07861645054211952,0.5237450708941488,-0.21931298279095407,0.0,0.7580169705613878,0.4519240278737595,0.4348687173755422
motive_6,0.3236953882838891,0.030733304887839263,0.2047612460129587,0.08480176685633173,0.7580169705613878,0.0,0.22697252619767272,0.030719466682816055
motive_7,0.5900300219939858,-0.4264644593949077,-0.2675023238839818,0.3451417241037492,0.4519240278737595,0.22697252619767272,0.0,0.11099389067136495
motive_8,-0.5283656048001422,0.1098336439752871,0.5309763831277277,-0.3811346505201831,0.4348687173755422,0.030719466682816055,0.11099389067136495,0.0
