,motive_1,motive_2,motive_3,motive_4,motive_5,motive_6,motive_7,motive_8
motive_1,0.0,0.25967624801632017,-0.1309442097893372,0.37650956567127203,0.10449149560504628,0.16845223812011345,0.1638525725215624,-0.18161216392959725
motive_2,0.25967624801632017,0.0,0.09633942134855475,0.42829769569764164,0.505966660767744,0.05279250809555386,0.3863358166489895,0.4273997638923015
motive_3,-0.1309442097893372,0.09633942134855475,0.0,0.2887185389305483,0.12664398282599773,-0.3141288353492803,0.0275306661250148,0.2106854106967055
motive_4,0.37650956567127203,0.42829769569764164,0.2887185389305483,0.0,-0.01115310523367044,-0.12154037506457958,0.670795293712259,-0.04690992587099399
motive_5,0.10449149560504628,0.505966660767744,0.12664398282599773,-0.01115310523367044,0.0,0.3404337856383579,0.02391546071798442,-0.35135036081943305
motive_6,0.16845223812011345,0.05279250809555386,-0.3141288353492803,-0.12154037506457958,0.3404337856383579,0.0,0.12037305930414477,-0.08310914376097761
motive_7,0.1638525725215624,0.3863358166489895,0.0275306661250148,0.670795293712259,0.02391546071798442,0.12037305930414477,0.0,0.01775303249390066
motive_8,-0.18161216392959725,0.4273997638923015,0.2106854106967055,-0.04690992587099399,-0.35135036081943305,-0.08310914376097761,0.01775303249390066,0.0
