,motive_1,motive_2,motive_3,motive_4,motive_5,motive_6,motive_7,motive_8
motive_1,0.0,0.45275041055980075,0.3982799333510802,0.13672108758343698,0.25617643454369926,0.7402212495472027,0.45010814924477127,0.2311554070477771
motive_2,0.45275041055980075,0.0,0.6116649772612566,0.20512350932279555,0.11504499056594425,0.7222359583078671,0.6588373294164545,0.28032039766037364
motive_3,0.3982799333510802,0.6116649772612566,0.0,0.6053452107114269,0.2236548913531509,0.3489921446091142,0.46789834930953517,0.38239386044652285
motive_4,0.13672108758343698,0.20512350932279555,0.6053452107114269,0.0,0.29809026052144133,0.7216930529869126,0.19715729673930413,0.3715697438808552
motive_5,0.25617643454369926,0.11504499056594425,0.2236548913531509,0.29809026052144133,0.0,0.823156117458578,0.2739112693299537,0.09118005450860261
motive_6,0.7402212495472027,0.7222359583078671,0.3489921446091142,0.7216930529869126,0.823156117458578,0.0,0.2271764078502842,0.011225836673597389
motive_7,0.45010814924477127,0.6588373294164545,0.46789834930953517,0.19715729673930413,0.2739112693299537,0.2271764078502842,0.0,0.4378917675832209
motive_8,0.2311554070477771,0.28032039766037364,0.38239386044652285,0.3715697438808552,0.09118005450860261,0.011225836673597389,0.4378917675832209,0.0
