,motive_1,motive_2,motive_3,motive_4,motive_5,motive_6,motive_7,motive_8
motive_1,0.0,0.15438914926150354,0.16484636091367583,0.021464700673653928,0.14301870889514764,0.16137288521118376,0.0609715747482351,0.08034636655749047
motive_2,0.15438914926150354,0.0,0.1077390031437881,0.015834493428816807,0.08814885431342748,0.12803296960687163,0.1672899143383283,0.08361849269289096
motive_3,0.16484636091367583,0.1077390031437881,0.0,0.18868542633258112,0.08123578092153305,0.1434103817722701,0.20325010118910258,0.13257964177932244
motive_4,0.021464700673653928,0.015834493428816807,0.18868542633258112,0.0,0.09515593647220817,0.02324620671730762,0.3005124500764862,0.10484993980324583
motive_5,0.14301870889514764,0.08814885431342748,0.08123578092153305,0.09515593647220817,0.0,-0.008409287165772071,0.1456935670341249,0.11324767172730099
motive_6,0.16137288521118376,0.12803296960687163,0.1434103817722701,0.02324620671730762,-0.008409287165772071,0.0,0.23537926502437118,0.0519172356721729
motive_7,0.0609715747482351,0.1672899143383283,0.20325010118910258,0.3005124500764862,0.1456935670341249,0.23537926502437118,0.0,0.019605615738152053
motive_8,0.08034636655749047,0.08361849269289096,0.13257964177932244,0.10484993980324583,0.11324767172730099,0.0519172356721729,0.019605615738152053,0.0
