gini_coefficient,shannon_entropy,max_entropy,normalized_entropy
0.223314606741573,2.8823013280895884,3.0,0.9607671093631961
