,motive_1,motive_2,motive_3,motive_4,motive_5,motive_6,motive_7,motive_8
motive_1,0.0,0.2611394358509358,0.15633889950885566,0.19272827673107035,0.1600587290330068,0.05174574982964997,0.05468442547100481,0.10956216827089713
motive_2,0.2611394358509358,0.0,0.06534076984188429,0.07129156839995063,0.18580166432569484,0.07853618243186217,0.09502037012928347,0.12501940970356204
motive_3,0.15633889950885566,0.06534076984188429,0.0,0.18641285948613373,0.16798410393710567,0.07743760069498742,0.11930382882299725,0.17461756099107079
motive_4,0.19272827673107035,0.07129156839995063,0.18641285948613373,0.0,0.12049363415709083,-0.011053254530921493,0.11096870119550703,0.0051871965860002325
motive_5,0.1600587290330068,0.18580166432569484,0.16798410393710567,0.12049363415709083,0.0,0.12140892136467019,0.05615680040554312,0.10589275253335814
motive_6,0.05174574982964997,0.07853618243186217,0.07743760069498742,-0.011053254530921493,0.12140892136467019,0.0,0.1401674417356979,0.05668937275855551
motive_7,0.05468442547100481,0.09502037012928347,0.11930382882299725,0.11096870119550703,0.05615680040554312,0.1401674417356979,0.0,0.16285179438211372
motive_8,0.10956216827089713,0.12501940970356204,0.17461756099107079,0.0051871965860002325,0.10589275253335814,0.05668937275855551,0.16285179438211372,0.0
