,motive_1,motive_2,motive_3,motive_4,motive_5,motive_6,motive_7,motive_8
motive_1,0.0,-0.16582649402535843,0.08551161933988395,-0.15379590086784395,0.058287125855838506,0.0628309412452575,-0.01504198547012918,-0.0444528320615355
motive_2,-0.16582649402535843,0.0,-0.0037026044590842896,-0.020605863302850115,-0.029960616520454033,0.07880719558049087,0.0285220330734808,0.05870177754805965
motive_3,0.08551161933988395,-0.0037026044590842896,0.0,-0.052509985824349084,-0.013371168504883957,0.00447626038832504,0.06662718650272575,-0.06662885849801811
motive_4,-0.15379590086784395,-0.020605863302850115,-0.052509985824349084,0.0,0.008306285309071737,-0.06107301532635593,-0.059215884289268,0.023429468898735588
motive_5,0.058287125855838506,-0.029960616520454033,-0.013371168504883957,0.008306285309071737,0.0,-0.01169526581799725,-0.083376871865366,0.09397678576321396
motive_6,0.0628309412452575,0.07880719558049087,0.00447626038832504,-0.06107301532635593,-0.01169526581799725,0.0,-0.036949317690336166,-0.004660413589450317
motive_7,-0.01504198547012918,0.0285220330734808,0.06662718650272575,-0.059215884289268,-0.083376871865366,-0.036949317690336166,0.0,0.15531332379395116
motive_8,-0.0444528320615355,0.05870177754805965,-0.06662885849801811,0.023429468898735588,0.09397678576321396,-0.004660413589450317,0.15531332379395116,0.0
