,motive_1,motive_2,motive_3,motive_4,motive_5,motive_6,motive_7,motive_8
motive_1,0.0,0.3971288973989381,0.3448344431011902,0.582351408795849,0.1758497837887635,0.3697989280677985,0.6414266458366714,0.1170973158332487
motive_2,0.3971288973989381,0.0,0.5997254030502535,0.37105531068472647,0.6649267012876108,0.7545952991073496,0.2960470521399947,0.28008080760951914
motive_3,0.3448344431011902,0.5997254030502535,0.0,0.13327044292996443,0.5768192500752973,0.616202989576236,0.5108892913929495,0.03691346222555911
motive_4,0.582351408795849,0.37105531068472647,0.13327044292996443,0.0,0.3168506569821556,0.2526071166252928,0.2902711428803025,0.4637528522104902
motive_5,0.1758497837887635,0.6649267012876108,0.5768192500752973,0.3168506569821556,0.0,0.2696088011912283,0.6150198277128957,0.20703679442690115
motive_6,0.3697989280677985,0.7545952991073496,0.616202989576236,0.2526071166252928,0.2696088011912283,0.0,0.7219647182240186,0.35892738604842356
motive_7,0.6414266458366714,0.2960470521399947,0.5108892913929495,0.2902711428803025,0.6150198277128957,0.7219647182240186,0.0,0.14975550962965062
motive_8,0.1170973158332487,0.28008080760951914,0.03691346222555911,0.4637528522104902,0.20703679442690115,0.35892738604842356,0.14975550962965062,0.0
