,motive_1,motive_2,motive_3,motive_4,motive_5,motive_6,motive_7,motive_8
satisfaction,0.26598818910242616,0.3220162668417339,0.08817848162176715,0.3987253559551699,-0.017647129194024558,0.22614491939461012,0.32580814793287394,0.2549980172175851
