,motive_1,motive_2,motive_3,motive_4,motive_5,motive_6,motive_7,motive_8
motive_1,0.0,0.02481358350250079,0.022234773971293767,-0.10520285094329929,0.17795872682318337,0.2276733980294568,0.0759410399456272,0.22463495206787087
motive_2,0.02481358350250079,0.0,0.41754127351066084,0.4278790895034373,0.24079473800471451,0.32736374967296944,-0.2713452819539821,0.13321620569682868
motive_3,0.022234773971293767,0.41754127351066084,0.0,0.23303710197144453,0.20641193808648792,-0.03541246719848678,0.14730237020219375,0.08937959685240485
motive_4,-0.10520285094329929,0.4278790895034373,0.23303710197144453,0.0,-0.1157389979684441,0.45288467131247934,0.21909559041260668,0.22900030569402452
motive_5,0.17795872682318337,0.24079473800471451,0.20641193808648792,-0.1157389979684441,0.0,0.1908347634154567,-0.05998397220742398,0.08555777997186842
motive_6,0.2276733980294568,0.32736374967296944,-0.03541246719848678,0.45288467131247934,0.1908347634154567,0.0,0.5306871348602848,0.2772872430957154
motive_7,0.0759410399456272,-0.2713452819539821,0.14730237020219375,0.21909559041260668,-0.05998397220742398,0.5306871348602848,0.0,-0.09386754493703202
motive_8,0.22463495206787087,0.13321620569682868,0.08937959685240485,0.22900030569402452,0.08555777997186842,0.2772872430957154,-0.09386754493703202,0.0
