,motive_1,motive_2,motive_3,motive_4,motive_5,motive_6,motive_7,motive_8
motive_1,0.0,0.12206986632418468,0.06346012676780334,0.1561481961565061,0.09142455672330302,0.1716433728856738,0.099114605941448,0.15399583613778112
motive_2,0.12206986632418468,0.0,0.13138130613596066,0.15275946954235306,-0.003433667366448498,0.0338889256449707,0.06650261047922565,0.0910706368034191
motive_3,0.06346012676780334,0.13138130613596066,0.0,-0.004232114919570269,0.10922957147406118,0.18469478961199676,0.07275422769464415,0.0577533465660772
motive_4,0.1561481961565061,0.15275946954235306,-0.004232114919570269,0.0,0.04506330640250811,0.10064169180367762,0.08869218970291029,0.0025642184989508737
motive_5,0.09142455672330302,-0.003433667366448498,0.10922957147406118,0.04506330640250811,0.0,0.07376764354560483,0.03206834430484605,0.05720242286728741
motive_6,0.1716433728856738,0.0338889256449707,0.18469478961199676,0.10064169180367762,0.07376764354560483,0.0,0.08440974251389759,0.13980331173684782
motive_7,0.099114605941448,0.06650261047922565,0.07275422769464415,0.08869218970291029,0.03206834430484605,0.08440974251389759,0.0,0.17175450440271978
motive_8,0.15399583613778112,0.0910706368034191,0.0577533465660772,0.0025642184989508737,0.05720242286728741,0.13980331173684782,0.17175450440271978,0.0
