,motive_1,motive_2,motive_3,motive_4,motive_5,motive_6,motive_7,motive_8
satisfaction,-0.49458288101490094,0.2863974406733182,0.45050572116855697,0.8469787690884572,0.09880021339025077,0.23960329474113726,0.019389085269994527,-0.08574609255057936
