,motive_1,motive_2,motive_3,motive_4,motive_5,motive_6,motive_7,motive_8
satisfaction,0.18648583621896878,0.3196133055990752,0.6190548166465981,0.2353805532338804,0.09642207564779326,0.3863449969751309,0.02718474491950959,0.15878002404629393
