,motive_1,motive_2,motive_3,motive_4,motive_5,motive_6,motive_7,motive_8
motive_1,0.0,0.03262487196060394,0.024907455391347165,-0.09741389449688125,-0.03292973718977823,0.08556469850456801,0.07284034726891214,-0.08633673919407991
motive_2,0.03262487196060394,0.0,0.025591711960919708,0.13446425509668258,-0.08552177992233594,-0.10542663825086815,0.025479053739288254,-0.03642809238265272
motive_3,0.024907455391347165,0.025591711960919708,0.0,-0.06687741154388242,-0.06315959436580786,0.06366448141662007,0.09537889032009321,-0.09756503673094566
motive_4,-0.09741389449688125,0.13446425509668258,-0.06687741154388242,0.0,0.07469566879393763,0.009092690618807336,0.0451825588417472,0.030907347061535452
motive_5,-0.03292973718977823,-0.08552177992233594,-0.06315959436580786,0.07469566879393763,0.0,-0.052166657330365726,0.0656562192568813,-0.05858871389992313
motive_6,0.08556469850456801,-0.10542663825086815,0.06366448141662007,0.009092690618807336,-0.052166657330365726,0.0,-0.04970064576328217,0.006051000569229945
motive_7,0.07284034726891214,0.025479053739288254,0.09537889032009321,0.0451825588417472,0.0656562192568813,-0.04970064576328217,0.0,-0.11390991280997055
motive_8,-0.08633673919407991,-0.03642809238265272,-0.09756503673094566,0.030907347061535452,-0.05858871389992313,0.006051000569229945,-0.11390991280997055,0.0
