,motive_1,motive_2,motive_3,motive_4,motive_5,motive_6,motive_7,motive_8
motive_1,0.0,0.5202547362923058,1.0046745074199774,0.33194063327706785,-1.3414977656043128,-0.12548545046264034,0.4224887664971708,-0.3572458790107284
motive_2,0.5202547362923058,0.0,0.47676581027199316,-0.06632217831231962,0.5148125383088263,0.09143048093427887,0.2809949154212444,-0.007060459637941219
motive_3,1.0046745074199774,0.47676581027199316,0.0,-0.01265962373865763,0.027375390998912168,0.25926260225755293,0.09969221684204521,0.031230779487979254
motive_4,0.33194063327706785,-0.06632217831231962,-0.01265962373865763,0.0,0.27448474525839156,0.12767573374595742,0.3478274659103173,-0.3187416832638625
motive_5,-1.3414977656043128,0.5148125383088263,0.027375390998912168,0.27448474525839156,0.0,0.9422552621365641,0.2408660836771735,0.2669806080492183
motive_6,-0.12548545046264034,0.09143048093427887,0.25926260225755293,0.12767573374595742,0.9422552621365641,0.0,0.2533999662466171,-0.27326862640004335
motive_7,0.4224887664971708,0.2809949154212444,0.09969221684204521,0.3478274659103173,0.2408660836771735,0.2533999662466171,0.0,-0.5983232653982815
motive_8,-0.3572458790107284,-0.007060459637941219,0.031230779487979254,-0.3187416832638625,0.2669806080492183,-0.27326862640004335,-0.5983232653982815,0.0
