,motive_1,motive_2,motive_3,motive_4,motive_5,motive_6,motive_7,motive_8
satisfaction,0.07844353399637366,0.24168260678217487,0.07201444630247011,0.12294783575790318,0.30551767670510077,0.8328737901871381,0.5949857104654542,0.10405180941339535
