,motive_1,motive_2,motive_3,motive_4,motive_5,motive_6,motive_7,motive_8
satisfaction,0.2942559305361513,0.061266981987281026,0.22555863107055596,-0.03762653172358521,0.05230188410221901,0.11543321484496138,-0.11945029366789314,0.22741971726588953
