,motive_1,motive_2,motive_3,motive_4,motive_5,motive_6,motive_7,motive_8
satisfaction,0.19215673014956125,0.03376121217974709,0.33224357511437014,0.3037081742401281,0.033946453215327965,-0.19603239522406202,0.274371370517442,-0.4172203424329208
