,motive_1,motive_2,motive_3,motive_4,motive_5,motive_6,motive_7,motive_8
motive_1,0.0,0.12466870709518596,0.1194194877109318,-0.00036184534563307724,-0.17864161494110853,0.07509242882984762,-0.07269898840001922,0.20675511518285372
motive_2,0.12466870709518596,0.0,0.3595651757538467,0.3281858423358189,-0.1373694372154173,0.28936218572620775,0.057129652039570294,0.31923258528815707
motive_3,0.1194194877109318,0.3595651757538467,0.0,0.09980650078713463,0.05913349422590916,0.09441873817164709,0.24783522653423246,0.18420557704769602
motive_4,-0.00036184534563307724,0.3281858423358189,0.09980650078713463,0.0,0.17985129920140897,0.24452521539928007,-0.15213759738232144,0.07615476472225946
motive_5,-0.17864161494110853,-0.1373694372154173,0.05913349422590916,0.17985129920140897,0.0,0.3363155089407262,0.2529852155607246,-0.2513016650048099
motive_6,0.07509242882984762,0.28936218572620775,0.09441873817164709,0.24452521539928007,0.3363155089407262,0.0,0.008081702266309235,0.5493600731303173
motive_7,-0.07269898840001922,0.057129652039570294,0.24783522653423246,-0.15213759738232144,0.2529852155607246,0.008081702266309235,0.0,0.19461904966548058
motive_8,0.20675511518285372,0.31923258528815707,0.18420557704769602,0.07615476472225946,-0.2513016650048099,0.5493600731303173,0.19461904966548058,0.0
