,motive_1,motive_2,motive_3,motive_4,motive_5,motive_6,motive_7,motive_8
satisfaction,0.22213505260494332,0.13926955290370113,0.19412281913276738,0.4452382370828628,0.4169141167337266,-0.046814286332032634,-0.19867990900770896,-0.10256400232667087
