,motive_1,motive_2,motive_3,motive_4,motive_5,motive_6,motive_7,motive_8
motive_1,0.0,0.23715112827572898,-0.3880796225791939,-0.38920089654636386,0.32908359183474056,0.39890323418178547,-0.6917420409057404,-0.5125716694865626
motive_2,0.23715112827572898,0.0,-0.0872584012778854,0.7982042010832109,0.2526437938554006,-0.3981992574212533,0.4434603533702297,0.21515891650851493
motive_3,-0.3880796225791939,-0.0872584012778854,0.0,-0.12950961342434675,0.4801417945220073,1.0210748007184418,0.45228660676376153,-0.08835629648576471
motive_4,-0.38920089654636386,0.7982042010832109,-0.12950961342434675,0.0,0.45117746325446306,0.8826660749432762,-0.07291367924913333,0.01859799972233498
motive_5,0.32908359183474056,0.2526437938554006,0.4801417945220073,0.45117746325446306,0.0,0.9596056122809709,0.08318094007041416,-0.8491028845023695
motive_6,0.39890323418178547,-0.3981992574212533,1.0210748007184418,0.8826660749432762,0.9596056122809709,0.0,0.33010706376824595,-0.05737424643983034
motive_7,-0.6917420409057404,0.4434603533702297,0.45228660676376153,-0.07291367924913333,0.08318094007041416,0.33010706376824595,0.0,-0.38343290620273257
motive_8,-0.5125716694865626,0.21515891650851493,-0.08835629648576471,0.01859799972233498,-0.8491028845023695,-0.05737424643983034,-0.38343290620273257,0.0
