,motive_1,motive_2,motive_3,motive_4,motive_5,motive_6,motive_7,motive_8
motive_1,0.0,0.44394516500668096,0.3964083737280412,0.49655692642230775,0.19769398054492088,0.3318505481957429,0.030643570962094455,-0.49128746626044417
motive_2,0.44394516500668096,0.0,-0.296458273060983,0.23598431471825956,0.6582215771805606,-0.6885946604601871,0.5645727453349519,0.2679141226781162
motive_3,0.3964083737280412,-0.296458273060983,0.0,0.0979092102530183,0.7165280140672996,0.0960713369895173,-0.281240979229095,0.4004570297503493
motive_4,0.49655692642230775,0.23598431471825956,0.0979092102530183,0.0,-0.23849217757898117,0.335297917879694,-0.2984924691202409,0.053334681931345926
motive_5,0.19769398054492088,0.6582215771805606,0.7165280140672996,-0.23849217757898117,0.0,-0.024995367413252742,-0.2681338186270786,-0.1370668506952895
motive_6,0.3318505481957429,-0.6885946604601871,0.0960713369895173,0.335297917879694,-0.024995367413252742,0.0,0.036275875585439266,-0.009543056668863681
motive_7,0.030643570962094455,0.5645727453349519,-0.281240979229095,-0.2984924691202409,-0.2681338186270786,0.036275875585439266,0.0,0.22552304551662786
motive_8,-0.49128746626044417,0.2679141226781162,0.4004570297503493,0.053334681931345926,-0.1370668506952895,-0.009543056668863681,0.22552304551662786,0.0
