,motive_1,motive_2,motive_3,motive_4,motive_5,motive_6,motive_7,motive_8
motive_1,0.0,0.16319657701772933,0.06380668909777558,0.14114831710474782,0.07498869164694655,0.18846223601533077,0.14453900980530024,0.057406226147629615
motive_2,0.16319657701772933,0.0,0.03618789794444671,0.2956732931494783,0.1343672658657316,0.0333341867649495,0.11546765649089988,0.07878162814934822
motive_3,0.06380668909777558,0.03618789794444671,0.0,0.16414634485609225,0.05255872058191312,0.16366285503342418,0.07051853765977668,0.08284080198830301
motive_4,0.14114831710474782,0.2956732931494783,0.16414634485609225,0.0,0.06808704833737053,0.14104441254999428,0.09330497071921548,0.21333726779533385
motive_5,0.07498869164694655,0.1343672658657316,0.05255872058191312,0.06808704833737053,0.0,0.12722559472776893,0.14254230162419,0.12400905893953872
motive_6,0.18846223601533077,0.0333341867649495,0.16366285503342418,0.14104441254999428,0.12722559472776893,0.0,0.10540599427098889,0.09274207235574321
motive_7,0.14453900980530024,0.11546765649089988,0.07051853765977668,0.09330497071921548,0.14254230162419,0.10540599427098889,0.0,0.19330632054898206
motive_8,0.057406226147629615,0.07878162814934822,0.08284080198830301,0.21333726779533385,0.12400905893953872,0.09274207235574321,0.19330632054898206,0.0
