,motive_1,motive_2,motive_3,motive_4,motive_5,motive_6,motive_7,motive_8
satisfaction,0.30407850788171287,0.026907290730933203,-0.15845467783801584,-0.13213884981357618,-0.004541414180520606,0.4282552475500313,0.06862358141264523,0.2646518873504525
