,motive_1,motive_2,motive_3,motive_4,motive_5,motive_6,motive_7,motive_8
motive_1,0.0,-0.3800084543240284,0.3676423132333714,-0.4425469911541648,0.632184858079211,0.1867179251370651,0.3376903088813267,0.2265415153877992
motive_2,-0.3800084543240284,0.0,0.818450715749028,0.5162027336030298,-0.011618721882109051,-0.6490692760167107,0.34342874716363103,0.15381101271126812
motive_3,0.3676423132333714,0.818450715749028,0.0,0.8022644212887211,-0.02891512780671751,0.5218578308128057,-0.14757650364028652,0.5230215110424807
motive_4,-0.4425469911541648,0.5162027336030298,0.8022644212887211,0.0,0.49272652645292786,0.30420624642438154,-0.432427663258515,0.2743208812291048
motive_5,0.632184858079211,-0.011618721882109051,-0.02891512780671751,0.49272652645292786,0.0,0.6466322055431465,0.8557965263123212,0.49971513599262074
motive_6,0.1867179251370651,-0.6490692760167107,0.5218578308128057,0.30420624642438154,0.6466322055431465,0.0,0.262125054287084,-0.32819206772373566
motive_7,0.3376903088813267,0.34342874716363103,-0.14757650364028652,-0.432427663258515,0.8557965263123212,0.262125054287084,0.0,0.9160680952230593
motive_8,0.2265415153877992,0.15381101271126812,0.5230215110424807,0.2743208812291048,0.49971513599262074,-0.32819206772373566,0.9160680952230593,0.0
