,motive_1,motive_2,motive_3,motive_4,motive_5,motive_6,motive_7,motive_8
motive_1,0.0,0.4650923692499584,0.5596300038710774,0.3191371166375237,0.18378260995262993,0.37630648630694524,0.48312918389357035,0.3227541822447546
motive_2,0.4650923692499584,0.0,0.7196836471058128,0.6768115432527119,0.5585384366543715,0.7541955535212842,0.2647810755845885,-0.02840813642760738
motive_3,0.5596300038710774,0.7196836471058128,0.0,0.5818618976533089,0.5469182771628873,0.44711369584838045,0.6077057837166734,0.2774552982496363
motive_4,0.3191371166375237,0.6768115432527119,0.5818618976533089,0.0,0.1876406787292526,0.6863173778958985,0.1074235332669096,0.4441948296168028
motive_5,0.18378260995262993,0.5585384366543715,0.5469182771628873,0.1876406787292526,0.0,0.6464184756425153,0.17580358851465872,0.3790722491520686
motive_6,0.37630648630694524,0.7541955535212842,0.44711369584838045,0.6863173778958985,0.6464184756425153,0.0,0.07667114578256609,0.29402033997282767
motive_7,0.48312918389357035,0.2647810755845885,0.6077057837166734,0.1074235332669096,0.17580358851465872,0.07667114578256609,0.0,0.33173650603037486
motive_8,0.3227541822447546,-0.02840813642760738,0.2774552982496363,0.4441948296168028,0.3790722491520686,0.29402033997282767,0.33173650603037486,0.0
