,motive_1,motive_2,motive_3,motive_4,motive_5,motive_6,motive_7,motive_8
motive_1,0.0,0.2655161905367981,0.2762201426711417,0.20863907594075853,-0.6319995854094732,0.3528396445148452,0.1805563733949867,-0.8569063317142924
motive_2,0.2655161905367981,0.0,-0.05046442060391634,-0.38666808810268877,0.4122186191568528,-0.032402844933199185,-0.13020610942201968,-0.18548518679292492
motive_3,0.2762201426711417,-0.05046442060391634,0.0,-0.47952571618925804,-0.024114533580409936,0.31671922683530196,0.5574636757136657,0.6802890310963654
motive_4,0.20863907594075853,-0.38666808810268877,-0.47952571618925804,0.0,0.21617116290293376,-0.250793454482445,-0.051575503570212275,0.7796668161758518
motive_5,-0.6319995854094732,0.4122186191568528,-0.024114533580409936,0.21617116290293376,0.0,0.026090927213940407,0.6602784589422848,-0.10946966610827341
motive_6,0.3528396445148452,-0.032402844933199185,0.31671922683530196,-0.250793454482445,0.026090927213940407,0.0,0.2907098761938488,0.2023675522831695
motive_7,0.1805563733949867,-0.13020610942201968,0.5574636757136657,-0.051575503570212275,0.6602784589422848,0.2907098761938488,0.0,-0.02272609174512346
motive_8,-0.8569063317142924,-0.18548518679292492,0.6802890310963654,0.7796668161758518,-0.10946966610827341,0.2023675522831695,-0.02272609174512346,0.0
