,motive_1,motive_2,motive_3,motive_4,motive_5,motive_6,motive_7,motive_8
motive_1,0.0,0.22298603604582495,0.4753927446885485,0.17729981941406764,0.09080694870406647,0.4770776142647297,0.48385674445712457,0.40646008915108645
motive_2,0.22298603604582495,0.0,0.29268736453326555,0.47413667154035044,0.34846142662889634,0.9199955117634029,-0.008415447336206056,0.28504738738319324
motive_3,0.4753927446885485,0.29268736453326555,0.0,0.5490377891454152,0.5875400501405861,0.20156229489080738,0.8086804889314817,0.6708592781700703
motive_4,0.17729981941406764,0.47413667154035044,0.5490377891454152,0.0,0.1752512643093741,0.12662682949029097,0.2730123421179238,0.40668454386004893
motive_5,0.09080694870406647,0.34846142662889634,0.5875400501405861,0.1752512643093741,0.0,0.030312949683711884,0.2507298376356723,0.7915123470437093
motive_6,0.4770776142647297,0.9199955117634029,0.20156229489080738,0.12662682949029097,0.030312949683711884,0.0,0.19363362478605817,0.5240057442150656
motive_7,0.48385674445712457,-0.008415447336206056,0.8086804889314817,0.2730123421179238,0.2507298376356723,0.19363362478605817,0.0,0.2032198543918519
motive_8,0.40646008915108645,0.28504738738319324,0.6708592781700703,0.40668454386004893,0.7915123470437093,0.5240057442150656,0.2032198543918519,0.0
