,motive_1,motive_2,motive_3,motive_4,motive_5,motive_6,motive_7,motive_8
satisfaction,0.13511325513003564,0.34486995730828185,0.0720952442728649,-0.03896329740399898,0.18691994648508753,0.2824139494413636,0.10871578849665803,0.164461901957907
