,motive_1,motive_2,motive_3,motive_4,motive_5,motive_6,motive_7,motive_8
satisfaction,0.0825085514787698,-0.20412580442548184,0.5685025620928741,0.36229571398151683,0.2183153968004721,-0.23415464834049793,-0.11651256087802747,-0.5486081386390025
