,motive_1,motive_2,motive_3,motive_4,motive_5,motive_6,motive_7,motive_8
motive_1,0.0,0.5475893237477089,0.5340151036781687,0.5512203598290956,0.518053600161199,0.1339255896394883,0.07065674989998122,0.5599696266025287
motive_2,0.5475893237477089,0.0,0.5710719944147578,0.15212481289361668,0.6355693227681389,0.29891805256499315,0.4506727281902385,0.22315400259168092
motive_3,0.5340151036781687,0.5710719944147578,0.0,0.3338237599703012,0.39808643283360834,0.34836036151798255,0.43980405034270087,0.46105867382131305
motive_4,0.5512203598290956,0.15212481289361668,0.3338237599703012,0.0,0.7807333320086796,0.4813405042507617,0.41610763134568207,0.8034033565318828
motive_5,0.518053600161199,0.6355693227681389,0.39808643283360834,0.7807333320086796,0.0,0.288194894092613,0.07973833908952357,0.29094939415828314
motive_6,0.1339255896394883,0.29891805256499315,0.34836036151798255,0.4813405042507617,0.288194894092613,0.0,0.3137246077269937,0.27053751446263036
motive_7,0.07065674989998122,0.4506727281902385,0.43980405034270087,0.41610763134568207,0.07973833908952357,0.3137246077269937,0.0,0.8162272663309218
motive_8,0.5599696266025287,0.22315400259168092,0.46105867382131305,0.8034033565318828,0.29094939415828314,0.27053751446263036,0.8162272663309218,0.0
