,motive_1,motive_2,motive_3,motive_4,motive_5,motive_6,motive_7,motive_8
motive_1,0.0,0.004462850363291734,-0.026807480650779647,0.7910783587138266,-0.17871532238281942,-0.25327339695769435,-0.4855643285737088,0.6488323541051821
motive_2,0.004462850363291734,0.0,0.8954401570853967,0.42365042102990025,0.3294144432786441,0.5770634196420229,0.14189676225955022,-0.03773288416699844
motive_3,-0.026807480650779647,0.8954401570853967,0.0,0.24403756978763713,0.5374817534770524,0.8643170356649026,0.05890384074345134,-0.5650606319863434
motive_4,0.7910783587138266,0.42365042102990025,0.24403756978763713,0.0,-0.6291480808125409,0.013687302516796437,0.1948410179624664,0.18940389963689128
motive_5,-0.17871532238281942,0.3294144432786441,0.5374817534770524,-0.6291480808125409,0.0,-0.9278737824010409,-0.14281344118815628,0.000238068143919537
motive_6,-0.25327339695769435,0.5770634196420229,0.8643170356649026,0.013687302516796437,-0.9278737824010409,0.0,0.8906351290077914,0.6674519426398664
motive_7,-0.4855643285737088,0.14189676225955022,0.05890384074345134,0.1948410179624664,-0.14281344118815628,0.8906351290077914,0.0,0.08360766397459712
motive_8,0.6488323541051821,-0.03773288416699844,-0.5650606319863434,0.18940389963689128,0.000238068143919537,0.6674519426398664,0.08360766397459712,0.0
