,motive_1,motive_2,motive_3,motive_4,motive_5,motive_6,motive_7,motive_8
motive_1,0.0,0.17737713021876175,-0.03153343794451669,0.01601854459641601,0.1069747137436165,0.10894860189770952,0.10450918995129078,0.21138340287294438
motive_2,0.17737713021876175,0.0,0.041716110453987404,0.0921498879325291,0.0497679544129037,0.06672450296798127,0.011188655972396544,0.15234440140337907
motive_3,-0.03153343794451669,0.041716110453987404,0.0,0.128587526103604,0.08066961052406459,0.11556729537647524,0.01588488858217442,0.05870760004496934
motive_4,0.01601854459641601,0.0921498879325291,0.128587526103604,0.0,0.1029018746889688,0.00012000850334485669,0.05106708225719317,-0.0006091977338166799
motive_5,0.1069747137436165,0.0497679544129037,0.08066961052406459,0.1029018746889688,0.0,0.1433220134044679,0.16489452044030903,0.11229558992149918
motive_6,0.10894860189770952,0.06672450296798127,0.11556729537647524,0.00012000850334485669,0.1433220134044679,0.0,0.010629945474668955,0.1300211326072866
motive_7,0.10450918995129078,0.011188655972396544,0.01588488858217442,0.05106708225719317,0.16489452044030903,0.010629945474668955,0.0,0.17042508136482118
motive_8,0.21138340287294438,0.15234440140337907,0.05870760004496934,-0.0006091977338166799,0.11229558992149918,0.1300211326072866,0.17042508136482118,0.0
