,motive_1,motive_2,motive_3,motive_4,motive_5,motive_6,motive_7,motive_8
motive_1,0.0,0.40409396211287885,0.1469809344450385,0.3915817365100706,0.43850433435218994,0.4699369425631555,0.2348811586644652,0.48658809694699157
motive_2,0.40409396211287885,0.0,0.2400880955062526,0.18321079310020438,0.7413928801369595,0.17696882740206027,0.5918704782267101,0.3043645484936961
motive_3,0.1469809344450385,0.2400880955062526,0.0,0.12551331528913667,0.5216118247638366,0.5234184798436478,0.3659784246474558,0.24503978505173007
motive_4,0.3915817365100706,0.18321079310020438,0.12551331528913667,0.0,0.3562295178480641,0.4240062394901867,0.30879185599102377,0.20254816130971262
motive_5,0.43850433435218994,0.7413928801369595,0.5216118247638366,0.3562295178480641,0.0,0.49303794224849573,0.2817734199624561,0.8720050425952393
motive_6,0.4699369425631555,0.17696882740206027,0.5234184798436478,0.4240062394901867,0.49303794224849573,0.0,0.3454233137677438,0.6202709299609037
motive_7,0.2348811586644652,0.5918704782267101,0.3659784246474558,0.30879185599102377,0.2817734199624561,0.3454233137677438,0.0,0.29546821855376876
motive_8,0.48658809694699157,0.3043645484936961,0.24503978505173007,0.20254816130971262,0.8720050425952393,0.6202709299609037,0.29546821855376876,0.0
