,motive_1,motive_2,motive_3,motive_4,motive_5,motive_6,motive_7,motive_8
motive_1,0.0,0.01471014321508407,-0.02183395459445968,0.3028272852970547,0.29337518817114305,0.27868369906829366,-0.02345676586756175,0.2696967516162152
motive_2,0.01471014321508407,0.0,0.007967276128670042,0.09377620480969653,0.46854310144288125,0.37634094235490356,0.3683617192226756,0.1293335605463588
motive_3,-0.02183395459445968,0.007967276128670042,0.0,-0.0837520811342857,-0.001226800553803059,0.18538388189524138,0.3326177462503334,0.2786248217292677
motive_4,0.3028272852970547,0.09377620480969653,-0.0837520811342857,0.0,0.5747445073634427,0.0678378004415916,0.29723668837482164,-0.27990805863102214
motive_5,0.29337518817114305,0.46854310144288125,-0.001226800553803059,0.5747445073634427,0.0,0.30108874085208964,0.03647693156949698,-0.11129958825420486
motive_6,0.27868369906829366,0.37634094235490356,0.18538388189524138,0.0678378004415916,0.30108874085208964,0.0,0.2797011618773101,0.047095921544271
motive_7,-0.02345676586756175,0.3683617192226756,0.3326177462503334,0.29723668837482164,0.03647693156949698,0.2797011618773101,0.0,0.3285489842358206
motive_8,0.2696967516162152,0.1293335605463588,0.2786248217292677,-0.27990805863102214,-0.11129958825420486,0.047095921544271,0.3285489842358206,0.0
