,motive_1,motive_2,motive_3,motive_4,motive_5,motive_6,motive_7,motive_8
satisfaction,0.07302146839201021,0.36585682461539104,-0.04020494344153286,0.25226893036246056,-0.09588036106428005,0.04375364677712205,0.035508062486662065,0.24570261436770588
