,motive_1,motive_2,motive_3,motive_4,motive_5,motive_6,motive_7,motive_8
motive_1,0.0,-0.052579595581321095,0.03461081721120864,-0.028186496430893486,0.007743158504233585,0.12100753650279222,0.040944896094089724,-0.027847110033454307
motive_2,-0.052579595581321095,0.0,-0.045759658458364785,-0.008829560088253204,-0.06327613508494595,-0.10086163284158478,-0.051019324168256476,0.024518671697836867
motive_3,0.03461081721120864,-0.045759658458364785,0.0,-0.1251922329335904,-0.08713269652456679,-0.10327319493676726,0.15417992707557857,-0.002895982327298865
motive_4,-0.028186496430893486,-0.008829560088253204,-0.1251922329335904,0.0,-0.026912095489092562,0.07020609259353756,-0.0012884601123296091,-0.12200220015703318
motive_5,0.007743158504233585,-0.06327613508494595,-0.08713269652456679,-0.026912095489092562,0.0,0.0874210612724502,0.024081930420756056,0.003129458543638469
motive_6,0.12100753650279222,-0.10086163284158478,-0.10327319493676726,0.07020609259353756,0.0874210612724502,0.0,0.04813032514586443,-0.04326523489207711
motive_7,0.040944896094089724,-0.051019324168256476,0.15417992707557857,-0.0012884601123296091,0.024081930420756056,0.04813032514586443,0.0,0.06954411621712434
motive_8,-0.027847110033454307,0.024518671697836867,-0.002895982327298865,-0.12200220015703318,0.003129458543638469,-0.04326523489207711,0.06954411621712434,0.0
