,motive_1,motive_2,motive_3,motive_4,motive_5,motive_6,motive_7,motive_8
motive_1,0.0,0.3748713472193262,0.2348154134705121,-0.3637997317666881,0.540196921443829,-0.039074578941911575,0.26961804655355737,0.22427665006787384
motive_2,0.3748713472193262,0.0,0.04541043870445882,-0.5625567676564673,0.579904155420325,0.24953807665147587,0.20037060565173387,0.3151170627395411
motive_3,0.2348154134705121,0.04541043870445882,0.0,1.0609261216355461,-0.027065551544985966,0.061904942085900916,-0.07024757534588688,-0.3898827670579537
motive_4,-0.3637997317666881,-0.5625567676564673,1.0609261216355461,0.0,0.32461561811930667,0.03014729490310357,-0.06803544285224031,0.5049863410241359
motive_5,0.540196921443829,0.579904155420325,-0.027065551544985966,0.32461561811930667,0.0,0.300414424861861,0.250122923884253,-0.09638434146575885
motive_6,-0.039074578941911575,0.24953807665147587,0.061904942085900916,0.03014729490310357,0.300414424861861,0.0,0.13282014352340554,0.7269363968345695
motive_7,0.26961804655355737,0.20037060565173387,-0.07024757534588688,-0.06803544285224031,0.250122923884253,0.13282014352340554,0.0,0.09355875520459983
motive_8,0.22427665006787384,0.3151170627395411,-0.3898827670579537,0.5049863410241359,-0.09638434146575885,0.7269363968345695,0.09355875520459983,0.0
