,motive_1,motive_2,motive_3,motive_4,motive_5,motive_6,motive_7,motive_8
satisfaction,0.2069876379003139,0.16739916376338415,0.4154600582089699,0.6180600635924247,0.28608279580031254,-0.4293681483907212,0.9298138340278879,0.4392710250469414
