,motive_1,motive_2,motive_3,motive_4,motive_5,motive_6,motive_7,motive_8
motive_1,0.0,0.2433382613123895,-0.04116352537283152,-0.42192482172829965,0.3180912844882072,0.2456496218572044,0.19086859264651607,0.16224302553147651
motive_2,0.2433382613123895,0.0,0.03623509429404105,-0.29819139779126186,-0.004730429095122446,0.2975460614610335,-0.14041262778196092,0.44429593423970604
motive_3,-0.04116352537283152,0.03623509429404105,0.0,-0.8864915784234775,-0.08493885233363974,0.140187954230312,0.8011420272301213,0.7206213098485237
motive_4,-0.42192482172829965,-0.29819139779126186,-0.8864915784234775,0.0,-0.15202235310191178,0.26578690184790316,0.07170476692312754,0.07586052837682844
motive_5,0.3180912844882072,-0.004730429095122446,-0.08493885233363974,-0.15202235310191178,0.0,-0.9210702463145379,-0.7403612024264645,1.1072867332378773
motive_6,0.2456496218572044,0.2975460614610335,0.140187954230312,0.26578690184790316,-0.9210702463145379,0.0,0.3010097406692993,0.8888484621899188
motive_7,0.19086859264651607,-0.14041262778196092,0.8011420272301213,0.07170476692312754,-0.7403612024264645,0.3010097406692993,0.0,0.8264348132710759
motive_8,0.16224302553147651,0.44429593423970604,0.7206213098485237,0.07586052837682844,1.1072867332378773,0.8888484621899188,0.8264348132710759,0.0
