,motive_1,motive_2,motive_3,motive_4,motive_5,motive_6,motive_7,motive_8
satisfaction,0.6954224342581381,0.18364841390635214,0.23887968783366437,0.6523862351908076,-0.21750174641490666,0.4612538353627846,0.25297087318049044,0.24548369422116417
