,motive_1,motive_2,motive_3,motive_4,motive_5,motive_6,motive_7,motive_8
motive_1,0.0,0.19545618412226104,0.11053899442106369,0.30134604475386756,0.11872306202471705,0.2587671209397586,0.3552170436035378,0.4219072435187217
motive_2,0.19545618412226104,0.0,0.057465775593313395,0.14792726878154966,0.23908567336885994,-0.022666165281622477,0.5585001196289829,0.6616151859966468
motive_3,0.11053899442106369,0.057465775593313395,0.0,0.09903057222642073,0.16469388048243533,0.21322635451509792,0.12476412788971991,-0.13415159563102297
motive_4,0.30134604475386756,0.14792726878154966,0.09903057222642073,0.0,0.41578230190070575,-0.06775036760534064,0.4756328872201238,0.26740599768863194
motive_5,0.11872306202471705,0.23908567336885994,0.16469388048243533,0.41578230190070575,0.0,0.06382740756849685,0.37551131874611376,0.16882527500569625
motive_6,0.2587671209397586,-0.022666165281622477,0.21322635451509792,-0.06775036760534064,0.06382740756849685,0.0,0.09006680541825277,0.2586236171275069
motive_7,0.3552170436035378,0.5585001196289829,0.12476412788971991,0.4756328872201238,0.37551131874611376,0.09006680541825277,0.0,0.11049851520040575
motive_8,0.4219072435187217,0.6616151859966468,-0.13415159563102297,0.26740599768863194,0.16882527500569625,0.2586236171275069,0.11049851520040575,0.0
