,motive_1,motive_2,motive_3,motive_4,motive_5,motive_6,motive_7,motive_8
motive_1,0.0,0.04428177677324321,0.03146526749354604,0.1329330755103079,0.015935757439476048,0.11379121015964887,0.05377875830045721,0.011897943333177195
motive_2,0.04428177677324321,0.0,0.20149910374996755,0.09344252628161438,0.18036695296513172,0.1432422828865178,0.06396148110658002,0.040750132591814744
motive_3,0.03146526749354604,0.20149910374996755,0.0,0.21393516505574456,0.053500233179211175,0.009281207885963545,-0.07207787768391206,-0.01719952593174314
motive_4,0.1329330755103079,0.09344252628161438,0.21393516505574456,0.0,0.24706539841248856,0.0389305148417959,0.06956854908950713,0.0383917030821646
motive_5,0.015935757439476048,0.18036695296513172,0.053500233179211175,0.24706539841248856,0.0,0.16957246446309043,0.09094030569275689,0.10792768946750046
motive_6,0.11379121015964887,0.1432422828865178,0.009281207885963545,0.0389305148417959,0.16957246446309043,0.0,0.056381872441176616,0.05671055092755277
motive_7,0.05377875830045721,0.06396148110658002,-0.07207787768391206,0.06956854908950713,0.09094030569275689,0.056381872441176616,0.0,0.08613703641649764
motive_8,0.011897943333177195,0.040750132591814744,-0.01719952593174314,0.0383917030821646,0.10792768946750046,0.05671055092755277,0.08613703641649764,0.0
