,motive_1,motive_2,motive_3,motive_4,motive_5,motive_6,motive_7,motive_8
satisfaction,0.2115372426695473,0.5778041795765708,0.11260455207863444,0.15904137384757608,0.2883588070562061,0.09449049418704872,0.30418642134991114,-0.3492101732414007
