,motive_1,motive_2,motive_3,motive_4,motive_5,motive_6,motive_7,motive_8
motive_1,0.0,0.150562800229893,0.18218705594831386,0.08890002350623426,0.031574443870409995,0.20599130068604482,-0.0035135365537168825,0.15497353544877784
motive_2,0.150562800229893,0.0,0.034696759893525185,0.20058120851028927,0.002490391361762656,-0.0037078298142194516,0.14938277987767207,0.16112825636993444
motive_3,0.18218705594831386,0.034696759893525185,0.0,0.1237341675703526,0.033231372103821225,0.1242678806683909,0.13751802422871545,0.1292587489002624
motive_4,0.08890002350623426,0.20058120851028927,0.1237341675703526,0.0,0.015792400899346797,0.07004888539315329,0.09523110552040631,0.061050185413530696
motive_5,0.031574443870409995,0.002490391361762656,0.033231372103821225,0.015792400899346797,0.0,0.004161567985229243,0.014168102153304635,0.01774392279482867
motive_6,0.20599130068604482,-0.0037078298142194516,0.1242678806683909,0.07004888539315329,0.004161567985229243,0.0,0.19264280577830695,0.13216367749587984
motive_7,-0.0035135365537168825,0.14938277987767207,0.13751802422871545,0.09523110552040631,0.014168102153304635,0.19264280577830695,0.0,0.11650897921711587
motive_8,0.15497353544877784,0.16112825636993444,0.1292587489002624,0.061050185413530696,0.01774392279482867,0.13216367749587984,0.11650897921711587,0.0
