,motive_1,motive_2,motive_3,motive_4,motive_5,motive_6,motive_7,motive_8
motive_1,0.0,-0.10723602447815068,0.10588171434113854,0.17633490259883824,0.15893907512966124,0.09575306045798024,-0.02254521984454519,0.5181930520968052
motive_2,-0.10723602447815068,0.0,0.2131104327796455,0.4157400472991907,0.12655770497567762,-0.07135826990948907,0.0880799226649509,-0.14215247710932932
motive_3,0.10588171434113854,0.2131104327796455,0.0,-0.001118762451464167,0.29123427028086335,0.26344865880067425,0.36596586549649734,0.5393819611737166
motive_4,0.17633490259883824,0.4157400472991907,-0.001118762451464167,0.0,0.17077172909022076,0.05483947839240944,0.24664653805314948,0.4433244772354471
motive_5,0.15893907512966124,0.12655770497567762,0.29123427028086335,0.17077172909022076,0.0,0.1198252922150839,0.148570313652419,0.15306667709703645
motive_6,0.09575306045798024,-0.07135826990948907,0.26344865880067425,0.05483947839240944,0.1198252922150839,0.0,0.2180308441002019,0.19692054778340673
motive_7,-0.02254521984454519,0.0880799226649509,0.36596586549649734,0.24664653805314948,0.148570313652419,0.2180308441002019,0.0,0.21847541627243117
motive_8,0.5181930520968052,-0.14215247710932932,0.5393819611737166,0.4433244772354471,0.15306667709703645,0.19692054778340673,0.21847541627243117,0.0
