,motive_1,motive_2,motive_3,motive_4,motive_5,motive_6,motive_7,motive_8
motive_1,0.0,-0.026245470339391272,0.1410500457952556,0.09759085895991218,0.04345110984948722,0.09653966687481401,0.1310872156879071,0.17471521876879148
motive_2,-0.026245470339391272,0.0,0.012366277021087689,0.11200204080357894,0.058007607681528454,0.1480372679965224,0.1409018125115518,0.230105612220745
motive_3,0.1410500457952556,0.012366277021087689,0.0,0.15502820141863644,0.0694108559582843,0.2368984896627758,0.04251582318201343,0.16565167197114727
motive_4,0.09759085895991218,0.11200204080357894,0.15502820141863644,0.0,0.08520918022325788,0.03581752461206534,0.13334696653076833,0.061203290816198554
motive_5,0.04345110984948722,0.058007607681528454,0.0694108559582843,0.08520918022325788,0.0,0.14651889180007738,0.16963194661437309,0.07900520037816566
motive_6,0.09653966687481401,0.1480372679965224,0.2368984896627758,0.03581752461206534,0.14651889180007738,0.0,0.09464777242371653,0.0728883142193924
motive_7,0.1310872156879071,0.1409018125115518,0.04251582318201343,0.13334696653076833,0.16963194661437309,0.09464777242371653,0.0,0.11424550677379736
motive_8,0.17471521876879148,0.230105612220745,0.16565167197114727,0.061203290816198554,0.07900520037816566,0.0728883142193924,0.11424550677379736,0.0
