,motive_1,motive_2,motive_3,motive_4,motive_5,motive_6,motive_7,motive_8
motive_1,0.0,0.036931443904838976,0.08088789243642554,0.0927404745897692,0.08191627093695082,0.11588826489651816,0.11455684414521414,0.2522152131731546
motive_2,0.036931443904838976,0.0,0.07220577539812764,0.16807766702506438,0.0761866871686217,0.060856735963640066,0.1708630628490932,0.14201929991530746
motive_3,0.08088789243642554,0.07220577539812764,0.0,0.2099798048503998,0.01604715009462545,0.0016077772727221343,0.04406072013746265,0.026148832821991104
motive_4,0.0927404745897692,0.16807766702506438,0.2099798048503998,0.0,0.2201995494326898,-0.06817175715895703,0.2022778735057104,0.10988822363022413
motive_5,0.08191627093695082,0.0761866871686217,0.01604715009462545,0.2201995494326898,0.0,0.20857339991859217,0.09869594734802414,0.043234669565698165
motive_6,0.11588826489651816,0.060856735963640066,0.0016077772727221343,-0.06817175715895703,0.20857339991859217,0.0,0.0652115058364409,0.20091320275182084
motive_7,0.11455684414521414,0.1708630628490932,0.04406072013746265,0.2022778735057104,0.09869594734802414,0.0652115058364409,0.0,0.08166444751289649
motive_8,0.2522152131731546,0.14201929991530746,0.026148832821991104,0.10988822363022413,0.043234669565698165,0.20091320275182084,0.08166444751289649,0.0
