,motive_1,motive_2,motive_3,motive_4,motive_5,motive_6,motive_7,motive_8
motive_1,0.0,-0.05696409666308898,-0.031149222964352304,0.027598420785818874,-0.049632475032396414,-0.10040493499889541,-0.06786085443453096,-0.015450558282148256
motive_2,-0.05696409666308898,0.0,-0.05759922166938663,0.028418598561282704,0.045053972843971155,0.014046081037125001,-0.016975156243269268,-0.004178476535097413
motive_3,-0.031149222964352304,-0.05759922166938663,0.0,0.1130931995562258,-0.07310213030107651,-0.10774210041061032,0.043000238646858174,0.015216211961783813
motive_4,0.027598420785818874,0.028418598561282704,0.1130931995562258,0.0,0.040692200628474146,-0.007815200566978051,-0.026717220001878837,-0.027864668638881682
motive_5,-0.049632475032396414,0.045053972843971155,-0.07310213030107651,0.040692200628474146,0.0,-0.03370188966235128,-0.03123879889097472,-0.04767738750274994
motive_6,-0.10040493499889541,0.014046081037125001,-0.10774210041061032,-0.007815200566978051,-0.03370188966235128,0.0,-0.0549377259049344,-0.10255075242654058
motive_7,-0.06786085443453096,-0.016975156243269268,0.043000238646858174,-0.026717220001878837,-0.03123879889097472,-0.0549377259049344,0.0,0.017225647382446616
motive_8,-0.015450558282148256,-0.004178476535097413,0.015216211961783813,-0.027864668638881682,-0.04767738750274994,-0.10255075242654058,0.017225647382446616,0.0
