,motive_1,motive_2,motive_3,motive_4,motive_5,motive_6,motive_7,motive_8
motive_1,0.0,0.30484427932202546,0.2470012572802504,-0.187990100763477,0.17720506389391374,0.23318085272779898,0.5215970937315383,0.02027867532774842
motive_2,0.30484427932202546,0.0,0.4836640344208928,0.10648376101718446,0.390173181612648,0.12179042754218733,0.2108440288203136,0.462366998900616
motive_3,0.2470012572802504,0.4836640344208928,0.0,0.24460265814416146,0.03446239110166756,-0.3688016210927195,0.4420354242896525,0.17755897369979026
motive_4,-0.187990100763477,0.10648376101718446,0.24460265814416146,0.0,-0.02263177980310946,0.12166694573316192,-0.3384787603214049,-0.09411155522817938
motive_5,0.17720506389391374,0.390173181612648,0.03446239110166756,-0.02263177980310946,0.0,0.06439000225144917,0.16616413134894142,-0.09478289654978761
motive_6,0.23318085272779898,0.12179042754218733,-0.3688016210927195,0.12166694573316192,0.06439000225144917,0.0,0.26592995859165197,0.42077549275234466
motive_7,0.5215970937315383,0.2108440288203136,0.4420354242896525,-0.3384787603214049,0.16616413134894142,0.26592995859165197,0.0,0.5013308175398491
motive_8,0.02027867532774842,0.462366998900616,0.17755897369979026,-0.09411155522817938,-0.09478289654978761,0.42077549275234466,0.5013308175398491,0.0
