,motive_1,motive_2,motive_3,motive_4,motive_5,motive_6,motive_7,motive_8
motive_1,0.0,-0.39935549347666266,0.47208509201966303,-0.29143733984287745,0.25545172885344763,0.3141943076589774,0.4789045778360458,0.26255295852148297
motive_2,-0.39935549347666266,0.0,-0.5790971265859923,0.3287472651916259,-0.19699283798047182,-0.4667414070418411,0.014444653298409021,-0.2581645780547998
motive_3,0.47208509201966303,-0.5790971265859923,0.0,0.3494699281595601,0.12928194170210144,0.6284284845010523,-0.6012606137682592,0.11735534591261716
motive_4,-0.29143733984287745,0.3287472651916259,0.3494699281595601,0.0,0.03974934266452523,0.14133170061476874,0.08704124570853033,0.5361160363094485
motive_5,0.25545172885344763,-0.19699283798047182,0.12928194170210144,0.03974934266452523,0.0,0.42041636647530845,-0.42888576162635467,0.29494843614397964
motive_6,0.3141943076589774,-0.4667414070418411,0.6284284845010523,0.14133170061476874,0.42041636647530845,0.0,0.4377902158360569,0.39160573471825216
motive_7,0.4789045778360458,0.014444653298409021,-0.6012606137682592,0.08704124570853033,-0.42888576162635467,0.4377902158360569,0.0,0.4589655238686651
motive_8,0.26255295852148297,-0.2581645780547998,0.11735534591261716,0.5361160363094485,0.29494843614397964,0.39160573471825216,0.4589655238686651,0.0
