,motive_1,motive_2,motive_3,motive_4,motive_5,motive_6,motive_7,motive_8
motive_1,0.0,0.026896761819298825,0.07903049675034987,0.08909348505375943,0.17586106900769696,0.237584464759604,0.07651001619794567,0.17046593776018704
motive_2,0.026896761819298825,0.0,0.05637558015618342,0.10634460820801568,0.15974713613434283,0.10886607634911108,0.1552386536294606,0.07217342987940914
motive_3,0.07903049675034987,0.05637558015618342,0.0,0.052262550759944806,0.08008777020040636,0.17705506540088703,0.18941159596577162,0.0817061566647469
motive_4,0.08909348505375943,0.10634460820801568,0.052262550759944806,0.0,0.16542883695964866,0.06014528356031994,0.11158585884918801,0.01699803836055664
motive_5,0.17586106900769696,0.15974713613434283,0.08008777020040636,0.16542883695964866,0.0,0.05772851270234766,0.08233862503225185,0.0014671162108126773
motive_6,0.237584464759604,0.10886607634911108,0.17705506540088703,0.06014528356031994,0.05772851270234766,0.0,0.05219294482008342,0.10529844034788903
motive_7,0.07651001619794567,0.1552386536294606,0.18941159596577162,0.11158585884918801,0.08233862503225185,0.05219294482008342,0.0,0.1808991524800215
motive_8,0.17046593776018704,0.07217342987940914,0.0817061566647469,0.01699803836055664,0.0014671162108126773,0.10529844034788903,0.1808991524800215,0.0
