,motive_1,motive_2,motive_3,motive_4,motive_5,motive_6,motive_7,motive_8
motive_1,0.0,0.20080698393432572,0.1380254620396004,0.06365937222989021,0.1540700662526277,0.16325424924240672,0.1261285309707195,0.12544923726898632
motive_2,0.20080698393432572,0.0,0.12086297349211367,0.17718401165176295,0.019218697614267574,0.11688973708970811,0.07377981140726561,0.06457622955261486
motive_3,0.1380254620396004,0.12086297349211367,0.0,0.2419667673016456,0.13155994213493755,0.10073963460417473,0.06362664475423618,0.11119869460332708
motive_4,0.06365937222989021,0.17718401165176295,0.2419667673016456,0.0,0.07773522260564433,0.09858642861916779,0.07881519755248363,0.1553652854119761
motive_5,0.1540700662526277,0.019218697614267574,0.13155994213493755,0.07773522260564433,0.0,0.13669956327642946,0.1315085043681976,0.15003029201064758
motive_6,0.16325424924240672,0.11688973708970811,0.10073963460417473,0.09858642861916779,0.13669956327642946,0.0,0.11238607340155708,0.1887501939828078
motive_7,0.1261285309707195,0.07377981140726561,0.06362664475423618,0.07881519755248363,0.1315085043681976,0.11238607340155708,0.0,0.165460166529215
motive_8,0.12544923726898632,0.06457622955261486,0.11119869460332708,0.1553652854119761,0.15003029201064758,0.1887501939828078,0.165460166529215,0.0
