,motive_1,motive_2,motive_3,motive_4,motive_5,motive_6,motive_7,motive_8
motive_1,0.0,-0.07493272232876183,-0.024315612258852794,0.14364587734943868,-0.050254042161779935,-0.12251273771159873,-0.08819338028485202,0.10690505746380467
motive_2,-0.07493272232876183,0.0,-0.026085943916319028,0.06188071834195336,0.029895228064080983,0.04789194292597527,0.10119684201595526,-0.04221757540504943
motive_3,-0.024315612258852794,-0.026085943916319028,0.0,-0.026101388003589215,0.09733223019695678,-0.03816779692050673,-0.06798699196013416,0.13356598829504013
motive_4,0.14364587734943868,0.06188071834195336,-0.026101388003589215,0.0,0.018014769251694117,0.09045386260795796,0.14883409613066478,0.14437348451603274
motive_5,-0.050254042161779935,0.029895228064080983,0.09733223019695678,0.018014769251694117,0.0,-0.036283363803027935,0.09201202260084557,-0.013066100646460747
motive_6,-0.12251273771159873,0.04789194292597527,-0.03816779692050673,0.09045386260795796,-0.036283363803027935,0.0,0.02733685068095257,0.016402309481252885
motive_7,-0.08819338028485202,0.10119684201595526,-0.06798699196013416,0.14883409613066478,0.09201202260084557,0.02733685068095257,0.0,-0.05489973392908562
motive_8,0.10690505746380467,-0.04221757540504943,0.13356598829504013,0.14437348451603274,-0.013066100646460747,0.016402309481252885,-0.05489973392908562,0.0
