,motive_1,motive_2,motive_3,motive_4,motive_5,motive_6,motive_7,motive_8
motive_1,0.0,0.18259936629166187,0.07233130247852433,0.2205341603630518,-0.02841256942565494,0.2761146823292429,0.049187158826359,0.09024711569394608
motive_2,0.18259936629166187,0.0,0.16866028202039884,0.1500803273072314,0.17005937601566157,0.030686149975861714,0.1380871722295688,0.14795854776395834
motive_3,0.07233130247852433,0.16866028202039884,0.0,0.113998039108163,0.21402886387761338,-0.007582098019778466,-0.0010437162876057449,0.053228293452301054
motive_4,0.2205341603630518,0.1500803273072314,0.113998039108163,0.0,0.14479645442843198,0.04508503336727672,0.24751099108311603,0.14970068260869365
motive_5,-0.02841256942565494,0.17005937601566157,0.21402886387761338,0.14479645442843198,0.0,0.108489209573577,0.1571757440067977,-0.025534029595337848
motive_6,0.2761146823292429,0.030686149975861714,-0.007582098019778466,0.04508503336727672,0.108489209573577,0.0,0.004427957555195733,0.13307411241022624
motive_7,0.049187158826359,0.1380871722295688,-0.0010437162876057449,0.24751099108311603,0.1571757440067977,0.004427957555195733,0.0,0.15333665615735653
motive_8,0.09024711569394608,0.14795854776395834,0.053228293452301054,0.14970068260869365,-0.025534029595337848,0.13307411241022624,0.15333665615735653,0.0
