,motive_1,motive_2,motive_3,motive_4,motive_5,motive_6,motive_7,motive_8
motive_1,0.0,0.06094899986417393,0.21474948656309023,0.44838454935211725,0.4372014336378939,0.20713099948572225,-0.24006655112372394,0.3093140433341516
motive_2,0.06094899986417393,0.0,0.1492902445725814,0.15433444367739374,0.0731575428291587,0.29688678165124494,0.2010647683069532,-0.18170046935286227
motive_3,0.21474948656309023,0.1492902445725814,0.0,0.5764805053222173,0.1988158025456893,0.3061290465116258,-0.09518625296198892,0.08134082460070977
motive_4,0.44838454935211725,0.15433444367739374,0.5764805053222173,0.0,0.30778763958875194,0.05266896104416402,0.2546428881581723,0.14447865962429815
motive_5,0.4372014336378939,0.0731575428291587,0.1988158025456893,0.30778763958875194,0.0,0.5404687295311331,0.343680645513079,0.02232091047776716
motive_6,0.20713099948572225,0.29688678165124494,0.3061290465116258,0.05266896104416402,0.5404687295311331,0.0,-0.0036108763371535957,0.21454031024727102
motive_7,-0.24006655112372394,0.2010647683069532,-0.09518625296198892,0.2546428881581723,0.343680645513079,-0.0036108763371535957,0.0,0.22415536329746572
motive_8,0.3093140433341516,-0.18170046935286227,0.08134082460070977,0.14447865962429815,0.02232091047776716,0.21454031024727102,0.22415536329746572,0.0
