,motive_1,motive_2,motive_3,motive_4,motive_5,motive_6,motive_7,motive_8
motive_1,0.0,0.2823694162852167,0.018185193100438084,0.3132603479908485,0.15840487203584186,0.13739252353295164,-0.012140161436322155,-0.04656192144821131
motive_2,0.2823694162852167,0.0,0.24410839753358493,-0.1581521475849067,0.11200638881800655,0.32087437372632394,0.30577211390187653,0.20643726594008893
motive_3,0.018185193100438084,0.24410839753358493,0.0,0.6872023217420435,-0.19974958818479702,0.36858583074638485,-0.11957677444056894,0.4313771621672697
motive_4,0.3132603479908485,-0.1581521475849067,0.6872023217420435,0.0,0.5799104561642884,0.13806826767930191,0.4214337899470193,0.5686335990747255
motive_5,0.15840487203584186,0.11200638881800655,-0.19974958818479702,0.5799104561642884,0.0,0.36173345139917207,0.28900165090584495,0.516354529254259
motive_6,0.13739252353295164,0.32087437372632394,0.36858583074638485,0.13806826767930191,0.36173345139917207,0.0,-0.029770241657199395,0.4158179187196328
motive_7,-0.012140161436322155,0.30577211390187653,-0.11957677444056894,0.4214337899470193,0.28900165090584495,-0.029770241657199395,0.0,0.4252234441884616
motive_8,-0.04656192144821131,0.20643726594008893,0.4313771621672697,0.5686335990747255,0.516354529254259,0.4158179187196328,0.4252234441884616,0.0
