,motive_1,motive_2,motive_3,motive_4,motive_5,motive_6,motive_7,motive_8
motive_1,0.0,-0.09786348777145029,0.13186693494338975,-0.001002742225097858,-0.10329926240086555,0.02458530131171419,-0.016674771738066974,-0.031419980552071514
motive_2,-0.09786348777145029,0.0,0.03615078841535495,-0.15156441915314364,0.08681428869957183,0.009537120509082732,-0.022433515640835497,0.05383003691389305
motive_3,0.13186693494338975,0.03615078841535495,0.0,-0.08861265982072143,0.00946366788925661,0.12575637040203666,-0.11856691591925088,-0.020881469201743864
motive_4,-0.001002742225097858,-0.15156441915314364,-0.08861265982072143,0.0,-0.048321270535859856,0.15640655475284027,0.14644705435168992,-0.03366797113266852
motive_5,-0.10329926240086555,0.08681428869957183,0.00946366788925661,-0.048321270535859856,0.0,-0.005258576713346706,-0.12075365481360183,0.13206932250605455
motive_6,0.02458530131171419,0.009537120509082732,0.12575637040203666,0.15640655475284027,-0.005258576713346706,0.0,-0.04314150647431618,0.049061576946342576
motive_7,-0.016674771738066974,-0.022433515640835497,-0.11856691591925088,0.14644705435168992,-0.12075365481360183,-0.04314150647431618,0.0,-0.06784347230553536
motive_8,-0.031419980552071514,0.05383003691389305,-0.020881469201743864,-0.03366797113266852,0.13206932250605455,0.049061576946342576,-0.06784347230553536,0.0
