,motive_1,motive_2,motive_3,motive_4,motive_5,motive_6,motive_7,motive_8
motive_1,0.0,-0.002412008159383583,0.06862723811371285,0.09211163419961274,0.08631302504322041,0.06525102015266009,0.025818260051818254,0.20606435069893508
motive_2,-0.002412008159383583,0.0,0.10437014425988185,0.17191334909973022,0.07551923499189254,0.00954724336350364,0.06269330755498365,-0.014050825703109782
motive_3,0.06862723811371285,0.10437014425988185,0.0,0.03296041251617861,0.13041142342695447,0.1211495529335581,0.15532195516549913,0.21312732039123888
motive_4,0.09211163419961274,0.17191334909973022,0.03296041251617861,0.0,0.0902572430300736,0.05161315946413648,0.11554884601771649,0.18110815907848238
motive_5,0.08631302504322041,0.07551923499189254,0.13041142342695447,0.0902572430300736,0.0,0.07327509740502797,0.082856771217473,0.0843555590323455
motive_6,0.06525102015266009,0.00954724336350364,0.1211495529335581,0.05161315946413648,0.07327509740502797,0.0,0.10601028136673399,0.09897351592780224
motive_7,0.025818260051818254,0.06269330755498365,0.15532195516549913,0.11554884601771649,0.082856771217473,0.10601028136673399,0.0,0.10615847209081039
motive_8,0.20606435069893508,-0.014050825703109782,0.21312732039123888,0.18110815907848238,0.0843555590323455,0.09897351592780224,0.10615847209081039,0.0
