,motive_1,motive_2,motive_3,motive_4,motive_5,motive_6,motive_7,motive_8
motive_1,0.0,0.12275999959487194,0.09365120122519474,0.18300549907470243,0.05618952244656518,0.09257063221180392,0.14795975388741994,0.21707997244251587
motive_2,0.12275999959487194,0.0,0.03582359766247255,0.08794632135034063,0.10312336271608812,0.1192784932053938,0.01754953056264022,0.13049912150690754
motive_3,0.09365120122519474,0.03582359766247255,0.0,0.09587013247760054,0.019942461395216604,0.061467471363650494,0.024537316642486665,0.07850336194990978
motive_4,0.18300549907470243,0.08794632135034063,0.09587013247760054,0.0,0.06461467227017835,0.3189176789363817,0.03201937729486444,0.019833990670741194
motive_5,0.05618952244656518,0.10312336271608812,0.019942461395216604,0.06461467227017835,0.0,0.08930975089630701,0.17815400406845183,0.19497121995070715
motive_6,0.09257063221180392,0.1192784932053938,0.061467471363650494,0.3189176789363817,0.08930975089630701,0.0,0.024170791927251287,-0.02646566130435031
motive_7,0.14795975388741994,0.01754953056264022,0.024537316642486665,0.03201937729486444,0.17815400406845183,0.024170791927251287,0.0,0.10940344911632228
motive_8,0.21707997244251587,0.13049912150690754,0.07850336194990978,0.019833990670741194,0.19497121995070715,-0.02646566130435031,0.10940344911632228,0.0
