,motive_1,motive_2,motive_3,motive_4,motive_5,motive_6,motive_7,motive_8
motive_1,0.0,0.350684174561927,0.24484645289018078,0.2072875881976463,0.2323348848309318,0.04995436527760225,0.08344912560926473,-0.23024083985888472
motive_2,0.350684174561927,0.0,0.17225775128770743,0.0955768003789263,0.13592613542896917,0.02188863165756924,0.18185270278899288,0.4410781039844741
motive_3,0.24484645289018078,0.17225775128770743,0.0,0.17457903235337988,0.23152513408598444,0.29313754820148485,0.22444476390671053,0.4724137150019699
motive_4,0.2072875881976463,0.0955768003789263,0.17457903235337988,0.0,0.43073659144673415,0.23154100260450858,-0.10082124839242208,0.171576719970304
motive_5,0.2323348848309318,0.13592613542896917,0.23152513408598444,0.43073659144673415,0.0,0.1652567727199717,-0.09867119377202316,0.15145330550154842
motive_6,0.04995436527760225,0.02188863165756924,0.29313754820148485,0.23154100260450858,0.1652567727199717,0.0,0.32515496473535505,0.1851964630658563
motive_7,0.08344912560926473,0.18185270278899288,0.22444476390671053,-0.10082124839242208,-0.09867119377202316,0.32515496473535505,0.0,0.24314078127989563
motive_8,-0.23024083985888472,0.4410781039844741,0.4724137150019699,0.171576719970304,0.15145330550154842,0.1851964630658563,0.24314078127989563,0.0
