,motive_1,motive_2,motive_3,motive_4,motive_5,motive_6,motive_7,motive_8
motive_1,0.0,0.11316408526445601,0.12444542903887239,-0.13800876908335524,-0.11750666782391916,0.04230350095157677,-0.07239716187278639,0.023089688121849673
motive_2,0.11316408526445601,0.0,0.0753949968675866,-0.03662302356951507,0.03957561957631853,-0.11832857454026291,0.08970806894259437,0.0660267453181296
motive_3,0.12444542903887239,0.0753949968675866,0.0,0.06466457974875786,0.08324155038274123,0.05499161171978491,-0.11149595957818202,0.13357365909077862
motive_4,-0.13800876908335524,-0.03662302356951507,0.06466457974875786,0.0,-0.015685220148944093,-0.014397451672731387,-0.06472037903677752,-0.08645982178774937
motive_5,-0.11750666782391916,0.03957561957631853,0.08324155038274123,-0.015685220148944093,0.0,0.05134058810510432,0.04320879410569395,-0.024454069521995025
motive_6,0.04230350095157677,-0.11832857454026291,0.05499161171978491,-0.014397451672731387,0.05134058810510432,0.0,0.07971512653483318,0.06038874140509985
motive_7,-0.07239716187278639,0.08970806894259437,-0.11149595957818202,-0.06472037903677752,0.04320879410569395,0.07971512653483318,0.0,0.06917939819656078
motive_8,0.023089688121849673,0.0660267453181296,0.13357365909077862,-0.08645982178774937,-0.024454069521995025,0.06038874140509985,0.06917939819656078,0.0
