,motive_1,motive_2,motive_3,motive_4,motive_5,motive_6,motive_7,motive_8
satisfaction,0.26335568270132953,0.03663419134824114,0.10838789004785684,-0.29097802804528444,0.4085342428035862,0.20429774021500818,0.47973108773239387,0.2388896672661654
