,motive_1,motive_2,motive_3,motive_4,motive_5,motive_6,motive_7,motive_8
motive_1,0.0,0.13798961241031302,0.16920303180418192,0.4367223222749411,0.02603766639619913,-0.3456023611043192,0.12727449774545124,0.47953168509152994
motive_2,0.13798961241031302,0.0,0.1524545080595976,-0.21847922609801296,0.24706756944192373,0.5087022418824263,0.3264397575590199,0.02015874254629413
motive_3,0.16920303180418192,0.1524545080595976,0.0,0.15583567784577848,0.07680779446903976,0.7449060470428467,0.10682394731691935,0.20906724575686184
motive_4,0.4367223222749411,-0.21847922609801296,0.15583567784577848,0.0,0.19785808050425435,0.12467076371701122,0.5292069850452406,0.05127541979925079
motive_5,0.02603766639619913,0.24706756944192373,0.07680779446903976,0.19785808050425435,0.0,0.29676231356487986,0.09587743660472142,-0.045056057335780206
motive_6,-0.3456023611043192,0.5087022418824263,0.7449060470428467,0.12467076371701122,0.29676231356487986,0.0,0.12650882361122626,0.49784609451156886
motive_7,0.12727449774545124,0.3264397575590199,0.10682394731691935,0.5292069850452406,0.09587743660472142,0.12650882361122626,0.0,0.2612645013094461
motive_8,0.47953168509152994,0.02015874254629413,0.20906724575686184,0.05127541979925079,-0.045056057335780206,0.49784609451156886,0.2612645013094461,0.0
