,motive_1,motive_2,motive_3,motive_4,motive_5,motive_6,motive_7,motive_8
motive_1,0.0,0.6695484556227564,0.579516869550594,0.4559086589532981,0.5500839538638298,0.8754330826741425,0.6478047205134336,0.2721968410266586
motive_2,0.6695484556227564,0.0,0.4850448824738768,0.28414616289943295,0.3153201833862488,0.3159907525395943,0.5852538695224481,1.074197306414568
motive_3,0.579516869550594,0.4850448824738768,0.0,0.5985574155142174,0.26456100666204696,0.6735251690922778,-0.23896652286277506,0.4195384032553391
motive_4,0.4559086589532981,0.28414616289943295,0.5985574155142174,0.0,0.8239204691263788,0.3058973435065779,0.5446508781822048,0.4006995795961833
motive_5,0.5500839538638298,0.3153201833862488,0.26456100666204696,0.8239204691263788,0.0,0.3856604672367037,0.2270222331399711,0.46354365640671924
motive_6,0.8754330826741425,0.3159907525395943,0.6735251690922778,0.3058973435065779,0.3856604672367037,0.0,0.3705016488370816,0.2630878378623117
motive_7,0.6478047205134336,0.5852538695224481,-0.23896652286277506,0.5446508781822048,0.2270222331399711,0.3705016488370816,0.0,0.5261911576757083
motive_8,0.2721968410266586,1.074197306414568,0.4195384032553391,0.4006995795961833,0.46354365640671924,0.2630878378623117,0.5261911576757083,0.0
