,motive_1,motive_2,motive_3,motive_4,motive_5,motive_6,motive_7,motive_8
satisfaction,0.3053157002656013,-0.27274023041142226,0.037335571504353654,0.3520287196393973,0.406058794941928,0.5764185604786036,0.3980299812341862,0.6487276831213634
