,motive_1,motive_2,motive_3,motive_4,motive_5,motive_6,motive_7,motive_8
satisfaction,0.34622430147509387,0.2998404552705204,0.1434038566942458,0.15472207437788282,0.08180845333671927,0.329026080199889,-0.0017347623883450514,-0.004695330935774303
