,motive_1,motive_2,motive_3,motive_4,motive_5,motive_6,motive_7,motive_8
motive_1,0.0,0.0506057733420218,0.18852957287928554,0.09357339528640415,0.03247412628386797,0.12638193638515496,0.15414167622133287,0.031811873360435367
motive_2,0.0506057733420218,0.0,0.1494443940938097,0.2614379433991491,0.06858736078719528,0.13324690935212719,0.08674458244329775,0.02469791859868921
motive_3,0.18852957287928554,0.1494443940938097,0.0,0.18049611954149167,0.18175709963855397,0.10184657963680452,0.2096486885632065,-0.015131624445593336
motive_4,0.09357339528640415,0.2614379433991491,0.18049611954149167,0.0,0.042321732069569865,0.006396317987575666,0.14276548434939745,0.047054334256219146
motive_5,0.03247412628386797,0.06858736078719528,0.18175709963855397,0.042321732069569865,0.0,0.1968728126978119,0.13440017640815038,0.08705491130510977
motive_6,0.12638193638515496,0.13324690935212719,0.10184657963680452,0.006396317987575666,0.1968728126978119,0.0,0.10078540502111358,0.0502611790868166
motive_7,0.15414167622133287,0.08674458244329775,0.2096486885632065,0.14276548434939745,0.13440017640815038,0.10078540502111358,0.0,0.16032480524930576
motive_8,0.031811873360435367,0.02469791859868921,-0.015131624445593336,0.047054334256219146,0.08705491130510977,0.0502611790868166,0.16032480524930576,0.0
