,motive_1,motive_2,motive_3,motive_4,motive_5,motive_6,motive_7,motive_8
motive_1,0.0,0.2215319110882751,0.04030671882952219,0.39604345017128784,0.033574979990863146,0.22622465213536835,0.04567826382205036,0.13638317475762696
motive_2,0.2215319110882751,0.0,0.4052442710111311,-0.23756988278567157,-0.2040159190182398,0.3295760240723715,-0.11147558415329102,-0.11607871616548292
motive_3,0.04030671882952219,0.4052442710111311,0.0,0.2626205971548384,0.3084907295531283,0.15684430388024126,0.340879593741495,0.5970358696199124
motive_4,0.39604345017128784,-0.23756988278567157,0.2626205971548384,0.0,-0.14205240166135308,0.11641338117887544,0.003986328375193804,0.5241666751640208
motive_5,0.033574979990863146,-0.2040159190182398,0.3084907295531283,-0.14205240166135308,0.0,0.035840946716934,0.08153327949302326,0.24585778584034024
motive_6,0.22622465213536835,0.3295760240723715,0.15684430388024126,0.11641338117887544,0.035840946716934,0.0,0.15271090702779352,0.45181112809956714
motive_7,0.04567826382205036,-0.11147558415329102,0.340879593741495,0.003986328375193804,0.08153327949302326,0.15271090702779352,0.0,0.40775730694640056
motive_8,0.13638317475762696,-0.11607871616548292,0.5970358696199124,0.5241666751640208,0.24585778584034024,0.45181112809956714,0.40775730694640056,0.0
