,motive_1,motive_2,motive_3,motive_4,motive_5,motive_6,motive_7,motive_8
motive_1,0.0,0.4809480337938774,0.3513885542174504,0.3413312686098945,0.2902743883807028,0.4018650498194113,0.2485443793787142,0.37383363323290497
motive_2,0.4809480337938774,0.0,0.5745233793984734,0.5786146431062131,0.21478367114572838,0.4948681579449812,0.5066547289834169,0.6186475543096633
motive_3,0.3513885542174504,0.5745233793984734,0.0,0.4314236964956196,0.27904952639516767,0.5962837726269288,0.4084767050512677,0.644632306335803
motive_4,0.3413312686098945,0.5786146431062131,0.4314236964956196,0.0,0.4805762008569439,0.11030918127457105,0.6370613982113535,0.14149221816455226
motive_5,0.2902743883807028,0.21478367114572838,0.27904952639516767,0.4805762008569439,0.0,0.6249303638243476,0.613587572569335,0.18392134624978962
motive_6,0.4018650498194113,0.4948681579449812,0.5962837726269288,0.11030918127457105,0.6249303638243476,0.0,0.45058231200084353,0.5237634908803737
motive_7,0.2485443793787142,0.5066547289834169,0.4084767050512677,0.6370613982113535,0.613587572569335,0.45058231200084353,0.0,0.44726017910663735
motive_8,0.37383363323290497,0.6186475543096633,0.644632306335803,0.14149221816455226,0.18392134624978962,0.5237634908803737,0.44726017910663735,0.0
