,motive_1,motive_2,motive_3,motive_4,motive_5,motive_6,motive_7,motive_8
motive_1,0.0,0.44722732716272845,-0.14883207856584518,0.7296190353366252,0.3249542185180657,-0.5188998441909349,0.38936266363508576,-0.011532989654938403
motive_2,0.44722732716272845,0.0,-0.2509595806863682,0.7834465606508767,-0.19345433951347185,-0.6518996996770796,0.24070772693650527,0.2165775263245424
motive_3,-0.14883207856584518,-0.2509595806863682,0.0,-0.040811138123934776,0.2037495766764385,-0.18357838215213274,-0.44003483091667883,0.3012576294049576
motive_4,0.7296190353366252,0.7834465606508767,-0.040811138123934776,0.0,-0.07559514348347476,0.875097086247065,0.07503872531419069,0.13956262463602798
motive_5,0.3249542185180657,-0.19345433951347185,0.2037495766764385,-0.07559514348347476,0.0,0.8439253830320687,0.5406820903861035,-0.22971009730589853
motive_6,-0.5188998441909349,-0.6518996996770796,-0.18357838215213274,0.875097086247065,0.8439253830320687,0.0,0.17901015453767133,0.07094908386537242
motive_7,0.38936266363508576,0.24070772693650527,-0.44003483091667883,0.07503872531419069,0.5406820903861035,0.17901015453767133,0.0,-0.5166975136016073
motive_8,-0.011532989654938403,0.2165775263245424,0.3012576294049576,0.13956262463602798,-0.22971009730589853,0.07094908386537242,-0.5166975136016073,0.0
