,motive_1,motive_2,motive_3,motive_4,motive_5,motive_6,motive_7,motive_8
satisfaction,-0.14218819978452946,0.3944685847128142,0.1000752935772202,0.676598778258498,-0.09394457541247386,-0.09608808805553498,0.4193935334559232,0.2728067233766744
