,motive_1,motive_2,motive_3,motive_4,motive_5,motive_6,motive_7,motive_8
motive_1,0.0,0.4116287693889369,0.37612480413217697,0.4822891244875948,0.09204413186783533,0.37211629382012656,-0.0320356444004648,0.5257211844925883
motive_2,0.4116287693889369,0.0,0.32370795204277314,0.4008575983050295,0.9004720468098536,0.47319123771400756,0.6551434437663755,0.45645063713265954
motive_3,0.37612480413217697,0.32370795204277314,0.0,0.5157551261690954,0.5672055009437805,0.1534605290798039,0.1122942810595767,0.5401999858865882
motive_4,0.4822891244875948,0.4008575983050295,0.5157551261690954,0.0,0.2004969023641784,0.4874369841606616,0.44570245886831644,0.23552194964848158
motive_5,0.09204413186783533,0.9004720468098536,0.5672055009437805,0.2004969023641784,0.0,0.32663321287216707,0.49356759155165053,0.4465852662099064
motive_6,0.37211629382012656,0.47319123771400756,0.1534605290798039,0.4874369841606616,0.32663321287216707,0.0,0.2662368891241629,0.3152410502482006
motive_7,-0.0320356444004648,0.6551434437663755,0.1122942810595767,0.44570245886831644,0.49356759155165053,0.2662368891241629,0.0,0.7593378624945555
motive_8,0.5257211844925883,0.45645063713265954,0.5401999858865882,0.23552194964848158,0.4465852662099064,0.3152410502482006,0.7593378624945555,0.0
