,motive_1,motive_2,motive_3,motive_4,motive_5,motive_6,motive_7,motive_8
motive_1,0.0,0.4675243864912123,0.6194564622144026,0.12266928540913102,0.29415611342723386,0.5584509289223492,0.504111210057241,0.7184581769143062
motive_2,0.4675243864912123,0.0,0.15487526564002363,0.2540196453084004,0.37036552017118696,0.5536293782935753,0.5625930596686566,0.6460861248758196
motive_3,0.6194564622144026,0.15487526564002363,0.0,0.4799518356342295,0.6608647779891403,0.7787142906336987,0.47513167506289367,0.5129019452791646
motive_4,0.12266928540913102,0.2540196453084004,0.4799518356342295,0.0,0.5386278685013712,0.6757695539131944,0.3983251290085803,0.4245529353319186
motive_5,0.29415611342723386,0.37036552017118696,0.6608647779891403,0.5386278685013712,0.0,0.474710844932967,0.9520455669542522,0.14551157182019925
motive_6,0.5584509289223492,0.5536293782935753,0.7787142906336987,0.6757695539131944,0.474710844932967,0.0,0.6447347674487814,0.2579488283449078
motive_7,0.504111210057241,0.5625930596686566,0.47513167506289367,0.3983251290085803,0.9520455669542522,0.6447347674487814,0.0,0.47781752572600394
motive_8,0.7184581769143062,0.6460861248758196,0.5129019452791646,0.4245529353319186,0.14551157182019925,0.2579488283449078,0.47781752572600394,0.0
