,motive_1,motive_2,motive_3,motive_4,motive_5,motive_6,motive_7,motive_8
motive_1,0.0,0.02530556456731438,-0.023239967567097564,-0.17569662619863247,0.28012127736795045,0.3516316445550619,0.3722876794629363,0.17271467239222998
motive_2,0.02530556456731438,0.0,0.36298331894294195,0.505154661788524,0.19012681443907667,0.31072643758883894,0.282375066360695,0.21217140011456453
motive_3,-0.023239967567097564,0.36298331894294195,0.0,0.3878234399058197,-0.024866414238437412,0.1024834558143931,0.5709119671546059,0.3408150433162409
motive_4,-0.17569662619863247,0.505154661788524,0.3878234399058197,0.0,0.36950179131497674,0.2874343756137895,0.13764522237630578,0.18958769572857784
motive_5,0.28012127736795045,0.19012681443907667,-0.024866414238437412,0.36950179131497674,0.0,0.45126214972497247,0.17962186748025039,0.04043705922746868
motive_6,0.3516316445550619,0.31072643758883894,0.1024834558143931,0.2874343756137895,0.45126214972497247,0.0,0.07255960988734617,0.23700143463243017
motive_7,0.3722876794629363,0.282375066360695,0.5709119671546059,0.13764522237630578,0.17962186748025039,0.07255960988734617,0.0,0.30176126246016194
motive_8,0.17271467239222998,0.21217140011456453,0.3408150433162409,0.18958769572857784,0.04043705922746868,0.23700143463243017,0.30176126246016194,0.0
