,motive_1,motive_2,motive_3,motive_4,motive_5,motive_6,motive_7,motive_8
motive_1,0.0,0.05815714017521993,0.19147709723663017,0.14037017785680223,0.06370042381729549,0.07963282202357329,0.09353188162046722,-0.0022369096676416317
motive_2,0.05815714017521993,0.0,0.15467658531940526,0.11991880763367033,0.12450943774494792,0.1056704753434301,0.012380937134381868,0.1770369888423981
motive_3,0.19147709723663017,0.15467658531940526,0.0,0.04372280793893549,0.1486730275138914,-0.035322494267276294,0.10496327671369635,0.040225177428872744
motive_4,0.14037017785680223,0.11991880763367033,0.04372280793893549,0.0,0.038736861514940345,0.20649202640766884,0.2518043317730062,-0.004252575130523573
motive_5,0.06370042381729549,0.12450943774494792,0.1486730275138914,0.038736861514940345,0.0,0.059084134663113935,0.05942329591285185,0.04638309792075788
motive_6,0.07963282202357329,0.1056704753434301,-0.035322494267276294,0.20649202640766884,0.059084134663113935,0.0,0.031624288695777575,0.058393649166397124
motive_7,0.09353188162046722,0.012380937134381868,0.10496327671369635,0.2518043317730062,0.05942329591285185,0.031624288695777575,0.0,0.04055554997473674
motive_8,-0.0022369096676416317,0.1770369888423981,0.040225177428872744,-0.004252575130523573,0.04638309792075788,0.058393649166397124,0.04055554997473674,0.0
