,motive_1,motive_2,motive_3,motive_4,motive_5,motive_6,motive_7,motive_8
satisfaction,0.15867519095048244,0.2105162028587314,0.609454531264437,-0.07146190309898759,0.6034817606805769,-0.35093458858710086,0.2955955160400502,0.12221753300398333
