,motive_1,motive_2,motive_3,motive_4,motive_5,motive_6,motive_7,motive_8
motive_1,0.0,0.5531031689410009,0.4799532970169034,0.3853779474989417,0.09219685341501166,0.20428244208559276,0.5419964253792796,0.6082493071032635
motive_2,0.5531031689410009,0.0,0.7208195806674382,0.1528792221016595,0.7413792854429107,0.11175203307147144,0.3512956502395422,-0.026639339092782488
motive_3,0.4799532970169034,0.7208195806674382,0.0,0.29371401229196703,0.6397048629408199,0.35451959752875545,0.3670759073631289,0.6590381693214812
motive_4,0.3853779474989417,0.1528792221016595,0.29371401229196703,0.0,0.46607296584907293,0.05549083255677875,0.25125083830310563,0.7531243568904838
motive_5,0.09219685341501166,0.7413792854429107,0.6397048629408199,0.46607296584907293,0.0,0.6582850385120855,0.13363866175374106,0.09626826671191871
motive_6,0.20428244208559276,0.11175203307147144,0.35451959752875545,0.05549083255677875,0.6582850385120855,0.0,0.8630008641778389,0.5417313893836804
motive_7,0.5419964253792796,0.3512956502395422,0.3670759073631289,0.25125083830310563,0.13363866175374106,0.8630008641778389,0.0,0.46544023296594966
motive_8,0.6082493071032635,-0.026639339092782488,0.6590381693214812,0.7531243568904838,0.09626826671191871,0.5417313893836804,0.46544023296594966,0.0
