,motive_1,motive_2,motive_3,motive_4,motive_5,motive_6,motive_7,motive_8
motive_1,0.0,0.17494941883342285,0.2381396394259801,-0.2910694129788847,0.023551551092567846,0.3382922462943195,0.2334623763452393,0.01911169686700294
motive_2,0.17494941883342285,0.0,0.47384886443437196,-0.10824701891826832,0.005778622078086118,-0.5103195287192808,0.6060283773511808,-1.0700547963273068
motive_3,0.2381396394259801,0.47384886443437196,0.0,0.3682106708048347,0.5362826702752865,-0.45053738880699123,-0.5207137275273382,-0.17194794479387226
motive_4,-0.2910694129788847,-0.10824701891826832,0.3682106708048347,0.0,0.03355342362342904,0.2552189188815656,0.5381840442972008,0.006989073026938061
motive_5,0.023551551092567846,0.005778622078086118,0.5362826702752865,0.03355342362342904,0.0,-0.5677837522224727,-0.40645961758030247,-0.5590509070754033
motive_6,0.3382922462943195,-0.5103195287192808,-0.45053738880699123,0.2552189188815656,-0.5677837522224727,0.0,0.49933468246446844,-0.24678463173578113
motive_7,0.2334623763452393,0.6060283773511808,-0.5207137275273382,0.5381840442972008,-0.40645961758030247,0.49933468246446844,0.0,-0.21315762037240515
motive_8,0.01911169686700294,-1.0700547963273068,-0.17194794479387226,0.006989073026938061,-0.5590509070754033,-0.24678463173578113,-0.21315762037240515,0.0
