,motive_1,motive_2,motive_3,motive_4,motive_5,motive_6,motive_7,motive_8
motive_1,0.0,-0.018538922556871788,-0.044264817778231436,-0.049712247394279596,0.03104721034513691,-0.06724362199023981,0.09910343617153902,-0.000967550848317407
motive_2,-0.018538922556871788,0.0,0.12372713375521728,-0.09369650325572557,-0.1116261748315022,-0.05573453529700503,0.07214228362517479,-0.02092160395013031
motive_3,-0.044264817778231436,0.12372713375521728,0.0,-0.008770882935637409,0.15087576050009074,0.008187168353711395,-0.07909867455406443,0.11565446005441428
motive_4,-0.049712247394279596,-0.09369650325572557,-0.008770882935637409,0.0,-0.03317745202558993,0.005835476319666974,-0.023324390150199586,0.014270389953689098
motive_5,0.03104721034513691,-0.1116261748315022,0.15087576050009074,-0.03317745202558993,0.0,0.01538309004964021,0.04212675924809603,0.028251324199863405
motive_6,-0.06724362199023981,-0.05573453529700503,0.008187168353711395,0.005835476319666974,0.01538309004964021,0.0,0.04723747747034959,0.1759491169789028
motive_7,0.09910343617153902,0.07214228362517479,-0.07909867455406443,-0.023324390150199586,0.04212675924809603,0.04723747747034959,0.0,0.041324848255468206
motive_8,-0.000967550848317407,-0.02092160395013031,0.11565446005441428,0.014270389953689098,0.028251324199863405,0.1759491169789028,0.041324848255468206,0.0
