,motive_1,motive_2,motive_3,motive_4,motive_5,motive_6,motive_7,motive_8
satisfaction,-0.33318272042033276,-0.41198205355682643,0.17213969969892381,0.41816013504591265,0.330907439143704,0.10186617766038668,0.3469854154238926,-0.07552619741887562
