,motive_1,motive_2,motive_3,motive_4,motive_5,motive_6,motive_7,motive_8
motive_1,0.0,0.28105977255174097,0.19361056952377742,0.2779379477803418,0.537673541272675,0.24579735025899602,0.26220268711565287,0.23608655922125585
motive_2,0.28105977255174097,0.0,0.6643721891961719,0.6737424743546434,0.5116670284197444,0.4085190922849177,0.35024272089202435,0.06925423749866622
motive_3,0.19361056952377742,0.6643721891961719,0.0,0.3198954281494945,0.1593003106312235,0.4630203556869076,0.5762713886961732,0.4575396258107315
motive_4,0.2779379477803418,0.6737424743546434,0.3198954281494945,0.0,0.22195327892099073,0.3136902221846893,0.5083225696681523,0.3798725587464876
motive_5,0.537673541272675,0.5116670284197444,0.1593003106312235,0.22195327892099073,0.0,0.476306689414127,0.4013585263207389,0.3652370986422111
motive_6,0.24579735025899602,0.4085190922849177,0.4630203556869076,0.3136902221846893,0.476306689414127,0.0,0.28914343380233865,0.7074100901959433
motive_7,0.26220268711565287,0.35024272089202435,0.5762713886961732,0.5083225696681523,0.4013585263207389,0.28914343380233865,0.0,0.5143972503474905
motive_8,0.23608655922125585,0.06925423749866622,0.4575396258107315,0.3798725587464876,0.3652370986422111,0.7074100901959433,0.5143972503474905,0.0
