,motive_1,motive_2,motive_3,motive_4,motive_5,motive_6,motive_7,motive_8
motive_1,0.0,0.46731372903635077,0.46740530712918704,0.1360517289039096,0.4507252618058386,0.22723022061834794,0.10122838464794731,0.47656412766218015
motive_2,0.46731372903635077,0.0,0.45342137939817273,0.2232931086369174,0.2463651188157187,0.6672691631706845,0.1560743655282229,0.5042451978509651
motive_3,0.46740530712918704,0.45342137939817273,0.0,0.5504653793118286,0.4601792285010603,0.5088350880503445,0.21599546420960408,0.518825792018742
motive_4,0.1360517289039096,0.2232931086369174,0.5504653793118286,0.0,0.26242196853375854,0.5132580024023992,0.3560838073856599,0.11263304704945146
motive_5,0.4507252618058386,0.2463651188157187,0.4601792285010603,0.26242196853375854,0.0,0.15989427327678812,0.33441189435630625,0.21581722157374592
motive_6,0.22723022061834794,0.6672691631706845,0.5088350880503445,0.5132580024023992,0.15989427327678812,0.0,0.6747868247215697,0.41623821148303536
motive_7,0.10122838464794731,0.1560743655282229,0.21599546420960408,0.3560838073856599,0.33441189435630625,0.6747868247215697,0.0,0.5068656127518054
motive_8,0.47656412766218015,0.5042451978509651,0.518825792018742,0.11263304704945146,0.21581722157374592,0.41623821148303536,0.5068656127518054,0.0
