,motive_1,motive_2,motive_3,motive_4,motive_5,motive_6,motive_7,motive_8
motive_1,0.0,0.3003837279719145,0.5962805629800505,0.2694383345688923,0.27184404374155463,0.5168895249129941,0.7889415037064731,0.5936886679669333
motive_2,0.3003837279719145,0.0,0.584229268746824,0.6850399174445293,0.5433152005098484,0.5805554491115641,0.2326547273200867,-0.2839599551609366
motive_3,0.5962805629800505,0.584229268746824,0.0,0.6044762019598622,0.4369873574828589,0.3685975396096096,0.3271519552369637,0.13473544716521563
motive_4,0.2694383345688923,0.6850399174445293,0.6044762019598622,0.0,0.5655199682187464,0.4386648428071506,0.24326628379683754,0.399023224661988
motive_5,0.27184404374155463,0.5433152005098484,0.4369873574828589,0.5655199682187464,0.0,0.21644241369680609,0.3344396015784634,0.036782578552697176
motive_6,0.5168895249129941,0.5805554491115641,0.3685975396096096,0.4386648428071506,0.21644241369680609,0.0,0.44800755022801486,0.18871756976607273
motive_7,0.7889415037064731,0.2326547273200867,0.3271519552369637,0.24326628379683754,0.3344396015784634,0.44800755022801486,0.0,0.20912527180799353
motive_8,0.5936886679669333,-0.2839599551609366,0.13473544716521563,0.399023224661988,0.036782578552697176,0.18871756976607273,0.20912527180799353,0.0
