,motive_1,motive_2,motive_3,motive_4,motive_5,motive_6,motive_7,motive_8
motive_1,0.0,0.15137652899654902,0.5180006759869601,0.7629151758637506,0.516122683938631,0.3454271123714441,0.634045730964184,0.3007083213294334
motive_2,0.15137652899654902,0.0,0.3635866181722427,0.5969596555560552,0.2240508123205487,0.09072177970430573,0.3197227068214603,0.09311516626072516
motive_3,0.5180006759869601,0.3635866181722427,0.0,0.06603852199373558,0.568170053154517,0.5692067253699753,0.5552258885636486,0.5536461127453285
motive_4,0.7629151758637506,0.5969596555560552,0.06603852199373558,0.0,0.41179369890033396,0.25926769346259176,0.7160480159265563,0.5117790928122976
motive_5,0.516122683938631,0.2240508123205487,0.568170053154517,0.41179369890033396,0.0,-0.013068240047809529,0.6363516177805773,0.13746697253454296
motive_6,0.3454271123714441,0.09072177970430573,0.5692067253699753,0.25926769346259176,-0.013068240047809529,0.0,0.23311878188570592,0.4698529552497014
motive_7,0.634045730964184,0.3197227068214603,0.5552258885636486,0.7160480159265563,0.6363516177805773,0.23311878188570592,0.0,0.5318373025312325
motive_8,0.3007083213294334,0.09311516626072516,0.5536461127453285,0.5117790928122976,0.13746697253454296,0.4698529552497014,0.5318373025312325,0.0
