,motive_1,motive_2,motive_3,motive_4,motive_5,motive_6,motive_7,motive_8
motive_1,0.0,-0.06773129927604493,0.07904146618630777,0.20461847764567848,-0.4319526914979601,-0.48795308043265667,0.020584492961643386,0.8965654252029271
motive_2,-0.06773129927604493,0.0,0.2137938638294007,-0.2782698865464657,0.5311546541250326,0.13128526474646884,0.4128096585303583,-0.022423400375185837
motive_3,0.07904146618630777,0.2137938638294007,0.0,0.057694122662555164,0.07183195604848715,0.1377333580642402,-0.5085727845296396,0.2046756398690244
motive_4,0.20461847764567848,-0.2782698865464657,0.057694122662555164,0.0,0.7423964866919105,-0.35193488988844046,-0.37957431799558516,0.22341600604003564
motive_5,-0.4319526914979601,0.5311546541250326,0.07183195604848715,0.7423964866919105,0.0,0.11895440204206675,0.5909385317497012,0.5588559719684472
motive_6,-0.48795308043265667,0.13128526474646884,0.1377333580642402,-0.35193488988844046,0.11895440204206675,0.0,0.26095426946974043,-0.06262439694505556
motive_7,0.020584492961643386,0.4128096585303583,-0.5085727845296396,-0.37957431799558516,0.5909385317497012,0.26095426946974043,0.0,0.8763715476680061
motive_8,0.8965654252029271,-0.022423400375185837,0.2046756398690244,0.22341600604003564,0.5588559719684472,-0.06262439694505556,0.8763715476680061,0.0
