,motive_1,motive_2,motive_3,motive_4,motive_5,motive_6,motive_7,motive_8
motive_1,0.0,0.6112393287414177,0.006321167345720635,0.11412932045435749,-0.05977437307940246,0.8010655658903036,0.2787435543636365,0.5837304387833422
motive_2,0.6112393287414177,0.0,-0.32741154269125994,0.43841417380257813,0.9466129644389872,0.5139505057445974,-0.0024308803450619754,-0.1216530703373388
motive_3,0.006321167345720635,-0.32741154269125994,0.0,-1.043309842424861,0.5426356894412032,0.6249003261260716,0.11839634984931237,0.06354796966806175
motive_4,0.11412932045435749,0.43841417380257813,-1.043309842424861,0.0,0.28205382436435195,-0.4279653498506022,0.17804581744260053,-0.02198386863937643
motive_5,-0.05977437307940246,0.9466129644389872,0.5426356894412032,0.28205382436435195,0.0,0.19473477177025855,0.12209545145739886,0.21956717884526789
motive_6,0.8010655658903036,0.5139505057445974,0.6249003261260716,-0.4279653498506022,0.19473477177025855,0.0,0.48231580865470497,-0.1408467234092043
motive_7,0.2787435543636365,-0.0024308803450619754,0.11839634984931237,0.17804581744260053,0.12209545145739886,0.48231580865470497,0.0,-0.07676633477893859
motive_8,0.5837304387833422,-0.1216530703373388,0.06354796966806175,-0.02198386863937643,0.21956717884526789,-0.1408467234092043,-0.07676633477893859,0.0
