,motive_1,motive_2,motive_3,motive_4,motive_5,motive_6,motive_7,motive_8
motive_1,0.0,0.07923422125014998,0.08954997206856755,0.09004896897661728,0.2562347036549887,-0.02557279985968241,0.12644498452572334,0.14200354910082347
motive_2,0.07923422125014998,0.0,0.15812649851811683,0.11863029020509977,0.14915249312215756,0.02903223286059659,0.05965498389671769,0.07277272813043466
motive_3,0.08954997206856755,0.15812649851811683,0.0,0.010091638088566335,0.16142440965949034,0.14667062246090745,0.21665225290378015,0.12531778150169184
motive_4,0.09004896897661728,0.11863029020509977,0.010091638088566335,0.0,0.0572884431413993,0.06231432549447064,0.08021098186743432,-0.010786117842031956
motive_5,0.2562347036549887,0.14915249312215756,0.16142440965949034,0.0572884431413993,0.0,0.06966510091932546,0.1269239522569177,-0.020510633704222667
motive_6,-0.02557279985968241,0.02903223286059659,0.14667062246090745,0.06231432549447064,0.06966510091932546,0.0,0.16674040750781188,0.07260047294248967
motive_7,0.12644498452572334,0.05965498389671769,0.21665225290378015,0.08021098186743432,0.1269239522569177,0.16674040750781188,0.0,0.13941343046775737
motive_8,0.14200354910082347,0.07277272813043466,0.12531778150169184,-0.010786117842031956,-0.020510633704222667,0.07260047294248967,0.13941343046775737,0.0
