,motive_1,motive_2,motive_3,motive_4,motive_5,motive_6,motive_7,motive_8
satisfaction,0.1473168511207386,0.14715986930083721,-0.15336025408040485,-0.30673304135758384,0.27491896626960977,0.3226496807088506,0.366885915319888,-0.36535863500456744
