,motive_1,motive_2,motive_3,motive_4,motive_5,motive_6,motive_7,motive_8
motive_1,0.0,0.2886346916993232,0.4460845328317372,0.38962836144362306,-0.176048966224965,0.3487916870376415,0.1880488931541126,0.2538690084356715
motive_2,0.2886346916993232,0.0,0.03940011753131553,0.10667627382356523,0.4489459919903336,-0.0680990244691543,0.03473670259061318,-0.21226937246963068
motive_3,0.4460845328317372,0.03940011753131553,0.0,0.05290539414841218,-0.05526910573704438,0.30969029584889746,-0.1730698716982797,-0.0009744332153815705
motive_4,0.38962836144362306,0.10667627382356523,0.05290539414841218,0.0,-0.12426266498457486,-0.20327334094766553,0.2855191568660689,0.2410378271322849
motive_5,-0.176048966224965,0.4489459919903336,-0.05526910573704438,-0.12426266498457486,0.0,0.308825010997805,-0.014856562055110628,0.24518058893439879
motive_6,0.3487916870376415,-0.0680990244691543,0.30969029584889746,-0.20327334094766553,0.308825010997805,0.0,0.3496166744947938,0.20102261823945702
motive_7,0.1880488931541126,0.03473670259061318,-0.1730698716982797,0.2855191568660689,-0.014856562055110628,0.3496166744947938,0.0,-0.06955760136651822
motive_8,0.2538690084356715,-0.21226937246963068,-0.0009744332153815705,0.2410378271322849,0.24518058893439879,0.20102261823945702,-0.06955760136651822,0.0
