,motive_1,motive_2,motive_3,motive_4,motive_5,motive_6,motive_7,motive_8
satisfaction,0.21037318484697576,0.039471834155307944,-0.003387872532540498,-0.01736657859932396,0.09037027486500648,-0.08180061828586735,0.10798397119155091,-0.2828449028912299
