,motive_1,motive_2,motive_3,motive_4,motive_5,motive_6,motive_7,motive_8
motive_1,0.0,0.016774084420556216,0.1620141820032772,0.03476044335952041,0.12590862147557463,0.13569905127649626,0.1631507629726743,0.1270921597535805
motive_2,0.016774084420556216,0.0,-0.013182854430998737,0.1381245441986043,0.05050119366992137,0.005543098826359796,0.08574077554973483,0.040305903657533365
motive_3,0.1620141820032772,-0.013182854430998737,0.0,0.14157832135992668,0.10488032361701692,0.18807141408350872,-0.016876768961376534,0.10289255765210287
motive_4,0.03476044335952041,0.1381245441986043,0.14157832135992668,0.0,0.08995822377742088,0.10688861676912813,0.0978402076180884,0.17268600605157478
motive_5,0.12590862147557463,0.05050119366992137,0.10488032361701692,0.08995822377742088,0.0,0.15340272774588476,0.01185237306227422,0.13249140602399662
motive_6,0.13569905127649626,0.005543098826359796,0.18807141408350872,0.10688861676912813,0.15340272774588476,0.0,0.1562983693060095,0.14860095578637536
motive_7,0.1631507629726743,0.08574077554973483,-0.016876768961376534,0.0978402076180884,0.01185237306227422,0.1562983693060095,0.0,0.1598275873114442
motive_8,0.1270921597535805,0.040305903657533365,0.10289255765210287,0.17268600605157478,0.13249140602399662,0.14860095578637536,0.1598275873114442,0.0
