,motive_1,motive_2,motive_3,motive_4,motive_5,motive_6,motive_7,motive_8
motive_1,0.0,0.00807784753719716,0.015322044458531088,0.05387250960091555,0.08035529515306591,0.02484259271695325,-0.0653674179322102,-0.0046080317586957645
motive_2,0.00807784753719716,0.0,0.07405959465884376,-0.1827675965128657,0.12634245288543053,0.12150645195438937,0.055352131565835704,0.04413996097485297
motive_3,0.015322044458531088,0.07405959465884376,0.0,0.027743046642290513,0.04154039825024114,0.02016073350946766,-0.026012205572905477,0.04785527608200672
motive_4,0.05387250960091555,-0.1827675965128657,0.027743046642290513,0.0,-0.0754704120649967,0.07115404574055886,0.016146204918035943,-0.06801387596246244
motive_5,0.08035529515306591,0.12634245288543053,0.04154039825024114,-0.0754704120649967,0.0,-0.00043439988731321794,0.07461180643261474,-0.10887199206780372
motive_6,0.02484259271695325,0.12150645195438937,0.02016073350946766,0.07115404574055886,-0.00043439988731321794,0.0,-0.03802430712446511,0.026516299961332018
motive_7,-0.0653674179322102,0.055352131565835704,-0.026012205572905477,0.016146204918035943,0.07461180643261474,-0.03802430712446511,0.0,0.007316485903766497
motive_8,-0.0046080317586957645,0.04413996097485297,0.04785527608200672,-0.06801387596246244,-0.10887199206780372,0.026516299961332018,0.007316485903766497,0.0
