,motive_1,motive_2,motive_3,motive_4,motive_5,motive_6,motive_7,motive_8
motive_1,0.0,0.0020304716332708445,0.38127174851746354,0.2495916000112476,0.6313103590561273,0.19338105348080561,0.23857512670439396,0.2854500219489061
motive_2,0.0020304716332708445,0.0,-0.15532782918805818,-0.0728176266252293,0.6660569655250007,-0.05283888839769717,0.14108398704564162,0.008193865853490676
motive_3,0.38127174851746354,-0.15532782918805818,0.0,0.4082382054273271,0.26697066076941267,-0.006127432790455106,0.6221488590947475,0.21666386796723827
motive_4,0.2495916000112476,-0.0728176266252293,0.4082382054273271,0.0,0.01032738143658457,0.16444900918982697,0.5777102518615618,0.5298728586088219
motive_5,0.6313103590561273,0.6660569655250007,0.26697066076941267,0.01032738143658457,0.0,0.6194193924493421,0.03518897937366621,0.010292673599684485
motive_6,0.19338105348080561,-0.05283888839769717,-0.006127432790455106,0.16444900918982697,0.6194193924493421,0.0,0.2813144773337794,0.3204313969189774
motive_7,0.23857512670439396,0.14108398704564162,0.6221488590947475,0.5777102518615618,0.03518897937366621,0.2813144773337794,0.0,0.0002915767508911149
motive_8,0.2854500219489061,0.008193865853490676,0.21666386796723827,0.5298728586088219,0.010292673599684485,0.3204313969189774,0.0002915767508911149,0.0
