,motive_1,motive_2,motive_3,motive_4,motive_5,motive_6,motive_7,motive_8
motive_1,0.0,-0.2721028290159522,0.5314416433225602,-0.07443166523327244,-0.509870269248357,0.9978595646846274,0.11605052828915283,0.09202859470068049
motive_2,-0.2721028290159522,0.0,0.26157657608853147,-0.18258919748959535,-0.1593302220959008,1.0876259617599917,-0.8901790419001463,-0.17374730745125438
motive_3,0.5314416433225602,0.26157657608853147,0.0,0.21491415792435398,0.7282116129544389,-0.11137072564628925,0.10340547250182297,0.24663370887853475
motive_4,-0.07443166523327244,-0.18258919748959535,0.21491415792435398,0.0,-0.3058970286101773,0.14201613046952044,-0.4119051917072112,0.24141666606102957
motive_5,-0.509870269248357,-0.1593302220959008,0.7282116129544389,-0.3058970286101773,0.0,-0.13316670604472014,-0.6390723151582244,0.3282327351775022
motive_6,0.9978595646846274,1.0876259617599917,-0.11137072564628925,0.14201613046952044,-0.13316670604472014,0.0,0.05280118347914406,0.5221481190971079
motive_7,0.11605052828915283,-0.8901790419001463,0.10340547250182297,-0.4119051917072112,-0.6390723151582244,0.05280118347914406,0.0,-0.0955959458694916
motive_8,0.09202859470068049,-0.17374730745125438,0.24663370887853475,0.24141666606102957,0.3282327351775022,0.5221481190971079,-0.0955959458694916,0.0
