,motive_1,motive_2,motive_3,motive_4,motive_5,motive_6,motive_7,motive_8
motive_1,0.0,-0.761504129545238,-0.06575090409841952,-0.2503360323539245,-0.3725650128869686,0.10897088779923797,-0.09501226640981081,0.36619742005282907
motive_2,-0.761504129545238,0.0,0.15436280160172383,-0.19189472379275102,0.0050806939660088465,0.49529003560153684,-0.6714402465700897,-0.14788066117538584
motive_3,-0.06575090409841952,0.15436280160172383,0.0,0.1397297981960538,0.13466567789394537,0.48127656099167676,0.14426333294400467,-0.2820591219440981
motive_4,-0.2503360323539245,-0.19189472379275102,0.1397297981960538,0.0,-0.5848596175066668,0.39118893174343183,0.7835213082099328,-0.04944378616618511
motive_5,-0.3725650128869686,0.0050806939660088465,0.13466567789394537,-0.5848596175066668,0.0,-0.13497123744201506,0.7462490993632751,-0.06616833095885274
motive_6,0.10897088779923797,0.49529003560153684,0.48127656099167676,0.39118893174343183,-0.13497123744201506,0.0,-0.06277561103799012,0.6050826568121054
motive_7,-0.09501226640981081,-0.6714402465700897,0.14426333294400467,0.7835213082099328,0.7462490993632751,-0.06277561103799012,0.0,-0.16414813160261388
motive_8,0.36619742005282907,-0.14788066117538584,-0.2820591219440981,-0.04944378616618511,-0.06616833095885274,0.6050826568121054,-0.16414813160261388,0.0
