,motive_1,motive_2,motive_3,motive_4,motive_5,motive_6,motive_7,motive_8
motive_1,0.0,-0.082321606131841,-0.00954277467011938,0.3935941395648528,0.02570482016161904,0.251298886913869,0.676849331522756,0.07846516177908108
motive_2,-0.082321606131841,0.0,0.05524889193484349,-0.006442149158117222,-0.1447245972169599,-0.42257358904034814,-0.9463873963627301,-0.16144997152765617
motive_3,-0.00954277467011938,0.05524889193484349,0.0,-0.6689891836272783,0.7864581043074228,-0.0024273748624328434,0.21748365222481564,-0.22804542644296788
motive_4,0.3935941395648528,-0.006442149158117222,-0.6689891836272783,0.0,-0.44644470196694813,-0.07783923361476966,-0.196036667793714,0.9483469934893891
motive_5,0.02570482016161904,-0.1447245972169599,0.7864581043074228,-0.44644470196694813,0.0,-0.9314576342741607,-0.5015324147613167,0.015306099407150081
motive_6,0.251298886913869,-0.42257358904034814,-0.0024273748624328434,-0.07783923361476966,-0.9314576342741607,0.0,0.14531125536432415,0.36143897486652954
motive_7,0.676849331522756,-0.9463873963627301,0.21748365222481564,-0.196036667793714,-0.5015324147613167,0.14531125536432415,0.0,0.047483543533051065
motive_8,0.07846516177908108,-0.16144997152765617,-0.22804542644296788,0.9483469934893891,0.015306099407150081,0.36143897486652954,0.047483543533051065,0.0
