,motive_1,motive_2,motive_3,motive_4,motive_5,motive_6,motive_7,motive_8
satisfaction,0.11562146689709875,0.17101412149918854,0.19034785191318673,-0.06433896105472867,0.2591871646853038,-0.09448610894071716,0.12665182784332538,0.3754259584448053
