,motive_1,motive_2,motive_3,motive_4,motive_5,motive_6,motive_7,motive_8
motive_1,0.0,0.022759999594871936,-0.006348798774805261,0.08300549907470241,-0.043810477553434826,-0.0074293677881960805,0.04795975388741994,0.11707997244251586
motive_2,0.022759999594871936,0.0,-0.06417640233752746,-0.01205367864965938,0.003123362716088117,0.0192784932053938,-0.08245046943735979,0.03049912150690754
motive_3,-0.006348798774805261,-0.06417640233752746,0.0,-0.00412986752239947,-0.0800575386047834,-0.03853252863634951,-0.07546268335751334,-0.021496638050090233
motive_4,0.08300549907470241,-0.01205367864965938,-0.00412986752239947,0.0,-0.03538532772982166,0.21891767893638164,-0.06798062270513557,-0.08016600932925881
motive_5,-0.043810477553434826,0.003123362716088117,-0.0800575386047834,-0.03538532772982166,0.0,-0.010690249103692998,0.07815400406845183,0.09497121995070718
motive_6,-0.0074293677881960805,0.0192784932053938,-0.03853252863634951,0.21891767893638164,-0.010690249103692998,0.0,-0.07582920807274872,-0.12646566130435033
motive_7,0.04795975388741994,-0.08245046943735979,-0.07546268335751334,-0.06798062270513557,0.07815400406845183,-0.07582920807274872,0.0,0.009403449116322293
motive_8,0.11707997244251586,0.03049912150690754,-0.021496638050090233,-0.08016600932925881,0.09497121995070718,-0.12646566130435033,0.009403449116322293,0.0
