,motive_1,motive_2,motive_3,motive_4,motive_5,motive_6,motive_7,motive_8
motive_1,0.0,0.02040734983372376,0.13622640455531423,0.17302846673086514,0.09322328687740733,0.16652340040141161,0.21632282591686872,0.07417986730892764
motive_2,0.02040734983372376,0.0,0.005802293164584728,0.09649921415429995,0.09673293476724591,0.10821266040123287,0.05383249442906261,-0.031419104882854904
motive_3,0.13622640455531423,0.005802293164584728,0.0,0.12443531898191285,0.08655894282320817,0.15258721054585855,0.17216190777167062,0.14257781452008902
motive_4,0.17302846673086514,0.09649921415429995,0.12443531898191285,0.0,0.18823251163585944,0.10827403392433796,0.10888324686795549,0.18902458405661537
motive_5,0.09322328687740733,0.09673293476724591,0.08655894282320817,0.18823251163585944,0.0,0.10985451448844293,0.23648704334245546,0.10086833412694265
motive_6,0.16652340040141161,0.10821266040123287,0.15258721054585855,0.10827403392433796,0.10985451448844293,0.0,0.12736654583860224,0.043528572874916335
motive_7,0.21632282591686872,0.05383249442906261,0.17216190777167062,0.10888324686795549,0.23648704334245546,0.12736654583860224,0.0,0.2249894270595028
motive_8,0.07417986730892764,-0.031419104882854904,0.14257781452008902,0.18902458405661537,0.10086833412694265,0.043528572874916335,0.2249894270595028,0.0
