,motive_1,motive_2,motive_3,motive_4,motive_5,motive_6,motive_7,motive_8
motive_1,0.0,0.022551884196942852,0.0804832154382382,0.026788470331855888,-0.0679270921714645,0.08448638311407405,0.05876903983616661,0.09389613423630701
motive_2,0.022551884196942852,0.0,-0.060975001484494494,0.008086321599693847,-0.11913220637386204,-0.11410896268906814,0.03250061926156227,-0.039235189377789415
motive_3,0.0804832154382382,-0.060975001484494494,0.0,0.06167980643789385,-0.027507073678499347,0.12972513413384978,-0.05737462799453132,-0.07984768557275164
motive_4,0.026788470331855888,0.008086321599693847,0.06167980643789385,0.0,-0.010898938717658471,-0.026500285802723192,0.03879089676851119,0.08383629668388559
motive_5,-0.0679270921714645,-0.11913220637386204,-0.027507073678499347,-0.010898938717658471,0.0,0.025810119669244874,0.02707196243770299,0.05936568498822825
motive_6,0.08448638311407405,-0.11410896268906814,0.12972513413384978,-0.026500285802723192,0.025810119669244874,0.0,0.11027578569674557,0.016097976777548813
motive_7,0.05876903983616661,0.03250061926156227,-0.05737462799453132,0.03879089676851119,0.02707196243770299,0.11027578569674557,0.0,0.013610072106193622
motive_8,0.09389613423630701,-0.039235189377789415,-0.07984768557275164,0.08383629668388559,0.05936568498822825,0.016097976777548813,0.013610072106193622,0.0
