,motive_1,motive_2,motive_3,motive_4,motive_5,motive_6,motive_7,motive_8
motive_1,0.0,0.3931155380311837,0.5205744510753771,0.33754024599715426,-0.017243639890583,0.39058684285138284,0.3774411412068848,0.09924400921488263
motive_2,0.3931155380311837,0.0,0.1010190539787571,0.36410405635439325,0.5540203421836247,0.4787586558105814,0.12541775419383105,0.24224135629517168
motive_3,0.5205744510753771,0.1010190539787571,0.0,0.6541426267347554,0.5540098391478967,0.7017967137872294,0.47933322077903917,0.5391427056935485
motive_4,0.33754024599715426,0.36410405635439325,0.6541426267347554,0.0,0.495787569699196,0.06775952490081702,0.479182729698565,0.46250770048406564
motive_5,-0.017243639890583,0.5540203421836247,0.5540098391478967,0.495787569699196,0.0,0.4696690504685356,0.5729412014926555,0.09594338544677311
motive_6,0.39058684285138284,0.4787586558105814,0.7017967137872294,0.06775952490081702,0.4696690504685356,0.0,0.07784080571473269,0.3893752854235768
motive_7,0.3774411412068848,0.12541775419383105,0.47933322077903917,0.479182729698565,0.5729412014926555,0.07784080571473269,0.0,0.3717391001257265
motive_8,0.09924400921488263,0.24224135629517168,0.5391427056935485,0.46250770048406564,0.09594338544677311,0.3893752854235768,0.3717391001257265,0.0
