,motive_1,motive_2,motive_3,motive_4,motive_5,motive_6,motive_7,motive_8
motive_1,0.0,0.21058391004463978,0.11691958777349627,0.07732474777068993,0.15413371517274477,0.09375574465723341,0.12952839072208003,0.16208991887093838
motive_2,0.21058391004463978,0.0,0.14276173754474536,0.1651715742380978,0.16683788896240995,0.17671502470665115,0.13236532364346515,0.19333235001439475
motive_3,0.11691958777349627,0.14276173754474536,0.0,0.05479053718253547,0.1325226961421409,0.06030264791357443,-0.026829308259711977,0.15135573830719934
motive_4,0.07732474777068993,0.1651715742380978,0.05479053718253547,0.0,0.14912288889037367,0.07786196968124054,0.10445725273212758,0.09964637770819917
motive_5,0.15413371517274477,0.16683788896240995,0.1325226961421409,0.14912288889037367,0.0,0.06547556971030985,0.028929028443251542,0.14296974907844506
motive_6,0.09375574465723341,0.17671502470665115,0.06030264791357443,0.07786196968124054,0.06547556971030985,0.0,0.1837925510935309,0.05155384698287632
motive_7,0.12952839072208003,0.13236532364346515,-0.026829308259711977,0.10445725273212758,0.028929028443251542,0.1837925510935309,0.0,0.0864943167782467
motive_8,0.16208991887093838,0.19333235001439475,0.15135573830719934,0.09964637770819917,0.14296974907844506,0.05155384698287632,0.0864943167782467,0.0
