,motive_1,motive_2,motive_3,motive_4,motive_5,motive_6,motive_7,motive_8
motive_1,0.0,-0.03859812876728622,0.013741240654770753,-0.03621700942417449,0.012405864240421359,-0.004979285119078063,0.05169902916473476,0.02156780408311457
motive_2,-0.03859812876728622,0.0,-0.0027442024889460584,0.013696940428667311,0.07247141527959579,0.053952461586152245,0.03750879204119258,-0.08125749111410209
motive_3,0.013741240654770753,-0.0027442024889460584,0.0,-0.038105908874983975,-0.02620794753592528,0.07829825500494234,0.03929721419310025,0.010680678771718412
motive_4,-0.03621700942417449,0.013696940428667311,-0.038105908874983975,0.0,0.13192409607644345,-0.09356433793102828,0.05734282287691356,-0.08628998736213606
motive_5,0.012405864240421359,0.07247141527959579,-0.02620794753592528,0.13192409607644345,0.0,-0.04800839677719972,0.033331491736249955,0.02291017770749984
motive_6,-0.004979285119078063,0.053952461586152245,0.07829825500494234,-0.09356433793102828,-0.04800839677719972,0.0,0.00734184176691445,0.0027732551816491945
motive_7,0.05169902916473476,0.03750879204119258,0.03929721419310025,0.05734282287691356,0.033331491736249955,0.00734184176691445,0.0,-0.06319895696554918
motive_8,0.02156780408311457,-0.08125749111410209,0.010680678771718412,-0.08628998736213606,0.02291017770749984,0.0027732551816491945,-0.06319895696554918,0.0
