,motive_1,motive_2,motive_3,motive_4,motive_5,motive_6,motive_7,motive_8
motive_1,0.0,0.0690561070348257,-0.031315240361229936,0.12869838894932203,-0.013249103481282096,0.08233838284451568,0.12219247932656188,0.11418182066716188
motive_2,0.0690561070348257,0.0,0.0020598100202966207,-0.05193982287103784,-0.020587274864434818,0.1044706337371294,0.13484239192244923,0.09502324762354342
motive_3,-0.031315240361229936,0.0020598100202966207,0.0,0.08935477592332014,0.03454975857153714,-0.0062712696751172775,-0.031555598613816266,0.16146516008270068
motive_4,0.12869838894932203,-0.05193982287103784,0.08935477592332014,0.0,0.08577044949910931,0.11413631147235079,0.14597172421829643,0.08272516790462725
motive_5,-0.013249103481282096,-0.020587274864434818,0.03454975857153714,0.08577044949910931,0.0,0.032949489081421875,-0.010501052288087093,0.05113878036107316
motive_6,0.08233838284451568,0.1044706337371294,-0.0062712696751172775,0.11413631147235079,0.032949489081421875,0.0,0.06030256928693965,0.12521264936825588
motive_7,0.12219247932656188,0.13484239192244923,-0.031555598613816266,0.14597172421829643,-0.010501052288087093,0.06030256928693965,0.0,0.13551591120652656
motive_8,0.11418182066716188,0.09502324762354342,0.16146516008270068,0.08272516790462725,0.05113878036107316,0.12521264936825588,0.13551591120652656,0.0
