,motive_1,motive_2,motive_3,motive_4,motive_5,motive_6,motive_7,motive_8
motive_1,0.0,0.2728060508011157,0.1786479675763138,0.3050145033322543,0.41750738251786235,0.4457621881386693,0.15713939632630897,0.32423495176532136
motive_2,0.2728060508011157,0.0,0.09537302863538459,0.34324643711394986,0.16210098524534955,-0.22552227221963397,0.03378422471134406,0.3796951232644483
motive_3,0.1786479675763138,0.09537302863538459,0.0,-0.059081708980519315,0.12076431444991119,0.1500081582147908,0.06709203645213539,0.12256184898945949
motive_4,0.3050145033322543,0.34324643711394986,-0.059081708980519315,0.0,-0.14455864743845256,0.12989439191514263,0.07263193737876891,0.29012845464897147
motive_5,0.41750738251786235,0.16210098524534955,0.12076431444991119,-0.14455864743845256,0.0,0.3853558443815531,0.03278049738120228,0.2000005380779658
motive_6,0.4457621881386693,-0.22552227221963397,0.1500081582147908,0.12989439191514263,0.3853558443815531,0.0,0.2597911782857972,0.22016108549837027
motive_7,0.15713939632630897,0.03378422471134406,0.06709203645213539,0.07263193737876891,0.03278049738120228,0.2597911782857972,0.0,0.23826386058943083
motive_8,0.32423495176532136,0.3796951232644483,0.12256184898945949,0.29012845464897147,0.2000005380779658,0.22016108549837027,0.23826386058943083,0.0
