,motive_1,motive_2,motive_3,motive_4,motive_5,motive_6,motive_7,motive_8
satisfaction,-0.35794040398900806,0.35882597402098504,0.18332827137351732,0.20406029492084915,0.20199730101145016,0.0278425110662322,-0.16375218640337927,0.05273901742483153
