,motive_1,motive_2,motive_3,motive_4,motive_5,motive_6,motive_7,motive_8
motive_1,0.0,-0.014381288186730469,-0.018396559812982768,-0.012998801308296252,0.023640397924707034,0.0022520160581084234,0.07343726227275424,0.00783083629050605
motive_2,-0.014381288186730469,0.0,-0.010362311699455633,0.02424020604597804,-0.15438577146728655,-0.011280297860786461,0.06233948227086096,0.061536652949585526
motive_3,-0.018396559812982768,-0.010362311699455633,0.0,-0.001356155645351343,-0.05883429393032604,-0.06808348161361898,-0.03485729801635801,0.041545039466450565
motive_4,-0.012998801308296252,0.02424020604597804,-0.001356155645351343,0.0,-0.06414063501633051,0.12899588106124152,0.013069568810177314,-0.1637587643039663
motive_5,0.023640397924707034,-0.15438577146728655,-0.05883429393032604,-0.06414063501633051,0.0,-0.02506474911194072,0.019892889119550276,0.03966008825859857
motive_6,0.0022520160581084234,-0.011280297860786461,-0.06808348161361898,0.12899588106124152,-0.02506474911194072,0.0,0.0794193101656743,-0.010501372325719172
motive_7,0.07343726227275424,0.06233948227086096,-0.03485729801635801,0.013069568810177314,0.019892889119550276,0.0794193101656743,0.0,0.03979051112062443
motive_8,0.00783083629050605,0.061536652949585526,0.041545039466450565,-0.1637587643039663,0.03966008825859857,-0.010501372325719172,0.03979051112062443,0.0
