,motive_1,motive_2,motive_3,motive_4,motive_5,motive_6,motive_7,motive_8
motive_1,0.0,0.18087101996452448,0.24466893024963357,-0.007753652389669935,0.2609259507361684,0.29174606658124164,0.1854934130276479,0.02557272228857782
motive_2,0.18087101996452448,0.0,0.21627267118177468,-0.008224396685060989,0.2724460216347336,0.12243157884820052,0.16932744633999205,-0.3285636112627135
motive_3,0.24466893024963357,0.21627267118177468,0.0,0.25257677294330994,0.46235618778459747,-0.022103633980732812,0.08423577138846328,0.2216107145369085
motive_4,-0.007753652389669935,-0.008224396685060989,0.25257677294330994,0.0,0.01028971275313642,0.1696727230872615,0.4522557891806167,0.06394047262816815
motive_5,0.2609259507361684,0.2724460216347336,0.46235618778459747,0.01028971275313642,0.0,0.576552246472293,0.579804633543753,0.36799132001918555
motive_6,0.29174606658124164,0.12243157884820052,-0.022103633980732812,0.1696727230872615,0.576552246472293,0.0,0.29743358688496724,0.02966970139700322
motive_7,0.1854934130276479,0.16932744633999205,0.08423577138846328,0.4522557891806167,0.579804633543753,0.29743358688496724,0.0,0.2313039588199549
motive_8,0.02557272228857782,-0.3285636112627135,0.2216107145369085,0.06394047262816815,0.36799132001918555,0.02966970139700322,0.2313039588199549,0.0
