,motive_1,motive_2,motive_3,motive_4,motive_5,motive_6,motive_7,motive_8
motive_1,0.0,-0.08391991836285129,0.1233355573425018,-0.00447605745627927,0.16320119822941415,0.02847052689231004,-0.020553767454152782,-0.07472088986217386
motive_2,-0.08391991836285129,0.0,-0.044971911146587024,-0.020862704317568356,-0.11947808170735688,-0.04735416019026719,0.06858899156264538,-0.05615249006976285
motive_3,0.1233355573425018,-0.044971911146587024,0.0,-0.028071524325273756,0.03601330183165832,-0.07802649410073229,0.08134491090082521,0.03823383975844556
motive_4,-0.00447605745627927,-0.020862704317568356,-0.028071524325273756,0.0,0.001066124527376264,0.0024258794128155514,-0.022115594868071808,-0.06623246591024795
motive_5,0.16320119822941415,-0.11947808170735688,0.03601330183165832,0.001066124527376264,0.0,0.02378097489717948,-0.17050309756293036,-0.035655201218366676
motive_6,0.02847052689231004,-0.04735416019026719,-0.07802649410073229,0.0024258794128155514,0.02378097489717948,0.0,-0.05275682573762813,0.030114367881600414
motive_7,-0.020553767454152782,0.06858899156264538,0.08134491090082521,-0.022115594868071808,-0.17050309756293036,-0.05275682573762813,0.0,0.03839594065380669
motive_8,-0.07472088986217386,-0.05615249006976285,0.03823383975844556,-0.06623246591024795,-0.035655201218366676,0.030114367881600414,0.03839594065380669,0.0
