,motive_1,motive_2,motive_3,motive_4,motive_5,motive_6,motive_7,motive_8
motive_1,0.0,0.37214705663449354,0.08051137848391236,0.09096872966790998,0.5069970782668138,0.4029978890754772,0.4869451139438515,0.6174351108513799
motive_2,0.37214705663449354,0.0,0.6695570544598237,0.5411129122154724,0.4640707550610156,0.4711825710986916,0.49111830923360716,0.32068719122595607
motive_3,0.08051137848391236,0.6695570544598237,0.0,0.7491365412309547,0.4897849063275465,-0.0025901314645658813,0.8499906114221151,0.16464140524268267
motive_4,0.09096872966790998,0.5411129122154724,0.7491365412309547,0.0,0.1936962216570257,0.1223107532841865,0.0944554631868908,0.654560872032631
motive_5,0.5069970782668138,0.4640707550610156,0.4897849063275465,0.1936962216570257,0.0,0.5863260725130972,0.5671764134164559,0.5814477998221053
motive_6,0.4029978890754772,0.4711825710986916,-0.0025901314645658813,0.1223107532841865,0.5863260725130972,0.0,0.7256866877670239,0.3684575935785044
motive_7,0.4869451139438515,0.49111830923360716,0.8499906114221151,0.0944554631868908,0.5671764134164559,0.7256866877670239,0.0,0.2461189225836826
motive_8,0.6174351108513799,0.32068719122595607,0.16464140524268267,0.654560872032631,0.5814477998221053,0.3684575935785044,0.2461189225836826,0.0
