,motive_1,motive_2,motive_3,motive_4,motive_5,motive_6,motive_7,motive_8
motive_1,0.0,-0.26268438294858526,0.035406131560180465,0.5361859357578269,-0.3258640564622398,0.0876223001729245,0.38586885131063575,0.19612493091226907
motive_2,-0.26268438294858526,0.0,-0.16932653358021976,-0.5853857603846956,-0.02060413158936375,0.356706284212894,-0.2910950587447336,0.06064087316446408
motive_3,0.035406131560180465,-0.16932653358021976,0.0,0.12390136810164493,0.8618258529342568,0.24036916485891183,-0.034662444152383065,0.47765462656592633
motive_4,0.5361859357578269,-0.5853857603846956,0.12390136810164493,0.0,0.498136275186143,0.8722096590618896,0.4779402782810555,-0.47870559166858756
motive_5,-0.3258640564622398,-0.02060413158936375,0.8618258529342568,0.498136275186143,0.0,0.445858620137732,0.2790316253944575,-0.09028216180043107
motive_6,0.0876223001729245,0.356706284212894,0.24036916485891183,0.8722096590618896,0.445858620137732,0.0,-0.01142285061358933,-0.23150866182975702
motive_7,0.38586885131063575,-0.2910950587447336,-0.034662444152383065,0.4779402782810555,0.2790316253944575,-0.01142285061358933,0.0,-0.9291105903025033
motive_8,0.19612493091226907,0.06064087316446408,0.47765462656592633,-0.47870559166858756,-0.09028216180043107,-0.23150866182975702,-0.9291105903025033,0.0
