,motive_1,motive_2,motive_3,motive_4,motive_5,motive_6,motive_7,motive_8
motive_1,0.0,0.023548537657626677,0.12346104462028254,0.1613193000530801,-0.04843038434527792,0.08106938671484115,0.08819955697511009,0.2068431793379782
motive_2,0.023548537657626677,0.0,0.0645440305551708,-0.050413114173649076,0.053420738009549926,0.10791547489531172,0.11949278687612822,0.017010146517656193
motive_3,0.12346104462028254,0.0645440305551708,0.0,0.10223220784919461,0.1881613401487452,0.059872056277609595,0.10926560297077777,0.024949133643928756
motive_4,0.1613193000530801,-0.050413114173649076,0.10223220784919461,0.0,0.15894989935516662,0.14678311435547853,0.08553013775032742,0.10402736011842525
motive_5,-0.04843038434527792,0.053420738009549926,0.1881613401487452,0.15894989935516662,0.0,0.08263454629192657,-0.04088469328834852,0.12053008694494513
motive_6,0.08106938671484115,0.10791547489531172,0.059872056277609595,0.14678311435547853,0.08263454629192657,0.0,0.26995020416603516,0.22422424580764033
motive_7,0.08819955697511009,0.11949278687612822,0.10926560297077777,0.08553013775032742,-0.04088469328834852,0.26995020416603516,0.0,0.1353453825008624
motive_8,0.2068431793379782,0.017010146517656193,0.024949133643928756,0.10402736011842525,0.12053008694494513,0.22422424580764033,0.1353453825008624,0.0
