,motive_1,motive_2,motive_3,motive_4,motive_5,motive_6,motive_7,motive_8
motive_1,0.0,0.08489013180575694,0.029184817627093372,0.04786435395682438,-0.04569805485251201,-0.1424597963547695,-0.07434802992535501,0.04797233177561927
motive_2,0.08489013180575694,0.0,0.044005247375032405,-0.05208265066678422,0.051966354666468415,-0.11815377856058562,0.07556184219236187,0.08785198294194566
motive_3,0.029184817627093372,0.044005247375032405,0.0,0.0022254341860711464,0.02207938053495326,-0.05805598965230137,0.07415764863070425,0.0016352300382391563
motive_4,0.04786435395682438,-0.05208265066678422,0.0022254341860711464,0.0,-0.16124032443443456,0.03767673001934097,0.24657447607606636,0.055131939239781935
motive_5,-0.04569805485251201,0.051966354666468415,0.02207938053495326,-0.16124032443443456,0.0,-0.015536286971632568,0.026443373371176738,-0.05020281764164346
motive_6,-0.1424597963547695,-0.11815377856058562,-0.05805598965230137,0.03767673001934097,-0.015536286971632568,0.0,-0.08784779241186608,-0.033771622816786515
motive_7,-0.07434802992535501,0.07556184219236187,0.07415764863070425,0.24657447607606636,0.026443373371176738,-0.08784779241186608,0.0,-0.003515843002034226
motive_8,0.04797233177561927,0.08785198294194566,0.0016352300382391563,0.055131939239781935,-0.05020281764164346,-0.033771622816786515,-0.003515843002034226,0.0
