,motive_1,motive_2,motive_3,motive_4,motive_5,motive_6,motive_7,motive_8
motive_1,0.0,0.3520374660915054,0.651401608393634,-0.6586997185589253,0.38425554847678883,0.24785096426008946,0.054383747841069544,-0.290443299989729
motive_2,0.3520374660915054,0.0,-0.7554548252420767,0.12717991908625534,0.5672125723893088,0.4113150659499672,0.3917414691908058,-0.3020933993668254
motive_3,0.651401608393634,-0.7554548252420767,0.0,0.6603556402491283,0.03098852610346009,-0.4143263392373525,0.01480347494784473,0.5073648930746704
motive_4,-0.6586997185589253,0.12717991908625534,0.6603556402491283,0.0,-0.1569812901662429,0.21807667652313753,-0.33280779755679135,0.18327822101165375
motive_5,0.38425554847678883,0.5672125723893088,0.03098852610346009,-0.1569812901662429,0.0,0.19621903610257238,-0.5198633973879243,-0.06772258684327093
motive_6,0.24785096426008946,0.4113150659499672,-0.4143263392373525,0.21807667652313753,0.19621903610257238,0.0,-0.6008356087740709,0.3957098500857771
motive_7,0.054383747841069544,0.3917414691908058,0.01480347494784473,-0.33280779755679135,-0.5198633973879243,-0.6008356087740709,0.0,-0.4075708154587769
motive_8,-0.290443299989729,-0.3020933993668254,0.5073648930746704,0.18327822101165375,-0.06772258684327093,0.3957098500857771,-0.4075708154587769,0.0
