,motive_1,motive_2,motive_3,motive_4,motive_5,motive_6,motive_7,motive_8
motive_1,0.0,-0.07831252592982352,0.34412646663051466,-0.16395912012489378,-0.1879029134315749,0.6855961540041933,0.3676792422930788,-0.2676015448738978
motive_2,-0.07831252592982352,0.0,-0.2405121414030264,0.23591255117257848,-0.3218195891429541,-0.03141751831057694,-0.8284194384539234,-0.28345215209839875
motive_3,0.34412646663051466,-0.2405121414030264,0.0,0.6767570858132401,0.7687755160534944,0.665022440252961,0.7311950616803786,0.05316822226203122
motive_4,-0.16395912012489378,0.23591255117257848,0.6767570858132401,0.0,-0.11988449410683533,1.1172688125598702,-0.11238357207696209,0.2647721414587431
motive_5,-0.1879029134315749,-0.3218195891429541,0.7687755160534944,-0.11988449410683533,0.0,-0.05545624633482782,0.23727478909430855,0.06515505912771075
motive_6,0.6855961540041933,-0.03141751831057694,0.665022440252961,1.1172688125598702,-0.05545624633482782,0.0,-0.13238810609161694,-0.5732560429850466
motive_7,0.3676792422930788,-0.8284194384539234,0.7311950616803786,-0.11238357207696209,0.23727478909430855,-0.13238810609161694,0.0,-0.14519851202522155
motive_8,-0.2676015448738978,-0.28345215209839875,0.05316822226203122,0.2647721414587431,0.06515505912771075,-0.5732560429850466,-0.14519851202522155,0.0
