,motive_1,motive_2,motive_3,motive_4,motive_5,motive_6,motive_7,motive_8
motive_1,0.0,0.29805020171628394,-0.20351428370575675,0.27931927167980214,0.30208836893876545,0.5332774459002747,-0.19586783767409935,0.06899406391592092
motive_2,0.29805020171628394,0.0,0.5837288785319874,0.4159032670416319,0.2431180101816676,0.10990819577135451,0.28901611742252054,0.3349305784976895
motive_3,-0.20351428370575675,0.5837288785319874,0.0,0.19930152677743987,0.26887635836777396,0.19204760310550634,0.11543226321652897,0.40418571273849346
motive_4,0.27931927167980214,0.4159032670416319,0.19930152677743987,0.0,0.2056236640739021,0.046977553958977736,0.05230358120868325,0.07066791491280273
motive_5,0.30208836893876545,0.2431180101816676,0.26887635836777396,0.2056236640739021,0.0,0.3403731293438552,0.5385066442730373,0.0017098096392266643
motive_6,0.5332774459002747,0.10990819577135451,0.19204760310550634,0.046977553958977736,0.3403731293438552,0.0,0.07787553006984962,-0.11298508992149041
motive_7,-0.19586783767409935,0.28901611742252054,0.11543226321652897,0.05230358120868325,0.5385066442730373,0.07787553006984962,0.0,0.3462090620027147
motive_8,0.06899406391592092,0.3349305784976895,0.40418571273849346,0.07066791491280273,0.0017098096392266643,-0.11298508992149041,0.3462090620027147,0.0
