,motive_1,motive_2,motive_3,motive_4,motive_5,motive_6,motive_7,motive_8
satisfaction,0.3637664597635736,0.47348624988778804,0.14083418045857046,-0.11996420750903525,1.0,0.17361297036568438,0.35679708165056084,-0.37619554331185173
