,motive_1,motive_2,motive_3,motive_4,motive_5,motive_6,motive_7,motive_8
satisfaction,0.1928695767373759,-0.055498509961746156,0.005150343154218168,0.4268223219594124,0.2474081995385254,-0.33724948085017137,0.30755265609545934,0.13383929224319513
