,motive_1,motive_2,motive_3,motive_4,motive_5,motive_6,motive_7,motive_8
satisfaction,0.656404292670103,0.3806334846619954,0.09658007495476,0.36343943791045386,-0.015652211189787185,0.9894563059738462,0.1939613638428927,-0.0400900769566675
