,motive_1,motive_2,motive_3,motive_4,motive_5,motive_6,motive_7,motive_8
motive_1,0.0,0.14435666235548023,0.5709830218975753,0.18194709553595412,-0.02770321488270259,-0.34797766605007263,-0.3131590693999018,0.2236449508069908
motive_2,0.14435666235548023,0.0,0.11794866479319885,0.1659513441791479,0.2652926087336379,0.4402250076690508,0.554326563231426,0.2761313272653586
motive_3,0.5709830218975753,0.11794866479319885,0.0,0.0657657459625465,0.004618802935706684,0.16258261505303995,-0.04582636862253181,0.17263259063338965
motive_4,0.18194709553595412,0.1659513441791479,0.0657657459625465,0.0,0.12069953958830702,0.09208536785138695,0.18599968601128763,0.16437910281695411
motive_5,-0.02770321488270259,0.2652926087336379,0.004618802935706684,0.12069953958830702,0.0,0.5205329710039838,0.3345930787653291,0.3511164540813658
motive_6,-0.34797766605007263,0.4402250076690508,0.16258261505303995,0.09208536785138695,0.5205329710039838,0.0,0.24097048683700023,0.33612262088169115
motive_7,-0.3131590693999018,0.554326563231426,-0.04582636862253181,0.18599968601128763,0.3345930787653291,0.24097048683700023,0.0,0.06023567589804335
motive_8,0.2236449508069908,0.2761313272653586,0.17263259063338965,0.16437910281695411,0.3511164540813658,0.33612262088169115,0.06023567589804335,0.0
