,motive_1,motive_2,motive_3,motive_4,motive_5,motive_6,motive_7,motive_8
motive_1,0.0,0.138844202200329,0.5838333934489597,0.037573939934300415,0.10449865868696936,0.345048865889468,0.2490849629241732,0.48854508702459476
motive_2,0.138844202200329,0.0,0.22839423942136222,0.35795876249971514,0.10064626441904216,0.07558662693394866,0.15612056462502016,0.36119980161036896
motive_3,0.5838333934489597,0.22839423942136222,0.0,0.12654844881492391,0.40931547475050756,0.2955480848137513,0.3526521380219669,0.2426514749403747
motive_4,0.037573939934300415,0.35795876249971514,0.12654844881492391,0.0,-0.14992946256147494,0.3040346732826764,0.26865798108616473,0.4161439302214099
motive_5,0.10449865868696936,0.10064626441904216,0.40931547475050756,-0.14992946256147494,0.0,0.294912302970456,0.0022555061529786063,0.40031402900986324
motive_6,0.345048865889468,0.07558662693394866,0.2955480848137513,0.3040346732826764,0.294912302970456,0.0,0.3545876263371717,0.22179487422226216
motive_7,0.2490849629241732,0.15612056462502016,0.3526521380219669,0.26865798108616473,0.0022555061529786063,0.3545876263371717,0.0,0.23551075200923288
motive_8,0.48854508702459476,0.36119980161036896,0.2426514749403747,0.4161439302214099,0.40031402900986324,0.22179487422226216,0.23551075200923288,0.0
