,motive_1,motive_2,motive_3,motive_4,motive_5,motive_6,motive_7,motive_8
satisfaction,0.1434118498159203,0.16952640286734788,0.23751387209045016,0.34303814712917446,-0.07408417358222524,-0.2396936700257198,0.23774471822292179,0.07596442362788272
