,motive_1,motive_2,motive_3,motive_4,motive_5,motive_6,motive_7,motive_8
motive_1,0.0,-0.2828827006818639,0.02747927136657341,0.1885929403445193,0.20914720347854804,0.07577789691945283,0.548458706079459,-0.14593254044406206
motive_2,-0.2828827006818639,0.0,-0.05593207008322401,0.17416986114648542,-0.049882913870017184,0.09141541076617668,0.448743092706163,0.16614017046063864
motive_3,0.02747927136657341,-0.05593207008322401,0.0,0.12452537861475771,0.1390710429117213,0.4296465922309366,0.16714447448505576,0.20459406611513398
motive_4,0.1885929403445193,0.17416986114648542,0.12452537861475771,0.0,0.6544431290297346,0.40072011673008806,-0.1132924859784571,0.2896274391018288
motive_5,0.20914720347854804,-0.049882913870017184,0.1390710429117213,0.6544431290297346,0.0,0.17811047663787166,0.2598383669984123,0.06748973432125638
motive_6,0.07577789691945283,0.09141541076617668,0.4296465922309366,0.40072011673008806,0.17811047663787166,0.0,0.3973509087705758,0.30445246090141265
motive_7,0.548458706079459,0.448743092706163,0.16714447448505576,-0.1132924859784571,0.2598383669984123,0.3973509087705758,0.0,0.026683588878888748
motive_8,-0.14593254044406206,0.16614017046063864,0.20459406611513398,0.2896274391018288,0.06748973432125638,0.30445246090141265,0.026683588878888748,0.0
