,motive_1,motive_2,motive_3,motive_4,motive_5,motive_6,motive_7,motive_8
motive_1,0.0,0.006902189187338981,-0.04859460884521048,0.19848471243353544,-0.020048448689167442,-0.11494024163111503,0.052804681827060176,0.05101242200582738
motive_2,0.006902189187338981,0.0,-0.017036062239102215,0.09221572155087425,0.08042898052741781,-0.0575139197200061,-0.07461340315027437,0.043151349101807956
motive_3,-0.04859460884521048,-0.017036062239102215,0.0,-0.08030281103365426,0.017485921863532566,-0.07355813095493777,-0.09010440072918616,0.09624189152438078
motive_4,0.19848471243353544,0.09221572155087425,-0.08030281103365426,0.0,0.046482086652616675,0.14697692319734834,-0.0599097214396508,0.07516864949158358
motive_5,-0.020048448689167442,0.08042898052741781,0.017485921863532566,0.046482086652616675,0.0,0.015755283771611537,0.03227212337751125,-0.1139207279611268
motive_6,-0.11494024163111503,-0.0575139197200061,-0.07355813095493777,0.14697692319734834,0.015755283771611537,0.0,0.1209377500818289,-0.03625585552727414
motive_7,0.052804681827060176,-0.07461340315027437,-0.09010440072918616,-0.0599097214396508,0.03227212337751125,0.1209377500818289,0.0,0.11080269551364252
motive_8,0.05101242200582738,0.043151349101807956,0.09624189152438078,0.07516864949158358,-0.1139207279611268,-0.03625585552727414,0.11080269551364252,0.0
