,motive_1,motive_2,motive_3,motive_4,motive_5,motive_6,motive_7,motive_8
motive_1,0.0,0.22520006302747392,0.33401758922554736,0.2520927533806282,0.47427118401522883,0.5434501966453583,-0.10699909538697261,0.4498512133424159
motive_2,0.22520006302747392,0.0,0.12117811175894386,0.5989570525881361,0.23193972386867984,0.18072167930972943,0.45520390246580605,0.42457229262676843
motive_3,0.33401758922554736,0.12117811175894386,0.0,0.44350968353684445,0.10029054288395295,0.5512111209683335,1.009120128268051,0.20810925416037188
motive_4,0.2520927533806282,0.5989570525881361,0.44350968353684445,0.0,0.2374551735831079,0.5457707878849353,0.06798331451841154,0.32659416240661465
motive_5,0.47427118401522883,0.23193972386867984,0.10029054288395295,0.2374551735831079,0.0,0.1347176359326041,0.46823331406480523,0.24223076915463965
motive_6,0.5434501966453583,0.18072167930972943,0.5512111209683335,0.5457707878849353,0.1347176359326041,0.0,0.5153998706329395,0.2626509384672735
motive_7,-0.10699909538697261,0.45520390246580605,1.009120128268051,0.06798331451841154,0.46823331406480523,0.5153998706329395,0.0,0.312994205468184
motive_8,0.4498512133424159,0.42457229262676843,0.20810925416037188,0.32659416240661465,0.24223076915463965,0.2626509384672735,0.312994205468184,0.0
