,motive_1,motive_2,motive_3,motive_4,motive_5,motive_6,motive_7,motive_8
motive_1,0.0,0.1052612774877954,0.010744201159359985,0.10056664352891101,0.2462698570225328,0.07860601420401753,0.018638505813704444,0.13633115403988888
motive_2,0.1052612774877954,0.0,0.24888833849960193,0.04435344960994504,0.07906034504655479,0.07241270335412,0.1874779533977834,0.13442628102269905
motive_3,0.010744201159359985,0.24888833849960193,0.0,0.10841525150899153,0.13589441672994446,0.0006192736135928884,0.1435075365131028,0.01258126976264215
motive_4,0.10056664352891101,0.04435344960994504,0.10841525150899153,0.0,0.07261876801806799,0.21125339896930406,0.22325286180898363,0.256171818568117
motive_5,0.2462698570225328,0.07906034504655479,0.13589441672994446,0.07261876801806799,0.0,0.010586164134032412,0.015561610312482613,0.07770362651797008
motive_6,0.07860601420401753,0.07241270335412,0.0006192736135928884,0.21125339896930406,0.010586164134032412,0.0,0.07679250406209354,0.1616226911090606
motive_7,0.018638505813704444,0.1874779533977834,0.1435075365131028,0.22325286180898363,0.015561610312482613,0.07679250406209354,0.0,0.25819384027018266
motive_8,0.13633115403988888,0.13442628102269905,0.01258126976264215,0.256171818568117,0.07770362651797008,0.1616226911090606,0.25819384027018266,0.0
