,motive_1,motive_2,motive_3,motive_4,motive_5,motive_6,motive_7,motive_8
motive_1,0.0,0.15018852218794287,0.05711123912507109,0.13998768149329038,0.1762553485827633,0.11655176390630294,0.04722368241133519,0.1299909286055396
motive_2,0.15018852218794287,0.0,0.17131368187015694,0.111884274428989,0.10460957678479327,0.1032435142519234,0.1535186889123733,0.12150666650299832
motive_3,0.05711123912507109,0.17131368187015694,0.0,-0.012119560215185975,0.13663301515042475,0.12960327195230775,0.165617311614521,-0.08412652241548045
motive_4,0.13998768149329038,0.111884274428989,-0.012119560215185975,0.0,0.14162536921849478,0.10886733305201987,0.010206890982565296,0.10307706800647895
motive_5,0.1762553485827633,0.10460957678479327,0.13663301515042475,0.14162536921849478,0.0,0.17500848131101948,0.08541170787413559,0.16573959614055261
motive_6,0.11655176390630294,0.1032435142519234,0.12960327195230775,0.10886733305201987,0.17500848131101948,0.0,0.14027767410731495,0.18873387231126476
motive_7,0.04722368241133519,0.1535186889123733,0.165617311614521,0.010206890982565296,0.08541170787413559,0.14027767410731495,0.0,0.08155623642819293
motive_8,0.1299909286055396,0.12150666650299832,-0.08412652241548045,0.10307706800647895,0.16573959614055261,0.18873387231126476,0.08155623642819293,0.0
