,motive_1,motive_2,motive_3,motive_4,motive_5,motive_6,motive_7,motive_8
satisfaction,0.019214489182532685,0.08163658077536459,0.21935764110393222,0.06622577160203935,-0.14922511925129228,-0.27586598444319266,-0.4484898153405767,0.06721684231751873
