,motive_1,motive_2,motive_3,motive_4,motive_5,motive_6,motive_7,motive_8
satisfaction,0.5512379842263225,0.7691754495276149,0.2648595657842363,-0.10858527126285716,-0.09762407178439714,0.4023587834373798,-0.02172864579260919,0.472768945255647
