,motive_1,motive_2,motive_3,motive_4,motive_5,motive_6,motive_7,motive_8
satisfaction,-0.3304954895184178,0.0966117225711802,0.11946838993879699,0.0889337945959718,-0.087197785087197,0.2918186119348851,0.08517341820347593,-0.24839087865967527
