,motive_1,motive_2,motive_3,motive_4,motive_5,motive_6,motive_7,motive_8
motive_1,0.0,0.380943493852989,0.1391695170560719,0.04514828410233976,0.26711789677623604,0.6002817464575063,0.5801368583215447,0.5747477382356312
motive_2,0.380943493852989,0.0,0.08420989909113133,0.4425355016547499,0.29880171100010067,0.24834837955522523,0.45290610401790016,0.42167246241185163
motive_3,0.1391695170560719,0.08420989909113133,0.0,0.38213646995381917,0.6638320816530735,0.06669020881491905,0.3101781866149308,0.4747016888265532
motive_4,0.04514828410233976,0.4425355016547499,0.38213646995381917,0.0,0.39903823658338955,0.5152574717268118,0.3633640605745877,0.6663449184086432
motive_5,0.26711789677623604,0.29880171100010067,0.6638320816530735,0.39903823658338955,0.0,0.3273523147968701,0.4552632717767151,0.4092835426787481
motive_6,0.6002817464575063,0.24834837955522523,0.06669020881491905,0.5152574717268118,0.3273523147968701,0.0,0.778139110072349,0.43012972966032803
motive_7,0.5801368583215447,0.45290610401790016,0.3101781866149308,0.3633640605745877,0.4552632717767151,0.778139110072349,0.0,0.6342798503057032
motive_8,0.5747477382356312,0.42167246241185163,0.4747016888265532,0.6663449184086432,0.4092835426787481,0.43012972966032803,0.6342798503057032,0.0
