,motive_1,motive_2,motive_3,motive_4,motive_5,motive_6,motive_7,motive_8
motive_1,0.0,-0.0020070838788645573,-0.02510939382634604,0.08431788397273723,-0.012492784985539268,0.025582608566353738,0.19202175361719648,0.05775161062740011
motive_2,-0.0020070838788645573,0.0,0.012602042114049028,0.11099680142544072,0.18973125828358361,0.04447762321680182,0.13239012425064206,0.11024992725170779
motive_3,-0.02510939382634604,0.012602042114049028,0.0,0.1892731547228861,0.18771161405384265,0.05419324456295378,0.03691213444595757,-0.05695213744873709
motive_4,0.08431788397273723,0.11099680142544072,0.1892731547228861,0.0,0.20120199250736537,0.14609013288701772,0.01840814833235218,0.1011618622745126
motive_5,-0.012492784985539268,0.18973125828358361,0.18771161405384265,0.20120199250736537,0.0,0.15059997813424275,0.07312952738942444,0.05197464984218349
motive_6,0.025582608566353738,0.04447762321680182,0.05419324456295378,0.14609013288701772,0.15059997813424275,0.0,0.14939927845322526,0.0022216440706268603
motive_7,0.19202175361719648,0.13239012425064206,0.03691213444595757,0.01840814833235218,0.07312952738942444,0.14939927845322526,0.0,0.18359943647693827
motive_8,0.05775161062740011,0.11024992725170779,-0.05695213744873709,0.1011618622745126,0.05197464984218349,0.0022216440706268603,0.18359943647693827,0.0
