,motive_1,motive_2,motive_3,motive_4,motive_5,motive_6,motive_7,motive_8
satisfaction,0.5086426768844494,0.00850354076837287,0.10204838802360275,-0.1404295243935229,0.7786740688185938,-0.28402443112469883,0.36512014163366946,0.2939148716942921
