,motive_1,motive_2,motive_3,motive_4,motive_5,motive_6,motive_7,motive_8
satisfaction,0.1490434069515874,1.0,0.23508143251170316,0.20652746252941223,0.6504654049894701,0.445214481426111,0.40389629445972897,-0.3298573858791551
