,motive_1,motive_2,motive_3,motive_4,motive_5,motive_6,motive_7,motive_8
satisfaction,0.6002669433085579,0.21851044882757892,-0.4747441725007609,0.2269278679313579,0.10566699083243362,0.3201400518380925,0.3919108653363217,0.7252236262684983
