,motive_1,motive_2,motive_3,motive_4,motive_5,motive_6,motive_7,motive_8
satisfaction,0.23145503619743013,0.09692717793123347,-0.022488613859927425,0.09211772348457756,-0.02601077026932655,0.34868752339991343,-0.11804936145165823,-0.17513125798354426
