,motive_1,motive_2,motive_3,motive_4,motive_5,motive_6,motive_7,motive_8
motive_1,0.0,0.7800468630998718,0.45178187168213313,0.5925819067777247,0.18885384936820127,0.17687156273972776,0.15437302238398892,0.6911002966485424
motive_2,0.7800468630998718,0.0,0.5739725230431381,0.4262428038457138,0.7521585973112794,0.37021876737996745,0.39136912550925296,0.6578972083506065
motive_3,0.45178187168213313,0.5739725230431381,0.0,0.30701610017644715,0.0215385929631825,0.38801095223044685,0.6517426922499203,0.14125724767145753
motive_4,0.5925819067777247,0.4262428038457138,0.30701610017644715,0.0,0.8842695676544947,-0.22535484656271068,0.459309241257774,0.5654809897982368
motive_5,0.18885384936820127,0.7521585973112794,0.0215385929631825,0.8842695676544947,0.0,0.7478267290027648,0.3228935976933501,0.47598432001458524
motive_6,0.17687156273972776,0.37021876737996745,0.38801095223044685,-0.22535484656271068,0.7478267290027648,0.0,0.4848344030847823,0.5282636764994211
motive_7,0.15437302238398892,0.39136912550925296,0.6517426922499203,0.459309241257774,0.3228935976933501,0.4848344030847823,0.0,0.2494441467152597
motive_8,0.6911002966485424,0.6578972083506065,0.14125724767145753,0.5654809897982368,0.47598432001458524,0.5282636764994211,0.2494441467152597,0.0
