,motive_1,motive_2,motive_3,motive_4,motive_5,motive_6,motive_7,motive_8
motive_1,0.0,0.03378030817988792,-0.03769739598660567,0.6065058509004928,0.2610016863415265,-0.3147455753481492,0.33183239339031184,-0.25204486163347306
motive_2,0.03378030817988792,0.0,0.2610117937838477,-0.37576175916391824,0.4461485299713019,-0.6316606972884802,0.14741747535091565,-0.09551707890676756
motive_3,-0.03769739598660567,0.2610117937838477,0.0,0.004524516756526889,0.2889076633027856,-0.2798491609997452,-0.04520656632074144,0.9069043443779782
motive_4,0.6065058509004928,-0.37576175916391824,0.004524516756526889,0.0,0.708593735168265,0.826087943413671,0.3568290218818222,0.12450863732243087
motive_5,0.2610016863415265,0.4461485299713019,0.2889076633027856,0.708593735168265,0.0,0.7565019581918884,-0.16307010087667279,-0.07395343218653808
motive_6,-0.3147455753481492,-0.6316606972884802,-0.2798491609997452,0.826087943413671,0.7565019581918884,0.0,-0.6340358913642691,0.6888063857750666
motive_7,0.33183239339031184,0.14741747535091565,-0.04520656632074144,0.3568290218818222,-0.16307010087667279,-0.6340358913642691,0.0,-0.12348961531646307
motive_8,-0.25204486163347306,-0.09551707890676756,0.9069043443779782,0.12450863732243087,-0.07395343218653808,0.6888063857750666,-0.12348961531646307,0.0
