,motive_1,motive_2,motive_3,motive_4,motive_5,motive_6,motive_7,motive_8
motive_1,0.0,0.4068193158131994,0.3440962122947475,0.416668257600633,1.2190917630667077,-0.02095357933100639,-0.08424907290891676,0.22247718482023454
motive_2,0.4068193158131994,0.0,0.09287119439722183,0.44812589480231624,0.3313287756262775,0.9427936649761385,-0.24346071707791156,0.3640200714044337
motive_3,0.3440962122947475,0.09287119439722183,0.0,0.7536213645928581,0.018233087578131635,-0.07515277471714485,0.11201318306462921,0.4555548467153153
motive_4,0.416668257600633,0.44812589480231624,0.7536213645928581,0.0,1.0861532002951773,-0.06674847098915848,-0.3049236759026007,0.30075005057978943
motive_5,1.2190917630667077,0.3313287756262775,0.018233087578131635,1.0861532002951773,0.0,0.6242760114219369,-0.09177905819777943,-0.16036142688012045
motive_6,-0.02095357933100639,0.9427936649761385,-0.07515277471714485,-0.06674847098915848,0.6242760114219369,0.0,0.43421252387813225,0.02750648681391976
motive_7,-0.08424907290891676,-0.24346071707791156,0.11201318306462921,-0.3049236759026007,-0.09177905819777943,0.43421252387813225,0.0,-0.013505260437123336
motive_8,0.22247718482023454,0.3640200714044337,0.4555548467153153,0.30075005057978943,-0.16036142688012045,0.02750648681391976,-0.013505260437123336,0.0
