,motive_1,motive_2,motive_3,motive_4,motive_5,motive_6,motive_7,motive_8
satisfaction,0.5313348851613559,-0.06588745045537706,-0.005874405529589219,0.41234073873008226,-0.11603876503945704,0.01358847625250073,0.203216807466994,0.19107857205716133
