,motive_1,motive_2,motive_3,motive_4,motive_5,motive_6,motive_7,motive_8
satisfaction,-0.03804639489647138,0.2694942907180564,0.07257544716033493,0.24847392950346914,0.43615468619846887,0.2234283731785526,-0.1258676907551698,0.21270967404524857
