,motive_1,motive_2,motive_3,motive_4,motive_5,motive_6,motive_7,motive_8
motive_1,0.0,0.1365193382433828,0.22233701002578285,0.23476808931946203,0.634079791846476,-0.023986715764972674,0.5110569344004481,0.3656836273971305
motive_2,0.1365193382433828,0.0,0.10186390325636238,0.19257039147154276,0.22562167498238928,-0.05915547076781534,-0.0044624921232118,0.06710496481084599
motive_3,0.22233701002578285,0.10186390325636238,0.0,0.39815847130580595,-0.24060327898566267,0.12059683305338544,0.33718470517761245,0.002325505320477733
motive_4,0.23476808931946203,0.19257039147154276,0.39815847130580595,0.0,-0.0852620171321361,0.13529804332193157,0.27499357516873696,0.1492437505360129
motive_5,0.634079791846476,0.22562167498238928,-0.24060327898566267,-0.0852620171321361,0.0,0.41819035833451196,0.12419062739946751,0.5329328031440249
motive_6,-0.023986715764972674,-0.05915547076781534,0.12059683305338544,0.13529804332193157,0.41819035833451196,0.0,0.3632735891360948,0.5604606770315623
motive_7,0.5110569344004481,-0.0044624921232118,0.33718470517761245,0.27499357516873696,0.12419062739946751,0.3632735891360948,0.0,0.456821717258847
motive_8,0.3656836273971305,0.06710496481084599,0.002325505320477733,0.1492437505360129,0.5329328031440249,0.5604606770315623,0.456821717258847,0.0
