,motive_1,motive_2,motive_3,motive_4,motive_5,motive_6,motive_7,motive_8
satisfaction,0.6540435966209819,0.678687935952576,0.44087660727470984,0.10017502503636924,0.1211128035255905,-0.22978420089556068,-0.022719144437994304,0.1240435013152388
