,motive_1,motive_2,motive_3,motive_4,motive_5,motive_6,motive_7,motive_8
motive_1,0.0,0.2752379941318971,0.08230550824135113,0.6441090682812957,0.3034865196880303,0.3865349013322659,-0.07326344844408443,0.03173871768093209
motive_2,0.2752379941318971,0.0,0.2702584719423693,0.04307177440233237,0.11597373655011928,0.20683432751850678,0.26540878022842573,-0.14536276149649882
motive_3,0.08230550824135113,0.2702584719423693,0.0,0.40052612445298985,0.025557461748579653,0.16967442817784334,0.17835955199229395,0.3983677116948089
motive_4,0.6441090682812957,0.04307177440233237,0.40052612445298985,0.0,0.2524390843276686,0.018428371511745992,0.042404881372188855,0.28295533517160915
motive_5,0.3034865196880303,0.11597373655011928,0.025557461748579653,0.2524390843276686,0.0,-0.18378917142211187,-0.016391016065679637,0.0814773793786609
motive_6,0.3865349013322659,0.20683432751850678,0.16967442817784334,0.018428371511745992,-0.18378917142211187,0.0,-0.03371531907344219,-0.025513831507173346
motive_7,-0.07326344844408443,0.26540878022842573,0.17835955199229395,0.042404881372188855,-0.016391016065679637,-0.03371531907344219,0.0,0.3385952826981683
motive_8,0.03173871768093209,-0.14536276149649882,0.3983677116948089,0.28295533517160915,0.0814773793786609,-0.025513831507173346,0.3385952826981683,0.0
