,motive_1,motive_2,motive_3,motive_4,motive_5,motive_6,motive_7,motive_8
motive_1,0.0,-0.24759371292843801,0.26462284683187487,0.22489187474005645,0.3500994303587015,-0.066104853387949,0.37686822325351643,0.033488891861306325
motive_2,-0.24759371292843801,0.0,0.7607664197346452,-0.37499973219247135,0.3896479528564162,-0.31434489150099953,0.062372609901995224,-0.4237141430642069
motive_3,0.26462284683187487,0.7607664197346452,0.0,-0.416154761825485,0.08063891379901221,0.002168926900333365,0.2405323558767662,0.15989673473370944
motive_4,0.22489187474005645,-0.37499973219247135,-0.416154761825485,0.0,0.3341413012686627,-0.16388454931015703,0.9214213392964244,0.12437782685782227
motive_5,0.3500994303587015,0.3896479528564162,0.08063891379901221,0.3341413012686627,0.0,0.3463281739162462,0.6869737884264087,0.3755008865681287
motive_6,-0.066104853387949,-0.31434489150099953,0.002168926900333365,-0.16388454931015703,0.3463281739162462,0.0,0.24057564084687977,0.5876060582992841
motive_7,0.37686822325351643,0.062372609901995224,0.2405323558767662,0.9214213392964244,0.6869737884264087,0.24057564084687977,0.0,0.8318048133921139
motive_8,0.033488891861306325,-0.4237141430642069,0.15989673473370944,0.12437782685782227,0.3755008865681287,0.5876060582992841,0.8318048133921139,0.0
