,motive_1,motive_2,motive_3,motive_4,motive_5,motive_6,motive_7,motive_8
motive_1,0.0,0.2582721132856773,0.19279819614476407,0.32987128991840914,-0.291383196572519,0.5033236735274196,0.3133924377839561,0.8744326255525288
motive_2,0.2582721132856773,0.0,-0.6014164718383659,0.003087476528848665,-0.44063484562382227,0.05514232126522915,0.2397336765754554,0.2673423066751653
motive_3,0.19279819614476407,-0.6014164718383659,0.0,0.037084587061332636,-0.11245865981530861,0.36023468297573835,0.34714319399933247,0.33684951858808276
motive_4,0.32987128991840914,0.003087476528848665,0.037084587061332636,0.0,-0.1732097509572212,0.39047802433346696,0.35688131664961265,-0.724524546818574
motive_5,-0.291383196572519,-0.44063484562382227,-0.11245865981530861,-0.1732097509572212,0.0,-0.5444684053424991,-0.36473860452860496,0.2632579285140774
motive_6,0.5033236735274196,0.05514232126522915,0.36023468297573835,0.39047802433346696,-0.5444684053424991,0.0,0.13368006776409672,0.2521621968176781
motive_7,0.3133924377839561,0.2397336765754554,0.34714319399933247,0.35688131664961265,-0.36473860452860496,0.13368006776409672,0.0,0.11272930018278637
motive_8,0.8744326255525288,0.2673423066751653,0.33684951858808276,-0.724524546818574,0.2632579285140774,0.2521621968176781,0.11272930018278637,0.0
