,motive_1,motive_2,motive_3,motive_4,motive_5,motive_6,motive_7,motive_8
satisfaction,0.678984908993651,-0.20298478989407776,0.357648695509151,0.1817911565270651,0.07389653648059655,0.14675148638674107,-0.02937347462458023,0.5020330137047124
