,motive_1,motive_2,motive_3,motive_4,motive_5,motive_6,motive_7,motive_8
satisfaction,0.11524810973222921,0.1614573480347864,-0.07630281092624816,0.4677816495726831,0.13801999031805837,-0.0817320585950424,-0.07062011972371565,0.2777646780460763
