,motive_1,motive_2,motive_3,motive_4,motive_5,motive_6,motive_7,motive_8
motive_1,0.0,0.03977032571424913,0.13256403434711295,-0.0021809702625178624,0.12176710731967305,0.056776493447688973,-0.06272232438383404,-0.04950785088866094
motive_2,0.03977032571424913,0.0,0.1274674563676216,-0.07346729419811622,0.06509520460393582,0.11490199188714756,-0.13160079020259338,0.038704764944808456
motive_3,0.13256403434711295,0.1274674563676216,0.0,-0.04054232051385118,-0.016242620876010475,-0.12398617930359154,0.22505675673524217,-0.03041768400846302
motive_4,-0.0021809702625178624,-0.07346729419811622,-0.04054232051385118,0.0,0.04657566195209373,0.021733793080965527,-0.006047202829940001,0.10353872586415161
motive_5,0.12176710731967305,0.06509520460393582,-0.016242620876010475,0.04657566195209373,0.0,-0.07350522938092952,0.024539729627139226,-0.07929867954372255
motive_6,0.056776493447688973,0.11490199188714756,-0.12398617930359154,0.021733793080965527,-0.07350522938092952,0.0,-0.07333014666627555,-0.020596809181195788
motive_7,-0.06272232438383404,-0.13160079020259338,0.22505675673524217,-0.006047202829940001,0.024539729627139226,-0.07333014666627555,0.0,-0.1265323598565665
motive_8,-0.04950785088866094,0.038704764944808456,-0.03041768400846302,0.10353872586415161,-0.07929867954372255,-0.020596809181195788,-0.1265323598565665,0.0
