,motive_1,motive_2,motive_3,motive_4,motive_5,motive_6,motive_7,motive_8
motive_1,0.0,-0.05307062333257076,0.03554481353666396,-0.007170462035158365,0.1417703663168114,-0.11427847439211322,0.03606811609024589,0.0856189578110994
motive_2,-0.05307062333257076,0.0,-0.037290763497969386,-0.09581777220721491,0.008200881393014246,-0.09461897717329538,-0.1886396231866901,-0.03171454387906573
motive_3,0.03554481353666396,-0.037290763497969386,0.0,0.003036444289808895,-0.025696187615202596,-0.0067501478336311725,-0.08999957763345608,-0.00038415898938886153
motive_4,-0.007170462035158365,-0.09581777220721491,0.003036444289808895,0.0,0.0852093104359718,-0.04708072522234119,0.015988571940685863,0.06927176820824818
motive_5,0.1417703663168114,0.008200881393014246,-0.025696187615202596,0.0852093104359718,0.0,-0.0676700756674009,0.09480533105855127,0.036887353554103046
motive_6,-0.11427847439211322,-0.09461897717329538,-0.0067501478336311725,-0.04708072522234119,-0.0676700756674009,0.0,0.07598481965809506,0.03647413833761717
motive_7,0.03606811609024589,-0.1886396231866901,-0.08999957763345608,0.015988571940685863,0.09480533105855127,0.07598481965809506,0.0,0.09290129832415617
motive_8,0.0856189578110994,-0.03171454387906573,-0.00038415898938886153,0.06927176820824818,0.036887353554103046,0.03647413833761717,0.09290129832415617,0.0
