,motive_1,motive_2,motive_3,motive_4,motive_5,motive_6,motive_7,motive_8
satisfaction,0.5064448203252931,0.31682104439110914,0.10477360657528788,0.48477558957409395,0.7136364281175842,0.21526497739688427,0.34113786875964724,-0.08057342456502825
