,motive_1,motive_2,motive_3,motive_4,motive_5,motive_6,motive_7,motive_8
motive_1,0.0,0.6802056281721753,0.24589723000888042,0.4607127760941364,0.5470448160193524,0.6417480390585272,0.0785777318789278,0.447263852784517
motive_2,0.6802056281721753,0.0,0.761538587964379,0.4141211477660146,0.18405719713225357,0.5007516230662893,0.6537215955544153,0.058664272898284464
motive_3,0.24589723000888042,0.761538587964379,0.0,0.43963594462635147,0.6777515617435634,0.07266187833198684,0.3930253930481932,0.28103556891262266
motive_4,0.4607127760941364,0.4141211477660146,0.43963594462635147,0.0,0.3740605959766457,0.3042979675410966,0.31769597376617165,0.173484841824522
motive_5,0.5470448160193524,0.18405719713225357,0.6777515617435634,0.3740605959766457,0.0,0.4913103585077914,0.28899217578477016,0.5541291877646426
motive_6,0.6417480390585272,0.5007516230662893,0.07266187833198684,0.3042979675410966,0.4913103585077914,0.0,0.3521809236895658,0.46704747638824307
motive_7,0.0785777318789278,0.6537215955544153,0.3930253930481932,0.31769597376617165,0.28899217578477016,0.3521809236895658,0.0,0.7395439498216068
motive_8,0.447263852784517,0.058664272898284464,0.28103556891262266,0.173484841824522,0.5541291877646426,0.46704747638824307,0.7395439498216068,0.0
