,motive_1,motive_2,motive_3,motive_4,motive_5,motive_6,motive_7,motive_8
satisfaction,0.4667428967457027,0.26391225696674825,0.6285280088732452,0.057299638882142706,-0.2848257868732117,0.07366895730319611,-0.22753161926938864,0.3506537565380232
