,motive_1,motive_2,motive_3,motive_4,motive_5,motive_6,motive_7,motive_8
motive_1,0.0,0.29720535007707877,-0.2624497388980237,-0.06223181298499464,0.17027090253277308,-1.0283292250667162,0.12472255676675142,0.34116762819658697
motive_2,0.29720535007707877,0.0,-0.529430776041276,-0.5173493869495777,0.3885791916473057,0.9245733156351148,0.5325394987516613,0.05810556720108468
motive_3,-0.2624497388980237,-0.529430776041276,0.0,-0.9777492979067945,0.06759703799486899,-0.19066470592006543,0.2552397698461067,0.08140332941953454
motive_4,-0.06223181298499464,-0.5173493869495777,-0.9777492979067945,0.0,0.1767020527368994,0.8053816253265047,0.18509266673926328,0.16239375365432226
motive_5,0.17027090253277308,0.3885791916473057,0.06759703799486899,0.1767020527368994,0.0,-0.3904269253279647,0.2097859011826609,-0.37637410021777745
motive_6,-1.0283292250667162,0.9245733156351148,-0.19066470592006543,0.8053816253265047,-0.3904269253279647,0.0,-0.03790262609719158,0.4654575754392138
motive_7,0.12472255676675142,0.5325394987516613,0.2552397698461067,0.18509266673926328,0.2097859011826609,-0.03790262609719158,0.0,-0.09616395305783482
motive_8,0.34116762819658697,0.05810556720108468,0.08140332941953454,0.16239375365432226,-0.37637410021777745,0.4654575754392138,-0.09616395305783482,0.0
