,motive_1,motive_2,motive_3,motive_4,motive_5,motive_6,motive_7,motive_8
motive_1,0.0,0.014702348311936952,0.1969388823603363,0.11694756038329773,0.15705233866846918,0.13656128174784626,0.04861042780442193,0.05139143064665917
motive_2,0.014702348311936952,0.0,0.18489044752162948,0.16417890044835554,0.024088934837994902,0.2603554027026651,0.0876912692907221,0.07050609600097318
motive_3,0.1969388823603363,0.18489044752162948,0.0,0.026870615993927184,0.09929554960123145,0.15789981518623217,0.1805257785976062,0.04212596951676794
motive_4,0.11694756038329773,0.16417890044835554,0.026870615993927184,0.0,0.1057200403207561,0.0827858547990415,0.09970728276012385,0.05401429098208863
motive_5,0.15705233866846918,0.024088934837994902,0.09929554960123145,0.1057200403207561,0.0,0.15114783872013213,0.05395734689085864,-0.013318388454531566
motive_6,0.13656128174784626,0.2603554027026651,0.15789981518623217,0.0827858547990415,0.15114783872013213,0.0,0.10282582178949995,0.14116528819431012
motive_7,0.04861042780442193,0.0876912692907221,0.1805257785976062,0.09970728276012385,0.05395734689085864,0.10282582178949995,0.0,0.10049660764723287
motive_8,0.05139143064665917,0.07050609600097318,0.04212596951676794,0.05401429098208863,-0.013318388454531566,0.14116528819431012,0.10049660764723287,0.0
