,motive_1,motive_2,motive_3,motive_4,motive_5,motive_6,motive_7,motive_8
motive_1,0.0,-0.2336343130055187,0.5733141940436692,0.3039416229102596,0.016071416349302245,0.42272017878284107,-0.02240609633420007,-0.4162708898987343
motive_2,-0.2336343130055187,0.0,-0.43364993051275025,0.2471970699668216,0.6041607538710696,-0.9065877615115149,-0.5385457132940021,-0.763166619274372
motive_3,0.5733141940436692,-0.43364993051275025,0.0,-0.5301970310010506,-0.5402923814098435,-0.045242309981523315,0.32721635340808586,-0.4280225721802647
motive_4,0.3039416229102596,0.2471970699668216,-0.5301970310010506,0.0,-0.08561878170787421,0.5288946079205572,0.2951254451375853,0.17088937159477569
motive_5,0.016071416349302245,0.6041607538710696,-0.5402923814098435,-0.08561878170787421,0.0,-0.37051438626266214,-0.4985202316827224,-0.31861008001008234
motive_6,0.42272017878284107,-0.9065877615115149,-0.045242309981523315,0.5288946079205572,-0.37051438626266214,0.0,-0.8833219467300168,0.10980170102112734
motive_7,-0.02240609633420007,-0.5385457132940021,0.32721635340808586,0.2951254451375853,-0.4985202316827224,-0.8833219467300168,0.0,-0.43305929262216203
motive_8,-0.4162708898987343,-0.763166619274372,-0.4280225721802647,0.17088937159477569,-0.31861008001008234,0.10980170102112734,-0.43305929262216203,0.0
