,motive_1,motive_2,motive_3,motive_4,motive_5,motive_6,motive_7,motive_8
motive_1,0.0,0.3111060595781908,0.5433717601451643,0.26761402953525926,0.07538294453722513,0.5807169025039739,0.5451672889508123,0.11649265338427449
motive_2,0.3111060595781908,0.0,0.37622662460238154,-0.28716905580418395,0.40793306987425415,0.013504996575675068,0.04753755177984531,0.3445568145446113
motive_3,0.5433717601451643,0.37622662460238154,0.0,0.008170400378059467,0.42452610790532774,0.060484547157485,0.2445998050381018,0.03781340817724775
motive_4,0.26761402953525926,-0.28716905580418395,0.008170400378059467,0.0,0.3813972865244597,0.22758113984686917,-0.13850734442873042,-0.004661625835698013
motive_5,0.07538294453722513,0.40793306987425415,0.42452610790532774,0.3813972865244597,0.0,-0.014001284193416744,0.46270141428685574,0.10708331509077283
motive_6,0.5807169025039739,0.013504996575675068,0.060484547157485,0.22758113984686917,-0.014001284193416744,0.0,0.35470424317742666,0.08700600255522184
motive_7,0.5451672889508123,0.04753755177984531,0.2445998050381018,-0.13850734442873042,0.46270141428685574,0.35470424317742666,0.0,0.2816449504676273
motive_8,0.11649265338427449,0.3445568145446113,0.03781340817724775,-0.004661625835698013,0.10708331509077283,0.08700600255522184,0.2816449504676273,0.0
