,motive_1,motive_2,motive_3,motive_4,motive_5,motive_6,motive_7,motive_8
motive_1,0.0,-0.5582616303487146,-0.21159760704741348,-0.4683234898003289,0.7119887277795829,0.4805319817734255,0.23458692655388716,0.08412772460868151
motive_2,-0.5582616303487146,0.0,-0.2964611688671651,0.02022183855978421,0.12609700528448292,0.03212344542005152,0.1446011299458257,-0.3723305301194586
motive_3,-0.21159760704741348,-0.2964611688671651,0.0,0.7457454534872018,-0.3005894762169425,-0.33487953580190016,0.5398405867557252,0.6130014688652673
motive_4,-0.4683234898003289,0.02022183855978421,0.7457454534872018,0.0,0.25357027225269846,0.580452059816354,-0.5642355713702192,-0.43186056427852637
motive_5,0.7119887277795829,0.12609700528448292,-0.3005894762169425,0.25357027225269846,0.0,0.3874176069715816,-0.4591837812377314,0.38479802678216407
motive_6,0.4805319817734255,0.03212344542005152,-0.33487953580190016,0.580452059816354,0.3874176069715816,0.0,0.4106020525420631,-0.33886912764249144
motive_7,0.23458692655388716,0.1446011299458257,0.5398405867557252,-0.5642355713702192,-0.4591837812377314,0.4106020525420631,0.0,0.1467623550033479
motive_8,0.08412772460868151,-0.3723305301194586,0.6130014688652673,-0.43186056427852637,0.38479802678216407,-0.33886912764249144,0.1467623550033479,0.0
