,motive_1,motive_2,motive_3,motive_4,motive_5,motive_6,motive_7,motive_8
motive_1,0.0,0.60679612691054,0.22836414033789948,0.4964102730982476,0.2759795545197088,0.6157894666667328,0.2963246005174277,0.39602558811943733
motive_2,0.60679612691054,0.0,0.5474254243073728,0.21987657341286257,0.5167800077172127,0.6386957563240826,0.4071438546373798,0.5083690107940091
motive_3,0.22836414033789948,0.5474254243073728,0.0,0.4381748962122605,0.19022249897744087,0.3735455762601793,0.3577565549411416,0.19990975571614475
motive_4,0.4964102730982476,0.21987657341286257,0.4381748962122605,0.0,0.4668430289959085,0.6025277943125822,0.37308761427958104,0.14734438299914315
motive_5,0.2759795545197088,0.5167800077172127,0.19022249897744087,0.4668430289959085,0.0,0.5189261707892402,0.6674500459152215,0.548771081987434
motive_6,0.6157894666667328,0.6386957563240826,0.3735455762601793,0.6025277943125822,0.5189261707892402,0.0,0.3757012781014637,0.5898795593263082
motive_7,0.2963246005174277,0.4071438546373798,0.3577565549411416,0.37308761427958104,0.6674500459152215,0.3757012781014637,0.0,0.633569121760206
motive_8,0.39602558811943733,0.5083690107940091,0.19990975571614475,0.14734438299914315,0.548771081987434,0.5898795593263082,0.633569121760206,0.0
