,motive_1,motive_2,motive_3,motive_4,motive_5,motive_6,motive_7,motive_8
motive_1,0.0,0.07119226505335456,0.18470866671930697,0.24211475530745305,0.5192930863965933,0.24714245681736075,0.42031666228663317,0.17752304057223667
motive_2,0.07119226505335456,0.0,0.2521168290984652,0.02248759300983902,0.14503734872260016,0.04099753773178321,0.36839936691876995,0.32383058972200013
motive_3,0.18470866671930697,0.2521168290984652,0.0,-0.06463686994707549,0.2742576911169712,0.28611219794874865,-0.3790354564603704,0.1548244494468961
motive_4,0.24211475530745305,0.02248759300983902,-0.06463686994707549,0.0,0.35195926136815664,0.4246326172883758,0.2592046711866015,0.23497156711321815
motive_5,0.5192930863965933,0.14503734872260016,0.2742576911169712,0.35195926136815664,0.0,0.22061010909856393,0.18171424235202885,0.00809134769246686
motive_6,0.24714245681736075,0.04099753773178321,0.28611219794874865,0.4246326172883758,0.22061010909856393,0.0,0.1978126508804463,0.194304180294485
motive_7,0.42031666228663317,0.36839936691876995,-0.3790354564603704,0.2592046711866015,0.18171424235202885,0.1978126508804463,0.0,0.1432446331770608
motive_8,0.17752304057223667,0.32383058972200013,0.1548244494468961,0.23497156711321815,0.00809134769246686,0.194304180294485,0.1432446331770608,0.0
