,motive_1,motive_2,motive_3,motive_4,motive_5,motive_6,motive_7,motive_8
motive_1,0.0,0.06950421090542247,0.3468916837067241,0.11882431519296943,0.42272290014773506,0.5167650307141748,0.43225389768219225,0.3070828311421887
motive_2,0.06950421090542247,0.0,-0.029133610812744126,0.2657198210367802,0.48518133118767,0.3849930820722041,0.4549777511487051,0.4135300952824884
motive_3,0.3468916837067241,-0.029133610812744126,0.0,0.08933904072010163,0.37059754922694754,0.4116146005245323,0.32496972230861093,0.6689477384406628
motive_4,0.11882431519296943,0.2657198210367802,0.08933904072010163,0.0,0.6127944811349193,0.6100211878127167,0.12651316836181742,0.6699432873279842
motive_5,0.42272290014773506,0.48518133118767,0.37059754922694754,0.6127944811349193,0.0,0.5109977437322042,0.05784666985933051,0.4300598892890928
motive_6,0.5167650307141748,0.3849930820722041,0.4116146005245323,0.6100211878127167,0.5109977437322042,0.0,0.8545413164754423,0.2706807371179868
motive_7,0.43225389768219225,0.4549777511487051,0.32496972230861093,0.12651316836181742,0.05784666985933051,0.8545413164754423,0.0,0.047404871769628265
motive_8,0.3070828311421887,0.4135300952824884,0.6689477384406628,0.6699432873279842,0.4300598892890928,0.2706807371179868,0.047404871769628265,0.0
