,motive_1,motive_2,motive_3,motive_4,motive_5,motive_6,motive_7,motive_8
motive_1,0.0,0.11597582496366099,0.14108659215544278,0.13095676464265646,0.015920319272527392,0.09825740770185051,0.26181744439145976,-0.015060302952254287
motive_2,0.11597582496366099,0.0,0.11881243304449277,0.23014494883029984,0.16099400464848834,0.0792142094686629,0.15365913184562963,0.07769351523567095
motive_3,0.14108659215544278,0.11881243304449277,0.0,0.13440575317744327,-0.006150115203821263,0.14144494685688774,0.1434374965728359,-0.018787911282655376
motive_4,0.13095676464265646,0.23014494883029984,0.13440575317744327,0.0,0.06363523076085512,0.0724314211409233,0.029072217568939712,0.06539611244465254
motive_5,0.015920319272527392,0.16099400464848834,-0.006150115203821263,0.06363523076085512,0.0,0.19898031326340915,0.16119229178395877,0.1166598511610355
motive_6,0.09825740770185051,0.0792142094686629,0.14144494685688774,0.0724314211409233,0.19898031326340915,0.0,-0.02870048466841002,0.12214429846591024
motive_7,0.26181744439145976,0.15365913184562963,0.1434374965728359,0.029072217568939712,0.16119229178395877,-0.02870048466841002,0.0,0.23148471968258405
motive_8,-0.015060302952254287,0.07769351523567095,-0.018787911282655376,0.06539611244465254,0.1166598511610355,0.12214429846591024,0.23148471968258405,0.0
