,motive_1,motive_2,motive_3,motive_4,motive_5,motive_6,motive_7,motive_8
motive_1,0.0,0.42519043681647417,0.201307420013228,0.5870260648724637,0.5278946740701707,0.3639079443786196,0.5242715569911838,0.17102046428747814
motive_2,0.42519043681647417,0.0,0.3086630458429087,0.19890071589889255,0.46225300389755114,0.2995586327334569,0.27187817997530284,0.7788243540613238
motive_3,0.201307420013228,0.3086630458429087,0.0,0.3218306038138835,0.5528045489783988,0.22920220026306853,0.5630423885382951,0.15337674197320744
motive_4,0.5870260648724637,0.19890071589889255,0.3218306038138835,0.0,0.6651750049924832,0.5112741244381901,0.5480643678279339,0.7472862834393141
motive_5,0.5278946740701707,0.46225300389755114,0.5528045489783988,0.6651750049924832,0.0,0.6543285192098236,0.364804362381582,0.2907456894565405
motive_6,0.3639079443786196,0.2995586327334569,0.22920220026306853,0.5112741244381901,0.6543285192098236,0.0,0.11029661576831015,0.4840609751119685
motive_7,0.5242715569911838,0.27187817997530284,0.5630423885382951,0.5480643678279339,0.364804362381582,0.11029661576831015,0.0,0.25727708396239796
motive_8,0.17102046428747814,0.7788243540613238,0.15337674197320744,0.7472862834393141,0.2907456894565405,0.4840609751119685,0.25727708396239796,0.0
