,motive_1,motive_2,motive_3,motive_4,motive_5,motive_6,motive_7,motive_8
satisfaction,0.0904946459860688,0.23849211609810464,-0.17433383478344225,0.1636754226295084,0.20735108497350888,0.1730292441356106,0.12470204028512366,-0.008773692826210627
