,motive_1,motive_2,motive_3,motive_4,motive_5,motive_6,motive_7,motive_8
motive_1,0.0,0.1723165889466014,0.3968290586217237,0.3838759039093489,0.5720239674123424,0.3723839915757914,0.34135764078088693,0.4725551998650801
motive_2,0.1723165889466014,0.0,0.6248446207330359,0.2870715380565476,0.7477749376612076,0.6604319646159975,0.14517932924972873,0.38551108829418834
motive_3,0.3968290586217237,0.6248446207330359,0.0,0.2719773823062178,0.34522877397063145,0.32393573568620443,0.3697841250107261,0.5625364559407716
motive_4,0.3838759039093489,0.2870715380565476,0.2719773823062178,0.0,0.5098316388544241,0.4797488531687526,0.6389384629794734,0.5132547639409688
motive_5,0.5720239674123424,0.7477749376612076,0.34522877397063145,0.5098316388544241,0.0,0.5002538810273847,0.6475978340848386,0.1903220009108922
motive_6,0.3723839915757914,0.6604319646159975,0.32393573568620443,0.4797488531687526,0.5002538810273847,0.0,0.3918184018143295,0.12601910246844203
motive_7,0.34135764078088693,0.14517932924972873,0.3697841250107261,0.6389384629794734,0.6475978340848386,0.3918184018143295,0.0,0.04259835675853843
motive_8,0.4725551998650801,0.38551108829418834,0.5625364559407716,0.5132547639409688,0.1903220009108922,0.12601910246844203,0.04259835675853843,0.0
