,motive_1,motive_2,motive_3,motive_4,motive_5,motive_6,motive_7,motive_8
motive_1,0.0,0.05688652488252811,0.04491377781018758,-0.041597560254486486,-0.0015111302249378976,-0.14351805952565355,-0.009420402942395814,-0.06285551711794898
motive_2,0.05688652488252811,0.0,-0.04811581974930723,-0.07554752040286435,0.05429071598715532,0.0015984230116737053,0.07221501003436637,0.053686176987812625
motive_3,0.04491377781018758,-0.04811581974930723,0.0,-0.0730569858770629,-0.004180883771666235,-0.02414878187098491,-0.04331936803742375,0.008802612609598678
motive_4,-0.041597560254486486,-0.07554752040286435,-0.0730569858770629,0.0,0.0010218956712883392,-0.003769754390299907,-0.05851857686381587,-0.09951725491254566
motive_5,-0.0015111302249378976,0.05429071598715532,-0.004180883771666235,0.0010218956712883392,0.0,-0.02571399089570126,-0.0481948720659935,-0.047605649214379445
motive_6,-0.14351805952565355,0.0015984230116737053,-0.02414878187098491,-0.003769754390299907,-0.02571399089570126,0.0,0.16743844694156257,0.051433024926294146
motive_7,-0.009420402942395814,0.07221501003436637,-0.04331936803742375,-0.05851857686381587,-0.0481948720659935,0.16743844694156257,0.0,0.08344929328328038
motive_8,-0.06285551711794898,0.053686176987812625,0.008802612609598678,-0.09951725491254566,-0.047605649214379445,0.051433024926294146,0.08344929328328038,0.0
