,motive_1,motive_2,motive_3,motive_4,motive_5,motive_6,motive_7,motive_8
motive_1,0.0,-0.8739983221439724,0.10735702506901418,0.0009481714665849905,0.558156772945984,-0.21351416844520832,0.7270399428636543,0.21532006281053997
motive_2,-0.8739983221439724,0.0,-0.08382986220570116,-0.7882225643047904,-0.31136798288250433,-0.07255769078923202,-0.17225195391020434,-0.5491475792164442
motive_3,0.10735702506901418,-0.08382986220570116,0.0,-0.3030237929915861,0.7248525750327051,0.061276917436955534,0.2743946695175694,0.35373513141651436
motive_4,0.0009481714665849905,-0.7882225643047904,-0.3030237929915861,0.0,0.02273788465120783,0.5128727041798788,-0.5008795616282271,0.0350007604875065
motive_5,0.558156772945984,-0.31136798288250433,0.7248525750327051,0.02273788465120783,0.0,0.6013473939797082,-0.028320248790955585,0.41503987625625777
motive_6,-0.21351416844520832,-0.07255769078923202,0.061276917436955534,0.5128727041798788,0.6013473939797082,0.0,0.19232613133597393,0.237447052515393
motive_7,0.7270399428636543,-0.17225195391020434,0.2743946695175694,-0.5008795616282271,-0.028320248790955585,0.19232613133597393,0.0,-0.024103331689243307
motive_8,0.21532006281053997,-0.5491475792164442,0.35373513141651436,0.0350007604875065,0.41503987625625777,0.237447052515393,-0.024103331689243307,0.0
