,motive_1,motive_2,motive_3,motive_4,motive_5,motive_6,motive_7,motive_8
motive_1,0.0,0.6835353926880979,0.3449933847094054,0.4903753104052045,0.1699380658975684,0.4380919366035224,0.30392605639066994,0.7797260350247825
motive_2,0.6835353926880979,0.0,0.33594164398856596,0.4143199493656325,0.5781982856300114,0.4208401329885102,0.7162773848692388,0.6758006076197072
motive_3,0.3449933847094054,0.33594164398856596,0.0,0.5923085858759352,0.4377876030324337,0.36044978162224595,0.6019096490022385,0.47795875562233575
motive_4,0.4903753104052045,0.4143199493656325,0.5923085858759352,0.0,0.0398252649196873,0.3992657653802022,0.18596476301147075,0.03983293953257222
motive_5,0.1699380658975684,0.5781982856300114,0.4377876030324337,0.0398252649196873,0.0,0.5688244312813335,0.266912673364443,0.1306282980927604
motive_6,0.4380919366035224,0.4208401329885102,0.36044978162224595,0.3992657653802022,0.5688244312813335,0.0,0.44663835203151536,0.24645841395027207
motive_7,0.30392605639066994,0.7162773848692388,0.6019096490022385,0.18596476301147075,0.266912673364443,0.44663835203151536,0.0,0.43793130539322034
motive_8,0.7797260350247825,0.6758006076197072,0.47795875562233575,0.03983293953257222,0.1306282980927604,0.24645841395027207,0.43793130539322034,0.0
