,motive_1,motive_2,motive_3,motive_4,motive_5,motive_6,motive_7,motive_8
motive_1,0.0,0.26473883257043346,-0.26362961379912386,0.326520695981697,0.016809744071683713,-0.025214952934096757,-0.32428032287264436,-0.39312384289642266
motive_2,0.26473883257043346,0.0,0.18821679506716982,-0.6163042951698133,-0.07598722236398689,0.3417487474526478,0.31154422780375296,0.11287453188017785
motive_3,-0.26362961379912386,0.18821679506716982,0.0,1.074404643484087,-0.6994991763695941,0.4371716614927697,-0.5391535488811379,0.5627543243345394
motive_4,0.326520695981697,-0.6163042951698133,1.074404643484087,0.0,0.8598209123285768,-0.023863464641396215,0.5428675798940386,0.837267198149451
motive_5,0.016809744071683713,-0.07598722236398689,-0.6994991763695941,0.8598209123285768,0.0,0.4234669027983441,0.2780033018116899,0.732709058508518
motive_6,-0.025214952934096757,0.3417487474526478,0.4371716614927697,-0.023863464641396215,0.4234669027983441,0.0,-0.3595404833143988,0.5316358374392656
motive_7,-0.32428032287264436,0.31154422780375296,-0.5391535488811379,0.5428675798940386,0.2780033018116899,-0.3595404833143988,0.0,0.5504468883769231
motive_8,-0.39312384289642266,0.11287453188017785,0.5627543243345394,0.837267198149451,0.732709058508518,0.5316358374392656,0.5504468883769231,0.0
