,motive_1,motive_2,motive_3,motive_4,motive_5,motive_6,motive_7,motive_8
motive_1,0.0,0.35340965790659973,0.3220481061473738,0.3583341288003165,0.7595458815333538,0.1395232103344968,0.10787546354554164,0.26123859241011727
motive_2,0.35340965790659973,0.0,0.19643559719861092,0.37406294740115814,0.31566438781313877,0.6213968324880692,0.028269641461044222,0.3320100357022169
motive_3,0.3220481061473738,0.19643559719861092,0.0,0.526810682296429,0.15911654378906584,0.11242361264142758,0.2060065915323146,0.3777774233576577
motive_4,0.3583341288003165,0.37406294740115814,0.526810682296429,0.0,0.6930766001475887,0.11662576450542078,-0.0024618379513003663,0.30037502528989474
motive_5,0.7595458815333538,0.31566438781313877,0.15911654378906584,0.6930766001475887,0.0,0.46213800571096847,0.10411047090111028,0.06981928655993977
motive_6,0.1395232103344968,0.6213968324880692,0.11242361264142758,0.11662576450542078,0.46213800571096847,0.0,0.36710626193906615,0.1637532434069599
motive_7,0.10787546354554164,0.028269641461044222,0.2060065915323146,-0.0024618379513003663,0.10411047090111028,0.36710626193906615,0.0,0.14324736978143834
motive_8,0.26123859241011727,0.3320100357022169,0.3777774233576577,0.30037502528989474,0.06981928655993977,0.1637532434069599,0.14324736978143834,0.0
