,motive_1,motive_2,motive_3,motive_4,motive_5,motive_6,motive_7,motive_8
motive_1,0.0,0.3785099610914422,0.9373243294742425,0.5116521545965428,0.41551223996386355,0.5914942143842399,0.2131647004010808,0.2951799035868346
motive_2,0.3785099610914422,0.0,0.49968495922142586,0.4761317140433471,0.33101551617842684,0.4188610277996925,0.13518956863317963,0.6339891604045479
motive_3,0.9373243294742425,0.49968495922142586,0.0,0.5055987631167728,0.24506259458942795,0.28658275510551434,0.4812278251999195,0.43511673116470495
motive_4,0.5116521545965428,0.4761317140433471,0.5055987631167728,0.0,0.43787597522485266,0.43742620454378933,0.5521461163469454,0.3239852793306969
motive_5,0.41551223996386355,0.33101551617842684,0.24506259458942795,0.43787597522485266,0.0,0.6406691471032424,0.19035268905139285,0.5688742561630601
motive_6,0.5914942143842399,0.4188610277996925,0.28658275510551434,0.43742620454378933,0.6406691471032424,0.0,0.4674666620165655,0.619992956170039
motive_7,0.2131647004010808,0.13518956863317963,0.4812278251999195,0.5521461163469454,0.19035268905139285,0.4674666620165655,0.0,0.5367240442167408
motive_8,0.2951799035868346,0.6339891604045479,0.43511673116470495,0.3239852793306969,0.5688742561630601,0.619992956170039,0.5367240442167408,0.0
