,motive_1,motive_2,motive_3,motive_4,motive_5,motive_6,motive_7,motive_8
motive_1,0.0,0.26443883729096723,0.16671034690698544,0.043704227009680956,0.05846746503725299,0.17493576588014378,0.1830138740073523,0.1032603470024289
motive_2,0.26443883729096723,0.0,0.1481894795168513,0.08569311111381334,0.2832342982102023,0.1416014522004848,0.1389677145437389,0.0914093243491147
motive_3,0.16671034690698544,0.1481894795168513,0.0,-0.0015456595412234875,0.1516725159984352,0.030253462426732006,0.061596240832348235,0.17286653190041254
motive_4,0.043704227009680956,0.08569311111381334,-0.0015456595412234875,0.0,0.07355929117588225,0.19584905650275986,0.1649007275473522,0.08471174794147887
motive_5,0.05846746503725299,0.2832342982102023,0.1516725159984352,0.07355929117588225,0.0,0.027265320104152793,0.009425434630880775,0.0825348071876627
motive_6,0.17493576588014378,0.1416014522004848,0.030253462426732006,0.19584905650275986,0.027265320104152793,0.0,0.026493570233104585,0.18770304580152702
motive_7,0.1830138740073523,0.1389677145437389,0.061596240832348235,0.1649007275473522,0.009425434630880775,0.026493570233104585,0.0,0.05982707790710568
motive_8,0.1032603470024289,0.0914093243491147,0.17286653190041254,0.08471174794147887,0.0825348071876627,0.18770304580152702,0.05982707790710568,0.0
