,motive_1,motive_2,motive_3,motive_4,motive_5,motive_6,motive_7,motive_8
satisfaction,-0.19821265119981663,0.04071394310343654,-0.259943328223237,0.726435150446411,0.7035971654264035,0.08460553125136071,0.1371687384087527,-0.5164173831266086
