,motive_1,motive_2,motive_3,motive_4,motive_5,motive_6,motive_7,motive_8
motive_1,0.0,-0.3811759670557838,0.3413634687479838,0.3674232232768656,-0.07808757560893537,0.21608495968489966,0.3607820129125552,-0.04973752902156103
motive_2,-0.3811759670557838,0.0,0.1969955222146338,0.403641421407325,0.3196631270246643,-0.00023974652908558686,0.11289966947796187,-0.0007801690861364077
motive_3,0.3413634687479838,0.1969955222146338,0.0,0.23497018532650843,-0.2908765530924992,-0.48880164480254795,0.37349223953996114,0.1312520181991519
motive_4,0.3674232232768656,0.403641421407325,0.23497018532650843,0.0,-0.9431270111782587,0.09194957987180226,-0.20267846558535668,-0.4954293168584567
motive_5,-0.07808757560893537,0.3196631270246643,-0.2908765530924992,-0.9431270111782587,0.0,0.4950453547809334,-0.11490997169961605,-0.0065354025735488985
motive_6,0.21608495968489966,-0.00023974652908558686,-0.48880164480254795,0.09194957987180226,0.4950453547809334,0.0,0.43838102434948806,0.529418303573866
motive_7,0.3607820129125552,0.11289966947796187,0.37349223953996114,-0.20267846558535668,-0.11490997169961605,0.43838102434948806,0.0,-0.004218493767947071
motive_8,-0.04973752902156103,-0.0007801690861364077,0.1312520181991519,-0.4954293168584567,-0.0065354025735488985,0.529418303573866,-0.004218493767947071,0.0
