,motive_1,motive_2,motive_3,motive_4,motive_5,motive_6,motive_7,motive_8
motive_1,0.0,0.04852688741577797,0.2539978149062875,0.2831900208505485,0.05529091717210548,0.26858000488088657,0.43165752956142844,0.5638420372276509
motive_2,0.04852688741577797,0.0,0.3665674492675306,-0.2697152865174617,0.10931003619813684,0.4773336283771858,0.36085295737992584,0.047761113616761955
motive_3,0.2539978149062875,0.3665674492675306,0.0,0.6097531168230569,0.2679564722708637,-0.05374658388202781,0.02283771482340305,0.21190315935864137
motive_4,0.2831900208505485,-0.2697152865174617,0.6097531168230569,0.0,0.11138235180075959,0.5000336695206955,0.343336003190842,0.41635136701015274
motive_5,0.05529091717210548,0.10931003619813684,0.2679564722708637,0.11138235180075959,0.0,0.32576482073139157,0.03083824198631893,0.08653656658707082
motive_6,0.26858000488088657,0.4773336283771858,-0.05374658388202781,0.5000336695206955,0.32576482073139157,0.0,0.018367423689044343,0.3382104629631554
motive_7,0.43165752956142844,0.36085295737992584,0.02283771482340305,0.343336003190842,0.03083824198631893,0.018367423689044343,0.0,0.28915146908291345
motive_8,0.5638420372276509,0.047761113616761955,0.21190315935864137,0.41635136701015274,0.08653656658707082,0.3382104629631554,0.28915146908291345,0.0
