,motive_1,motive_2,motive_3,motive_4,motive_5,motive_6,motive_7,motive_8
satisfaction,0.13816380706773712,0.2633121627738214,0.1751875387506156,0.14216457787393835,0.4009320954154929,0.1538092133419473,-0.22995699383342436,0.11990192902509353
