,motive_1,motive_2,motive_3,motive_4,motive_5,motive_6,motive_7,motive_8
motive_1,0.0,0.37079154481585425,0.10656916719389221,0.22909932135047895,0.07858471956852435,0.146098590208118,0.16865454382079362,0.2014934206502933
motive_2,0.37079154481585425,0.0,0.24637326800269077,0.12636260479123762,-0.10923749712500691,0.2270196315802859,0.026149290167676364,0.48131647294539043
motive_3,0.10656916719389221,0.24637326800269077,0.0,0.18276612958180413,0.16835830216237888,0.05229091073057464,0.09861307422418825,0.0526605691853803
motive_4,0.22909932135047895,0.12636260479123762,0.18276612958180413,0.0,-0.12330528218337333,-0.22582894096489597,0.6309795737317896,0.3278617267599876
motive_5,0.07858471956852435,-0.10923749712500691,0.16835830216237888,-0.12330528218337333,0.0,0.17265655592201826,0.0007994129828050589,0.17926968961389278
motive_6,0.146098590208118,0.2270196315802859,0.05229091073057464,-0.22582894096489597,0.17265655592201826,0.0,0.2817300145707462,0.38362774663518356
motive_7,0.16865454382079362,0.026149290167676364,0.09861307422418825,0.6309795737317896,0.0007994129828050589,0.2817300145707462,0.0,0.4258851906828822
motive_8,0.2014934206502933,0.48131647294539043,0.0526605691853803,0.3278617267599876,0.17926968961389278,0.38362774663518356,0.4258851906828822,0.0
