,motive_1,motive_2,motive_3,motive_4,motive_5,motive_6,motive_7,motive_8
motive_1,0.0,0.2671714875224093,0.25585556324237596,0.34602842611758716,0.283187257795216,0.5245870347385663,0.35974534112587275,0.8608002448017223
motive_2,0.2671714875224093,0.0,0.05237454713586252,0.6887288535769465,0.26969694923479337,-0.5332012742810255,0.5378579863593663,-0.5070942559816134
motive_3,0.25585556324237596,0.05237454713586252,0.0,1.0936042867534956,-0.2623770149788668,-0.20749726725648415,0.5720572093130891,-0.13594944102142287
motive_4,0.34602842611758716,0.6887288535769465,1.0936042867534956,0.0,-0.517741061865236,0.26336187149767176,0.30520202797020024,0.4889444989361143
motive_5,0.283187257795216,0.26969694923479337,-0.2623770149788668,-0.517741061865236,0.0,0.6322358065752948,0.35305893768851926,0.07282095894586356
motive_6,0.5245870347385663,-0.5332012742810255,-0.20749726725648415,0.26336187149767176,0.6322358065752948,0.0,0.8991645736192064,0.28811736005245325
motive_7,0.35974534112587275,0.5378579863593663,0.5720572093130891,0.30520202797020024,0.35305893768851926,0.8991645736192064,0.0,-0.3182956392693541
motive_8,0.8608002448017223,-0.5070942559816134,-0.13594944102142287,0.4889444989361143,0.07282095894586356,0.28811736005245325,-0.3182956392693541,0.0
