,motive_1,motive_2,motive_3,motive_4,motive_5,motive_6,motive_7,motive_8
motive_1,0.0,0.18147038542866822,0.12453382739412039,0.1424608838038528,0.1802521399906269,0.06079218641757875,0.13382892272135716,0.03367879600366572
motive_2,0.18147038542866822,0.0,0.07138451888586471,0.10801566434399312,0.1725223451815494,0.10392260035461329,0.07340945073032308,0.10694162459534538
motive_3,0.12453382739412039,0.07138451888586471,0.0,0.1707348773834571,0.06477935013507481,0.20847649688403244,0.11274393534764654,0.07040093508013122
motive_4,0.1424608838038528,0.10801566434399312,0.1707348773834571,0.0,0.22028366441146782,0.03920341291414934,0.10521424807311398,-0.0054080453857466015
motive_5,0.1802521399906269,0.1725223451815494,0.06477935013507481,0.22028366441146782,0.0,0.18560005665687554,0.06211771393789854,0.17452424791683516
motive_6,0.06079218641757875,0.10392260035461329,0.20847649688403244,0.03920341291414934,0.18560005665687554,0.0,0.11632030891368197,0.06634526577969
motive_7,0.13382892272135716,0.07340945073032308,0.11274393534764654,0.10521424807311398,0.06211771393789854,0.11632030891368197,0.0,0.04657174636984662
motive_8,0.03367879600366572,0.10694162459534538,0.07040093508013122,-0.0054080453857466015,0.17452424791683516,0.06634526577969,0.04657174636984662,0.0
