,motive_1,motive_2,motive_3,motive_4,motive_5,motive_6,motive_7,motive_8
satisfaction,0.628140172009051,0.04542784123243479,-0.023866715034157188,0.6173167546747567,0.2837309228776338,-0.1411757152052836,-0.1644208838566782,-0.25865725302284415
