,motive_1,motive_2,motive_3,motive_4,motive_5,motive_6,motive_7,motive_8
motive_1,0.0,0.03508537823086971,0.061037332756578695,0.06489995849926472,0.07704465721305072,0.06902923179635873,0.254513392411161,0.13185691269493474
motive_2,0.03508537823086971,0.0,0.05624011948784939,0.07781452487422502,0.0956081871525478,0.24610346497731186,0.043868919307165764,0.12748329282527693
motive_3,0.061037332756578695,0.05624011948784939,0.0,0.04373716751827335,-0.045365852881712666,0.13616403818398595,0.006075610160053327,0.2354689037319254
motive_4,0.06489995849926472,0.07781452487422502,0.04373716751827335,0.0,0.02369151679432603,0.2052564593016434,0.04105115297537106,0.09077491922969058
motive_5,0.07704465721305072,0.0956081871525478,-0.045365852881712666,0.02369151679432603,0.0,0.15671688525040822,0.14785055634616562,0.10666176340442496
motive_6,0.06902923179635873,0.24610346497731186,0.13616403818398595,0.2052564593016434,0.15671688525040822,0.0,0.24865412084105554,0.051599372290907566
motive_7,0.254513392411161,0.043868919307165764,0.006075610160053327,0.04105115297537106,0.14785055634616562,0.24865412084105554,0.0,0.211718038943435
motive_8,0.13185691269493474,0.12748329282527693,0.2354689037319254,0.09077491922969058,0.10666176340442496,0.051599372290907566,0.211718038943435,0.0
