,motive_1,motive_2,motive_3,motive_4,motive_5,motive_6,motive_7,motive_8
motive_1,0.0,-0.034636156050933245,0.13945517029744695,0.13118407514189268,-0.012362559512216521,0.04750278874887286,0.1328197597484884,0.03638389141452778
motive_2,-0.034636156050933245,0.0,0.0025392303746490374,0.1375652614238399,0.1616453432320294,0.07856462281461693,0.13499872459764067,0.19184877136420006
motive_3,0.13945517029744695,0.0025392303746490374,0.0,0.03796848540371563,0.035093505051833576,0.04378047406061545,0.1316604912016623,0.16693431557910157
motive_4,0.13118407514189268,0.1375652614238399,0.03796848540371563,0.0,0.25378259505013345,0.03601930202188072,0.15697955734002203,0.07689481912936952
motive_5,-0.012362559512216521,0.1616453432320294,0.035093505051833576,0.25378259505013345,0.0,0.015450091535655422,0.12707821837630573,-0.06530227554140407
motive_6,0.04750278874887286,0.07856462281461693,0.04378047406061545,0.03601930202188072,0.015450091535655422,0.0,0.09573186354632111,0.0797758356365293
motive_7,0.1328197597484884,0.13499872459764067,0.1316604912016623,0.15697955734002203,0.12707821837630573,0.09573186354632111,0.0,0.1389539200071592
motive_8,0.03638389141452778,0.19184877136420006,0.16693431557910157,0.07689481912936952,-0.06530227554140407,0.0797758356365293,0.1389539200071592,0.0
