,motive_1,motive_2,motive_3,motive_4,motive_5,motive_6,motive_7,motive_8
motive_1,0.0,0.23255079733230466,0.13672014840147576,0.16471685652907792,0.08540820098503737,0.1269133579389433,-0.004051273086037602,0.027784389988478556
motive_2,0.23255079733230466,0.0,0.10075820753421877,0.08577623848253565,-0.01343472243377844,0.1288858706415354,0.10455314940749394,0.08035867624583806
motive_3,0.13672014840147576,0.10075820753421877,0.0,0.18431973546905625,0.17044296166712786,-0.06202334094857389,0.12337857200206365,0.022587101454274824
motive_4,0.16471685652907792,0.08577623848253565,0.18431973546905625,0.0,0.20678225944109205,0.004937296666713737,-0.07610791153445841,0.09627828043403508
motive_5,0.08540820098503737,-0.01343472243377844,0.17044296166712786,0.20678225944109205,0.0,0.14310882647484435,0.032099445301696714,0.05080912966859977
motive_6,0.1269133579389433,0.1288858706415354,-0.06202334094857389,0.004937296666713737,0.14310882647484435,0.0,-0.02184589650174705,0.1815562847016587
motive_7,-0.004051273086037602,0.10455314940749394,0.12337857200206365,-0.07610791153445841,0.032099445301696714,-0.02184589650174705,0.0,0.05173450283290995
motive_8,0.027784389988478556,0.08035867624583806,0.022587101454274824,0.09627828043403508,0.05080912966859977,0.1815562847016587,0.05173450283290995,0.0
