,motive_1,motive_2,motive_3,motive_4,motive_5,motive_6,motive_7,motive_8
satisfaction,0.3602858797310847,-0.09896038151664435,0.518933067616489,0.17188579879108085,0.2382004237180244,-0.19714392167244546,0.11975772294619814,0.05433579386328198
