,motive_1,motive_2,motive_3,motive_4,motive_5,motive_6,motive_7,motive_8
motive_1,0.0,0.5048442793220255,0.44700125728025036,0.012009899236523042,0.37720506389391373,0.43318085272779905,0.7215970937315384,0.22027867532774845
motive_2,0.5048442793220255,0.0,0.6836640344208927,0.30648376101718444,0.590173181612648,0.32179042754218734,0.41084402882031357,0.662366998900616
motive_3,0.44700125728025036,0.6836640344208927,0.0,0.4446026581441615,0.23446239110166756,-0.1688016210927195,0.6420354242896524,0.37755897369979025
motive_4,0.012009899236523042,0.30648376101718444,0.4446026581441615,0.0,0.17736822019689055,0.32166694573316196,-0.13847876032140494,0.10588844477182063
motive_5,0.37720506389391373,0.590173181612648,0.23446239110166756,0.17736822019689055,0.0,0.26439000225144915,0.36616413134894144,0.1052171034502124
motive_6,0.43318085272779905,0.32179042754218734,-0.1688016210927195,0.32166694573316196,0.26439000225144915,0.0,0.465929958591652,0.6207754927523447
motive_7,0.7215970937315384,0.41084402882031357,0.6420354242896524,-0.13847876032140494,0.36616413134894144,0.465929958591652,0.0,0.7013308175398492
motive_8,0.22027867532774845,0.662366998900616,0.37755897369979025,0.10588844477182063,0.1052171034502124,0.6207754927523447,0.7013308175398492,0.0
