,motive_1,motive_2,motive_3,motive_4,motive_5,motive_6,motive_7,motive_8
motive_1,0.0,0.06994700527503969,0.22840095832881757,0.004675858408739714,0.11834173557545236,0.35399517166850425,-0.11671002197493488,-0.018513833478777802
motive_2,0.06994700527503969,0.0,0.31303966067170913,-0.23981351604433862,-0.011834513981164252,0.16030147081179633,0.3137703974178909,0.17206678198256314
motive_3,0.22840095832881757,0.31303966067170913,0.0,0.04750907619611852,0.1200458716117325,0.2968728792666955,0.2774530843213383,-0.05442678439926772
motive_4,0.004675858408739714,-0.23981351604433862,0.04750907619611852,0.0,0.16723623950417682,0.2239963007248398,0.19673428488130767,-0.22766869577341817
motive_5,0.11834173557545236,-0.011834513981164252,0.1200458716117325,0.16723623950417682,0.0,0.24687791766050088,-0.1208841630392175,0.17211553078453778
motive_6,0.35399517166850425,0.16030147081179633,0.2968728792666955,0.2239963007248398,0.24687791766050088,0.0,0.21034263709494644,0.1250990719836803
motive_7,-0.11671002197493488,0.3137703974178909,0.2774530843213383,0.19673428488130767,-0.1208841630392175,0.21034263709494644,0.0,0.08000458549905612
motive_8,-0.018513833478777802,0.17206678198256314,-0.05442678439926772,-0.22766869577341817,0.17211553078453778,0.1250990719836803,0.08000458549905612,0.0
