,motive_1,motive_2,motive_3,motive_4,motive_5,motive_6,motive_7,motive_8
motive_1,0.0,0.4062063378820018,0.25990659403380684,0.07075589499788335,-0.5156062931699767,-0.2914351158288145,0.38399285075855927,0.516498614206527
motive_2,0.4062063378820018,0.0,0.7416391613348765,-0.3942415557966811,0.7827585708858213,-0.4764959338570572,0.0025913004790843255,-0.753278678185565
motive_3,0.25990659403380684,0.7416391613348765,0.0,-0.11257197541606605,0.5794097258816396,0.009039195057510857,0.03415181472625778,0.6180763386429623
motive_4,0.07075589499788335,-0.3942415557966811,-0.11257197541606605,0.0,0.23214593169814582,-0.5890183348864425,-0.1974983233937888,0.8062487137809676
motive_5,-0.5156062931699767,0.7827585708858213,0.5794097258816396,0.23214593169814582,0.0,0.616570077024171,-0.4327226764925179,-0.5074634665761626
motive_6,-0.2914351158288145,-0.4764959338570572,0.009039195057510857,-0.5890183348864425,0.616570077024171,0.0,1.026001728355678,0.3834627787673609
motive_7,0.38399285075855927,0.0025913004790843255,0.03415181472625778,-0.1974983233937888,-0.4327226764925179,1.026001728355678,0.0,0.2308804659318992
motive_8,0.516498614206527,-0.753278678185565,0.6180763386429623,0.8062487137809676,-0.5074634665761626,0.3834627787673609,0.2308804659318992,0.0
