,motive_1,motive_2,motive_3,motive_4,motive_5,motive_6,motive_7,motive_8
motive_1,0.0,0.6829165558930766,0.23688667002367403,-0.054850945559105135,0.060215910922597454,0.6213228919258121,0.1889374601438929,0.6089642697978648
motive_2,0.6829165558930766,0.0,0.18786757857721004,0.6149233990855284,0.2587904181218448,0.3130712026648513,0.5141762394887995,0.03477006994367639
motive_3,0.23688667002367403,0.18786757857721004,0.0,0.44902480229254094,0.5925909760372381,0.33051073309762363,0.09339286416300016,0.5132065433904482
motive_4,-0.054850945559105135,0.6149233990855284,0.44902480229254094,0.0,0.343017197313723,0.3104073271393164,0.34951166433094544,0.5505213485087408
motive_5,0.060215910922597454,0.2587904181218448,0.5925909760372381,0.343017197313723,0.0,0.20196455971900015,0.3440280260081616,0.3531415914273254
motive_6,0.6213228919258121,0.3130712026648513,0.33051073309762363,0.3104073271393164,0.20196455971900015,0.0,0.4526518293802039,0.8324363684237829
motive_7,0.1889374601438929,0.5141762394887995,0.09339286416300016,0.34951166433094544,0.3440280260081616,0.4526518293802039,0.0,0.5846119503758989
motive_8,0.6089642697978648,0.03477006994367639,0.5132065433904482,0.5505213485087408,0.3531415914273254,0.8324363684237829,0.5846119503758989,0.0
