,motive_1,motive_2,motive_3,motive_4,motive_5,motive_6,motive_7,motive_8
motive_1,0.0,0.23403581588364553,0.2666341394077336,0.11120811899296273,0.6470137146658356,0.5480435808083776,0.20009025401742328,0.21052798001167414
motive_2,0.23403581588364553,0.0,0.3605077129255855,0.13108675900429295,0.09789747235564167,0.036670768978378385,0.22558181809430805,0.2975120140339722
motive_3,0.2666341394077336,0.3605077129255855,0.0,0.24876450886338503,0.20898382017853906,0.16484768704898348,0.11351510140816728,0.074927962553283
motive_4,0.11120811899296273,0.13108675900429295,0.24876450886338503,0.0,0.15081906260492864,0.4604620833359485,0.4520487120968039,0.14739963869586786
motive_5,0.6470137146658356,0.09789747235564167,0.20898382017853906,0.15081906260492864,0.0,0.286322610946276,0.4860226641796579,0.6580076958921027
motive_6,0.5480435808083776,0.036670768978378385,0.16484768704898348,0.4604620833359485,0.286322610946276,0.0,0.3559205683576012,0.7339701915866315
motive_7,0.20009025401742328,0.22558181809430805,0.11351510140816728,0.4520487120968039,0.4860226641796579,0.3559205683576012,0.0,-0.026356379996862134
motive_8,0.21052798001167414,0.2975120140339722,0.074927962553283,0.14739963869586786,0.6580076958921027,0.7339701915866315,-0.026356379996862134,0.0
