,motive_1,motive_2,motive_3,motive_4,motive_5,motive_6,motive_7,motive_8
satisfaction,0.4132181755384542,-0.14711580324320794,-0.05956332277890458,0.2414280355805407,-0.05210849432658238,0.5258811879155114,0.44152461221989026,0.796500225017758
