,motive_1,motive_2,motive_3,motive_4,motive_5,motive_6,motive_7,motive_8
satisfaction,0.1371891070558804,0.3392003003879711,0.1773177274493191,0.3874249183944619,-0.4257274079473532,-0.1771376153450153,0.12711410047225052,0.19084765527303166
