,motive_1,motive_2,motive_3,motive_4,motive_5,motive_6,motive_7,motive_8
satisfaction,-0.12846610167624278,0.5671941902945772,0.8549265875947536,-0.022391454969195063,-0.07705291112635693,-0.20089650250119395,0.45078878914725107,0.17240467384583244
