,motive_1,motive_2,motive_3,motive_4,motive_5,motive_6,motive_7,motive_8
satisfaction,0.4371068067550905,-0.0627639682460488,0.37809392687956833,0.5469489620380725,0.1928734976009564,0.1867895872002442,0.4087086458090004,0.4252867710348285
