,motive_1,motive_2,motive_3,motive_4,motive_5,motive_6,motive_7,motive_8
motive_1,0.0,0.5989282261098731,0.3343669314218741,0.2627125583419035,0.701449597777524,0.3746952981824837,0.38239262269552254,0.09740068410449623
motive_2,0.5989282261098731,0.0,0.34125883075512053,0.5620930830898033,0.6518755692789718,0.19956837945085962,0.1621324429705189,0.45868620130641213
motive_3,0.3343669314218741,0.34125883075512053,0.0,0.18523796001375983,0.474192149694482,0.7942543088955065,0.6315533427436726,0.42955970433353063
motive_4,0.2627125583419035,0.5620930830898033,0.18523796001375983,0.0,0.7881455776092019,0.6645778263996795,0.5699505758549447,0.3519572310545303
motive_5,0.701449597777524,0.6518755692789718,0.474192149694482,0.7881455776092019,0.0,0.28638790263667613,0.13661999073285455,0.2937418104236377
motive_6,0.3746952981824837,0.19956837945085962,0.7942543088955065,0.6645778263996795,0.28638790263667613,0.0,0.3580484541032505,0.17798731792575845
motive_7,0.38239262269552254,0.1621324429705189,0.6315533427436726,0.5699505758549447,0.13661999073285455,0.3580484541032505,0.0,0.5149359788371164
motive_8,0.09740068410449623,0.45868620130641213,0.42955970433353063,0.3519572310545303,0.2937418104236377,0.17798731792575845,0.5149359788371164,0.0
