,motive_1,motive_2,motive_3,motive_4,motive_5,motive_6,motive_7,motive_8
motive_1,0.0,0.07488956903172865,0.07313982923697726,0.03321271821812231,-0.026213871647036178,0.05836414294328254,0.009100337199993584,0.10225170506095124
motive_2,0.07488956903172865,0.0,0.15318839191794892,0.14272861411193963,-0.012456479071805783,0.12978739524206925,0.05237655067985676,0.13974419509605238
motive_3,0.07313982923697726,0.15318839191794892,0.0,0.06660216692904487,0.05304449807530305,0.06480624605721569,0.11594507551141081,0.094735192349232
motive_4,0.03321271821812231,0.14272861411193963,0.06660216692904487,0.0,0.09328376640046965,0.11484173846642667,-0.01737919912744048,0.05871825490741982
motive_5,-0.026213871647036178,-0.012456479071805783,0.05304449807530305,0.09328376640046965,0.0,0.14543850298024208,0.11766173852024152,-0.050433888334936644
motive_6,0.05836414294328254,0.12978739524206925,0.06480624605721569,0.11484173846642667,0.14543850298024208,0.0,0.03602723408876975,0.21645335771010576
motive_7,0.009100337199993584,0.05237655067985676,0.11594507551141081,-0.01737919912744048,0.11766173852024152,0.03602723408876975,0.0,0.09820634988849353
motive_8,0.10225170506095124,0.13974419509605238,0.094735192349232,0.05871825490741982,-0.050433888334936644,0.21645335771010576,0.09820634988849353,0.0
