,motive_1,motive_2,motive_3,motive_4,motive_5,motive_6,motive_7,motive_8
motive_1,0.0,-0.02666267473935454,-0.041836238727245734,-0.033033476015804086,0.08625274962909395,-0.00835286717058912,0.1310415540336166,0.07660234985578526
motive_2,-0.02666267473935454,0.0,-0.021098978581507007,0.06169093534431565,-0.05557157030131975,-0.03033794391585127,-0.005119210151680657,-0.0448339725000194
motive_3,-0.041836238727245734,-0.021098978581507007,0.0,0.12495473626678773,-0.023742201295804743,0.013521101429320764,0.10255446314189773,0.007169536014362342
motive_4,-0.033033476015804086,0.06169093534431565,0.12495473626678773,0.0,-0.06292094881894643,0.05463717419529053,-0.003198660627856356,-0.05897961642115998
motive_5,0.08625274962909395,-0.05557157030131975,-0.023742201295804743,-0.06292094881894643,0.0,0.12800132371302772,0.10604846792753983,-0.06793993432367859
motive_6,-0.00835286717058912,-0.03033794391585127,0.013521101429320764,0.05463717419529053,0.12800132371302772,0.0,0.106019364056348,0.06725160343642556
motive_7,0.1310415540336166,-0.005119210151680657,0.10255446314189773,-0.003198660627856356,0.10604846792753983,0.106019364056348,0.0,0.04393158156027718
motive_8,0.07660234985578526,-0.0448339725000194,0.007169536014362342,-0.05897961642115998,-0.06793993432367859,0.06725160343642556,0.04393158156027718,0.0
