,motive_1,motive_2,motive_3,motive_4,motive_5,motive_6,motive_7,motive_8
satisfaction,0.3389622656147581,-0.3457281943494824,0.2398774457632193,0.014876108585884285,0.5924538512341884,0.43275131376799014,0.11594888084516837,-0.017181313870825693
