,motive_1,motive_2,motive_3,motive_4,motive_5,motive_6,motive_7,motive_8
motive_1,0.0,0.27767780472273756,0.5303402286807509,0.45804778392672385,0.3357929855620714,0.6531943949259639,0.5318855547465449,0.2427367409749355
motive_2,0.27767780472273756,0.0,0.20696738894352879,0.2996486444157161,-0.1080313223275742,0.8359463948261211,0.07698197295568851,0.41033342335712975
motive_3,0.5303402286807509,0.20696738894352879,0.0,0.2425575645058961,0.4891024262893979,0.5612544711854284,0.9774489133355115,0.46546815466100405
motive_4,0.45804778392672385,0.2996486444157161,0.2425575645058961,0.0,0.5358483592222757,0.46759289396897236,0.5381558623690109,0.40327149003643936
motive_5,0.3357929855620714,-0.1080313223275742,0.4891024262893979,0.5358483592222757,0.0,0.44281388582418113,0.30990681099003503,0.5309684340112599
motive_6,0.6531943949259639,0.8359463948261211,0.5612544711854284,0.46759289396897236,0.44281388582418113,0.0,0.4302298548111183,0.47456524967054126
motive_7,0.5318855547465449,0.07698197295568851,0.9774489133355115,0.5381558623690109,0.30990681099003503,0.4302298548111183,0.0,0.46091660250319894
motive_8,0.2427367409749355,0.41033342335712975,0.46546815466100405,0.40327149003643936,0.5309684340112599,0.47456524967054126,0.46091660250319894,0.0
