,motive_1,motive_2,motive_3,motive_4,motive_5,motive_6,motive_7,motive_8
motive_1,0.0,-0.02395095153836273,0.049247543153715864,-0.03108338658637047,-0.0338894557416792,-0.00848753799218231,-0.06861286467484773,0.14538391784138743
motive_2,-0.02395095153836273,0.0,0.029582337118676652,-0.04835257450911026,-0.09959150246448001,0.012278741865548878,-0.0679289786315537,0.04477520540337883
motive_3,0.049247543153715864,0.029582337118676652,0.0,-0.048861979371125415,-0.08210674700834712,0.04210700417127751,-0.05786179039309521,0.004075343235551004
motive_4,-0.03108338658637047,-0.04835257450911026,-0.048861979371125415,0.0,-0.00636656894300321,-0.05006409148479601,-0.14354695142609333,0.018951244119560274
motive_5,-0.0338894557416792,-0.09959150246448001,-0.08210674700834712,-0.00636656894300321,0.0,-0.00573129360156463,-0.039662897657314344,-0.07733085623077424
motive_6,-0.00848753799218231,0.012278741865548878,0.04210700417127751,-0.05006409148479601,-0.00573129360156463,0.0,0.08128113457488242,-0.04874742056006731
motive_7,-0.06861286467484773,-0.0679289786315537,-0.05786179039309521,-0.14354695142609333,-0.039662897657314344,0.08128113457488242,0.0,-0.019064236266481422
motive_8,0.14538391784138743,0.04477520540337883,0.004075343235551004,0.018951244119560274,-0.07733085623077424,-0.04874742056006731,-0.019064236266481422,0.0
