,motive_1,motive_2,motive_3,motive_4,motive_5,motive_6,motive_7,motive_8
motive_1,0.0,0.32153080660902666,-0.15449176300788908,0.30691145850580465,-0.2025086961860987,0.3070211702907998,-0.11267617325272625,0.46953026999632336
motive_2,0.32153080660902666,0.0,0.7889463808331684,0.0019531638258252215,0.12223381223736524,-1.0018127906600174,-0.10332249428024382,-0.27996681319676775
motive_3,-0.15449176300788908,0.7889463808331684,0.0,-1.0669743005003038,0.1884085547444898,0.38952377012218253,0.17455961973125272,-0.17532180821076024
motive_4,0.30691145850580465,0.0019531638258252215,-1.0669743005003038,0.0,-0.40797351966046647,-0.9872345054239579,0.21061855733461007,-0.2955789085850455
motive_5,-0.2025086961860987,0.12223381223736524,0.1884085547444898,-0.40797351966046647,0.0,0.23069979839931365,-0.17110087748120684,-0.21503399941474116
motive_6,0.3070211702907998,-1.0018127906600174,0.38952377012218253,-0.9872345054239579,0.23069979839931365,0.0,0.9043666553348348,0.2186215718433358
motive_7,-0.11267617325272625,-0.10332249428024382,0.17455961973125272,0.21061855733461007,-0.17110087748120684,0.9043666553348348,0.0,0.8334479615562813
motive_8,0.46953026999632336,-0.27996681319676775,-0.17532180821076024,-0.2955789085850455,-0.21503399941474116,0.2186215718433358,0.8334479615562813,0.0
