,motive_1,motive_2,motive_3,motive_4,motive_5,motive_6,motive_7,motive_8
motive_1,0.0,0.3107654033045133,0.07275411849605545,0.3034557292529023,0.048745651906950654,0.3035105851453999,0.09366191337363688,0.3847651349981617
motive_2,0.3107654033045133,0.0,0.5444731904165843,0.15097658191291263,0.2111169061186826,-0.35090639533000867,0.09833875285987811,0.010016593401616147
motive_3,0.07275411849605545,0.5444731904165843,0.0,-0.3834871502501519,0.2442042773722449,0.3447618850610913,0.23727980986562636,0.0623390958946199
motive_4,0.3034557292529023,0.15097658191291263,-0.3834871502501519,0.0,-0.053986759830233225,-0.34361725271197896,0.255309278667305,0.0022105457074772655
motive_5,0.048745651906950654,0.2111169061186826,0.2442042773722449,-0.053986759830233225,0.0,0.26534989919965685,0.0644495612593966,0.04248300029262943
motive_6,0.3035105851453999,-0.35090639533000867,0.3447618850610913,-0.34361725271197896,0.26534989919965685,0.0,0.6021833276674173,0.2593107859216679
motive_7,0.09366191337363688,0.09833875285987811,0.23727980986562636,0.255309278667305,0.0644495612593966,0.6021833276674173,0.0,0.5667239807781406
motive_8,0.3847651349981617,0.010016593401616147,0.0623390958946199,0.0022105457074772655,0.04248300029262943,0.2593107859216679,0.5667239807781406,0.0
