,motive_1,motive_2,motive_3,motive_4,motive_5,motive_6,motive_7,motive_8
motive_1,0.0,0.6272174133206192,0.745423172494136,0.13021957712730559,0.2323174922548757,0.5562414601739989,0.1443374330584022,0.29334742444379525
motive_2,0.6272174133206192,0.0,0.44463196916628017,0.17101967085116593,0.0674610953305947,0.23582812458126184,0.558634304753042,0.15214055455548353
motive_3,0.745423172494136,0.44463196916628017,0.0,0.688057866830847,0.48771998991909277,0.8644160598753108,0.2978230624107615,0.9847930319849871
motive_4,0.13021957712730559,0.17101967085116593,0.688057866830847,0.0,0.4298411578152385,0.11765709181689134,0.4739123693809224,0.13838736669551166
motive_5,0.2323174922548757,0.0674610953305947,0.48771998991909277,0.4298411578152385,0.0,0.3001245042137648,-0.01812855855411588,0.39093692220407833
motive_6,0.5562414601739989,0.23582812458126184,0.8644160598753108,0.11765709181689134,0.3001245042137648,0.0,0.23166315160025672,0.9772156954816527
motive_7,0.1443374330584022,0.558634304753042,0.2978230624107615,0.4739123693809224,-0.01812855855411588,0.23166315160025672,0.0,0.5231362538987716
motive_8,0.29334742444379525,0.15214055455548353,0.9847930319849871,0.13838736669551166,0.39093692220407833,0.9772156954816527,0.5231362538987716,0.0
