,motive_1,motive_2,motive_3,motive_4,motive_5,motive_6,motive_7,motive_8
motive_1,0.0,-0.0029608045487517776,0.3501578713209754,0.004212159227471313,0.3782987789522807,0.00995303519672841,0.2551479075506303,0.3865291748716059
motive_2,-0.0029608045487517776,0.0,0.2629477472303595,-0.3802492959330694,0.1917119088608052,0.6175924496112406,0.2074780978572374,0.26033294791391504
motive_3,0.3501578713209754,0.2629477472303595,0.0,0.06164733662292698,0.5661604502735071,-0.12396956661328692,0.36538676471473047,0.25334736881206754
motive_4,0.004212159227471313,-0.3802492959330694,0.06164733662292698,0.0,0.3138614614214692,-0.12386166788803324,0.3493885463621787,0.24970740189614735
motive_5,0.3782987789522807,0.1917119088608052,0.5661604502735071,0.3138614614214692,0.0,0.1439035629067894,0.5184552313139178,0.3401739354602596
motive_6,0.00995303519672841,0.6175924496112406,-0.12396956661328692,-0.12386166788803324,0.1439035629067894,0.0,0.09854931585614798,0.4846312314463648
motive_7,0.2551479075506303,0.2074780978572374,0.36538676471473047,0.3493885463621787,0.5184552313139178,0.09854931585614798,0.0,0.6130642019687428
motive_8,0.3865291748716059,0.26033294791391504,0.25334736881206754,0.24970740189614735,0.3401739354602596,0.4846312314463648,0.6130642019687428,0.0
