,motive_1,motive_2,motive_3,motive_4,motive_5,motive_6,motive_7,motive_8
motive_1,0.0,-0.2614999373731738,1.199558087759252,0.432901547698252,0.0835609096029984,0.7358208768823886,0.45616939977547144,0.734351532294133
motive_2,-0.2614999373731738,0.0,-0.21451061122844442,-0.133639311278744,0.014800857773618906,0.009026424054152604,-0.2836971718546804,0.8880802334218063
motive_3,1.199558087759252,-0.21451061122844442,0.0,1.5946628057777124,-0.342421235212361,-0.40486158139416045,-0.13604934804371502,-0.6249651341227311
motive_4,0.432901547698252,-0.133639311278744,1.5946628057777124,0.0,0.7034581472604338,0.04844648386519257,0.8541315636160547,-0.07203661534276828
motive_5,0.0835609096029984,0.014800857773618906,-0.342421235212361,0.7034581472604338,0.0,0.1789992757587615,0.04265090531677433,0.6823173596049921
motive_6,0.7358208768823886,0.009026424054152604,-0.40486158139416045,0.04844648386519257,0.1789992757587615,0.0,-0.18943112881010132,-0.09036014354045335
motive_7,0.45616939977547144,-0.2836971718546804,-0.13604934804371502,0.8541315636160547,0.04265090531677433,-0.18943112881010132,0.0,-0.3335981471300928
motive_8,0.734351532294133,0.8880802334218063,-0.6249651341227311,-0.07203661534276828,0.6823173596049921,-0.09036014354045335,-0.3335981471300928,0.0
