,motive_1,motive_2,motive_3,motive_4,motive_5,motive_6,motive_7,motive_8
motive_1,0.0,0.10340235759271488,0.2751892683951762,0.01022880525833407,0.24872490375958856,0.4272605258238662,0.7469665799952765,0.4387904380438464
motive_2,0.10340235759271488,0.0,0.6217165159142727,0.3170491731958255,0.6820711399316794,0.06149468840586039,0.32758849369958026,0.8155302546294456
motive_3,0.2751892683951762,0.6217165159142727,0.0,0.4658218113535727,0.05766885133227012,0.7382135973843049,0.2600535166764794,0.36998760512685125
motive_4,0.01022880525833407,0.3170491731958255,0.4658218113535727,0.0,0.41037572263122496,0.7115492815531488,0.2950994515609503,0.5104677169512772
motive_5,0.24872490375958856,0.6820711399316794,0.05766885133227012,0.41037572263122496,0.0,0.5985300760489136,0.7174040872872611,0.27524092220547913
motive_6,0.4272605258238662,0.06149468840586039,0.7382135973843049,0.7115492815531488,0.5985300760489136,0.0,0.4114913115380818,0.27073922855445365
motive_7,0.7469665799952765,0.32758849369958026,0.2600535166764794,0.2950994515609503,0.7174040872872611,0.4114913115380818,0.0,-0.08126413156218082
motive_8,0.4387904380438464,0.8155302546294456,0.36998760512685125,0.5104677169512772,0.27524092220547913,0.27073922855445365,-0.08126413156218082,0.0
