,motive_1,motive_2,motive_3,motive_4,motive_5,motive_6,motive_7,motive_8
motive_1,0.0,0.011555772779289632,0.08844373993881144,-0.04297726621617432,-0.02493163678723149,-0.028632971344464762,-0.024751546417760246,0.01655182087357653
motive_2,0.011555772779289632,0.0,0.11978695786601713,0.03763834726925026,-0.09751867874124504,-0.004898801563092692,0.08962483662744472,0.041786919874225184
motive_3,0.08844373993881144,0.11978695786601713,0.0,0.14100171211255957,-0.12120885113996425,-0.013277838558752772,-0.052709444561887975,0.007200993557271287
motive_4,-0.04297726621617432,0.03763834726925026,0.14100171211255957,0.0,0.06655773731010223,-0.030119772223132266,0.10557425957720906,-0.03327275297230721
motive_5,-0.02493163678723149,-0.09751867874124504,-0.12120885113996425,0.06655773731010223,0.0,-0.08395890971461459,-0.06006920740558539,-0.0077880210652332745
motive_6,-0.028632971344464762,-0.004898801563092692,-0.013277838558752772,-0.030119772223132266,-0.08395890971461459,0.0,0.11126208112845387,-0.08228940982217847
motive_7,-0.024751546417760246,0.08962483662744472,-0.052709444561887975,0.10557425957720906,-0.06006920740558539,0.11126208112845387,0.0,-0.009852445052383967
motive_8,0.01655182087357653,0.041786919874225184,0.007200993557271287,-0.03327275297230721,-0.0077880210652332745,-0.08228940982217847,-0.009852445052383967,0.0
