,motive_1,motive_2,motive_3,motive_4,motive_5,motive_6,motive_7,motive_8
motive_1,0.0,0.351688400689679,0.4465611678449416,0.16670007051870275,-0.0052766683887700075,0.5179739020581344,-0.11054060966115062,0.3649206063463335
motive_2,0.351688400689679,0.0,0.004090279680575598,0.5017436255308678,-0.09252882591471201,-0.11112348944265832,0.34814833963301617,0.38338476910980324
motive_3,0.4465611678449416,0.004090279680575598,0.0,0.2712025027110578,-0.0003058836885363181,0.27280364200517265,0.3125540726861463,0.28777624670078716
motive_4,0.16670007051870275,0.5017436255308678,0.2712025027110578,0.0,-0.05262279730195958,0.11014665617945985,0.18569331656121896,0.08315055624059209
motive_5,-0.0052766683887700075,-0.09252882591471201,-0.0003058836885363181,-0.05262279730195958,0.0,-0.08751529604431225,-0.0574956935400861,-0.04676823161551402
motive_6,0.5179739020581344,-0.11112348944265832,0.27280364200517265,0.11014665617945985,-0.08751529604431225,0.0,0.4779284173349208,0.2964910324876395
motive_7,-0.11054060966115062,0.34814833963301617,0.3125540726861463,0.18569331656121896,-0.0574956935400861,0.4779284173349208,0.0,0.2495269376513476
motive_8,0.3649206063463335,0.38338476910980324,0.28777624670078716,0.08315055624059209,-0.04676823161551402,0.2964910324876395,0.2495269376513476,0.0
