,motive_1,motive_2,motive_3,motive_4,motive_5,motive_6,motive_7,motive_8
motive_1,0.0,0.2734861280979295,-0.38322898469917555,0.669998516640528,-0.24613927350840392,-0.06615921555786673,0.5347894965450989,-0.27066637314327224
motive_2,0.2734861280979295,0.0,0.4104097049512525,0.042164072107448325,-0.2375898472276906,1.433753866053844,-0.20746094608750265,0.49044875850969516
motive_3,-0.38322898469917555,0.4104097049512525,0.0,-0.012349524378227714,-0.38793695195339106,0.6668643956098743,0.23629797543249462,0.5149363834977481
motive_4,0.669998516640528,0.042164072107448325,-0.012349524378227714,0.0,-0.32186228683231066,-0.20271018419837056,0.07988877621515622,0.18541356631335754
motive_5,-0.24613927350840392,-0.2375898472276906,-0.38793695195339106,-0.32186228683231066,0.0,0.26871801800395667,0.2764873764902297,-0.21465043881306828
motive_6,-0.06615921555786673,1.433753866053844,0.6668643956098743,-0.20271018419837056,0.26871801800395667,0.0,0.13253475208007334,0.08079418591443305
motive_7,0.5347894965450989,-0.20746094608750265,0.23629797543249462,0.07988877621515622,0.2764873764902297,0.13253475208007334,0.0,0.026946066024327836
motive_8,-0.27066637314327224,0.49044875850969516,0.5149363834977481,0.18541356631335754,-0.21465043881306828,0.08079418591443305,0.026946066024327836,0.0
