,motive_1,motive_2,motive_3,motive_4,motive_5,motive_6,motive_7,motive_8
motive_1,0.0,0.3914539294444876,-0.0336861073434874,0.3756188443536598,0.10054489822653154,-0.03478918176338844,0.0013304182434631384,0.667832770339009
motive_2,0.3914539294444876,0.0,0.17138509606018396,0.3713183058668421,0.17459080556501616,0.3010619291209754,-0.5513403687937466,0.10305468647158376
motive_3,-0.0336861073434874,0.17138509606018396,0.0,0.13207089093358002,0.36490907739679435,0.09572734946811298,0.49141088068055616,0.25613387164168444
motive_4,0.3756188443536598,0.3713183058668421,0.13207089093358002,0.0,0.3280362909530802,0.10202017107598024,0.11715690720725591,0.3256852236298576
motive_5,0.10054489822653154,0.17459080556501616,0.36490907739679435,0.3280362909530802,0.0,0.36083833167804863,0.22913958062726242,0.180882488428613
motive_6,-0.03478918176338844,0.3010619291209754,0.09572734946811298,0.10202017107598024,0.36083833167804863,0.0,0.24067561755231837,0.16526040722764127
motive_7,0.0013304182434631384,-0.5513403687937466,0.49141088068055616,0.11715690720725591,0.22913958062726242,0.24067561755231837,0.0,0.1354845401350569
motive_8,0.667832770339009,0.10305468647158376,0.25613387164168444,0.3256852236298576,0.180882488428613,0.16526040722764127,0.1354845401350569,0.0
