,motive_1,motive_2,motive_3,motive_4,motive_5,motive_6,motive_7,motive_8
motive_1,0.0,0.37249742969835675,0.6298873338476997,-0.05533387161013485,0.9056248351341032,-0.5222835200009053,0.48899899370575434,-0.05680695163582355
motive_2,0.37249742969835675,0.0,-0.46687658997759,0.9164469865299976,-0.0001849313207055725,0.05835834775713822,0.14617596784717746,0.5120560875237603
motive_3,0.6298873338476997,-0.46687658997759,0.0,-0.5568872775568499,-0.011764836177187252,-0.5535391812519604,-0.44881146414937984,0.48954563823007036
motive_4,-0.05533387161013485,0.9164469865299976,-0.5568872775568499,0.0,0.26507224002547713,0.5074948184918054,0.2603961727951792,0.19386881615203644
motive_5,0.9056248351341032,-0.0001849313207055725,-0.011764836177187252,0.26507224002547713,0.0,-0.05864588055841906,0.03293785951362882,0.5407376631159176
motive_6,-0.5222835200009053,0.05835834775713822,-0.5535391812519604,0.5074948184918054,-0.05864588055841906,0.0,-1.0170231874705327,-0.11352947400286756
motive_7,0.48899899370575434,0.14617596784717746,-0.44881146414937984,0.2603961727951792,0.03293785951362882,-1.0170231874705327,0.0,0.7670735744603829
motive_8,-0.05680695163582355,0.5120560875237603,0.48954563823007036,0.19386881615203644,0.5407376631159176,-0.11352947400286756,0.7670735744603829,0.0
