,motive_1,motive_2,motive_3,motive_4,motive_5,motive_6,motive_7,motive_8
motive_1,0.0,0.14541623828305947,0.1883145556412833,0.07411102139831086,0.23427080585568388,-0.0037139200001508887,0.16483316561762573,0.07386550806069608
motive_2,0.14541623828305947,0.0,0.005520568337068321,0.2360744977549996,0.08330251144654907,0.0930597246261897,0.10769599464119625,0.1686760145872934
motive_3,0.1883145556412833,0.005520568337068321,0.0,-0.00948121292614166,0.08137252730380212,-0.00892319687532675,0.008531422641770009,0.16492427303834506
motive_4,0.07411102139831086,0.2360744977549996,-0.00948121292614166,0.0,0.1275120400042462,0.16791580308196755,0.1267326954658632,0.11564480269200608
motive_5,0.23427080585568388,0.08330251144654907,0.08137252730380212,0.1275120400042462,0.0,0.07355901990693016,0.0888229765856048,0.17345627718598627
motive_6,-0.0037139200001508887,0.0930597246261897,-0.00892319687532675,0.16791580308196755,0.07355901990693016,0.0,-0.08617053124508879,0.06441175433285541
motive_7,0.16483316561762573,0.10769599464119625,0.008531422641770009,0.1267326954658632,0.0888229765856048,-0.08617053124508879,0.0,0.2111789290767305
motive_8,0.07386550806069608,0.1686760145872934,0.16492427303834506,0.11564480269200608,0.17345627718598627,0.06441175433285541,0.2111789290767305,0.0
