,motive_1,motive_2,motive_3,motive_4,motive_5,motive_6,motive_7,motive_8
satisfaction,0.44810088366915546,0.14043437236281117,0.10959791933056345,0.26572466200027406,-0.0719942560828068,0.2398178109145258,-0.4569214833622336,-0.021348468853693833
