,motive_1,motive_2,motive_3,motive_4,motive_5,motive_6,motive_7,motive_8
motive_1,0.0,0.10817460456267375,0.04056649327895569,0.1081649264633651,0.17700990950047701,0.20806811887504778,0.07200772256075627,0.12333560460213877
motive_2,0.10817460456267375,0.0,0.15952333436921565,0.10249534627945142,0.22431150283325768,0.23516681417076063,0.17734029220038558,0.11649361746715105
motive_3,0.04056649327895569,0.15952333436921565,0.0,0.12458407914872231,0.03081124938416241,0.051160854565749536,0.00241773314345535,0.12705945267745397
motive_4,0.1081649264633651,0.10249534627945142,0.12458407914872231,0.0,0.09824498269611856,0.2252860482656199,0.12208087339059764,0.2444211581236656
motive_5,0.17700990950047701,0.22431150283325768,0.03081124938416241,0.09824498269611856,0.0,0.040348515076525523,0.07554371000759535,0.05195067642418104
motive_6,0.20806811887504778,0.23516681417076063,0.051160854565749536,0.2252860482656199,0.040348515076525523,0.0,0.10726505727846228,0.12963771211017255
motive_7,0.07200772256075627,0.17734029220038558,0.00241773314345535,0.12208087339059764,0.07554371000759535,0.10726505727846228,0.0,-0.012673909469522363
motive_8,0.12333560460213877,0.11649361746715105,0.12705945267745397,0.2444211581236656,0.05195067642418104,0.12963771211017255,-0.012673909469522363,0.0
