,motive_1,motive_2,motive_3,motive_4,motive_5,motive_6,motive_7,motive_8
satisfaction,0.11198750844763322,0.23219588335875352,0.05964650806819982,-0.25764848658757744,-0.3482401718888405,-0.007652994012813025,0.2166904504669922,-0.15378687473467026
