,motive_1,motive_2,motive_3,motive_4,motive_5,motive_6,motive_7,motive_8
motive_1,0.0,0.08960134328108407,0.15339194085637847,0.2046261108194412,0.07562165532101046,0.1941137641074269,0.17836388871535422,0.1237298187997175
motive_2,0.08960134328108407,0.0,0.028171848726248096,0.12528681597615562,0.08540552172894378,0.10657007011032049,0.13385465715951683,0.02115544138837755
motive_3,0.15339194085637847,0.028171848726248096,0.0,0.11316395567300355,-0.004098134541263218,0.0675989007776455,0.2278796857148447,0.02272677635676681
motive_4,0.2046261108194412,0.12528681597615562,0.11316395567300355,0.0,0.06722773261540863,0.010125535027072079,0.04710692898100333,0.17956682675982788
motive_5,0.07562165532101046,0.08540552172894378,-0.004098134541263218,0.06722773261540863,0.0,0.046954753786844494,0.03415071614292042,-0.012245429752812273
motive_6,0.1941137641074269,0.10657007011032049,0.0675989007776455,0.010125535027072079,0.046954753786844494,0.0,0.1965623638332133,0.047103971709854704
motive_7,0.17836388871535422,0.13385465715951683,0.2278796857148447,0.04710692898100333,0.03415071614292042,0.1965623638332133,0.0,0.062305565844110726
motive_8,0.1237298187997175,0.02115544138837755,0.02272677635676681,0.17956682675982788,-0.012245429752812273,0.047103971709854704,0.062305565844110726,0.0
