,motive_1,motive_2,motive_3,motive_4,motive_5,motive_6,motive_7,motive_8
satisfaction,0.2873168486448521,0.39180260441232473,0.28574015829496635,-0.08957269250419742,-0.3164177821404397,0.0765491262322755,0.30814455955897513,0.15300583675295606
