,motive_1,motive_2,motive_3,motive_4,motive_5,motive_6,motive_7,motive_8
motive_1,0.0,0.3190853736872439,0.5800653028485045,0.3522516270824779,0.5049040465198049,0.6578858188162077,0.2932633920736395,0.0936518675377109
motive_2,0.3190853736872439,0.0,0.4460935686028174,0.3464029310086668,0.55308386812027,0.4834480427365089,0.5684183196437586,0.46055428486090405
motive_3,0.5800653028485045,0.4460935686028174,0.0,0.6263020957021646,0.5232704379775177,0.2777746010543606,0.38500873932833735,0.16640080736627857
motive_4,0.3522516270824779,0.3464029310086668,0.6263020957021646,0.0,0.5089988234343013,0.29976115924977825,0.6099407700834185,0.7447484901670494
motive_5,0.5049040465198049,0.55308386812027,0.5232704379775177,0.5089988234343013,0.0,0.06603689000985927,0.5812269300759414,0.45893914391709045
motive_6,0.6578858188162077,0.4834480427365089,0.2777746010543606,0.29976115924977825,0.06603689000985927,0.0,0.7555599674442173,0.5917831950772094
motive_7,0.2932633920736395,0.5684183196437586,0.38500873932833735,0.6099407700834185,0.5812269300759414,0.7555599674442173,0.0,0.6359169480866151
motive_8,0.0936518675377109,0.46055428486090405,0.16640080736627857,0.7447484901670494,0.45893914391709045,0.5917831950772094,0.6359169480866151,0.0
