,motive_1,motive_2,motive_3,motive_4,motive_5,motive_6,motive_7,motive_8
motive_1,0.0,0.0928366536971474,0.27910810982474754,0.13721738486551427,0.10517074665462117,0.16383140479474664,0.03772156680036026,0.06505996786227819
motive_2,0.0928366536971474,0.0,0.13322831974047528,0.12537723801444903,0.07700517205947562,0.10628700926656415,0.011729856211059861,0.17799638680151597
motive_3,0.27910810982474754,0.13322831974047528,0.0,0.13519958770559093,0.048354198196475975,0.062194251701838114,0.12707594173330652,0.11170557705490165
motive_4,0.13721738486551427,0.12537723801444903,0.13519958770559093,0.0,0.11262532507495088,0.11247540151459645,0.15071537211564848,0.07466175977689896
motive_5,0.10517074665462117,0.07700517205947562,0.048354198196475975,0.11262532507495088,0.0,0.18022304903441416,0.03011756301713095,0.15629141872102004
motive_6,0.16383140479474664,0.10628700926656415,0.062194251701838114,0.11247540151459645,0.18022304903441416,0.0,0.12248888733885517,0.17333098539001304
motive_7,0.03772156680036026,0.011729856211059861,0.12707594173330652,0.15071537211564848,0.03011756301713095,0.12248888733885517,0.0,0.14557468140558028
motive_8,0.06505996786227819,0.17799638680151597,0.11170557705490165,0.07466175977689896,0.15629141872102004,0.17333098539001304,0.14557468140558028,0.0
