,motive_1,motive_2,motive_3,motive_4,motive_5,motive_6,motive_7,motive_8
motive_1,0.0,-0.12459287579602166,0.01342360502493118,0.39494969774594674,0.3973752007820939,0.30527066604200404,0.522139932165805,0.3299890899472391
motive_2,-0.12459287579602166,0.0,0.35869984604535887,0.005458563033429592,-0.13967297819139335,0.3956237379015732,-0.09495548825194827,0.3678621287802506
motive_3,0.01342360502493118,0.35869984604535887,0.0,-0.00817156859760551,-0.18619873740189072,0.15383729402261653,0.12278016953304036,0.22086386617757112
motive_4,0.39494969774594674,0.005458563033429592,-0.00817156859760551,0.0,0.12080111094825523,0.013992389941836991,0.24487627530688855,0.4060678588968244
motive_5,0.3973752007820939,-0.13967297819139335,-0.18619873740189072,0.12080111094825523,0.0,0.1686773525479464,0.39037675303372843,0.2946852962476488
motive_6,0.30527066604200404,0.3956237379015732,0.15383729402261653,0.013992389941836991,0.1686773525479464,0.0,0.42675251014633453,0.2658482136210927
motive_7,0.522139932165805,-0.09495548825194827,0.12278016953304036,0.24487627530688855,0.39037675303372843,0.42675251014633453,0.0,0.31795971568471204
motive_8,0.3299890899472391,0.3678621287802506,0.22086386617757112,0.4060678588968244,0.2946852962476488,0.2658482136210927,0.31795971568471204,0.0
