,motive_1,motive_2,motive_3,motive_4,motive_5,motive_6,motive_7,motive_8
motive_1,0.0,-0.13677584758701758,0.006472550772356197,0.10602528160543696,-0.04346773597171889,0.02813899053438635,0.0008741342702264505,-0.08260181064934304
motive_2,-0.13677584758701758,0.0,0.14526327849742232,-0.03658358523558941,0.028695716295037584,-0.019131139448726762,-0.08818067200887189,-0.15721852767163774
motive_3,0.006472550772356197,0.14526327849742232,0.0,0.1363828068012627,-0.09274983402273548,-0.005594353580415799,-0.06311811421879958,0.06221280346705221
motive_4,0.10602528160543696,-0.03658358523558941,0.1363828068012627,0.0,0.08903155072320922,0.02784416528702509,0.03390253623811533,-0.06067832521375605
motive_5,-0.04346773597171889,0.028695716295037584,-0.09274983402273548,0.08903155072320922,0.0,0.03881580562258421,0.0006514922738848142,-0.08430448622257938
motive_6,0.02813899053438635,-0.019131139448726762,-0.005594353580415799,0.02784416528702509,0.03881580562258421,0.0,-0.038609826766448724,-0.12481583642902029
motive_7,0.0008741342702264505,-0.08818067200887189,-0.06311811421879958,0.03390253623811533,0.0006514922738848142,-0.038609826766448724,0.0,0.02099849917935674
motive_8,-0.08260181064934304,-0.15721852767163774,0.06221280346705221,-0.06067832521375605,-0.08430448622257938,-0.12481583642902029,0.02099849917935674,0.0
