,motive_1,motive_2,motive_3,motive_4,motive_5,motive_6,motive_7,motive_8
satisfaction,-0.09599307341625993,-0.18126039209895375,0.25482336815219053,0.1482217751948883,0.0014706871210649758,0.3409500456412427,0.3132308760958407,0.5794999255912378
