,motive_1,motive_2,motive_3,motive_4,motive_5,motive_6,motive_7,motive_8
motive_1,0.0,0.28683143285558876,0.33954247368414914,0.6958241022900917,0.28098594041215913,-0.06162338843300971,0.21488260990548239,0.17026593598664952
motive_2,0.28683143285558876,0.0,0.6188506376644181,0.6144874823248807,0.45259011992530584,0.5092399109918009,0.8099144375567493,0.45228447812903416
motive_3,0.33954247368414914,0.6188506376644181,0.0,0.31833957228123044,0.5822601887127801,0.5729594323447857,0.21172521800877012,0.19984264030925086
motive_4,0.6958241022900917,0.6144874823248807,0.31833957228123044,0.0,0.30700388127973466,0.1936362093484368,0.6204224045935965,0.6029217266669853
motive_5,0.28098594041215913,0.45259011992530584,0.5822601887127801,0.30700388127973466,0.0,0.5364425199652201,0.41151103789514126,0.6934429739313179
motive_6,-0.06162338843300971,0.5092399109918009,0.5729594323447857,0.1936362093484368,0.5364425199652201,0.0,0.3501460038142862,0.252673006347058
motive_7,0.21488260990548239,0.8099144375567493,0.21172521800877012,0.6204224045935965,0.41151103789514126,0.3501460038142862,0.0,0.7172952961756551
motive_8,0.17026593598664952,0.45228447812903416,0.19984264030925086,0.6029217266669853,0.6934429739313179,0.252673006347058,0.7172952961756551,0.0
