,motive_1,motive_2,motive_3,motive_4,motive_5,motive_6,motive_7,motive_8
motive_1,0.0,-0.027014173163616595,0.2400150683992024,0.433177424080615,0.14962164437897957,0.156998701319788,0.6085164190838586,0.4672907120990168
motive_2,-0.027014173163616595,0.0,0.07575100114113317,0.06131766201181865,0.1911258646103457,0.5700681978552001,-0.03407780840092074,0.19585401368733069
motive_3,0.2400150683992024,0.07575100114113317,0.0,-0.20216798571016084,-0.03501659543297292,0.4038798021814982,0.6436515606069837,-0.10703304533214753
motive_4,0.433177424080615,0.06131766201181865,-0.20216798571016084,0.0,0.3359065295099422,0.5583198737726612,0.35544338971252204,0.5595337299517982
motive_5,0.14962164437897957,0.1911258646103457,-0.03501659543297292,0.3359065295099422,0.0,0.39902927144587713,0.5209799942798287,0.26434311238595376
motive_6,0.156998701319788,0.5700681978552001,0.4038798021814982,0.5583198737726612,0.39902927144587713,0.0,0.23077943043933632,0.2930477488424967
motive_7,0.6085164190838586,-0.03407780840092074,0.6436515606069837,0.35544338971252204,0.5209799942798287,0.23077943043933632,0.0,0.3952020476529108
motive_8,0.4672907120990168,0.19585401368733069,-0.10703304533214753,0.5595337299517982,0.26434311238595376,0.2930477488424967,0.3952020476529108,0.0
