,motive_1,motive_2,motive_3,motive_4,motive_5,motive_6,motive_7,motive_8
satisfaction,0.03660612484127204,0.11359902552749958,0.17500121697728008,0.21833823618335088,0.20134247602092759,0.2313270266002688,0.37576349141251353,0.5692224115263612
