,motive_1,motive_2,motive_3,motive_4,motive_5,motive_6,motive_7,motive_8
motive_1,0.0,0.0551671920632712,0.11628209185798664,-0.020014131056976532,0.05310441334106977,0.009256046781364023,-0.014514472064379204,0.08925864130556535
motive_2,0.0551671920632712,0.0,-0.04555637141531036,-0.08718188597806778,0.07212265374058956,0.06205629451569436,-0.0929982678263937,-0.034984147313202575
motive_3,0.11628209185798664,-0.04555637141531036,0.0,-0.053795244013566564,-0.05872074828392544,-0.018594247059509315,0.008954426690679428,0.027931809630455443
motive_4,-0.020014131056976532,-0.08718188597806778,-0.053795244013566564,0.0,0.1802983153920247,-0.0050207371778953555,-0.04438702233822761,-0.036174985021185095
motive_5,0.05310441334106977,0.07212265374058956,-0.05872074828392544,0.1802983153920247,0.0,-0.07569990578480515,-0.10389053961845424,0.14143123799350266
motive_6,0.009256046781364023,0.06205629451569436,-0.018594247059509315,-0.0050207371778953555,-0.07569990578480515,0.0,0.06577953868084901,0.018250763793464984
motive_7,-0.014514472064379204,-0.0929982678263937,0.008954426690679428,-0.04438702233822761,-0.10389053961845424,0.06577953868084901,0.0,0.09799826073084215
motive_8,0.08925864130556535,-0.034984147313202575,0.027931809630455443,-0.036174985021185095,0.14143123799350266,0.018250763793464984,0.09799826073084215,0.0
