,motive_1,motive_2,motive_3,motive_4,motive_5,motive_6,motive_7,motive_8
satisfaction,-0.15262874948235233,0.4089202542600586,0.2852317337079655,-0.10584458458940338,0.5290252370371162,0.2724940134270144,0.08988809673728286,-0.4596843272042302
