,motive_1,motive_2,motive_3,motive_4,motive_5,motive_6,motive_7,motive_8
satisfaction,0.055999466022654744,-0.08360265591865332,-0.11849714308417397,-0.30368066965777973,0.3011063888112125,0.329096537914375,0.13612290472201152,0.0007172457738987836
