,motive_1,motive_2,motive_3,motive_4,motive_5,motive_6,motive_7,motive_8
motive_1,0.0,0.2245489227167171,0.1302449587374719,0.4490170429537015,0.30386540148897345,0.57224738552512,0.18762559665186482,0.6049214071606884
motive_2,0.2245489227167171,0.0,0.28858439804821545,0.5550053489259732,0.4639485320228355,0.14599886786313224,0.17305185582479726,0.3204584975115174
motive_3,0.1302449587374719,0.28858439804821545,0.0,0.19761068361188475,0.02955795359759783,0.2901644528166431,0.0985345625225621,0.5669716642399272
motive_4,0.4490170429537015,0.5550053489259732,0.19761068361188475,0.0,-0.13549335208221377,0.377998078066344,0.5059806164949086,0.2979108744870796
motive_5,0.30386540148897345,0.4639485320228355,0.02955795359759783,-0.13549335208221377,0.0,0.4709532073908611,0.3511265966809023,0.6773907109943063
motive_6,0.57224738552512,0.14599886786313224,0.2901644528166431,0.377998078066344,0.4709532073908611,0.0,0.517833274693232,0.48996717860324024
motive_7,0.18762559665186482,0.17305185582479726,0.0985345625225621,0.5059806164949086,0.3511265966809023,0.517833274693232,0.0,0.20845335075479274
motive_8,0.6049214071606884,0.3204584975115174,0.5669716642399272,0.2979108744870796,0.6773907109943063,0.48996717860324024,0.20845335075479274,0.0
