,motive_1,motive_2,motive_3,motive_4,motive_5,motive_6,motive_7,motive_8
satisfaction,0.6805869212329951,-0.4940649210024796,-0.18194428863348255,0.3620880540689245,0.033658488487431776,0.21345154651001105,0.0832715416902299,-0.08634519662269302
