{
  "total_simulations": 10,
  "simulations_with_patterns": 10,
  "mean_decay_rate": 0.34190609130351574,
  "std_decay_rate": 0.03614714598443941
}