,motive_1,motive_2,motive_3,motive_4,motive_5,motive_6,motive_7,motive_8
motive_1,0.0,-0.04436344210966892,-0.017389646323201505,-0.020195166302771954,-0.09917767461152502,0.008668783128824131,-0.0119051874134138,0.001380410247007663
motive_2,-0.04436344210966892,0.0,-0.10487276837608892,0.021012918654549295,-0.07518298799595237,0.0066824386810678225,0.06706569404137674,0.1322817938002283
motive_3,-0.017389646323201505,-0.10487276837608892,0.0,-0.04525790922665393,-0.19537599721279325,-0.036873841830160244,-0.004446864875704219,0.02097598694451122
motive_4,-0.020195166302771954,0.021012918654549295,-0.04525790922665393,0.0,-0.028513096921937278,-0.024305030022412927,0.01840320056714446,0.14904242003259305
motive_5,-0.09917767461152502,-0.07518298799595237,-0.19537599721279325,-0.028513096921937278,0.0,-0.03812380897818652,0.08743490210145864,0.03599547776737994
motive_6,0.008668783128824131,0.0066824386810678225,-0.036873841830160244,-0.024305030022412927,-0.03812380897818652,0.0,-0.030487461339961573,0.08597778798218855
motive_7,-0.0119051874134138,0.06706569404137674,-0.004446864875704219,0.01840320056714446,0.08743490210145864,-0.030487461339961573,0.0,-0.03103903803789005
motive_8,0.001380410247007663,0.1322817938002283,0.02097598694451122,0.14904242003259305,0.03599547776737994,0.08597778798218855,-0.03103903803789005,0.0
