,motive_1,motive_2,motive_3,motive_4,motive_5,motive_6,motive_7,motive_8
motive_1,0.0,-0.004296177427035758,0.008494829960565276,-0.07068460433662789,-0.07146192859739711,-0.02390332795207387,-0.04516598013994344,-0.052597809864945166
motive_2,-0.004296177427035758,0.0,-0.010653478254346975,0.025987153541301967,-0.019868150944066465,-0.1144134395667247,-0.07795783691068979,0.08824693312745517
motive_3,0.008494829960565276,-0.010653478254346975,0.0,-0.060566577256497965,-0.0648108274029273,0.011177655088621223,-0.10986292277466715,-0.007261397200489274
motive_4,-0.07068460433662789,0.025987153541301967,-0.060566577256497965,0.0,-0.03056692293062449,-0.03630264642482692,-0.04568532866601273,0.05970544378804494
motive_5,-0.07146192859739711,-0.019868150944066465,-0.0648108274029273,-0.03056692293062449,0.0,0.01287304760777874,0.0654361795516663,-0.09312831447897074
motive_6,-0.02390332795207387,-0.1144134395667247,0.011177655088621223,-0.03630264642482692,0.01287304760777874,0.0,-0.07481769754198925,0.0364922016655864
motive_7,-0.04516598013994344,-0.07795783691068979,-0.10986292277466715,-0.04568532866601273,0.0654361795516663,-0.07481769754198925,0.0,-0.016007743987297304
motive_8,-0.052597809864945166,0.08824693312745517,-0.007261397200489274,0.05970544378804494,-0.09312831447897074,0.0364922016655864,-0.016007743987297304,0.0
