,motive_1,motive_2,motive_3,motive_4,motive_5,motive_6,motive_7,motive_8
motive_1,0.0,0.47523799413189705,0.28230550824135114,0.8441090682812956,0.5034865196880303,0.5865349013322659,0.1267365515559156,0.2317387176809321
motive_2,0.47523799413189705,0.0,0.4702584719423693,0.2430717744023324,0.3159737365501193,0.4068343275185068,0.4654087802284258,0.05463723850350119
motive_3,0.28230550824135114,0.4702584719423693,0.0,0.6005261244529898,0.22555746174857966,0.36967442817784335,0.378359551992294,0.5983677116948088
motive_4,0.8441090682812956,0.2430717744023324,0.6005261244529898,0.0,0.45243908432766866,0.218428371511746,0.24240488137218888,0.48295533517160916
motive_5,0.5034865196880303,0.3159737365501193,0.22555746174857966,0.45243908432766866,0.0,0.01621082857788815,0.18360898393432035,0.2814773793786609
motive_6,0.5865349013322659,0.4068343275185068,0.36967442817784335,0.218428371511746,0.01621082857788815,0.0,0.16628468092655785,0.17448616849282667
motive_7,0.1267365515559156,0.4654087802284258,0.378359551992294,0.24240488137218888,0.18360898393432035,0.16628468092655785,0.0,0.5385952826981684
motive_8,0.2317387176809321,0.05463723850350119,0.5983677116948088,0.48295533517160916,0.2814773793786609,0.17448616849282667,0.5385952826981684,0.0
