,motive_1,motive_2,motive_3,motive_4,motive_5,motive_6,motive_7,motive_8
satisfaction,0.46185437694530707,0.19287311084077535,0.3414021458920707,0.5236520949376063,0.06106310141513032,0.15859928363556283,0.18162441634107396,0.38312632016766945
