,motive_1,motive_2,motive_3,motive_4,motive_5,motive_6,motive_7,motive_8
motive_1,0.0,0.015691338278670856,-0.0007210755796593221,0.07617255397107144,-0.09990669979013579,-0.008962882765645327,0.03497684559633524,-0.038524729881333604
motive_2,0.015691338278670856,0.0,0.0929932261525108,0.030129361582558474,-0.02445924354386008,0.05332371843304756,0.020065093251864376,-0.06035263192092041
motive_3,-0.0007210755796593221,0.0929932261525108,0.0,0.05611231632259969,-0.03526835698687854,0.15902757480088126,0.0044570296472008965,-0.04255813782087788
motive_4,0.07617255397107144,0.030129361582558474,0.05611231632259969,0.0,0.0363479062339239,-0.04851716209796296,0.04965318981168497,0.07133683032391205
motive_5,-0.09990669979013579,-0.02445924354386008,-0.03526835698687854,0.0363479062339239,0.0,0.09778076457075108,-0.04101134792694936,-0.00355609112105296
motive_6,-0.008962882765645327,0.05332371843304756,0.15902757480088126,-0.04851716209796296,0.09778076457075108,0.0,0.0320701062514329,0.06509236948003967
motive_7,0.03497684559633524,0.020065093251864376,0.0044570296472008965,0.04965318981168497,-0.04101134792694936,0.0320701062514329,0.0,0.07473554070428386
motive_8,-0.038524729881333604,-0.06035263192092041,-0.04255813782087788,0.07133683032391205,-0.00355609112105296,0.06509236948003967,0.07473554070428386,0.0
