,motive_1,motive_2,motive_3,motive_4,motive_5,motive_6,motive_7,motive_8
satisfaction,0.3159754012995794,0.007045242836482668,0.3157884284402971,0.7344041895547,0.6793067099877188,-0.19618500160455032,0.6426714206210273,0.39551818277425665
