,motive_1,motive_2,motive_3,motive_4,motive_5,motive_6,motive_7,motive_8
motive_1,0.0,0.12758603175613303,0.12937002377852364,0.11810651265679309,-0.021999930901578882,0.1421399407524742,0.11342606223249779,-0.059484388619048756
motive_2,0.12758603175613303,0.0,0.07492259656601394,0.01888865198288521,0.15203643652614215,0.07793285917780014,0.06163231509633005,0.05241913553451251
motive_3,0.12937002377852364,0.07492259656601394,0.0,0.0034123806351236546,0.079314244403265,0.136119871139217,0.17624394595227766,0.1967148385160609
motive_4,0.11810651265679309,0.01888865198288521,0.0034123806351236546,0.0,0.1193618604838223,0.04153442425292584,0.07473741607163129,0.21327780269597532
motive_5,-0.021999930901578882,0.15203643652614215,0.079314244403265,0.1193618604838223,0.0,0.0876818212023234,0.19337974315704748,0.06508838898195443
motive_6,0.1421399407524742,0.07793285917780014,0.136119871139217,0.04153442425292584,0.0876818212023234,0.0,0.13178497936564149,0.11706125871386157
motive_7,0.11342606223249779,0.06163231509633005,0.17624394595227766,0.07473741607163129,0.19337974315704748,0.13178497936564149,0.0,0.07954565137581276
motive_8,-0.059484388619048756,0.05241913553451251,0.1967148385160609,0.21327780269597532,0.06508838898195443,0.11706125871386157,0.07954565137581276,0.0
