,motive_1,motive_2,motive_3,motive_4,motive_5,motive_6,motive_7,motive_8
motive_1,0.0,0.0542933709129693,-0.014601145429166774,-0.18844137607447503,-0.02456868057935547,-0.07363706189048812,0.06657282234654859,-0.09765679748880916
motive_2,0.0542933709129693,0.0,0.07786616548872746,-0.04849942713254875,-0.08101320305697358,-0.041608974804275514,0.044279804604047596,-0.12386627402381642
motive_3,-0.014601145429166774,0.07786616548872746,0.0,-0.0060391942637521324,-0.12639298335261873,-0.13605757272123015,-0.06732156376873058,-0.08344623993954474
motive_4,-0.18844137607447503,-0.04849942713254875,-0.0060391942637521324,0.0,-0.07653511223025103,0.09493369131443835,0.17223833756687668,0.019075067864077783
motive_5,-0.02456868057935547,-0.08101320305697358,-0.12639298335261873,-0.07653511223025103,0.0,0.08907048062939871,-0.0012901606570340438,-0.006010877402358719
motive_6,-0.07363706189048812,-0.041608974804275514,-0.13605757272123015,0.09493369131443835,0.08907048062939871,0.0,-0.04434314532446744,0.0444385531882422
motive_7,0.06657282234654859,0.044279804604047596,-0.06732156376873058,0.17223833756687668,-0.0012901606570340438,-0.04434314532446744,0.0,-0.005894155584358553
motive_8,-0.09765679748880916,-0.12386627402381642,-0.08344623993954474,0.019075067864077783,-0.006010877402358719,0.0444385531882422,-0.005894155584358553,0.0
