,motive_1,motive_2,motive_3,motive_4,motive_5,motive_6,motive_7,motive_8
satisfaction,0.3589291474200117,-0.1190145798236254,0.318271563553744,0.16847615317789483,0.014654476095995878,0.4696113649362508,0.6403472771360219,0.2206018348110604
