,motive_1,motive_2,motive_3,motive_4,motive_5,motive_6,motive_7,motive_8
motive_1,0.0,-0.06067755324212744,-0.02176182933900287,0.07641032456851667,0.11496862901118143,0.005906608201778553,0.0862540110015957,0.14623120586840138
motive_2,-0.06067755324212744,0.0,0.07534644945637323,0.09681566056484946,0.05403509831345725,0.05157173033385983,0.11632689083567391,0.10805771551846144
motive_3,-0.02176182933900287,0.07534644945637323,0.0,-0.056312718775934245,0.13978838353268697,0.003118209389873068,0.12846723733213838,0.05418208060779629
motive_4,0.07641032456851667,0.09681566056484946,-0.056312718775934245,0.0,0.15057053836908105,0.07653217333067994,0.06897795576053242,-0.05314927809448067
motive_5,0.11496862901118143,0.05403509831345725,0.13978838353268697,0.15057053836908105,0.0,0.06718240138269597,0.1386660315686409,0.15051094632708728
motive_6,0.005906608201778553,0.05157173033385983,0.003118209389873068,0.07653217333067994,0.06718240138269597,0.0,0.07512141939268485,0.17047529300170053
motive_7,0.0862540110015957,0.11632689083567391,0.12846723733213838,0.06897795576053242,0.1386660315686409,0.07512141939268485,0.0,0.06618367960704379
motive_8,0.14623120586840138,0.10805771551846144,0.05418208060779629,-0.05314927809448067,0.15051094632708728,0.17047529300170053,0.06618367960704379,0.0
