,motive_1,motive_2,motive_3,motive_4,motive_5,motive_6,motive_7,motive_8
motive_1,0.0,-0.03199331890825845,0.021209150024993028,0.08810430895790669,0.06567311306979798,-0.11347979310749198,0.03071706998912401,0.0226032766269647
motive_2,-0.03199331890825845,0.0,0.021880963251569345,0.05984792697729829,0.010575804826291155,-0.014472733159870917,0.05959043540559977,0.11711195385231839
motive_3,0.021209150024993028,0.021880963251569345,0.0,0.035245644159715026,0.0009557164832139572,-0.01837022222845601,-0.007703820574605391,0.005618139966515903
motive_4,0.08810430895790669,0.05984792697729829,0.035245644159715026,0.0,0.04988088761734505,0.06998412655132254,0.035703769003435804,-0.13281925640164438
motive_5,0.06567311306979798,0.010575804826291155,0.0009557164832139572,0.04988088761734505,0.0,-0.004217104259487108,0.007198650712743825,0.025788790874913814
motive_6,-0.11347979310749198,-0.014472733159870917,-0.01837022222845601,0.06998412655132254,-0.004217104259487108,0.0,0.05874939446499168,0.016497515790328026
motive_7,0.03071706998912401,0.05959043540559977,-0.007703820574605391,0.035703769003435804,0.007198650712743825,0.05874939446499168,0.0,0.01812627180345831
motive_8,0.0226032766269647,0.11711195385231839,0.005618139966515903,-0.13281925640164438,0.025788790874913814,0.016497515790328026,0.01812627180345831,0.0
