,motive_1,motive_2,motive_3,motive_4,motive_5,motive_6,motive_7,motive_8
motive_1,0.0,0.8451152224446572,-0.06309465956447069,0.11430304266225311,0.487611032246288,0.6586993379015929,0.17487042050131596,0.29761683043121906
motive_2,0.8451152224446572,0.0,0.15407317165871387,0.46541033662548087,0.25224569222563825,0.36191983697078633,0.3343542744587994,0.43873183300247887
motive_3,-0.06309465956447069,0.15407317165871387,0.0,0.05529815625710692,0.33251015916747656,-0.06463892511260112,0.18466975690526194,0.385841380325297
motive_4,0.11430304266225311,0.46541033662548087,0.05529815625710692,0.0,0.3413814701387546,0.22911754583816615,0.10012387162616052,0.03753226918388597
motive_5,0.487611032246288,0.25224569222563825,0.33251015916747656,0.3413814701387546,0.0,0.25295048515105645,0.4437966322855928,0.28204491928869957
motive_6,0.6586993379015929,0.36191983697078633,-0.06463892511260112,0.22911754583816615,0.25295048515105645,0.0,0.24083168879300637,0.2107979839290856
motive_7,0.17487042050131596,0.3343542744587994,0.18466975690526194,0.10012387162616052,0.4437966322855928,0.24083168879300637,0.0,0.2864391085724679
motive_8,0.29761683043121906,0.43873183300247887,0.385841380325297,0.03753226918388597,0.28204491928869957,0.2107979839290856,0.2864391085724679,0.0
