,motive_1,motive_2,motive_3,motive_4,motive_5,motive_6,motive_7,motive_8
motive_1,0.0,0.33868316036041507,-0.16590486191655346,0.21047581481626135,-0.08933452556749721,0.24888498320004793,0.3178153426964483,0.4204588995648162
motive_2,0.33868316036041507,0.0,0.06897596347185019,0.2909472131874335,0.43024772397200783,0.7787421528696955,0.2166823356678405,0.28410766943239113
motive_3,-0.16590486191655346,0.06897596347185019,0.0,-0.11725929068225319,0.007662147048843888,0.026845525905524775,0.22672022242299036,0.2561201470659258
motive_4,0.21047581481626135,0.2909472131874335,-0.11725929068225319,0.0,0.28726158847731337,0.5439211868236014,0.19655475231436081,0.39229550714463457
motive_5,-0.08933452556749721,0.43024772397200783,0.007662147048843888,0.28726158847731337,0.0,0.20493149175571493,0.40407609319533316,-0.057217636558567375
motive_6,0.24888498320004793,0.7787421528696955,0.026845525905524775,0.5439211868236014,0.20493149175571493,0.0,0.3902373733781067,0.4824859333658344
motive_7,0.3178153426964483,0.2166823356678405,0.22672022242299036,0.19655475231436081,0.40407609319533316,0.3902373733781067,0.0,0.26572217452027247
motive_8,0.4204588995648162,0.28410766943239113,0.2561201470659258,0.39229550714463457,-0.057217636558567375,0.4824859333658344,0.26572217452027247,0.0
