,motive_1,motive_2,motive_3,motive_4,motive_5,motive_6,motive_7,motive_8
satisfaction,-0.21637616822493655,-0.02172362956803267,-0.0023115438060637705,-0.3064683407492305,0.14941906008517408,0.5161246700622174,0.1861255401313532,0.5599926084939648
