,motive_1,motive_2,motive_3,motive_4,motive_5,motive_6,motive_7,motive_8
satisfaction,-0.07459143767704379,0.3917009545925676,0.0838723924061705,0.14744728508174704,0.15001095012264404,0.3336850728313313,0.42380518161824154,0.1970766785620778
