,motive_1,motive_2,motive_3,motive_4,motive_5,motive_6,motive_7,motive_8
satisfaction,-0.19376492782385402,-0.24059538068808772,-0.13570464400819493,-0.07785752774732274,-0.05447031602370178,0.1265706775262173,0.383846547775183,0.1385462407567249
