,motive_1,motive_2,motive_3,motive_4,motive_5,motive_6,motive_7,motive_8
motive_1,0.0,0.05546056465830168,-0.11676023710149214,0.03389767910311682,-0.1959489551699485,0.3006179476368531,-0.40293537400461676,0.5301766343338202
motive_2,0.05546056465830168,0.0,0.2241223131888897,-0.10614838980657443,0.31871066054965336,0.6736809364867273,-0.2837193097100135,0.14043660790226156
motive_3,-0.11676023710149214,0.2241223131888897,0.0,0.7305239972928457,0.18792358714724466,-0.3359718658848204,0.06979105743424252,0.05363572587873944
motive_4,0.03389767910311682,-0.10614838980657443,0.7305239972928457,0.0,0.23054229100462212,0.3143516241471121,0.5392558212181666,-0.32539581028023334
motive_5,-0.1959489551699485,0.31871066054965336,0.18792358714724466,0.23054229100462212,0.0,-0.5733879577456236,-0.2632717743562707,0.05256895376233539
motive_6,0.3006179476368531,0.6736809364867273,-0.3359718658848204,0.3143516241471121,-0.5733879577456236,0.0,0.22645637675364994,0.6298229145420731
motive_7,-0.40293537400461676,-0.2837193097100135,0.06979105743424252,0.5392558212181666,-0.2632717743562707,0.22645637675364994,0.0,-0.399783477297061
motive_8,0.5301766343338202,0.14043660790226156,0.05363572587873944,-0.32539581028023334,0.05256895376233539,0.6298229145420731,-0.399783477297061,0.0
