,motive_1,motive_2,motive_3,motive_4,motive_5,motive_6,motive_7,motive_8
motive_1,0.0,-0.3421088139866655,0.4519902832226046,0.35389384976644755,0.6892046960322248,0.434247938808521,0.45777175761694844,0.7045914720621143
motive_2,-0.3421088139866655,0.0,0.2840718028160708,-0.3078824630279607,-0.08595750248610054,-0.991623211738645,0.5404050515876773,1.0007735139668847
motive_3,0.4519902832226046,0.2840718028160708,0.0,0.11694664072936754,-0.00912237728962556,-0.027820764717527445,-0.3604915960354092,-0.43856416845620483
motive_4,0.35389384976644755,-0.3078824630279607,0.11694664072936754,0.0,0.2793950711753414,0.3227319506590265,-0.1463799875637762,-0.400152974791578
motive_5,0.6892046960322248,-0.08595750248610054,-0.00912237728962556,0.2793950711753414,0.0,0.8382280633825266,0.3601027372673639,-0.3009738643221814
motive_6,0.434247938808521,-0.991623211738645,-0.027820764717527445,0.3227319506590265,0.8382280633825266,0.0,0.3360280443741206,0.3068938241259182
motive_7,0.45777175761694844,0.5404050515876773,-0.3604915960354092,-0.1463799875637762,0.3601027372673639,0.3360280443741206,0.0,-0.5635686413446164
motive_8,0.7045914720621143,1.0007735139668847,-0.43856416845620483,-0.400152974791578,-0.3009738643221814,0.3068938241259182,-0.5635686413446164,0.0
