,motive_1,motive_2,motive_3,motive_4,motive_5,motive_6,motive_7,motive_8
motive_1,0.0,1.282548726332278,-0.5064067138892284,-0.7343626311954241,0.6583721248573852,0.48598985715469833,0.002082155965185045,0.318781656974551
motive_2,1.282548726332278,0.0,-0.4099203536805243,0.7904933212751896,-0.3223334342628681,0.8604825355298632,-0.0728426848813361,-0.19036654582864415
motive_3,-0.5064067138892284,-0.4099203536805243,0.0,0.031481192252256276,0.2120631856730933,0.034855129342946614,0.11200194865230012,0.9343988402798165
motive_4,-0.7343626311954241,0.7904933212751896,0.031481192252256276,0.0,-0.7089512817780278,0.3371183414277299,-0.15465374470383397,0.7128599609768098
motive_5,0.6583721248573852,-0.3223334342628681,0.2120631856730933,-0.7089512817780278,0.0,0.2911373506427308,0.1335721472802462,0.3001319154944031
motive_6,0.48598985715469833,0.8604825355298632,0.034855129342946614,0.3371183414277299,0.2911373506427308,0.0,0.9186878340678224,0.33132978602769336
motive_7,0.002082155965185045,-0.0728426848813361,0.11200194865230012,-0.15465374470383397,0.1335721472802462,0.9186878340678224,0.0,-0.5455425791688392
motive_8,0.318781656974551,-0.19036654582864415,0.9343988402798165,0.7128599609768098,0.3001319154944031,0.33132978602769336,-0.5455425791688392,0.0
