,motive_1,motive_2,motive_3,motive_4,motive_5,motive_6,motive_7,motive_8
satisfaction,0.20021102356489504,0.21657876971116824,-0.12085984679692771,0.11082127845009213,0.10325953156148092,0.1486191796928068,0.14118368231625697,-0.09845045512580416
