,motive_1,motive_2,motive_3,motive_4,motive_5,motive_6,motive_7,motive_8
motive_1,0.0,-0.009710271724785759,0.04806706549209776,0.005279418366611839,0.20199812129659717,0.1634219969622376,0.12243115442564786,0.09735462076811359
motive_2,-0.009710271724785759,0.0,0.03392313852213914,0.08670363975996405,0.10434950088074715,0.08868724090334193,0.10743352165763762,0.02127824498009022
motive_3,0.04806706549209776,0.03392313852213914,0.0,0.20762424224786696,0.03323508729717625,0.027520077366349965,0.17330676445928753,0.1855002448108779
motive_4,0.005279418366611839,0.08670363975996405,0.20762424224786696,0.0,0.12559504537544974,0.18007534330272568,-0.010705928561703201,0.011356572620245593
motive_5,0.20199812129659717,0.10434950088074715,0.03323508729717625,0.12559504537544974,0.0,0.14790293449526362,0.006802703127044771,0.14746633779702736
motive_6,0.1634219969622376,0.08868724090334193,0.027520077366349965,0.18007534330272568,0.14790293449526362,0.0,0.15176700875701052,0.02685514539291809
motive_7,0.12243115442564786,0.10743352165763762,0.17330676445928753,-0.010705928561703201,0.006802703127044771,0.15176700875701052,0.0,0.10779372583389132
motive_8,0.09735462076811359,0.02127824498009022,0.1855002448108779,0.011356572620245593,0.14746633779702736,0.02685514539291809,0.10779372583389132,0.0
