,motive_1,motive_2,motive_3,motive_4,motive_5,motive_6,motive_7,motive_8
motive_1,0.0,0.3403604976515983,-0.12572356245076768,0.30417719133055054,0.226889313944544,0.07166073518035493,0.09078794962202746,0.46740532645266164
motive_2,0.3403604976515983,0.0,-8.510398436833988e-05,0.6008933466446998,0.24046718649769783,-0.5486689216635124,0.1644765620741866,-0.29304607560945367
motive_3,-0.12572356245076768,-8.510398436833988e-05,0.0,0.04315455975460532,0.2734705580424337,0.20265548833797614,0.2978976742876204,-0.06183097029381124
motive_4,0.30417719133055054,0.6008933466446998,0.04315455975460532,0.0,0.17875109184619037,0.24117284732181077,-0.020868281950415728,-0.07108701467567066
motive_5,0.226889313944544,0.24046718649769783,0.2734705580424337,0.17875109184619037,0.0,0.6381353824194707,-0.05999279393904871,0.06488688782293565
motive_6,0.07166073518035493,-0.5486689216635124,0.20265548833797614,0.24117284732181077,0.6381353824194707,0.0,0.765961116459138,0.04679180709260389
motive_7,0.09078794962202746,0.1644765620741866,0.2978976742876204,-0.020868281950415728,-0.05999279393904871,0.765961116459138,0.0,0.14359525115692748
motive_8,0.46740532645266164,-0.29304607560945367,-0.06183097029381124,-0.07108701467567066,0.06488688782293565,0.04679180709260389,0.14359525115692748,0.0
