,motive_1,motive_2,motive_3,motive_4,motive_5,motive_6,motive_7,motive_8
satisfaction,0.3477279149774035,-0.3139341814925573,0.1354798488751246,-0.19871724070861957,0.2155360266680592,-0.29112307097375595,-0.25075686257243646,0.36631453411241344
