,motive_1,motive_2,motive_3,motive_4,motive_5,motive_6,motive_7,motive_8
motive_1,0.0,0.15433269969674468,0.3791078053343464,0.39143422921722926,-0.11123022533478444,0.04515788006936317,0.05851215166661694,0.2132143378216863
motive_2,0.15433269969674468,0.0,-0.0377172972375516,0.3215307446694604,0.14918146572231192,0.6144278187470942,0.2712555243788776,0.11717510688539379
motive_3,0.3791078053343464,-0.0377172972375516,0.0,0.15338028147773758,-0.24779511231909473,0.3167733149104075,0.05440794717654546,0.02816775497927304
motive_4,0.39143422921722926,0.3215307446694604,0.15338028147773758,0.0,0.06466531039456212,0.17376776661884863,0.6501151738622792,0.2572070280819039
motive_5,-0.11123022533478444,0.14918146572231192,-0.24779511231909473,0.06466531039456212,0.0,-0.15712827664001527,-0.005390145194855173,0.2799064228833068
motive_6,0.04515788006936317,0.6144278187470942,0.3167733149104075,0.17376776661884863,-0.15712827664001527,0.0,0.016629325465227315,0.5223744422997226
motive_7,0.05851215166661694,0.2712555243788776,0.05440794717654546,0.6501151738622792,-0.005390145194855173,0.016629325465227315,0.0,0.037450109332230114
motive_8,0.2132143378216863,0.11717510688539379,0.02816775497927304,0.2572070280819039,0.2799064228833068,0.5223744422997226,0.037450109332230114,0.0
