,motive_1,motive_2,motive_3,motive_4,motive_5,motive_6,motive_7,motive_8
motive_1,0.0,0.2715949679722446,0.37898998479722557,0.11697645374730622,0.2900341770343769,-0.10293699582343227,-0.12352191142527622,0.4332733436579427
motive_2,0.2715949679722446,0.0,-0.17785045686666626,-0.5005210640002082,-0.28742515675741176,0.6199647107983535,-0.01793697170281211,0.3727617735136505
motive_3,0.37898998479722557,-0.17785045686666626,0.0,-0.47243558755731835,0.17602071217200765,0.10555451787217827,-0.13629942621164048,-0.2598762436413587
motive_4,0.11697645374730622,-0.5005210640002082,-0.47243558755731835,0.0,0.5055644697217161,-1.3822525021508327,0.10967394623184766,0.6142404105851998
motive_5,0.2900341770343769,-0.28742515675741176,0.17602071217200765,0.5055644697217161,0.0,-0.06419705481245394,0.2128382536324984,0.3616295075018105
motive_6,-0.10293699582343227,0.6199647107983535,0.10555451787217827,-1.3822525021508327,-0.06419705481245394,0.0,0.46295477814650987,0.1955666293401922
motive_7,-0.12352191142527622,-0.01793697170281211,-0.13629942621164048,0.10967394623184766,0.2128382536324984,0.46295477814650987,0.0,0.11914635852611566
motive_8,0.4332733436579427,0.3727617735136505,-0.2598762436413587,0.6142404105851998,0.3616295075018105,0.1955666293401922,0.11914635852611566,0.0
