,motive_1,motive_2,motive_3,motive_4,motive_5,motive_6,motive_7,motive_8
motive_1,0.0,0.26210232486361423,0.277646107663168,-0.4994923044489209,-0.4447772892241589,0.2988075458626089,0.46610237332779464,0.4060835621075303
motive_2,0.26210232486361423,0.0,0.5552303664824719,0.02734087990414502,0.3673802551284677,0.39933435249812643,-0.5337253724992377,-0.48391269011522065
motive_3,0.277646107663168,0.5552303664824719,0.0,-0.17371434566052546,-0.2698253305435303,0.4733162282873351,-0.3812396283831854,0.279316481121037
motive_4,-0.4994923044489209,0.02734087990414502,-0.17371434566052546,0.0,1.3230216779240709,0.5435565727653158,-0.03718027334757995,0.06990403696793106
motive_5,-0.4447772892241589,0.3673802551284677,-0.2698253305435303,1.3230216779240709,0.0,0.043275915501323536,0.3361764816965785,-0.494828976537164
motive_6,0.2988075458626089,0.39933435249812643,0.4733162282873351,0.5435565727653158,0.043275915501323536,0.0,0.4340806669847209,-0.11419823347663922
motive_7,0.46610237332779464,-0.5337253724992377,-0.3812396283831854,-0.03718027334757995,0.3361764816965785,0.4340806669847209,0.0,0.61973687030633
motive_8,0.4060835621075303,-0.48391269011522065,0.279316481121037,0.06990403696793106,-0.494828976537164,-0.11419823347663922,0.61973687030633,0.0
