,motive_1,motive_2,motive_3,motive_4,motive_5,motive_6,motive_7,motive_8
motive_1,0.0,-0.04703836622510878,0.043205868289331206,0.052591166799368455,0.04409358195856904,0.06870668073537714,0.14552208902814132,-0.020318452050289457
motive_2,-0.04703836622510878,0.0,0.023411194313441748,-0.026377799378059383,-0.015355520777211334,-0.025257310445120463,0.12091788761530162,0.06427260641554083
motive_3,0.043205868289331206,0.023411194313441748,0.0,0.05526387648323233,-0.035995651568240916,0.10348363906954236,-0.06207668978921468,-0.01291348066119051
motive_4,0.052591166799368455,-0.026377799378059383,0.05526387648323233,0.0,-0.10699540844386345,0.10232599902127253,-0.0326756256731369,-0.14890166239624192
motive_5,0.04409358195856904,-0.015355520777211334,-0.035995651568240916,-0.10699540844386345,0.0,-0.018031278638365067,0.024544611039542488,0.09093437541087973
motive_6,0.06870668073537714,-0.025257310445120463,0.10348363906954236,0.10232599902127253,-0.018031278638365067,0.0,0.03437201681447983,-0.020454776834489787
motive_7,0.14552208902814132,0.12091788761530162,-0.06207668978921468,-0.0326756256731369,0.024544611039542488,0.03437201681447983,0.0,-0.12105497096021328
motive_8,-0.020318452050289457,0.06427260641554083,-0.01291348066119051,-0.14890166239624192,0.09093437541087973,-0.020454776834489787,-0.12105497096021328,0.0
