,motive_1,motive_2,motive_3,motive_4,motive_5,motive_6,motive_7,motive_8
motive_1,0.0,-0.050390929248093796,0.26468473751289145,-0.6424601384220434,0.2856512083372067,0.6204941866313121,0.6563386904074447,-0.507718754673807
motive_2,-0.050390929248093796,0.0,0.4802905085201952,0.19747856070386174,-2.5566740391308462e-06,-0.7969900008652877,-0.23339890952418296,0.184976191757519
motive_3,0.26468473751289145,0.4802905085201952,0.0,-0.4431530012473673,0.41714512375865465,-0.2809051616619871,0.1217372502289143,0.41795982049278985
motive_4,-0.6424601384220434,0.19747856070386174,-0.4431530012473673,0.0,-0.12368968067486069,-0.05364235706793052,0.3987439234037937,0.3551506590389072
motive_5,0.2856512083372067,-2.5566740391308462e-06,0.41714512375865465,-0.12368968067486069,0.0,0.36399504663744675,-0.5698471126672697,-0.3854712166814413
motive_6,0.6204941866313121,-0.7969900008652877,-0.2809051616619871,-0.05364235706793052,0.36399504663744675,0.0,0.010887301288840176,0.3046404725976113
motive_7,0.6563386904074447,-0.23339890952418296,0.1217372502289143,0.3987439234037937,-0.5698471126672697,0.010887301288840176,0.0,0.7288821008422403
motive_8,-0.507718754673807,0.184976191757519,0.41795982049278985,0.3551506590389072,-0.3854712166814413,0.3046404725976113,0.7288821008422403,0.0
