,motive_1,motive_2,motive_3,motive_4,motive_5,motive_6,motive_7,motive_8
motive_1,0.0,-0.029612676896609486,-0.09995847384663128,-0.257398503745326,-0.04964723379236288,0.4505968919073971,-0.022846841628153924,0.2879443532268384
motive_2,-0.029612676896609486,0.0,-0.23153998190555924,0.14680999147010115,0.25011754514291773,0.40636540178747865,0.2002401761801408,-0.08667715518315043
motive_3,-0.09995847384663128,-0.23153998190555924,0.0,0.38197502840628345,0.1878146525562124,0.2516425746945367,-0.035514859151060674,0.3377222838445708
motive_4,-0.257398503745326,0.14680999147010115,0.38197502840628345,0.0,0.033750602936995486,0.054280587250295734,0.07292628176068294,-0.013027002192627452
motive_5,-0.04964723379236288,0.25011754514291773,0.1878146525562124,0.033750602936995486,0.0,0.3226471183924017,0.18451976357531064,0.31995272358995247
motive_6,0.4505968919073971,0.40636540178747865,0.2516425746945367,0.054280587250295734,0.3226471183924017,0.0,-0.16677474668070574,0.0962271193019873
motive_7,-0.022846841628153924,0.2002401761801408,-0.035514859151060674,0.07292628176068294,0.18451976357531064,-0.16677474668070574,0.0,0.16552911052913055
motive_8,0.2879443532268384,-0.08667715518315043,0.3377222838445708,-0.013027002192627452,0.31995272358995247,0.0962271193019873,0.16552911052913055,0.0
