,motive_1,motive_2,motive_3,motive_4,motive_5,motive_6,motive_7,motive_8
motive_1,0.0,-0.02042061301718308,-0.0017867407616260493,-0.07477432379546196,-0.052563503696977404,0.12966988904096619,0.03438589021606252,0.010029784495608284
motive_2,-0.02042061301718308,0.0,0.07088615242401237,0.015031524210902427,0.008236579919039998,-0.024875929006556587,0.052785136044843056,0.10222972206770503
motive_3,-0.0017867407616260493,0.07088615242401237,0.0,0.02784385586921624,0.056473910440833386,0.09509605201031543,0.09402759917677042,0.03968404148882442
motive_4,-0.07477432379546196,0.015031524210902427,0.02784385586921624,0.0,0.1009042199402622,-0.048931794026008606,-0.17175392930149178,0.144981307928978
motive_5,-0.052563503696977404,0.008236579919039998,0.056473910440833386,0.1009042199402622,0.0,0.08255988667435132,-0.05663045114930019,0.020494719054491052
motive_6,0.12966988904096619,-0.024875929006556587,0.09509605201031543,-0.048931794026008606,0.08255988667435132,0.0,0.016970001231514834,-0.08970207932730775
motive_7,0.03438589021606252,0.052785136044843056,0.09402759917677042,-0.17175392930149178,-0.05663045114930019,0.016970001231514834,0.0,-0.022321705855923843
motive_8,0.010029784495608284,0.10222972206770503,0.03968404148882442,0.144981307928978,0.020494719054491052,-0.08970207932730775,-0.022321705855923843,0.0
