,motive_1,motive_2,motive_3,motive_4,motive_5,motive_6,motive_7,motive_8
motive_1,0.0,0.13827083043497496,0.26528768027942606,0.6307114993912479,0.35935791675088974,0.10781681851872754,0.42005792056240804,0.6191002352871979
motive_2,0.13827083043497496,0.0,0.6214591236339441,0.3007651028456901,0.3175587747146293,0.15157826574656297,0.27105814441704834,0.6653118821260814
motive_3,0.26528768027942606,0.6214591236339441,0.0,0.7887656218710353,0.2875770156791277,0.7557647867858677,0.3524862265906652,0.9634353267675193
motive_4,0.6307114993912479,0.3007651028456901,0.7887656218710353,0.0,0.1949235874614469,0.6023939465404821,0.5054962845237874,0.3599531388972609
motive_5,0.35935791675088974,0.3175587747146293,0.2875770156791277,0.1949235874614469,0.0,0.397118974741109,0.24398595408256496,0.32086374566828374
motive_6,0.10781681851872754,0.15157826574656297,0.7557647867858677,0.6023939465404821,0.397118974741109,0.0,0.5767732296797815,0.5022682443838818
motive_7,0.42005792056240804,0.27105814441704834,0.3524862265906652,0.5054962845237874,0.24398595408256496,0.5767732296797815,0.0,0.500824303966319
motive_8,0.6191002352871979,0.6653118821260814,0.9634353267675193,0.3599531388972609,0.32086374566828374,0.5022682443838818,0.500824303966319,0.0
