,motive_1,motive_2,motive_3,motive_4,motive_5,motive_6,motive_7,motive_8
motive_1,0.0,0.32814714538491185,0.5477426294611476,0.3067498402408886,0.29833163277496244,0.3745373860234531,0.1941614059754569,0.8361517535241624
motive_2,0.32814714538491185,0.0,0.48874701135602994,0.2549422764726692,0.10122549260656002,0.43683622559664664,0.19621306410533892,0.5343256162101365
motive_3,0.5477426294611476,0.48874701135602994,0.0,0.2534140618866238,0.1536797589749587,0.5263210125138326,0.22641462882071434,0.412226029706653
motive_4,0.3067498402408886,0.2549422764726692,0.2534140618866238,0.0,0.3809002931709904,0.249807725545612,-0.03064085427827995,0.4568537323586808
motive_5,0.29833163277496244,0.10122549260656002,0.1536797589749587,0.3809002931709904,0.0,0.3828061191953061,0.281011307028057,0.1680074313076773
motive_6,0.3745373860234531,0.43683622559664664,0.5263210125138326,0.249807725545612,0.3828061191953061,0.0,0.6438434037246473,0.2537577383197981
motive_7,0.1941614059754569,0.19621306410533892,0.22641462882071434,-0.03064085427827995,0.281011307028057,0.6438434037246473,0.0,0.34280729120055575
motive_8,0.8361517535241624,0.5343256162101365,0.412226029706653,0.4568537323586808,0.1680074313076773,0.2537577383197981,0.34280729120055575,0.0
