,motive_1,motive_2,motive_3,motive_4,motive_5,motive_6,motive_7,motive_8
motive_1,0.0,0.15098529814235895,0.021637132278494807,-0.04142427042281542,0.08513455209002646,0.02851775562404644,0.08151467533679085,0.03129133253715151
motive_2,0.15098529814235895,0.0,0.0988626968493781,0.17717224717536129,0.2637096186576896,0.11485615154308057,0.08362715502434756,0.1375471910079697
motive_3,0.021637132278494807,0.0988626968493781,0.0,0.17134711611877756,0.013551216890213186,0.07464851445240715,-0.03208368677297065,-0.03788651018162799
motive_4,-0.04142427042281542,0.17717224717536129,0.17134711611877756,0.0,0.018510225560557994,0.12085260109410934,0.1159284542106701,0.14575085085201553
motive_5,0.08513455209002646,0.2637096186576896,0.013551216890213186,0.018510225560557994,0.0,0.13613809176853928,0.06228487602411929,0.11774478871047048
motive_6,0.02851775562404644,0.11485615154308057,0.07464851445240715,0.12085260109410934,0.13613809176853928,0.0,0.1407935058493914,0.06674569329721056
motive_7,0.08151467533679085,0.08362715502434756,-0.03208368677297065,0.1159284542106701,0.06228487602411929,0.1407935058493914,0.0,0.04037441410863982
motive_8,0.03129133253715151,0.1375471910079697,-0.03788651018162799,0.14575085085201553,0.11774478871047048,0.06674569329721056,0.04037441410863982,0.0
