,motive_1,motive_2,motive_3,motive_4,motive_5,motive_6,motive_7,motive_8
motive_1,0.0,0.19712889739893813,0.1448344431011902,0.38235140879584906,-0.024150216211236517,0.1697989280677985,0.44142664583667135,-0.08290268416675131
motive_2,0.19712889739893813,0.0,0.3997254030502534,0.17105531068472646,0.4649267012876107,0.5545952991073495,0.09604705213999465,0.08008080760951913
motive_3,0.1448344431011902,0.3997254030502534,0.0,-0.06672955707003558,0.3768192500752973,0.4162029895762359,0.31088929139294946,-0.1630865377744409
motive_4,0.38235140879584906,0.17105531068472646,-0.06672955707003558,0.0,0.11685065698215559,0.05260711662529277,0.09027114288030245,0.26375285221049016
motive_5,-0.024150216211236517,0.4649267012876107,0.3768192500752973,0.11685065698215559,0.0,0.06960880119122828,0.41501982771289564,0.007036794426901166
motive_6,0.1697989280677985,0.5545952991073495,0.4162029895762359,0.05260711662529277,0.06960880119122828,0.0,0.5219647182240186,0.15892738604842357
motive_7,0.44142664583667135,0.09604705213999465,0.31088929139294946,0.09027114288030245,0.41501982771289564,0.5219647182240186,0.0,-0.05024449037034941
motive_8,-0.08290268416675131,0.08008080760951913,-0.1630865377744409,0.26375285221049016,0.007036794426901166,0.15892738604842357,-0.05024449037034941,0.0
