,motive_1,motive_2,motive_3,motive_4,motive_5,motive_6,motive_7,motive_8
motive_1,0.0,1.2490984487119983,0.25787024092331146,-0.5519434918713367,0.38795473902433986,-0.6008710579793881,-0.1571625150344561,0.5738539586662552
motive_2,1.2490984487119983,0.0,0.2226359654543879,0.5503083077207235,0.05237727440369189,-0.43778555527806007,0.2865641131961615,-1.0283629931555955
motive_3,0.25787024092331146,0.2226359654543879,0.0,0.35827039498544105,0.28769695680177476,-0.8287743825613021,-0.2340270817488151,0.21559574837146184
motive_4,-0.5519434918713367,0.5503083077207235,0.35827039498544105,0.0,0.49874945312969277,0.8485420426129353,0.7438927968533805,0.07081960035016427
motive_5,0.38795473902433986,0.05237727440369189,0.28769695680177476,0.49874945312969277,0.0,0.8054746442878832,-0.3308788488034316,1.0519386624695939
motive_6,-0.6008710579793881,-0.43778555527806007,-0.8287743825613021,0.8485420426129353,0.8054746442878832,0.0,0.14077410459661602,0.7181900332605099
motive_7,-0.1571625150344561,0.2865641131961615,-0.2340270817488151,0.7438927968533805,-0.3308788488034316,0.14077410459661602,0.0,0.3698818281268944
motive_8,0.5738539586662552,-1.0283629931555955,0.21559574837146184,0.07081960035016427,1.0519386624695939,0.7181900332605099,0.3698818281268944,0.0
