,motive_1,motive_2,motive_3,motive_4,motive_5,motive_6,motive_7,motive_8
satisfaction,0.19106581183047353,0.7811880819106403,-0.2356643124185004,0.7840229997995711,0.2707578110345651,-0.022490964247605383,-0.24253114476899978,0.023902879916370967
