,motive_1,motive_2,motive_3,motive_4,motive_5,motive_6,motive_7,motive_8
motive_1,0.0,-0.024020775179373996,0.038406063608363794,0.5734446445498822,-0.24792466720760176,-0.9912047222086384,-0.04545100450909756,0.6590633701830599
motive_2,-0.024020775179373996,0.0,0.004909016119195142,-0.7369584521960258,0.19413513888384748,0.7174044837648528,0.3528795151180398,-0.2596825149074118
motive_3,0.038406063608363794,0.004909016119195142,0.0,0.011671355691557084,-0.14638441106192052,1.1898120940856933,-0.08635210536616134,0.11813449151372363
motive_4,0.5734446445498822,-0.7369584521960258,0.011671355691557084,0.0,0.09571616100850866,-0.050658472565977594,0.7584139700904811,-0.19744916040149846
motive_5,-0.24792466720760176,0.19413513888384748,-0.14638441106192052,0.09571616100850866,0.0,0.2935246271297597,-0.10824512679055717,-0.39011211467156043
motive_6,-0.9912047222086384,0.7174044837648528,1.1898120940856933,-0.050658472565977594,0.2935246271297597,0.0,-0.046982352777547504,0.6956921890231377
motive_7,-0.04545100450909756,0.3528795151180398,-0.08635210536616134,0.7584139700904811,-0.10824512679055717,-0.046982352777547504,0.0,0.22252900261889225
motive_8,0.6590633701830599,-0.2596825149074118,0.11813449151372363,-0.19744916040149846,-0.39011211467156043,0.6956921890231377,0.22252900261889225,0.0
