,motive_1,motive_2,motive_3,motive_4,motive_5,motive_6,motive_7,motive_8
motive_1,0.0,0.09288805579460702,0.15498375826766547,0.115922787185404,0.16710744415100276,0.29239457394852136,0.3016344757787468,0.1679929389378147
motive_2,0.09288805579460702,0.0,-0.13758906369025647,0.048241292073376504,0.21059570050480425,0.03212064050365779,0.5770936571147436,0.721832579811704
motive_3,0.15498375826766547,-0.13758906369025647,0.0,0.28482008177547236,0.4241137923678947,0.18750135092162085,0.05459719579061613,-0.2817799456179238
motive_4,0.115922787185404,0.048241292073376504,0.28482008177547236,0.0,0.22745085509597351,0.19934725934322478,0.3243100882005857,0.23063735027848686
motive_5,0.16710744415100276,0.21059570050480425,0.4241137923678947,0.22745085509597351,0.0,0.12744673698057407,0.0064128597787877495,0.21588531317364668
motive_6,0.29239457394852136,0.03212064050365779,0.18750135092162085,0.19934725934322478,0.12744673698057407,0.0,0.2608405151429699,0.29752469976897955
motive_7,0.3016344757787468,0.5770936571147436,0.05459719579061613,0.3243100882005857,0.0064128597787877495,0.2608405151429699,0.0,-0.01497427917857852
motive_8,0.1679929389378147,0.721832579811704,-0.2817799456179238,0.23063735027848686,0.21588531317364668,0.29752469976897955,-0.01497427917857852,0.0
