,motive_1,motive_2,motive_3,motive_4,motive_5,motive_6,motive_7,motive_8
motive_1,0.0,0.11213376381363252,0.174275276557637,-0.006752445695899112,0.029534745009936206,0.10411243822424941,0.06342009939566368,0.02802358771184317
motive_2,0.11213376381363252,0.0,0.11257461819213466,0.1258174479135993,-0.015565152832508672,0.1437733104085471,0.14884978878341276,-0.0019339720511055147
motive_3,0.174275276557637,0.11257461819213466,0.0,0.11157975739695894,0.044839352302025945,0.14341255527827085,0.0794697610829439,0.17057009095822537
motive_4,-0.006752445695899112,0.1258174479135993,0.11157975739695894,0.0,0.15727529062039086,0.051372546556539805,0.016146820159320088,0.023069565466264784
motive_5,0.029534745009936206,-0.015565152832508672,0.044839352302025945,0.15727529062039086,0.0,0.20717249460508375,0.112966276093794,0.1999181565422177
motive_6,0.10411243822424941,0.1437733104085471,0.14341255527827085,0.051372546556539805,0.20717249460508375,0.0,0.0854675293188739,0.16522038129424216
motive_7,0.06342009939566368,0.14884978878341276,0.0794697610829439,0.016146820159320088,0.112966276093794,0.0854675293188739,0.0,0.20559544120490011
motive_8,0.02802358771184317,-0.0019339720511055147,0.17057009095822537,0.023069565466264784,0.1999181565422177,0.16522038129424216,0.20559544120490011,0.0
