,motive_1,motive_2,motive_3,motive_4,motive_5,motive_6,motive_7,motive_8
motive_1,0.0,-0.32070226460926526,0.05660079527881956,-0.0455072214348545,0.8744445652191509,0.25709990059992593,0.6546667905187378,0.5078262154588999
motive_2,-0.32070226460926526,0.0,0.2345875518422802,-0.37289333428115756,-0.3699129792824549,-0.07471219534802692,-0.37820152230689563,-0.6309240724135255
motive_3,0.05660079527881956,0.2345875518422802,0.0,0.09842234990870001,0.005325498725980961,-0.8264193734461223,0.08473803217129833,0.7114728737980595
motive_4,-0.0455072214348545,-0.37289333428115756,0.09842234990870001,0.0,0.6011137990468177,0.1535131213089381,0.08771345586639247,-0.2372694138310697
motive_5,0.8744445652191509,-0.3699129792824549,0.005325498725980961,0.6011137990468177,0.0,0.4802183388538527,-0.07380406115492666,-0.8691249665592189
motive_6,0.25709990059992593,-0.07471219534802692,-0.8264193734461223,0.1535131213089381,0.4802183388538527,0.0,-0.47002998791229345,0.15262019346256595
motive_7,0.6546667905187378,-0.37820152230689563,0.08473803217129833,0.08771345586639247,-0.07380406115492666,-0.47002998791229345,0.0,0.2012201099477597
motive_8,0.5078262154588999,-0.6309240724135255,0.7114728737980595,-0.2372694138310697,-0.8691249665592189,0.15262019346256595,0.2012201099477597,0.0
