,motive_1,motive_2,motive_3,motive_4,motive_5,motive_6,motive_7,motive_8
motive_1,0.0,0.34069521049988266,-0.19462356788893231,0.35841062157893105,0.7839185302877913,0.47657245615611465,0.6025982737085969,0.13497934869510214
motive_2,0.34069521049988266,0.0,0.4318120335677943,-0.3286571207669962,0.2351070411873959,-0.34428356532215193,0.21880968428066136,-0.3488094138105548
motive_3,-0.19462356788893231,0.4318120335677943,0.0,-0.447727469550123,0.7962046659462952,0.2811767505487355,0.4060716470896993,-0.06546503170422502
motive_4,0.35841062157893105,-0.3286571207669962,-0.447727469550123,0.0,0.7150540680544026,0.24543723524884598,-0.43198061120508235,0.2687959420378735
motive_5,0.7839185302877913,0.2351070411873959,0.7962046659462952,0.7150540680544026,0.0,-0.015154239921990012,-0.29762439421017434,0.25126420435103175
motive_6,0.47657245615611465,-0.34428356532215193,0.2811767505487355,0.24543723524884598,-0.015154239921990012,0.0,0.6045576818336084,-0.10234157695618684
motive_7,0.6025982737085969,0.21880968428066136,0.4060716470896993,-0.43198061120508235,-0.29762439421017434,0.6045576818336084,0.0,-0.8800300850955294
motive_8,0.13497934869510214,-0.3488094138105548,-0.06546503170422502,0.2687959420378735,0.25126420435103175,-0.10234157695618684,-0.8800300850955294,0.0
