,motive_1,motive_2,motive_3,motive_4,motive_5,motive_6,motive_7,motive_8
motive_1,0.0,0.4071225563505224,0.60022440654515,0.2006654588880014,0.17261195360786713,0.27512031326147457,1.088341471692246,0.4484356081999381
motive_2,0.4071225563505224,0.0,0.59409596678508,0.40350050368193435,0.5498291156760822,0.4619261521226976,0.3658002364661106,0.48806539286364403
motive_3,0.60022440654515,0.59409596678508,0.0,0.44273582127999156,0.6328948373084226,0.7451883734654481,0.5412159168918872,0.4176087418328852
motive_4,0.2006654588880014,0.40350050368193435,0.44273582127999156,0.0,0.6127606005412698,0.4542295025879353,0.43556287809558414,0.5041882105291545
motive_5,0.17261195360786713,0.5498291156760822,0.6328948373084226,0.6127606005412698,0.0,0.31173230394640694,0.5021824471273396,0.9614359882822129
motive_6,0.27512031326147457,0.4619261521226976,0.7451883734654481,0.4542295025879353,0.31173230394640694,0.0,0.4907192385602873,0.3152929591865058
motive_7,1.088341471692246,0.3658002364661106,0.5412159168918872,0.43556287809558414,0.5021824471273396,0.4907192385602873,0.0,0.613656972973424
motive_8,0.4484356081999381,0.48806539286364403,0.4176087418328852,0.5041882105291545,0.9614359882822129,0.3152929591865058,0.613656972973424,0.0
