,motive_1,motive_2,motive_3,motive_4,motive_5,motive_6,motive_7,motive_8
motive_1,0.0,0.03478501441109681,-0.007102901215153078,0.11580029839550283,0.15187441793250814,0.16110140673027262,0.08287315522633289,0.23842114478002585
motive_2,0.03478501441109681,0.0,0.216509263822942,0.1537783211440299,0.083543372856652,-0.029841319765455017,0.13714809150063823,0.08220400701943467
motive_3,-0.007102901215153078,0.216509263822942,0.0,0.2615816691836917,0.06394341961819902,-0.013023519252383445,0.15716707217179302,0.1040032302785592
motive_4,0.11580029839550283,0.1537783211440299,0.2615816691836917,0.0,-0.02572688028534393,0.05800450677719707,0.17115440050384867,0.0038999552611993504
motive_5,0.15187441793250814,0.083543372856652,0.06394341961819902,-0.02572688028534393,0.0,0.1395956388421022,0.09892915322978181,0.1845472985079706
motive_6,0.16110140673027262,-0.029841319765455017,-0.013023519252383445,0.05800450677719707,0.1395956388421022,0.0,0.11160232263651176,-0.061291796214889234
motive_7,0.08287315522633289,0.13714809150063823,0.15716707217179302,0.17115440050384867,0.09892915322978181,0.11160232263651176,0.0,-0.02384430204407123
motive_8,0.23842114478002585,0.08220400701943467,0.1040032302785592,0.0038999552611993504,0.1845472985079706,-0.061291796214889234,-0.02384430204407123,0.0
