,motive_1,motive_2,motive_3,motive_4,motive_5,motive_6,motive_7,motive_8
motive_1,0.0,0.1532551406211155,0.6915614545700259,0.7176509531256698,0.2793855384389198,0.3090658366973761,0.12078429791976751,0.4971767584645388
motive_2,0.1532551406211155,0.0,0.591094064666108,0.19969585613404373,0.509429660616522,0.32879432894055277,0.21615804656657817,0.36508494765095223
motive_3,0.6915614545700259,0.591094064666108,0.0,0.20149172925267453,0.7349155996188343,0.5718963665882586,0.3783037954016188,0.10091442177184973
motive_4,0.7176509531256698,0.19969585613404373,0.20149172925267453,0.0,0.24282762214103049,0.44566932966088774,0.3358144420903963,0.42493326481311
motive_5,0.2793855384389198,0.509429660616522,0.7349155996188343,0.24282762214103049,0.0,0.46847306881586576,0.782263327612845,0.2524857131236008
motive_6,0.3090658366973761,0.32879432894055277,0.5718963665882586,0.44566932966088774,0.46847306881586576,0.0,0.22429897895137665,0.3688952424917918
motive_7,0.12078429791976751,0.21615804656657817,0.3783037954016188,0.3358144420903963,0.782263327612845,0.22429897895137665,0.0,0.43816847992427316
motive_8,0.4971767584645388,0.36508494765095223,0.10091442177184973,0.42493326481311,0.2524857131236008,0.3688952424917918,0.43816847992427316,0.0
