,motive_1,motive_2,motive_3,motive_4,motive_5,motive_6,motive_7,motive_8
motive_1,0.0,0.08029879813071408,0.018967614658696973,0.016573118868206657,0.018604365229119235,-0.013494403359883264,0.04370703333965548,0.13685949368887962
motive_2,0.08029879813071408,0.0,0.06532107336300061,0.11220458520378682,0.0037984736783016337,-0.0138521575555197,-0.057082536546404425,-0.10272386036258646
motive_3,0.018967614658696973,0.06532107336300061,0.0,0.003131881542657401,0.09970896521313058,0.0010270453452635823,0.030194628458498553,-0.017291266520197638
motive_4,0.016573118868206657,0.11220458520378682,0.003131881542657401,0.0,0.07025640417688184,0.05330661124869662,-0.10848692838647217,-0.08032844744162815
motive_5,0.018604365229119235,0.0037984736783016337,0.09970896521313058,0.07025640417688184,0.0,0.0785415582121837,0.0004569827582931382,0.030436596995647068
motive_6,-0.013494403359883264,-0.0138521575555197,0.0010270453452635823,0.05330661124869662,0.0785415582121837,0.0,0.058077366176206215,-0.026226643395971895
motive_7,0.04370703333965548,-0.057082536546404425,0.030194628458498553,-0.10848692838647217,0.0004569827582931382,0.058077366176206215,0.0,0.018370460838380964
motive_8,0.13685949368887962,-0.10272386036258646,-0.017291266520197638,-0.08032844744162815,0.030436596995647068,-0.026226643395971895,0.018370460838380964,0.0
