,motive_1,motive_2,motive_3,motive_4,motive_5,motive_6,motive_7,motive_8
motive_1,0.0,0.059689759960305865,-0.027285682409896466,0.028058256814487405,0.03327607157406041,0.11246719103321372,-0.020774289311031178,-0.031397126310842766
motive_2,0.059689759960305865,0.0,-0.08406411896857535,0.03759501890316725,0.09184399350362146,-0.05353228927774614,-0.0659666020008763,0.0374247045173493
motive_3,-0.027285682409896466,-0.08406411896857535,0.0,-0.009890818033868891,0.027296242958144375,-0.034088780701358054,0.07992434414979535,-0.06678158113165406
motive_4,0.028058256814487405,0.03759501890316725,-0.009890818033868891,0.0,-0.05932726088671007,-0.012172222387875863,0.04860150989187433,0.030839192037710572
motive_5,0.03327607157406041,0.09184399350362146,0.027296242958144375,-0.05932726088671007,0.0,-0.02861231141987713,0.09834209629384676,0.012670102350375363
motive_6,0.11246719103321372,-0.05353228927774614,-0.034088780701358054,-0.012172222387875863,-0.02861231141987713,0.0,-0.018404280464132214,-0.0033667054004726197
motive_7,-0.020774289311031178,-0.0659666020008763,0.07992434414979535,0.04860150989187433,0.09834209629384676,-0.018404280464132214,0.0,0.019462815503085935
motive_8,-0.031397126310842766,0.0374247045173493,-0.06678158113165406,0.030839192037710572,0.012670102350375363,-0.0033667054004726197,0.019462815503085935,0.0
