,motive_1,motive_2,motive_3,motive_4,motive_5,motive_6,motive_7,motive_8
motive_1,0.0,0.06466336438572676,0.3472620652756369,0.16500549566800454,0.24054592938189012,-0.5673822056801467,0.22474233342001432,-0.24075067594931654
motive_2,0.06466336438572676,0.0,0.5245283147759953,0.0997356683208813,0.47793060091656125,-0.851382605734953,0.15205488029684766,0.5208355348975743
motive_3,0.3472620652756369,0.5245283147759953,0.0,-0.5868731341276066,-0.07249480331321428,0.6236688647329693,-0.2778125557079875,0.1822274085900346
motive_4,0.16500549566800454,0.0997356683208813,-0.5868731341276066,0.0,0.2647737946581428,0.0020364420600682,0.0657926789013486,0.437727545198867
motive_5,0.24054592938189012,0.47793060091656125,-0.07249480331321428,0.2647737946581428,0.0,0.5598284966417562,-0.2651675607026876,-0.2096132454832213
motive_6,-0.5673822056801467,-0.851382605734953,0.6236688647329693,0.0020364420600682,0.5598284966417562,0.0,0.27649192332392436,0.19262731371596575
motive_7,0.22474233342001432,0.15205488029684766,-0.2778125557079875,0.0657926789013486,-0.2651675607026876,0.27649192332392436,0.0,1.1662882636756984
motive_8,-0.24075067594931654,0.5208355348975743,0.1822274085900346,0.437727545198867,-0.2096132454832213,0.19262731371596575,1.1662882636756984,0.0
