,motive_1,motive_2,motive_3,motive_4,motive_5,motive_6,motive_7,motive_8
motive_1,0.0,-0.04939142805849017,0.011352927310452302,-0.11887193911847543,0.10862857979085638,0.5125520992204242,-0.022389608685131512,-0.6989780848585474
motive_2,-0.04939142805849017,0.0,0.19490842723886248,-0.1127483959936558,-0.38913186596697097,0.1998541791345878,0.01331938980998032,0.09862085190148949
motive_3,0.011352927310452302,0.19490842723886248,0.0,0.8157332457008599,-0.5312022306418106,0.1289645770630299,-0.07245769436160285,-0.016118055797875896
motive_4,-0.11887193911847543,-0.1127483959936558,0.8157332457008599,0.0,-0.1570278924228249,-0.14510623179886,-0.0734739583858714,0.1400543638987689
motive_5,0.10862857979085638,-0.38913186596697097,-0.5312022306418106,-0.1570278924228249,0.0,0.29600607341799057,0.5118341654723931,0.37464137367966327
motive_6,0.5125520992204242,0.1998541791345878,0.1289645770630299,-0.14510623179886,0.29600607341799057,0.0,0.20296579302601667,0.8887804425957397
motive_7,-0.022389608685131512,0.01331938980998032,-0.07245769436160285,-0.0734739583858714,0.5118341654723931,0.20296579302601667,0.0,-0.5048357609023504
motive_8,-0.6989780848585474,0.09862085190148949,-0.016118055797875896,0.1400543638987689,0.37464137367966327,0.8887804425957397,-0.5048357609023504,0.0
