,motive_1,motive_2,motive_3,motive_4,motive_5,motive_6,motive_7,motive_8
motive_1,0.0,0.13940958062605507,0.08253115472190987,0.08146387883893036,-0.04911436166598612,0.15346735724876914,0.09214181460452156,0.034008869469148266
motive_2,0.13940958062605507,0.0,0.2186659060436012,0.08604389575256878,0.09002234849217253,0.2670795249093465,0.023091935886254036,0.024843526702657832
motive_3,0.08253115472190987,0.2186659060436012,0.0,0.12574185262192714,0.11052402551098126,-0.023143904299150697,0.08708687395144377,0.19812247192225002
motive_4,0.08146387883893036,0.08604389575256878,0.12574185262192714,0.0,-0.022470306714253856,-0.010881993948937602,-0.08002245304648181,0.12374188856063581
motive_5,-0.04911436166598612,0.09002234849217253,0.11052402551098126,-0.022470306714253856,0.0,-0.0031715976898254172,0.21964422057496777,0.08132663935314481
motive_6,0.15346735724876914,0.2670795249093465,-0.023143904299150697,-0.010881993948937602,-0.0031715976898254172,0.0,0.14394477588611226,0.18658659433821212
motive_7,0.09214181460452156,0.023091935886254036,0.08708687395144377,-0.08002245304648181,0.21964422057496777,0.14394477588611226,0.0,0.13534048609057853
motive_8,0.034008869469148266,0.024843526702657832,0.19812247192225002,0.12374188856063581,0.08132663935314481,0.18658659433821212,0.13534048609057853,0.0
