,motive_1,motive_2,motive_3,motive_4,motive_5,motive_6,motive_7,motive_8
motive_1,0.0,-0.09073153373481932,0.01637145575461404,0.09624260287833969,-0.06258754266284765,-0.03886081470993487,0.05777243292744329,-0.004052792911082237
motive_2,-0.09073153373481932,0.0,-0.04405368484108013,-0.07054442111291587,-0.014384903341904271,-0.024365845002112065,0.038323043902866165,0.14298113824219658
motive_3,0.01637145575461404,-0.04405368484108013,0.0,-0.03391355259608617,0.10358164441547903,-0.08431186116113372,-0.04173739414626092,-0.019570006465482258
motive_4,0.09624260287833969,-0.07054442111291587,-0.03391355259608617,0.0,-0.05327762274401548,-0.015501703586782965,-0.07574238880810628,0.09980015892076985
motive_5,-0.06258754266284765,-0.014384903341904271,0.10358164441547903,-0.05327762274401548,0.0,-0.1511601553423796,-0.01609231652947318,0.0028613644136696393
motive_6,-0.03886081470993487,-0.024365845002112065,-0.08431186116113372,-0.015501703586782965,-0.1511601553423796,0.0,-0.019230225500694056,0.03566705411096528
motive_7,0.05777243292744329,0.038323043902866165,-0.04173739414626092,-0.07574238880810628,-0.01609231652947318,-0.019230225500694056,0.0,0.036740654473733994
motive_8,-0.004052792911082237,0.14298113824219658,-0.019570006465482258,0.09980015892076985,0.0028613644136696393,0.03566705411096528,0.036740654473733994,0.0
