,motive_1,motive_2,motive_3,motive_4,motive_5,motive_6,motive_7,motive_8
motive_1,0.0,0.41220786752258803,0.3923653004372495,0.3007894038065141,0.07712572274605108,0.050460445542477556,-0.2922825565766733,0.3627190855060033
motive_2,0.41220786752258803,0.0,-0.07152620650256122,0.6299556476421797,-0.025674818173099592,0.04858658198311119,0.3812798594471672,0.1753695237071558
motive_3,0.3923653004372495,-0.07152620650256122,0.0,-0.09874909159608815,-0.14004009577589605,-0.23774378555360487,0.09736335575112007,0.2313159614206417
motive_4,0.3007894038065141,0.6299556476421797,-0.09874909159608815,0.0,0.4961273873056355,0.508855221396946,0.3409013808329085,0.08719730557831698
motive_5,0.07712572274605108,-0.025674818173099592,-0.14004009577589605,0.4961273873056355,0.0,0.4224599826465292,0.11516557024049322,0.20539724086478872
motive_6,0.050460445542477556,0.04858658198311119,-0.23774378555360487,0.508855221396946,0.4224599826465292,0.0,0.41599910427871845,0.2235613888972413
motive_7,-0.2922825565766733,0.3812798594471672,0.09736335575112007,0.3409013808329085,0.11516557024049322,0.41599910427871845,0.0,0.08117812082289781
motive_8,0.3627190855060033,0.1753695237071558,0.2313159614206417,0.08719730557831698,0.20539724086478872,0.2235613888972413,0.08117812082289781,0.0
