,motive_1,motive_2,motive_3,motive_4,motive_5,motive_6,motive_7,motive_8
motive_1,0.0,0.2814303877801303,0.41728229165286107,0.21820437897965567,0.6465001177674721,0.03843258628543607,0.0031856308028335306,-0.021165159259699966
motive_2,0.2814303877801303,0.0,0.2190310984211007,0.4426424783079386,0.5156383684825796,0.26481843216812523,0.5785446771398902,0.10116525449951064
motive_3,0.41728229165286107,0.2190310984211007,0.0,0.3755958997320955,0.1303925073585649,0.13010068542964567,0.103820762347898,0.2877305702237724
motive_4,0.21820437897965567,0.4426424783079386,0.3755958997320955,0.0,0.2750513632206433,0.20873366789140158,0.42650026607474495,0.22583861416731527
motive_5,0.6465001177674721,0.5156383684825796,0.1303925073585649,0.2750513632206433,0.0,0.4159883858526833,-0.0014821477757276658,0.23582792493174232
motive_6,0.03843258628543607,0.26481843216812523,0.13010068542964567,0.20873366789140158,0.4159883858526833,0.0,0.45881079456119744,-0.18369963679281343
motive_7,0.0031856308028335306,0.5785446771398902,0.103820762347898,0.42650026607474495,-0.0014821477757276658,0.45881079456119744,0.0,-0.1257145943179473
motive_8,-0.021165159259699966,0.10116525449951064,0.2877305702237724,0.22583861416731527,0.23582792493174232,-0.18369963679281343,-0.1257145943179473,0.0
