,motive_1,motive_2,motive_3,motive_4,motive_5,motive_6,motive_7,motive_8
motive_1,0.0,0.49427934221090286,0.8183840899102686,-0.4471103883418463,0.2497103338976061,-0.22212951979943724,0.3081199727747256,0.027061807011872066
motive_2,0.49427934221090286,0.0,0.0790414827795871,0.549560245569666,-0.21379435196213042,-0.16320511440086408,0.025957904623689687,-0.4477348287400257
motive_3,0.8183840899102686,0.0790414827795871,0.0,0.32930640385525267,0.22841972112707262,0.863648184524914,-0.39283821079560005,0.8857475072015758
motive_4,-0.4471103883418463,0.549560245569666,0.32930640385525267,0.0,-0.3243161534381583,0.5400521465918309,0.08942903976253416,-0.012248557430439719
motive_5,0.2497103338976061,-0.21379435196213042,0.22841972112707262,-0.3243161534381583,0.0,-0.19374040691578845,-0.2221210520131947,0.3944115020708266
motive_6,-0.22212951979943724,-0.16320511440086408,0.863648184524914,0.5400521465918309,-0.19374040691578845,0.0,-0.45057700240191556,0.047713375643666955
motive_7,0.3081199727747256,0.025957904623689687,-0.39283821079560005,0.08942903976253416,-0.2221210520131947,-0.45057700240191556,0.0,0.11189951850120083
motive_8,0.027061807011872066,-0.4477348287400257,0.8857475072015758,-0.012248557430439719,0.3944115020708266,0.047713375643666955,0.11189951850120083,0.0
