,motive_1,motive_2,motive_3,motive_4,motive_5,motive_6,motive_7,motive_8
motive_1,0.0,0.06250110480535005,0.23165416954730314,0.29287803535086687,-0.3596556769128051,0.3182752095353267,0.12509102020396576,0.01695461276449317
motive_2,0.06250110480535005,0.0,0.26101992207081115,0.43438250788043403,0.2470725475396375,0.3006581179961967,0.38375814810076025,-0.16796162646703783
motive_3,0.23165416954730314,0.26101992207081115,0.0,0.5132708365971467,0.21425104236395276,-0.23020146210253936,0.2604962048724423,0.34959496758827824
motive_4,0.29287803535086687,0.43438250788043403,0.5132708365971467,0.0,0.25459493684322254,0.32057085746146635,0.6289780737564222,0.17695911512682305
motive_5,-0.3596556769128051,0.2470725475396375,0.21425104236395276,0.25459493684322254,0.0,-0.17457976037021025,0.3398547423626831,0.44788083185636907
motive_6,0.3182752095353267,0.3006581179961967,-0.23020146210253936,0.32057085746146635,-0.17457976037021025,0.0,0.27230766483303476,0.11629723716467627
motive_7,0.12509102020396576,0.38375814810076025,0.2604962048724423,0.6289780737564222,0.3398547423626831,0.27230766483303476,0.0,0.1377161774641863
motive_8,0.01695461276449317,-0.16796162646703783,0.34959496758827824,0.17695911512682305,0.44788083185636907,0.11629723716467627,0.1377161774641863,0.0
