,motive_1,motive_2,motive_3,motive_4,motive_5,motive_6,motive_7,motive_8
motive_1,0.0,0.36154673658847003,0.05810984627101523,0.688557465045029,0.34905067077227847,0.545404549044826,0.33422476216067915,0.4166604409400684
motive_2,0.36154673658847003,0.0,0.6710971919169058,0.250448244792032,0.4025193611675816,0.11913433852734998,0.2850270650003376,0.5398202965349534
motive_3,0.05810984627101523,0.6710971919169058,0.0,0.18842852682680258,0.5837561234833907,0.5974424307779946,0.49510878714213397,0.14476507155876778
motive_4,0.688557465045029,0.250448244792032,0.18842852682680258,0.0,0.7682253007121622,0.14462350641524155,0.10526987239572055,0.6341972945419134
motive_5,0.34905067077227847,0.4025193611675816,0.5837561234833907,0.7682253007121622,0.0,0.34383041938500525,0.3599067054889391,0.296527905036954
motive_6,0.545404549044826,0.11913433852734998,0.5974424307779946,0.14462350641524155,0.34383041938500525,0.0,0.2764322633356169,0.41875804880725764
motive_7,0.33422476216067915,0.2850270650003376,0.49510878714213397,0.10526987239572055,0.3599067054889391,0.2764322633356169,0.0,0.5337490451998248
motive_8,0.4166604409400684,0.5398202965349534,0.14476507155876778,0.6341972945419134,0.296527905036954,0.41875804880725764,0.5337490451998248,0.0
