,motive_1,motive_2,motive_3,motive_4,motive_5,motive_6,motive_7,motive_8
motive_1,0.0,0.5529558944270769,0.16491139683548445,-0.024272811268446243,0.3554036562700794,0.18555326687213936,0.3445440260103726,0.19387399761145452
motive_2,0.5529558944270769,0.0,0.3965880905481344,0.6315167415260838,0.8911288559730687,0.4445684546292417,0.35088146507304274,0.5126415730239091
motive_3,0.16491139683548445,0.3965880905481344,0.0,0.6140413483563326,0.1406536506706396,0.3239455433572215,0.0037489396810880954,-0.013659530544883919
motive_4,-0.024272811268446243,0.6315167415260838,0.6140413483563326,0.0,0.15553067668167403,0.46255780328232804,0.44778536263201035,0.5372525525560465
motive_5,0.3554036562700794,0.8911288559730687,0.1406536506706396,0.15553067668167403,0.0,0.5084142753056178,0.2868546280723579,0.4532343661314115
motive_6,0.18555326687213936,0.4445684546292417,0.3239455433572215,0.46255780328232804,0.5084142753056178,0.0,0.5223805175481742,0.30023707989163173
motive_7,0.3445440260103726,0.35088146507304274,0.0037489396810880954,0.44778536263201035,0.2868546280723579,0.5223805175481742,0.0,0.22112324232591948
motive_8,0.19387399761145452,0.5126415730239091,-0.013659530544883919,0.5372525525560465,0.4532343661314115,0.30023707989163173,0.22112324232591948,0.0
