,motive_1,motive_2,motive_3,motive_4,motive_5,motive_6,motive_7,motive_8
motive_1,0.0,-0.11230161153651615,0.44587590720838854,0.5911265923287505,0.5492830180737494,0.357586515845246,0.3037761915910252,0.4697881148270483
motive_2,-0.11230161153651615,0.0,0.11899102395037736,0.2860564926832413,0.2257700992510525,0.4394543065626828,0.4482985800214324,1.0239305962796283
motive_3,0.44587590720838854,0.11899102395037736,0.0,0.47181455858783855,0.41389069775383835,0.31704221040030306,0.2791723563933282,0.04842755135745619
motive_4,0.5911265923287505,0.2860564926832413,0.47181455858783855,0.0,0.7344197811562574,0.35640741386947505,0.6567029749334012,0.48565533981857867
motive_5,0.5492830180737494,0.2257700992510525,0.41389069775383835,0.7344197811562574,0.0,0.9431763093738588,0.09283910401454892,0.3209336912411702
motive_6,0.357586515845246,0.4394543065626828,0.31704221040030306,0.35640741386947505,0.9431763093738588,0.0,0.3528063024351653,0.7508303212806724
motive_7,0.3037761915910252,0.4482985800214324,0.2791723563933282,0.6567029749334012,0.09283910401454892,0.3528063024351653,0.0,0.29713768963521925
motive_8,0.4697881148270483,1.0239305962796283,0.04842755135745619,0.48565533981857867,0.3209336912411702,0.7508303212806724,0.29713768963521925,0.0
