,motive_1,motive_2,motive_3,motive_4,motive_5,motive_6,motive_7,motive_8
motive_1,0.0,0.15888226547297207,0.3209576518954996,0.3237075830213171,0.580984536690232,0.4348845357057896,0.2958412041661975,0.05224061705246963
motive_2,0.15888226547297207,0.0,0.19919629352813134,0.46863949380930947,0.044973267690315885,0.5634742788958035,0.16644208780162373,-0.060524228078226334
motive_3,0.3209576518954996,0.19919629352813134,0.0,0.1555924673671948,0.31549567105812815,0.02251763758097755,-0.09373797434340055,0.33062624608147545
motive_4,0.3237075830213171,0.46863949380930947,0.1555924673671948,0.0,-0.07209142683273483,0.5008774839548693,0.2477382671857994,0.3488899155354688
motive_5,0.580984536690232,0.044973267690315885,0.31549567105812815,-0.07209142683273483,0.0,0.1572800152212963,0.02605619006110381,-0.043598901819817334
motive_6,0.4348845357057896,0.5634742788958035,0.02251763758097755,0.5008774839548693,0.1572800152212963,0.0,0.48133252007099403,0.03644677624652444
motive_7,0.2958412041661975,0.16644208780162373,-0.09373797434340055,0.2477382671857994,0.02605619006110381,0.48133252007099403,0.0,0.4474267768316016
motive_8,0.05224061705246963,-0.060524228078226334,0.33062624608147545,0.3488899155354688,-0.043598901819817334,0.03644677624652444,0.4474267768316016,0.0
