,motive_1,motive_2,motive_3,motive_4,motive_5,motive_6,motive_7,motive_8
motive_1,0.0,0.40085342537513047,0.39184218807785154,0.36347423402785706,0.5399864510264372,0.3934656064872232,0.29931391326590573,0.37711617259165947
motive_2,0.40085342537513047,0.0,1.088377183389805,0.12258452291808213,0.42648438201953,0.15105786890555328,0.32769430656609544,0.27898434299197705
motive_3,0.39184218807785154,1.088377183389805,0.0,0.20276619480630106,0.25241094938682995,0.5297502212676681,0.46581174948091586,0.3339388544826745
motive_4,0.36347423402785706,0.12258452291808213,0.20276619480630106,0.0,0.5266731774200795,0.4177483783945233,0.2056586914572198,-0.024766465163669815
motive_5,0.5399864510264372,0.42648438201953,0.25241094938682995,0.5266731774200795,0.0,0.463096060806301,0.44325677188882673,0.6290672812869871
motive_6,0.3934656064872232,0.15105786890555328,0.5297502212676681,0.4177483783945233,0.463096060806301,0.0,0.29841864265685136,0.43990027575051177
motive_7,0.29931391326590573,0.32769430656609544,0.46581174948091586,0.2056586914572198,0.44325677188882673,0.29841864265685136,0.0,0.5475479679307583
motive_8,0.37711617259165947,0.27898434299197705,0.3339388544826745,-0.024766465163669815,0.6290672812869871,0.43990027575051177,0.5475479679307583,0.0
