,motive_1,motive_2,motive_3,motive_4,motive_5,motive_6,motive_7,motive_8
motive_1,0.0,0.13670373229232516,0.04091746207028724,0.14191364783913213,0.0426524296941512,0.060806986407964836,0.15977078384236748,-0.005244660589925978
motive_2,0.13670373229232516,0.0,0.22587921158286067,0.19013482592900005,0.09626793076870833,-0.012269297833894202,0.04441101773523605,0.18753083844909077
motive_3,0.04091746207028724,0.22587921158286067,0.0,0.1018097497853712,0.05786908847863734,-0.01392816483704759,0.23334999820744495,0.08785083256156491
motive_4,0.14191364783913213,0.19013482592900005,0.1018097497853712,0.0,0.04007193188132398,0.06819235734339264,0.1256119741513035,0.240293312757702
motive_5,0.0426524296941512,0.09626793076870833,0.05786908847863734,0.04007193188132398,0.0,0.06932832902776623,0.07094371725169879,0.20398136166070285
motive_6,0.060806986407964836,-0.012269297833894202,-0.01392816483704759,0.06819235734339264,0.06932832902776623,0.0,-0.01295151464352913,-0.004522549148433329
motive_7,0.15977078384236748,0.04441101773523605,0.23334999820744495,0.1256119741513035,0.07094371725169879,-0.01295151464352913,0.0,0.06427985108119708
motive_8,-0.005244660589925978,0.18753083844909077,0.08785083256156491,0.240293312757702,0.20398136166070285,-0.004522549148433329,0.06427985108119708,0.0
