,motive_1,motive_2,motive_3,motive_4,motive_5,motive_6,motive_7,motive_8
motive_1,0.0,0.034823515720011536,-0.0413698392948068,-0.09590222848611799,0.07573158712327618,-0.021690981905434073,-0.06084628856754955,0.09639090600894995
motive_2,0.034823515720011536,0.0,-0.08786545855476444,-0.05290288916600641,-0.13520354600352127,-0.04363375088793329,-0.01540590442177522,0.07650308594008054
motive_3,-0.0413698392948068,-0.08786545855476444,0.0,-0.13303499354803883,-0.09252910935791588,0.052073850438000335,0.015097131743202707,-0.04811425800069563
motive_4,-0.09590222848611799,-0.05290288916600641,-0.13303499354803883,0.0,-0.013024251063095354,0.15470055613865125,0.0740125293835823,0.050069453831875506
motive_5,0.07573158712327618,-0.13520354600352127,-0.09252910935791588,-0.013024251063095354,0.0,-0.09826201780051938,0.10515464839885783,-0.09925494455077355
motive_6,-0.021690981905434073,-0.04363375088793329,0.052073850438000335,0.15470055613865125,-0.09826201780051938,0.0,0.0201848102792013,0.06094989204244591
motive_7,-0.06084628856754955,-0.01540590442177522,0.015097131743202707,0.0740125293835823,0.10515464839885783,0.0201848102792013,0.0,-0.03761883934459664
motive_8,0.09639090600894995,0.07650308594008054,-0.04811425800069563,0.050069453831875506,-0.09925494455077355,0.06094989204244591,-0.03761883934459664,0.0
