,motive_1,motive_2,motive_3,motive_4,motive_5,motive_6,motive_7,motive_8
motive_1,0.0,0.14450278163380698,-0.0064280204500827,0.13387527067445537,0.11777283369366967,0.007867468748437495,0.07370231837128906,0.20318410794843936
motive_2,0.14450278163380698,0.0,0.12995567706982564,-0.02409458278648772,0.1693382353153769,0.20202271157692986,0.11412095044332764,0.17848805092835335
motive_3,-0.0064280204500827,0.12995567706982564,0.0,0.018098960905817515,-0.0053520613383384805,0.012259529739265182,0.09611245910244193,0.12693481003030066
motive_4,0.13387527067445537,-0.02409458278648772,0.018098960905817515,0.0,-0.042185070973878636,0.08461643260845784,0.016060782633884503,0.26529892231385654
motive_5,0.11777283369366967,0.1693382353153769,-0.0053520613383384805,-0.042185070973878636,0.0,0.020419477097811476,0.05659282993429189,0.04665623842299113
motive_6,0.007867468748437495,0.20202271157692986,0.012259529739265182,0.08461643260845784,0.020419477097811476,0.0,0.05919081347345142,0.2454628773359558
motive_7,0.07370231837128906,0.11412095044332764,0.09611245910244193,0.016060782633884503,0.05659282993429189,0.05919081347345142,0.0,-0.014770244541429486
motive_8,0.20318410794843936,0.17848805092835335,0.12693481003030066,0.26529892231385654,0.04665623842299113,0.2454628773359558,-0.014770244541429486,0.0
