,motive_1,motive_2,motive_3,motive_4,motive_5,motive_6,motive_7,motive_8
satisfaction,0.27890128535307934,-0.12286005180303392,0.7131388408239272,-0.00615498408225626,0.13277214405195975,0.3880768010597615,0.1584109984448659,0.3262950561166445
