,motive_1,motive_2,motive_3,motive_4,motive_5,motive_6,motive_7,motive_8
motive_1,0.0,0.6523301736744787,0.4115933878993505,0.27392271178687727,0.4338717903190785,0.4304342191271361,0.24549239414656654,0.3733469795635786
motive_2,0.6523301736744787,0.0,0.27496376761644625,0.16757803442257435,0.5491835453274925,0.5874985011234582,0.23113759488593894,0.3498921008289779
motive_3,0.4115933878993505,0.27496376761644625,0.0,0.7427336206223467,0.3723289091427152,0.43457690081547407,0.2654397392267366,0.1760229422295336
motive_4,0.27392271178687727,0.16757803442257435,0.7427336206223467,0.0,0.46917554161260766,0.8467965080458768,0.565083813327168,0.5087702140170064
motive_5,0.4338717903190785,0.5491835453274925,0.3723289091427152,0.46917554161260766,0.0,0.39520506978728853,0.4409126299487135,0.415856843104425
motive_6,0.4304342191271361,0.5874985011234582,0.43457690081547407,0.8467965080458768,0.39520506978728853,0.0,0.768431978354194,0.14312919822744324
motive_7,0.24549239414656654,0.23113759488593894,0.2654397392267366,0.565083813327168,0.4409126299487135,0.768431978354194,0.0,0.40436494142719315
motive_8,0.3733469795635786,0.3498921008289779,0.1760229422295336,0.5087702140170064,0.415856843104425,0.14312919822744324,0.40436494142719315,0.0
