,motive_1,motive_2,motive_3,motive_4,motive_5,motive_6,motive_7,motive_8
satisfaction,0.30444380840917895,-0.027430272026585434,-0.31955325147165864,-0.3168213637435931,0.7436193528034254,0.24465943624177183,0.12806928179089022,0.3385269967147927
