,motive_1,motive_2,motive_3,motive_4,motive_5,motive_6,motive_7,motive_8
motive_1,0.0,-0.0997302875833145,-0.010743550742025959,0.029873370704620768,0.040839412242401556,0.08585500023898275,-0.08883656222156375,-0.0715304602471022
motive_2,-0.0997302875833145,0.0,0.008856312279981286,-0.004827061103667523,0.11039343641185745,-0.022114561314234164,-0.05586821152839011,0.03915171382371972
motive_3,-0.010743550742025959,0.008856312279981286,0.0,0.011115919882917349,0.1319532550939584,-0.06245509063719166,0.006246273998820086,-0.031703140931581365
motive_4,0.029873370704620768,-0.004827061103667523,0.011115919882917349,0.0,-0.06380208746038551,0.031429670110870195,-0.13188180658129767,-0.07202636033297043
motive_5,0.040839412242401556,0.11039343641185745,0.1319532550939584,-0.06380208746038551,0.0,0.009270371892881494,0.1184926146260862,0.04784107189344608
motive_6,0.08585500023898275,-0.022114561314234164,-0.06245509063719166,0.031429670110870195,0.009270371892881494,0.0,0.0376238341000463,0.03510487151966784
motive_7,-0.08883656222156375,-0.05586821152839011,0.006246273998820086,-0.13188180658129767,0.1184926146260862,0.0376238341000463,0.0,0.01409086195707213
motive_8,-0.0715304602471022,0.03915171382371972,-0.031703140931581365,-0.07202636033297043,0.04784107189344608,0.03510487151966784,0.01409086195707213,0.0
