,motive_1,motive_2,motive_3,motive_4,motive_5,motive_6,motive_7,motive_8
satisfaction,0.2730539423727665,0.15175359915908215,0.19169190302584155,-0.2332323216783382,0.06642637724207608,0.347103528836928,-0.1325771208927498,0.06709259278294619
