,motive_1,motive_2,motive_3,motive_4,motive_5,motive_6,motive_7,motive_8
motive_1,0.0,0.051965216013360495,-0.10199089378627405,-0.06587463345243098,0.08382021374967322,0.06816644070695609,0.008257084597608757,0.060705834880053426
motive_2,0.051965216013360495,0.0,0.09449882295652293,0.018303601053638617,0.04684927937263607,0.01936409372144414,0.010455227569869528,0.017606626325551312
motive_3,-0.10199089378627405,0.09449882295652293,0.0,-0.06150019041014107,0.0007132586078904372,-0.05692527783185555,-0.08510247510047605,0.060252053256105984
motive_4,-0.06587463345243098,0.018303601053638617,-0.06150019041014107,0.0,0.05913608819231571,-0.14749110591002249,0.15578955193116303,-0.0006102093416680276
motive_5,0.08382021374967322,0.04684927937263607,0.0007132586078904372,0.05913608819231571,0.0,0.11273056286920582,0.03052524795494582,0.003608704563522599
motive_6,0.06816644070695609,0.01936409372144414,-0.05692527783185555,-0.14749110591002249,0.11273056286920582,0.0,0.018140838701745616,-0.10479679426207708
motive_7,0.008257084597608757,0.010455227569869528,-0.08510247510047605,0.15578955193116303,0.03052524795494582,0.018140838701745616,0.0,-0.05414578236038951
motive_8,0.060705834880053426,0.017606626325551312,0.060252053256105984,-0.0006102093416680276,0.003608704563522599,-0.10479679426207708,-0.05414578236038951,0.0
