,motive_1,motive_2,motive_3,motive_4,motive_5,motive_6,motive_7,motive_8
motive_1,0.0,0.10821503711180033,0.17655565005746457,0.16372043653201906,0.12275627378055329,0.19731479532126864,0.13527755277968437,0.09885893038221868
motive_2,0.10821503711180033,0.0,0.27101281036744607,-0.03006828732628518,0.13834744543976638,0.08707019728289056,0.08072563441472985,0.16322960929692487
motive_3,0.17655565005746457,0.27101281036744607,0.0,-0.0010150459592542516,0.08069297487230534,-0.07472417457649545,0.09090117630208658,0.1976240349464428
motive_4,0.16372043653201906,-0.03006828732628518,-0.0010150459592542516,0.0,0.007214991857891928,0.03484853579501714,0.1724140576785852,0.012072183685632995
motive_5,0.12275627378055329,0.13834744543976638,0.08069297487230534,0.007214991857891928,0.0,0.022868821311758013,0.15097302669574708,0.04261270874367732
motive_6,0.19731479532126864,0.08707019728289056,-0.07472417457649545,0.03484853579501714,0.022868821311758013,0.0,0.060324817546639264,0.01945939405595129
motive_7,0.13527755277968437,0.08072563441472985,0.09090117630208658,0.1724140576785852,0.15097302669574708,0.060324817546639264,0.0,0.23109466448276655
motive_8,0.09885893038221868,0.16322960929692487,0.1976240349464428,0.012072183685632995,0.04261270874367732,0.01945939405595129,0.23109466448276655,0.0
