,motive_1,motive_2,motive_3,motive_4,motive_5,motive_6,motive_7,motive_8
motive_1,0.0,0.2264680865869424,0.11903503575119802,0.11042375253569996,0.22569899980749,0.1103910832952086,0.06651005166246021,0.21693115863726745
motive_2,0.2264680865869424,0.0,0.10856562535592164,-0.007140136735016869,0.05317885231654783,0.17376943960430857,0.13815681682337977,-0.08888608307914318
motive_3,0.11903503575119802,0.10856562535592164,0.0,0.0624139503005416,0.1323551008130594,0.06176988061611154,0.2619597036383594,0.1479910823524195
motive_4,0.11042375253569996,-0.007140136735016869,0.0624139503005416,0.0,0.01448271274719698,0.15476879257300016,0.05058945722232992,0.219510062785653
motive_5,0.22569899980749,0.05317885231654783,0.1323551008130594,0.01448271274719698,0.0,0.040146450659364855,0.021234848544807575,0.14630299048087908
motive_6,0.1103910832952086,0.17376943960430857,0.06176988061611154,0.15476879257300016,0.040146450659364855,0.0,0.1061540016223993,-0.004540778058089043
motive_7,0.06651005166246021,0.13815681682337977,0.2619597036383594,0.05058945722232992,0.021234848544807575,0.1061540016223993,0.0,0.1344615106699158
motive_8,0.21693115863726745,-0.08888608307914318,0.1479910823524195,0.219510062785653,0.14630299048087908,-0.004540778058089043,0.1344615106699158,0.0
