,motive_1,motive_2,motive_3,motive_4,motive_5,motive_6,motive_7,motive_8
motive_1,0.0,-0.17536011246089933,-0.008902668815073463,0.15679574420822498,0.06550598257749686,0.012738659667792597,0.011509623227819368,0.014451345216089137
motive_2,-0.17536011246089933,0.0,0.048104821403059675,-0.005025740096003206,-0.11202521577396354,0.03695196616314398,0.1395975509921607,0.019572274303741595
motive_3,-0.008902668815073463,0.048104821403059675,0.0,0.15506704455533063,0.09143186723224034,-0.17054208027813783,0.01101751764970909,0.023674462225648236
motive_4,0.15679574420822498,-0.005025740096003206,0.15506704455533063,0.0,0.015253325490543063,-0.013037199008456853,0.06148542246068825,0.017999350850993776
motive_5,0.06550598257749686,-0.11202521577396354,0.09143186723224034,0.015253325490543063,0.0,-0.019893350694315196,-0.04252345072492969,0.10720393990442106
motive_6,0.012738659667792597,0.03695196616314398,-0.17054208027813783,-0.013037199008456853,-0.019893350694315196,0.0,0.010253264273753502,0.1044101457931085
motive_7,0.011509623227819368,0.1395975509921607,0.01101751764970909,0.06148542246068825,-0.04252345072492969,0.010253264273753502,0.0,0.009952758807124354
motive_8,0.014451345216089137,0.019572274303741595,0.023674462225648236,0.017999350850993776,0.10720393990442106,0.1044101457931085,0.009952758807124354,0.0
