,motive_1,motive_2,motive_3,motive_4,motive_5,motive_6,motive_7,motive_8
motive_1,0.0,0.16091913298420268,0.10147887105068532,0.11872481389840525,0.15828910414506023,0.10825637788086624,0.10431182140814671,0.04741343693115265
motive_2,0.16091913298420268,0.0,0.07091364004205827,0.15906758994326414,-0.02500432570667948,0.10317318598135275,0.16008754047593332,0.09511673582186253
motive_3,0.10147887105068532,0.07091364004205827,0.0,0.0742287847523189,-0.013447717244101015,0.02815581039084379,0.12973621071711167,0.07841594341721661
motive_4,0.11872481389840525,0.15906758994326414,0.0742287847523189,0.0,0.16179723057294182,-0.009419993316989644,0.15275802236746633,0.17645233216812922
motive_5,0.15828910414506023,-0.02500432570667948,-0.013447717244101015,0.16179723057294182,0.0,0.08762039506829672,0.08977218368036435,0.045399766281771434
motive_6,0.10825637788086624,0.10317318598135275,0.02815581039084379,-0.009419993316989644,0.08762039506829672,0.0,0.034887951604568396,0.06492360355275423
motive_7,0.10431182140814671,0.16008754047593332,0.12973621071711167,0.15275802236746633,0.08977218368036435,0.034887951604568396,0.0,0.10299103997513198
motive_8,0.04741343693115265,0.09511673582186253,0.07841594341721661,0.17645233216812922,0.045399766281771434,0.06492360355275423,0.10299103997513198,0.0
