,motive_1,motive_2,motive_3,motive_4,motive_5,motive_6,motive_7,motive_8
motive_1,0.0,0.08477756656558154,0.15970260177811546,0.1638114097390764,-0.0037434084449281535,0.04838596002312106,0.052837383888872325,0.10440477927389544
motive_2,0.08477756656558154,0.0,0.02076090092081613,0.14051024822315347,0.08306048857410397,0.23814260624903144,0.1237518414596259,0.07239170229513125
motive_3,0.15970260177811546,0.02076090092081613,0.0,0.08446009382591252,-0.04926503743969826,0.13892443830346918,0.05146931572551515,0.04272258499309101
motive_4,0.1638114097390764,0.14051024822315347,0.08446009382591252,0.0,0.05488843679818737,0.09125592220628287,0.25003839128742644,0.11906900936063464
motive_5,-0.0037434084449281535,0.08306048857410397,-0.04926503743969826,0.05488843679818737,0.0,-0.019042758880005117,0.031536618268381604,0.1266354742944356
motive_6,0.04838596002312106,0.23814260624903144,0.13892443830346918,0.09125592220628287,-0.019042758880005117,0.0,0.038876441821742436,0.20745814743324087
motive_7,0.052837383888872325,0.1237518414596259,0.05146931572551515,0.25003839128742644,0.031536618268381604,0.038876441821742436,0.0,0.04581670311074337
motive_8,0.10440477927389544,0.07239170229513125,0.04272258499309101,0.11906900936063464,0.1266354742944356,0.20745814743324087,0.04581670311074337,0.0
