,motive_1,motive_2,motive_3,motive_4,motive_5,motive_6,motive_7,motive_8
satisfaction,-0.08724069460413436,0.11969870085905476,0.01933072844169731,0.2659306339240761,-0.06652210708103079,0.09228005971556813,0.13978868630203656,0.13480809420405124
