,motive_1,motive_2,motive_3,motive_4,motive_5,motive_6,motive_7,motive_8
motive_1,0.0,1.0594324372669857,0.883120320920814,-0.4422925040941976,-0.08106589266839943,-0.8776522217749734,-0.6327952850516863,-0.5204455708576119
motive_2,1.0594324372669857,0.0,0.11922670990565515,0.042101347117287975,-0.4071006629547435,0.20130807193713202,0.16285866926839593,-0.4915221907181469
motive_3,0.883120320920814,0.11922670990565515,0.0,0.7850314394117206,-0.00977279926138383,0.7681945071979686,-0.5419093633181636,-0.3403055454668596
motive_4,-0.4422925040941976,0.042101347117287975,0.7850314394117206,0.0,0.2033818410640266,-0.058584117510331046,0.7254110567214348,-0.2574300622441028
motive_5,-0.08106589266839943,-0.4071006629547435,-0.00977279926138383,0.2033818410640266,0.0,0.17124691169967998,-0.7079671521061276,-0.5002653994527395
motive_6,-0.8776522217749734,0.20130807193713202,0.7681945071979686,-0.058584117510331046,0.17124691169967998,0.0,-0.03737579802209444,0.9014573289075914
motive_7,-0.6327952850516863,0.16285866926839593,-0.5419093633181636,0.7254110567214348,-0.7079671521061276,-0.03737579802209444,0.0,1.113284152450591
motive_8,-0.5204455708576119,-0.4915221907181469,-0.3403055454668596,-0.2574300622441028,-0.5002653994527395,0.9014573289075914,1.113284152450591,0.0
