,motive_1,motive_2,motive_3,motive_4,motive_5,motive_6,motive_7,motive_8
motive_1,0.0,0.28790872207536095,0.4302453899336013,0.4809047983183604,0.10422579922518213,0.03259587804115606,-0.11838913383366723,0.33583559913039296
motive_2,0.28790872207536095,0.0,0.4277406217663427,0.2004070691514959,-0.322318847201836,0.05327300347051174,-0.04499275698326467,0.15371322504274362
motive_3,0.4302453899336013,0.4277406217663427,0.0,0.07738853588193613,0.45154276967357176,0.6753525614441835,0.020510546466163154,0.14592261628087821
motive_4,0.4809047983183604,0.2004070691514959,0.07738853588193613,0.0,0.06920459966810091,0.16601039732252534,0.23972120835985178,0.12989409009837713
motive_5,0.10422579922518213,-0.322318847201836,0.45154276967357176,0.06920459966810091,0.0,0.3709608822521685,-0.30080213761833446,0.3470757204873754
motive_6,0.03259587804115606,0.05327300347051174,0.6753525614441835,0.16601039732252534,0.3709608822521685,0.0,0.30922256632392664,0.1323639423991607
motive_7,-0.11838913383366723,-0.04499275698326467,0.020510546466163154,0.23972120835985178,-0.30080213761833446,0.30922256632392664,0.0,0.26093105148225587
motive_8,0.33583559913039296,0.15371322504274362,0.14592261628087821,0.12989409009837713,0.3470757204873754,0.1323639423991607,0.26093105148225587,0.0
