,motive_1,motive_2,motive_3,motive_4,motive_5,motive_6,motive_7,motive_8
motive_1,0.0,-0.28560242598944063,1.031085751033719,-0.781558216604594,-0.4697152839300665,0.46311079446382875,0.4098604456562736,0.45406665041202654
motive_2,-0.28560242598944063,0.0,0.4577929768516077,-0.8678918624707707,0.33575283854371035,1.0743265918492757,-0.19212024342540243,-0.14679789411979544
motive_3,1.031085751033719,0.4577929768516077,0.0,0.4547243458694411,0.04119409301899804,0.7476868135529423,-0.30289540891532246,-0.0931792275637518
motive_4,-0.781558216604594,-0.8678918624707707,0.4547243458694411,0.0,0.32737795256581836,-0.019581994041539555,0.48875254774396987,-0.48807180959896707
motive_5,-0.4697152839300665,0.33575283854371035,0.04119409301899804,0.32737795256581836,0.0,0.14595191362328974,0.17515760304863293,-0.09685957527130838
motive_6,0.46311079446382875,1.0743265918492757,0.7476868135529423,-0.019581994041539555,0.14595191362328974,0.0,-0.3946841010315733,-0.6437283706228373
motive_7,0.4098604456562736,-0.19212024342540243,-0.30289540891532246,0.48875254774396987,0.17515760304863293,-0.3946841010315733,0.0,0.460764484717269
motive_8,0.45406665041202654,-0.14679789411979544,-0.0931792275637518,-0.48807180959896707,-0.09685957527130838,-0.6437283706228373,0.460764484717269,0.0
