,motive_1,motive_2,motive_3,motive_4,motive_5,motive_6,motive_7,motive_8
motive_1,0.0,0.26752438649121224,0.41945646221440264,-0.07733071459086899,0.09415611342723383,0.3584509289223492,0.304111210057241,0.5184581769143062
motive_2,0.26752438649121224,0.0,-0.045124734359976375,0.05401964530840035,0.17036552017118695,0.3536293782935752,0.3625930596686565,0.44608612487581967
motive_3,0.41945646221440264,-0.045124734359976375,0.0,0.27995183563422954,0.4608647779891403,0.5787142906336986,0.27513167506289365,0.31290194527916454
motive_4,-0.07733071459086899,0.05401964530840035,0.27995183563422954,0.0,0.3386278685013713,0.4757695539131944,0.19832512900858026,0.22455293533191867
motive_5,0.09415611342723383,0.17036552017118695,0.4608647779891403,0.3386278685013713,0.0,0.274710844932967,0.7520455669542523,-0.054488428179800756
motive_6,0.3584509289223492,0.3536293782935752,0.5787142906336986,0.4757695539131944,0.274710844932967,0.0,0.4447347674487814,0.05794882834490775
motive_7,0.304111210057241,0.3625930596686565,0.27513167506289365,0.19832512900858026,0.7520455669542523,0.4447347674487814,0.0,0.277817525726004
motive_8,0.5184581769143062,0.44608612487581967,0.31290194527916454,0.22455293533191867,-0.054488428179800756,0.05794882834490775,0.277817525726004,0.0
