,motive_1,motive_2,motive_3,motive_4,motive_5,motive_6,motive_7,motive_8
motive_1,0.0,0.1474645669134427,0.12357926006532091,0.32241628930658944,0.2570685728324106,0.2416984670388143,0.05738649116569633,0.5570220741429519
motive_2,0.1474645669134427,0.0,0.1036119407705725,0.3020204556682619,-0.09293475990629727,0.35091852424089953,0.47073617638059206,0.28571128539982016
motive_3,0.12357926006532091,0.1036119407705725,0.0,0.42045550522702724,0.47807573040629275,0.12262398943360042,-0.05003222721671302,0.4178513498376685
motive_4,0.32241628930658944,0.3020204556682619,0.42045550522702724,0.0,0.22784720845970524,0.6887649064734511,0.20030674230790496,0.45077843762846137
motive_5,0.2570685728324106,-0.09293475990629727,0.47807573040629275,0.22784720845970524,0.0,0.08275871404237188,0.33033211442353533,0.1819772164579263
motive_6,0.2416984670388143,0.35091852424089953,0.12262398943360042,0.6887649064734511,0.08275871404237188,0.0,0.1834245673504734,0.1371297308483999
motive_7,0.05738649116569633,0.47073617638059206,-0.05003222721671302,0.20030674230790496,0.33033211442353533,0.1834245673504734,0.0,0.4066297731001709
motive_8,0.5570220741429519,0.28571128539982016,0.4178513498376685,0.45077843762846137,0.1819772164579263,0.1371297308483999,0.4066297731001709,0.0
