,motive_1,motive_2,motive_3,motive_4,motive_5,motive_6,motive_7,motive_8
satisfaction,-0.0010985667123533938,0.1635526296416988,0.47522003761433573,0.05864271541155257,-0.35972099419462145,0.24790653307384242,0.24331354120082743,0.09406175406239124
