,motive_1,motive_2,motive_3,motive_4,motive_5,motive_6,motive_7,motive_8
satisfaction,-0.25582820643052584,0.20673961115406367,0.010271948693747784,0.0225936216563037,0.3807087785988731,0.4743661289187603,0.14591485070294352,0.003992129285573853
