,motive_1,motive_2,motive_3,motive_4,motive_5,motive_6,motive_7,motive_8
satisfaction,0.3665705795027272,0.26279066902275794,0.30020864404437886,-0.3734329591765185,-0.1114337348138641,0.08978516879312204,0.42499783808434377,0.7911078690590452
