,motive_1,motive_2,motive_3,motive_4,motive_5,motive_6,motive_7,motive_8
motive_1,0.0,0.8029151585073314,0.5013354656064691,0.4810253945333126,0.6537286527844729,0.1233426950134916,0.6110772296113455,0.7903331047091938
motive_2,0.8029151585073314,0.0,-0.21508159259142162,0.35689570014857713,0.770348002568072,0.25454110829342236,0.5769588410150903,0.6505442476237583
motive_3,0.5013354656064691,-0.21508159259142162,0.0,0.8417753755649791,0.3430015706570074,0.8193034396306952,0.7757082740187695,0.4919988821131359
motive_4,0.4810253945333126,0.35689570014857713,0.8417753755649791,0.0,0.4758177249853467,0.7077711474291353,0.2820245306401166,0.4860053936762328
motive_5,0.6537286527844729,0.770348002568072,0.3430015706570074,0.4758177249853467,0.0,0.538022396161165,0.6302339855210265,0.5084009155689762
motive_6,0.1233426950134916,0.25454110829342236,0.8193034396306952,0.7077711474291353,0.538022396161165,0.0,0.47166762158995057,0.19439698135600267
motive_7,0.6110772296113455,0.5769588410150903,0.7757082740187695,0.2820245306401166,0.6302339855210265,0.47166762158995057,0.0,0.6209945889550559
motive_8,0.7903331047091938,0.6505442476237583,0.4919988821131359,0.4860053936762328,0.5084009155689762,0.19439698135600267,0.6209945889550559,0.0
