,motive_1,motive_2,motive_3,motive_4,motive_5,motive_6,motive_7,motive_8
satisfaction,0.5944373826035186,-0.0335730266110989,0.34426541852188086,-0.4569426565200498,-0.07263658126011996,-0.1136476202490867,0.30750128945298105,-0.10042208360004057
