,motive_1,motive_2,motive_3,motive_4,motive_5,motive_6,motive_7,motive_8
motive_1,0.0,0.06663265279903953,0.1008180562333928,-0.12199235633817684,0.046144245571089273,0.005096857375161424,0.0010630132076204293,0.06690022477433971
motive_2,0.06663265279903953,0.0,-0.10502986823859922,0.08901054694134619,-0.13488930207890387,0.01954715981466234,-0.047488718032391006,0.005669184235234246
motive_3,0.1008180562333928,-0.10502986823859922,0.0,0.1171328412427063,-0.0978023485961994,0.016635845410575112,-0.023511584965145202,0.04073846746318697
motive_4,-0.12199235633817684,0.08901054694134619,0.1171328412427063,0.0,-0.06166951977060639,0.08862315593783729,-0.09608337927786317,-0.050097836542624875
motive_5,0.046144245571089273,-0.13488930207890387,-0.0978023485961994,-0.06166951977060639,0.0,-0.05705188201329793,0.03206404586297073,0.013499501581500739
motive_6,0.005096857375161424,0.01954715981466234,0.016635845410575112,0.08862315593783729,-0.05705188201329793,0.0,-0.0948356612361745,-0.034647775078219714
motive_7,0.0010630132076204293,-0.047488718032391006,-0.023511584965145202,-0.09608337927786317,0.03206404586297073,-0.0948356612361745,0.0,0.08651546166944149
motive_8,0.06690022477433971,0.005669184235234246,0.04073846746318697,-0.050097836542624875,0.013499501581500739,-0.034647775078219714,0.08651546166944149,0.0
