,motive_1,motive_2,motive_3,motive_4,motive_5,motive_6,motive_7,motive_8
satisfaction,0.06628355166071201,0.2242045239914295,0.010457325662250078,0.07145841522346744,-0.21824635043052742,-0.20174826768059428,0.3521261028092314,0.08019513838037817
