,motive_1,motive_2,motive_3,motive_4,motive_5,motive_6,motive_7,motive_8
motive_1,0.0,0.3701873657241529,0.3650927031953217,0.46619609709123533,0.4545870247140873,0.31151157550722475,0.2106477420581796,0.4739787834012921
motive_2,0.3701873657241529,0.0,0.16208606617869864,0.33745482794851084,0.02796345350333461,-0.2591783766470255,-0.01798438684922518,-0.3403261649105551
motive_3,0.3650927031953217,0.16208606617869864,0.0,0.09561074265378496,0.5563517261176635,0.506512239064113,0.15507328827769107,0.376579893560771
motive_4,0.46619609709123533,0.33745482794851084,0.09561074265378496,0.0,0.2982880001362333,-0.03854802321081084,0.028255799080719596,0.6478154777541434
motive_5,0.4545870247140873,0.02796345350333461,0.5563517261176635,0.2982880001362333,0.0,0.262541141282316,0.01395966782042013,0.1273240981081431
motive_6,0.31151157550722475,-0.2591783766470255,0.506512239064113,-0.03854802321081084,0.262541141282316,0.0,-0.18266147921086964,0.40534109976829114
motive_7,0.2106477420581796,-0.01798438684922518,0.15507328827769107,0.028255799080719596,0.01395966782042013,-0.18266147921086964,0.0,0.13785315762711958
motive_8,0.4739787834012921,-0.3403261649105551,0.376579893560771,0.6478154777541434,0.1273240981081431,0.40534109976829114,0.13785315762711958,0.0
