,motive_1,motive_2,motive_3,motive_4,motive_5,motive_6,motive_7,motive_8
satisfaction,0.33276481614508585,0.04759793332885514,0.33694706065,0.04188813591042097,0.2428336958653818,0.015512765174407611,0.1141706442323108,-0.43421690768540466
