,motive_1,motive_2,motive_3,motive_4,motive_5,motive_6,motive_7,motive_8
motive_1,0.0,0.07762626137325923,0.05186733895860719,0.03149050506424109,0.0814168798960936,0.16570278372248848,0.1643869468639033,0.10074231867390732
motive_2,0.07762626137325923,0.0,0.1307905963411931,0.07068906692216889,-0.04580051213989408,-0.003962950756576822,0.10102234840885976,0.06038954189110664
motive_3,0.05186733895860719,0.1307905963411931,0.0,0.12919726912705704,0.20591224369687758,0.21057369246736216,0.06269827618659714,0.08552269483045113
motive_4,0.03149050506424109,0.07068906692216889,0.12919726912705704,0.0,0.11821011653527383,0.08721242525964801,0.19058791487545798,0.1535323334514911
motive_5,0.0814168798960936,-0.04580051213989408,0.20591224369687758,0.11821011653527383,0.0,0.02575383222148516,0.0808243815697165,0.11664490804097744
motive_6,0.16570278372248848,-0.003962950756576822,0.21057369246736216,0.08721242525964801,0.02575383222148516,0.0,0.18137357342918203,0.10569461084161552
motive_7,0.1643869468639033,0.10102234840885976,0.06269827618659714,0.19058791487545798,0.0808243815697165,0.18137357342918203,0.0,0.09824462064301862
motive_8,0.10074231867390732,0.06038954189110664,0.08552269483045113,0.1535323334514911,0.11664490804097744,0.10569461084161552,0.09824462064301862,0.0
