,motive_1,motive_2,motive_3,motive_4,motive_5,motive_6,motive_7,motive_8
motive_1,0.0,0.3495168905397179,0.6016439609753612,0.40448260582042117,0.2812438242208536,0.4164261068200848,0.4033389132131035,0.30412624699145013
motive_2,0.3495168905397179,0.0,0.6050950057138477,0.3535257650939807,0.44032410768505303,0.1568465733484792,0.23674785377109203,0.2073298328905026
motive_3,0.6016439609753612,0.6050950057138477,0.0,0.35688788513180025,0.2974291950247898,0.6866024921953395,0.3828438346118872,0.7726563601546352
motive_4,0.40448260582042117,0.3535257650939807,0.35688788513180025,0.0,0.765787729877186,0.15097686473674665,0.5103983927819531,0.309215377134209
motive_5,0.2812438242208536,0.44032410768505303,0.2974291950247898,0.765787729877186,0.0,0.4993815222716214,0.35404814283695896,0.2749066389144944
motive_6,0.4164261068200848,0.1568465733484792,0.6866024921953395,0.15097686473674665,0.4993815222716214,0.0,0.2560326632215942,0.3263853920262334
motive_7,0.4033389132131035,0.23674785377109203,0.3828438346118872,0.5103983927819531,0.35404814283695896,0.2560326632215942,0.0,0.15495480987257768
motive_8,0.30412624699145013,0.2073298328905026,0.7726563601546352,0.309215377134209,0.2749066389144944,0.3263853920262334,0.15495480987257768,0.0
