,motive_1,motive_2,motive_3,motive_4,motive_5,motive_6,motive_7,motive_8
motive_1,0.0,-0.012248639109029728,0.10047987190996313,0.07171692874855809,-0.026036174365145888,0.13222864968211068,-0.04951066576299263,0.004448016389808643
motive_2,-0.012248639109029728,0.0,-0.017567111616326975,0.011737322224404722,0.051951433836154824,0.10183926705764186,-0.11035373557994717,0.017427761544211367
motive_3,0.10047987190996313,-0.017567111616326975,0.0,-0.07982224781341625,-0.08096476708632658,-0.03557870127351202,0.07466457964871301,-0.0538340853409928
motive_4,0.07171692874855809,0.011737322224404722,-0.07982224781341625,0.0,-0.088621575497562,0.05976243069695007,0.06102974427201948,0.013874582830286718
motive_5,-0.026036174365145888,0.051951433836154824,-0.08096476708632658,-0.088621575497562,0.0,-0.074218304290085,-0.012018439369956595,-0.05571104184104669
motive_6,0.13222864968211068,0.10183926705764186,-0.03557870127351202,0.05976243069695007,-0.074218304290085,0.0,0.02652570454296608,-0.008848246066452889
motive_7,-0.04951066576299263,-0.11035373557994717,0.07466457964871301,0.06102974427201948,-0.012018439369956595,0.02652570454296608,0.0,-0.027678572008426203
motive_8,0.004448016389808643,0.017427761544211367,-0.0538340853409928,0.013874582830286718,-0.05571104184104669,-0.008848246066452889,-0.027678572008426203,0.0
