,motive_1,motive_2,motive_3,motive_4,motive_5,motive_6,motive_7,motive_8
motive_1,0.0,0.07362228147374493,0.15963195501619132,0.25737992510312524,0.006185199368409583,0.17876535433147187,0.1582867511798891,-0.1302728526901472
motive_2,0.07362228147374493,0.0,0.19788517574534248,-0.13074054441209307,-0.10625588876997438,0.32224023959937387,0.20401520051136518,0.26425470331338724
motive_3,0.15963195501619132,0.19788517574534248,0.0,0.38852352714811383,0.07528168677325309,0.2518134745286588,0.29725822422823156,0.37572471415819897
motive_4,0.25737992510312524,-0.13074054441209307,0.38852352714811383,0.0,-0.3043308769209944,0.06579434281306931,0.4694917206670967,0.3470976304578475
motive_5,0.006185199368409583,-0.10625588876997438,0.07528168677325309,-0.3043308769209944,0.0,0.48798857184255146,0.2107802993097626,0.19522820779640848
motive_6,0.17876535433147187,0.32224023959937387,0.2518134745286588,0.06579434281306931,0.48798857184255146,0.0,0.1895027169490417,0.04687735376410229
motive_7,0.1582867511798891,0.20401520051136518,0.29725822422823156,0.4694917206670967,0.2107802993097626,0.1895027169490417,0.0,0.04161722516870035
motive_8,-0.1302728526901472,0.26425470331338724,0.37572471415819897,0.3470976304578475,0.19522820779640848,0.04687735376410229,0.04161722516870035,0.0
