,motive_1,motive_2,motive_3,motive_4,motive_5,motive_6,motive_7,motive_8
satisfaction,0.04672963232487043,0.17227059948137427,0.038892845197743275,0.25000905421732256,0.44003110929043976,-0.13465508433155451,0.23611202212597177,-0.10794420557283618
