,motive_1,motive_2,motive_3,motive_4,motive_5,motive_6,motive_7,motive_8
motive_1,0.0,-0.44009101368087034,0.09248374132493176,0.24185945195497577,-0.1528912461167617,0.26146901163007485,0.40511989071477184,-0.46658787843013416
motive_2,-0.44009101368087034,0.0,0.3318090647570267,-0.00045532326932223866,0.557435768477379,0.4490441138949594,0.17413196482853102,-0.11788043404858062
motive_3,0.09248374132493176,0.3318090647570267,0.0,0.10190817095211106,-0.14405005244735677,-0.01644712893415301,0.40819843877854806,-1.5162107432676797
motive_4,0.24185945195497577,-0.00045532326932223866,0.10190817095211106,0.0,0.2980573911366181,-0.33645945013621875,-0.4047680206246497,0.24191086695863223
motive_5,-0.1528912461167617,0.557435768477379,-0.14405005244735677,0.2980573911366181,0.0,0.11304574057526062,-0.036147739656834266,-0.09645756407597447
motive_6,0.26146901163007485,0.4490441138949594,-0.01644712893415301,-0.33645945013621875,0.11304574057526062,0.0,0.08999337742239738,0.34001954230507414
motive_7,0.40511989071477184,0.17413196482853102,0.40819843877854806,-0.4047680206246497,-0.036147739656834266,0.08999337742239738,0.0,0.24113411005682223
motive_8,-0.46658787843013416,-0.11788043404858062,-1.5162107432676797,0.24191086695863223,-0.09645756407597447,0.34001954230507414,0.24113411005682223,0.0
