,motive_1,motive_2,motive_3,motive_4,motive_5,motive_6,motive_7,motive_8
motive_1,0.0,0.20067693534538628,0.053780716109240484,-0.19940498926785163,0.30738789589441023,0.34599663599355945,0.48826818768921915,0.042125806000241725
motive_2,0.20067693534538628,0.0,0.013968301688548825,0.17627076941655934,0.039815876346156936,-0.052578337355144555,0.143476355777079,0.31649534009534397
motive_3,0.053780716109240484,0.013968301688548825,0.0,0.41000882262867633,0.2534911219033198,0.04662533177862041,0.32665924878264785,0.5545864460450269
motive_4,-0.19940498926785163,0.17627076941655934,0.41000882262867633,0.0,0.4321138748548519,0.30747591392612206,-0.1275556339245349,0.4443758275998759
motive_5,0.30738789589441023,0.039815876346156936,0.2534911219033198,0.4321138748548519,0.0,0.4239867612253821,-0.08238825196939208,0.07591383027530556
motive_6,0.34599663599355945,-0.052578337355144555,0.04662533177862041,0.30747591392612206,0.4239867612253821,0.0,-0.018971954261186155,0.38177699183076463
motive_7,0.48826818768921915,0.143476355777079,0.32665924878264785,-0.1275556339245349,-0.08238825196939208,-0.018971954261186155,0.0,-0.03900122771917457
motive_8,0.042125806000241725,0.31649534009534397,0.5545864460450269,0.4443758275998759,0.07591383027530556,0.38177699183076463,-0.03900122771917457,0.0
