,motive_1,motive_2,motive_3,motive_4,motive_5,motive_6,motive_7,motive_8
satisfaction,0.1977036293074994,0.08488565739578886,0.3263258774902854,0.4039633632844398,0.5371150813066323,-0.17929926709762753,-0.18882276108591792,-0.0008931725892902531
