,motive_1,motive_2,motive_3,motive_4,motive_5,motive_6,motive_7,motive_8
motive_1,0.0,0.2843578990314963,0.3518738378885714,-0.038981227726246584,0.26837995577028173,0.2835531893282676,0.4864406061318138,0.14028100613600142
motive_2,0.2843578990314963,0.0,0.16898692482912459,0.13362990340354516,0.40965848088159973,0.3902375334108386,0.6984588274893861,0.07283799468709849
motive_3,0.3518738378885714,0.16898692482912459,0.0,0.26582573087984984,0.21541184529477875,0.5865379774884463,0.09731650502164871,0.07229568456379948
motive_4,-0.038981227726246584,0.13362990340354516,0.26582573087984984,0.0,0.09856655649749915,0.2860362583488388,0.1054145608315739,-0.16819821771024082
motive_5,0.26837995577028173,0.40965848088159973,0.21541184529477875,0.09856655649749915,0.0,0.05412701113645815,0.42708583815334344,0.26603905992133536
motive_6,0.2835531893282676,0.3902375334108386,0.5865379774884463,0.2860362583488388,0.05412701113645815,0.0,0.2538303514986829,0.4808575527058345
motive_7,0.4864406061318138,0.6984588274893861,0.09731650502164871,0.1054145608315739,0.42708583815334344,0.2538303514986829,0.0,0.282229404490255
motive_8,0.14028100613600142,0.07283799468709849,0.07229568456379948,-0.16819821771024082,0.26603905992133536,0.4808575527058345,0.282229404490255,0.0
