,motive_1,motive_2,motive_3,motive_4,motive_5,motive_6,motive_7,motive_8
motive_1,0.0,0.5972042441440095,0.18141799715855028,-0.5095927877330861,0.9681871282188579,-0.17057953718099791,0.5567335365568968,-0.2247862683260392
motive_2,0.5972042441440095,0.0,-0.23319483974160715,0.3153026245774276,-0.5281937018899091,0.5334015519780384,-0.24429792075412896,0.5165863296970237
motive_3,0.18141799715855028,-0.23319483974160715,0.0,0.2339103634327973,1.0595893490712094,0.16562217834220064,-0.6177827113386671,-0.042776686004924624
motive_4,-0.5095927877330861,0.3153026245774276,0.2339103634327973,0.0,0.15473601423428762,0.5730081598785279,0.366861364025265,0.46042338342637296
motive_5,0.9681871282188579,-0.5281937018899091,1.0595893490712094,0.15473601423428762,0.0,0.287858055455377,0.6396926412549956,-0.2606935130652417
motive_6,-0.17057953718099791,0.5334015519780384,0.16562217834220064,0.5730081598785279,0.287858055455377,0.0,0.1797883201324043,-0.10674212325968235
motive_7,0.5567335365568968,-0.24429792075412896,-0.6177827113386671,0.366861364025265,0.6396926412549956,0.1797883201324043,0.0,-0.3830389254030217
motive_8,-0.2247862683260392,0.5165863296970237,-0.042776686004924624,0.46042338342637296,-0.2606935130652417,-0.10674212325968235,-0.3830389254030217,0.0
