,motive_1,motive_2,motive_3,motive_4,motive_5,motive_6,motive_7,motive_8
motive_1,0.0,0.5582488810284254,0.3578347026122377,0.4142936696088665,-0.04369966994911295,0.5045027061572194,0.7000545788168967,0.3887012966407727
motive_2,0.5582488810284254,0.0,0.2536780531221574,0.10716329525028573,0.5587415235201808,0.2068115133425149,0.6438316064980423,0.4999317946085376
motive_3,0.3578347026122377,0.2536780531221574,0.0,0.2712688545624984,0.24315636990263662,0.27058594992957674,0.4507429072053336,0.4456714069828589
motive_4,0.4142936696088665,0.10716329525028573,0.2712688545624984,0.0,0.4524937003025823,0.5724335602113026,0.46773365999667993,0.4021757603390881
motive_5,-0.04369966994911295,0.5587415235201808,0.24315636990263662,0.4524937003025823,0.0,0.39428417824792017,0.7558302916415861,0.5528271306276439
motive_6,0.5045027061572194,0.2068115133425149,0.27058594992957674,0.5724335602113026,0.39428417824792017,0.0,0.20315212588539852,0.400694449624995
motive_7,0.7000545788168967,0.6438316064980423,0.4507429072053336,0.46773365999667993,0.7558302916415861,0.20315212588539852,0.0,0.6533557173669367
motive_8,0.3887012966407727,0.4999317946085376,0.4456714069828589,0.4021757603390881,0.5528271306276439,0.400694449624995,0.6533557173669367,0.0
