,motive_1,motive_2,motive_3,motive_4,motive_5,motive_6,motive_7,motive_8
satisfaction,0.006179046911165026,0.8123659062307318,0.3997283648161384,0.43349837921454476,0.1948555561610381,0.219541648396603,0.0003813972003069155,0.08332394960880707
