,motive_1,motive_2,motive_3,motive_4,motive_5,motive_6,motive_7,motive_8
satisfaction,0.3834187579781173,0.3502044473710314,0.4523114293037675,0.37661675775805964,0.1759982783541852,-0.18118588149461834,0.7287376720596372,0.056980983581906286
