,motive_1,motive_2,motive_3,motive_4,motive_5,motive_6,motive_7,motive_8
motive_1,0.0,0.09404115180751622,0.17026223197630355,0.10642045345668208,0.34305566028412793,0.4198147444563889,0.08329914682015463,0.12764143145024395
motive_2,0.09404115180751622,0.0,0.3811009261169739,0.2442394088900537,0.6370637838405959,-0.11430789586089835,0.27798218264621705,0.2810784666074763
motive_3,0.17026223197630355,0.3811009261169739,0.0,0.24997172027842254,0.5633138735560275,0.262949810307163,0.5406317284877757,-0.07765302355969794
motive_4,0.10642045345668208,0.2442394088900537,0.24997172027842254,0.0,-0.011511453015527598,0.0792427695635924,0.5419045062293508,0.5891522529815738
motive_5,0.34305566028412793,0.6370637838405959,0.5633138735560275,-0.011511453015527598,0.0,0.2754155930679964,0.44709589054118726,0.03589902170648235
motive_6,0.4198147444563889,-0.11430789586089835,0.262949810307163,0.0792427695635924,0.2754155930679964,0.0,0.1817072391040335,0.3684997179456908
motive_7,0.08329914682015463,0.27798218264621705,0.5406317284877757,0.5419045062293508,0.44709589054118726,0.1817072391040335,0.0,-0.02672273678638884
motive_8,0.12764143145024395,0.2810784666074763,-0.07765302355969794,0.5891522529815738,0.03589902170648235,0.3684997179456908,-0.02672273678638884,0.0
