,motive_1,motive_2,motive_3,motive_4,motive_5,motive_6,motive_7,motive_8
satisfaction,-0.052613280079881086,0.21530430440102485,-0.24147128114732996,0.6240253342717863,0.10169014629286674,0.3110863286652105,-0.31360267497901,0.1481727363287123
