,motive_1,motive_2,motive_3,motive_4,motive_5,motive_6,motive_7,motive_8
motive_1,0.0,-0.09734465135637856,0.09814883314237328,0.01818059693194279,0.10846325277465324,-0.05725269571257442,-0.0960950417932517,0.20971080813125664
motive_2,-0.09734465135637856,0.0,-0.05264133066084983,-0.06640235960015335,0.06200988959140616,-0.016719908081657776,-0.05663389885965066,0.0025322575970505353
motive_3,0.09814883314237328,-0.05264133066084983,0.0,0.006580931523629194,0.0783992995625864,-0.008981451899584788,-0.07756502143967867,-0.06177663315065898
motive_4,0.01818059693194279,-0.06640235960015335,0.006580931523629194,0.0,-0.016984020958799667,0.004413869420850418,0.04135775212819526,-0.06573863369834138
motive_5,0.10846325277465324,0.06200988959140616,0.0783992995625864,-0.016984020958799667,0.0,0.16125664605039125,0.06168314455022548,0.06289033347131393
motive_6,-0.05725269571257442,-0.016719908081657776,-0.008981451899584788,0.004413869420850418,0.16125664605039125,0.0,-0.04073724445654642,-0.006732005247317044
motive_7,-0.0960950417932517,-0.05663389885965066,-0.07756502143967867,0.04135775212819526,0.06168314455022548,-0.04073724445654642,0.0,-0.033295303653056656
motive_8,0.20971080813125664,0.0025322575970505353,-0.06177663315065898,-0.06573863369834138,0.06289033347131393,-0.006732005247317044,-0.033295303653056656,0.0
