,motive_1,motive_2,motive_3,motive_4,motive_5,motive_6,motive_7,motive_8
satisfaction,1.0,0.7007623401513818,0.34816689096755465,0.1183323663414225,0.3792859555074043,0.16822748351834407,0.17126918998883986,0.6460251830125019
