,motive_1,motive_2,motive_3,motive_4,motive_5,motive_6,motive_7,motive_8
motive_1,0.0,0.04429669741870618,0.441754366447328,-0.13775987434545595,0.146499892632518,-0.07890482979717243,0.3166560769714223,0.061922255643123494
motive_2,0.04429669741870618,0.0,-0.2028236994749175,0.1888242199544504,-0.11064308223597828,0.5875932011546755,0.12327204886166643,0.1742220787328871
motive_3,0.441754366447328,-0.2028236994749175,0.0,0.366647287603696,-0.00011965765080243496,0.033800068485112245,0.23934848474424397,0.3739754620466396
motive_4,-0.13775987434545595,0.1888242199544504,0.366647287603696,0.0,0.4845187691467314,0.11817588307265903,0.1277447445536774,-0.022664590443561367
motive_5,0.146499892632518,-0.11064308223597828,-0.00011965765080243496,0.4845187691467314,0.0,-0.011818670359821704,0.28946699844001794,-0.019355304753944258
motive_6,-0.07890482979717243,0.5875932011546755,0.033800068485112245,0.11817588307265903,-0.011818670359821704,0.0,0.5497001346753698,-0.15592677216093398
motive_7,0.3166560769714223,0.12327204886166643,0.23934848474424397,0.1277447445536774,0.28946699844001794,0.5497001346753698,0.0,0.34338180726263634
motive_8,0.061922255643123494,0.1742220787328871,0.3739754620466396,-0.022664590443561367,-0.019355304753944258,-0.15592677216093398,0.34338180726263634,0.0
