,motive_1,motive_2,motive_3,motive_4,motive_5,motive_6,motive_7,motive_8
motive_1,0.0,0.018359136717773606,0.06123718713657958,-0.1555520144068011,-0.0527653497355423,0.0021862701611150073,-0.09623929713809645,-0.032911445393378036
motive_2,0.018359136717773606,0.0,0.09461442697644663,0.027641664989460243,0.00602241203108257,0.015287494486092347,0.03891064425445559,-0.002144700568634629
motive_3,0.06123718713657958,0.09461442697644663,0.0,0.09627807273300448,0.030113036021706285,0.007572343877402854,0.08502154058065822,-0.05487939717949108
motive_4,-0.1555520144068011,0.027641664989460243,0.09627807273300448,0.0,-0.04258091891045971,-0.17627733979004903,0.09939862101236668,-0.025181093957112582
motive_5,-0.0527653497355423,0.00602241203108257,0.030113036021706285,-0.04258091891045971,0.0,-0.06447591533662987,-0.022828796344472727,-0.07570512576021823
motive_6,0.0021862701611150073,0.015287494486092347,0.007572343877402854,-0.17627733979004903,-0.06447591533662987,0.0,-0.0022083433534116296,-0.01249136976536539
motive_7,-0.09623929713809645,0.03891064425445559,0.08502154058065822,0.09939862101236668,-0.022828796344472727,-0.0022083433534116296,0.0,-0.09031182629999951
motive_8,-0.032911445393378036,-0.002144700568634629,-0.05487939717949108,-0.025181093957112582,-0.07570512576021823,-0.01249136976536539,-0.09031182629999951,0.0
