,motive_1,motive_2,motive_3,motive_4,motive_5,motive_6,motive_7,motive_8
motive_1,0.0,0.30874587381764823,0.28513049714232463,0.30378558945415923,0.1707463744038223,0.09200706043870989,-0.26092685178226327,0.29007282301861104
motive_2,0.30874587381764823,0.0,0.06317197691145496,0.47232913602647153,0.42647076331727396,0.5547728227913921,0.7278415617977503,0.04029959752689505
motive_3,0.28513049714232463,0.06317197691145496,0.0,0.543567435880403,0.43547886722713147,0.4603006261374108,0.3591356703463491,0.04686952186324389
motive_4,0.30378558945415923,0.47232913602647153,0.543567435880403,0.0,0.36267336459056543,0.7067629495511334,0.3625430569962109,0.2529554809699725
motive_5,0.1707463744038223,0.42647076331727396,0.43547886722713147,0.36267336459056543,0.0,0.23021113604988913,0.07982594613975019,0.18012788049454737
motive_6,0.09200706043870989,0.5547728227913921,0.4603006261374108,0.7067629495511334,0.23021113604988913,0.0,0.5923859052486635,0.3119156331289467
motive_7,-0.26092685178226327,0.7278415617977503,0.3591356703463491,0.3625430569962109,0.07982594613975019,0.5923859052486635,0.0,0.4305345768944385
motive_8,0.29007282301861104,0.04029959752689505,0.04686952186324389,0.2529554809699725,0.18012788049454737,0.3119156331289467,0.4305345768944385,0.0
