,motive_1,motive_2,motive_3,motive_4,motive_5,motive_6,motive_7,motive_8
motive_1,0.0,-0.3962176294865546,0.3615035799688575,0.9704935982067664,0.10789973747643662,0.335302488349842,0.21342475018627052,0.9439754247044058
motive_2,-0.3962176294865546,0.0,0.3285814179282489,-0.45552947616425343,0.18478266360334228,0.22556678945565312,0.015517356239613034,-0.1642038844178747
motive_3,0.3615035799688575,0.3285814179282489,0.0,0.63932554291242,0.014935657421927484,0.07108593620495594,0.19385017315055075,0.05575484673664394
motive_4,0.9704935982067664,-0.45552947616425343,0.63932554291242,0.0,0.6846830277930088,0.11676479915737092,0.8917308716163032,0.3163805019120209
motive_5,0.10789973747643662,0.18478266360334228,0.014935657421927484,0.6846830277930088,0.0,0.05324589721193346,0.5273562407423229,0.3979522533774411
motive_6,0.335302488349842,0.22556678945565312,0.07108593620495594,0.11676479915737092,0.05324589721193346,0.0,0.3459496653924883,0.06807504300790593
motive_7,0.21342475018627052,0.015517356239613034,0.19385017315055075,0.8917308716163032,0.5273562407423229,0.3459496653924883,0.0,-0.0860426976717792
motive_8,0.9439754247044058,-0.1642038844178747,0.05575484673664394,0.3163805019120209,0.3979522533774411,0.06807504300790593,-0.0860426976717792,0.0
