,motive_1,motive_2,motive_3,motive_4,motive_5,motive_6,motive_7,motive_8
motive_1,0.0,0.1905468943235988,0.40410221868715757,-0.2762159850488355,0.38713409162010864,0.05756938116650435,0.43819303013038935,0.2092675266718616
motive_2,0.1905468943235988,0.0,0.5435600657361245,0.5148519005600447,0.29863011676197876,0.25156256256510656,0.11069144779729131,0.12309008264793368
motive_3,0.40410221868715757,0.5435600657361245,0.0,0.10153524001224912,0.18401278509650984,0.3162806421742627,0.059312064402977496,0.18350051075757437
motive_4,-0.2762159850488355,0.5148519005600447,0.10153524001224912,0.0,0.3823673897430688,-0.0874309128479236,0.38900930445017146,0.218690702945405
motive_5,0.38713409162010864,0.29863011676197876,0.18401278509650984,0.3823673897430688,0.0,0.5736714231954545,0.047816554499854724,0.3805116935125382
motive_6,0.05756938116650435,0.25156256256510656,0.3162806421742627,-0.0874309128479236,0.5736714231954545,0.0,0.4243467614181973,0.47110958426385185
motive_7,0.43819303013038935,0.11069144779729131,0.059312064402977496,0.38900930445017146,0.047816554499854724,0.4243467614181973,0.0,0.3920157977870475
motive_8,0.2092675266718616,0.12309008264793368,0.18350051075757437,0.218690702945405,0.3805116935125382,0.47110958426385185,0.3920157977870475,0.0
