,motive_1,motive_2,motive_3,motive_4,motive_5,motive_6,motive_7,motive_8
motive_1,0.0,0.08325205182593226,0.38482347470886186,0.17124190492939767,-0.6459814653730219,-0.046110152972266644,-0.14001802521289197,-0.06000539267241953
motive_2,0.08325205182593226,0.0,0.9022208039390062,0.2347777040226997,1.221815921427406,0.6716615683380665,0.5844968339130843,0.0238979804511021
motive_3,0.38482347470886186,0.9022208039390062,0.0,1.1642913593750772,0.18107278065522459,-0.5511642125692918,0.40634237522787137,-0.3871491911125932
motive_4,0.17124190492939767,0.2347777040226997,1.1642913593750772,0.0,0.11102163479953053,0.4511271758227749,-0.683504295912354,-0.6575009154973546
motive_5,-0.6459814653730219,1.221815921427406,0.18107278065522459,0.11102163479953053,0.0,0.19170580302546486,-0.40153425772908563,-0.8902693403813722
motive_6,-0.046110152972266644,0.6716615683380665,-0.5511642125692918,0.4511271758227749,0.19170580302546486,0.0,-0.9145409082654713,-0.7922771917625814
motive_7,-0.14001802521289197,0.5844968339130843,0.40634237522787137,-0.683504295912354,-0.40153425772908563,-0.9145409082654713,0.0,0.6326932289828453
motive_8,-0.06000539267241953,0.0238979804511021,-0.3871491911125932,-0.6575009154973546,-0.8902693403813722,-0.7922771917625814,0.6326932289828453,0.0
