,motive_1,motive_2,motive_3,motive_4,motive_5,motive_6,motive_7,motive_8
satisfaction,-0.08738591008364874,-0.03858456757152301,-0.20322408707177106,0.053676306548805806,0.3455654701073032,-0.20906849867222352,-0.08259535796685186,0.5470432824793022
