,motive_1,motive_2,motive_3,motive_4,motive_5,motive_6,motive_7,motive_8
motive_1,0.0,0.1709760070307359,0.11621834369603648,-0.033924968280730994,-0.06344668957696149,0.06496194023740612,0.005186500482759322,0.039930278054312714
motive_2,0.1709760070307359,0.0,0.17560988156086288,0.08439397669146333,0.12022721894710212,0.15835849965075158,0.14513437062066867,0.144882323877783
motive_3,0.11621834369603648,0.17560988156086288,0.0,0.11975100036547015,-0.028269542805845267,0.017374623588766916,0.08776856028882152,0.09498271743511501
motive_4,-0.033924968280730994,0.08439397669146333,0.11975100036547015,0.0,0.006044517269282242,0.16374754352724202,0.16182920246036508,0.09862083026131109
motive_5,-0.06344668957696149,0.12022721894710212,-0.028269542805845267,0.006044517269282242,0.0,0.10891345811154454,0.17220862341825197,0.10962667938278592
motive_6,0.06496194023740612,0.15835849965075158,0.017374623588766916,0.16374754352724202,0.10891345811154454,0.0,0.14240490455057095,0.13400212309251774
motive_7,0.005186500482759322,0.14513437062066867,0.08776856028882152,0.16182920246036508,0.17220862341825197,0.14240490455057095,0.0,0.16027509322063355
motive_8,0.039930278054312714,0.144882323877783,0.09498271743511501,0.09862083026131109,0.10962667938278592,0.13400212309251774,0.16027509322063355,0.0
