,motive_1,motive_2,motive_3,motive_4,motive_5,motive_6,motive_7,motive_8
motive_1,0.0,-0.0309438929651743,-0.13131524036122993,0.028698388949322036,-0.1132491034812821,-0.017661617155484328,0.02219247932656186,0.014181820667161879
motive_2,-0.0309438929651743,0.0,-0.09794018997970338,-0.15193982287103786,-0.12058727486443482,0.004470633737129397,0.03484239192244922,-0.004976752376456593
motive_3,-0.13131524036122993,-0.09794018997970338,0.0,-0.010645224076679866,-0.06545024142846287,-0.10627126967511727,-0.13155559861381627,0.06146516008270066
motive_4,0.028698388949322036,-0.15193982287103786,-0.010645224076679866,0.0,-0.01422955050089069,0.014136311472350782,0.045971724218296435,-0.01727483209537274
motive_5,-0.1132491034812821,-0.12058727486443482,-0.06545024142846287,-0.01422955050089069,0.0,-0.06705051091857812,-0.1105010522880871,-0.048861219638926846
motive_6,-0.017661617155484328,0.004470633737129397,-0.10627126967511727,0.014136311472350782,-0.06705051091857812,0.0,-0.03969743071306035,0.025212649368255863
motive_7,0.02219247932656186,0.03484239192244922,-0.13155559861381627,0.045971724218296435,-0.1105010522880871,-0.03969743071306035,0.0,0.03551591120652654
motive_8,0.014181820667161879,-0.004976752376456593,0.06146516008270066,-0.01727483209537274,-0.048861219638926846,0.025212649368255863,0.03551591120652654,0.0
