,motive_1,motive_2,motive_3,motive_4,motive_5,motive_6,motive_7,motive_8
satisfaction,0.5408924398819827,0.03561726186336861,-0.2599584715256853,1.8921772682589655e-06,-0.07008450595886612,0.2705675199115444,0.40360605989595183,-0.23435857322759146
