,motive_1,motive_2,motive_3,motive_4,motive_5,motive_6,motive_7,motive_8
satisfaction,0.01107925321392611,0.37812659531391024,-0.08854062389933826,0.28380788103536736,0.07278609039813315,0.23172028558468735,0.11644839976673942,0.08177786189309685
