,motive_1,motive_2,motive_3,motive_4,motive_5,motive_6,motive_7,motive_8
motive_1,0.0,0.24216358161151755,0.33492593847748536,0.11239290454969476,0.4490999189596421,0.2325823205348037,0.01903248070741599,0.28484830605576167
motive_2,0.24216358161151755,0.0,0.1591828364281417,0.24487006440873801,-0.06655138181076896,-0.2566605566747451,0.34853956029146094,-0.06317860049360416
motive_3,0.33492593847748536,0.1591828364281417,0.0,0.13242852815917983,0.043090903064712936,0.34304758183860307,-0.004519347076054975,-0.07063760345532297
motive_4,0.11239290454969476,0.24487006440873801,0.13242852815917983,0.0,0.4996512174897496,0.08228650823264072,0.45370648896036436,0.30335421125436024
motive_5,0.4490999189596421,-0.06655138181076896,0.043090903064712936,0.4996512174897496,0.0,0.6037396356929516,0.2907567543024066,0.2142084838237456
motive_6,0.2325823205348037,-0.2566605566747451,0.34304758183860307,0.08228650823264072,0.6037396356929516,0.0,0.1970058702698403,0.21844872045714608
motive_7,0.01903248070741599,0.34853956029146094,-0.004519347076054975,0.45370648896036436,0.2907567543024066,0.1970058702698403,0.0,0.2876482231879926
motive_8,0.28484830605576167,-0.06317860049360416,-0.07063760345532297,0.30335421125436024,0.2142084838237456,0.21844872045714608,0.2876482231879926,0.0
