,motive_1,motive_2,motive_3,motive_4,motive_5,motive_6,motive_7,motive_8
satisfaction,0.7221513255037331,0.2606515585442168,0.21439687899584517,0.44858699300041105,-0.05799138412421018,0.4097267163717887,-0.6353822250433503,0.017977296719459274
