,motive_1,motive_2,motive_3,motive_4,motive_5,motive_6,motive_7,motive_8
motive_1,0.0,0.06516953836336689,-0.044983615323961994,0.041935109264821864,-0.04253429009218627,0.057979160584519754,0.011339874920584803,0.06400626809761029
motive_2,0.06516953836336689,0.0,-0.026114559890680802,0.04071433234628886,0.011744954487796382,0.015152855483582146,-0.060619931978368284,0.06701522485270953
motive_3,-0.044983615323961994,-0.026114559890680802,0.0,0.012230209510217922,-0.04061025875658995,-0.022683131137990385,-0.0840681330975366,0.023987656234033237
motive_4,0.041935109264821864,0.04071433234628886,0.012230209510217922,0.0,0.16016333719175624,0.016063738958077542,-0.08418700569342394,0.04172037574348804
motive_5,-0.04253429009218627,0.011744954487796382,-0.04061025875658995,0.16016333719175624,0.0,-0.045938822218660566,-0.013181199821787462,-0.0750294323783445
motive_6,0.057979160584519754,0.015152855483582146,-0.022683131137990385,0.016063738958077542,-0.045938822218660566,0.0,-0.08587998488044672,-0.017515407945872582
motive_7,0.011339874920584803,-0.060619931978368284,-0.0840681330975366,-0.08418700569342394,-0.013181199821787462,-0.08587998488044672,0.0,0.037132755789459675
motive_8,0.06400626809761029,0.06701522485270953,0.023987656234033237,0.04172037574348804,-0.0750294323783445,-0.017515407945872582,0.037132755789459675,0.0
