,motive_1,motive_2,motive_3,motive_4,motive_5,motive_6,motive_7,motive_8
satisfaction,0.328582537230543,0.016724025657965394,0.0664224351638044,-0.06480305475312392,-0.06519863230909681,-0.002223766753089218,0.37424010144009745,0.06665288861622179
