,motive_1,motive_2,motive_3,motive_4,motive_5,motive_6,motive_7,motive_8
motive_1,0.0,0.06095068799014617,0.12770071558478496,-0.02899447066233629,0.026187293595748666,0.0018457151260756627,-0.009782048945479642,0.03701301884179426
motive_2,0.06095068799014617,0.0,-0.04919929739325638,0.0010928512037874094,0.12134309934402038,0.05013189631293865,0.1342497974062167,-0.11988034534931646
motive_3,0.12770071558478496,-0.04919929739325638,0.0,0.02280846558280849,-0.09098580021683203,0.146302639298048,0.044616793167401386,0.021556080282783253
motive_4,-0.02899447066233629,0.0010928512037874094,0.02280846558280849,0.0,-0.0628610639679247,-0.004449233490200802,0.12455429960247147,-0.09025126573406606
motive_5,0.026187293595748666,0.12134309934402038,-0.09098580021683203,-0.0628610639679247,0.0,0.062374595706527466,0.04920016007506191,-0.011715714300996494
motive_6,0.0018457151260756627,0.05013189631293865,0.146302639298048,-0.004449233490200802,0.062374595706527466,0.0,-0.13857497730851198,-0.018681549399148276
motive_7,-0.009782048945479642,0.1342497974062167,0.044616793167401386,0.12455429960247147,0.04920016007506191,-0.13857497730851198,0.0,0.023208044889206882
motive_8,0.03701301884179426,-0.11988034534931646,0.021556080282783253,-0.09025126573406606,-0.011715714300996494,-0.018681549399148276,0.023208044889206882,0.0
