,motive_1,motive_2,motive_3,motive_4,motive_5,motive_6,motive_7,motive_8
motive_1,0.0,0.3773663207208301,-0.631809723833107,0.12095162963252268,-0.47866905113499447,0.19776996640009586,0.3356306853928965,0.5409177991296323
motive_2,0.3773663207208301,0.0,-0.16204807305629967,0.28189442637486695,0.5604954479440157,1.257484305739391,0.13336467133568097,0.26821533886478227
motive_3,-0.631809723833107,-0.16204807305629967,0.0,-0.5345185813645064,-0.2846757059023123,-0.2463089481889505,0.15344044484598068,0.21224029413185158
motive_4,0.12095162963252268,0.28189442637486695,-0.5345185813645064,0.0,0.2745231769546268,0.7878423736472028,0.09310950462872163,0.48459101428926915
motive_5,-0.47866905113499447,0.5604954479440157,-0.2846757059023123,0.2745231769546268,0.0,0.10986298351142983,0.5081521863906663,-0.4144352731171348
motive_6,0.19776996640009586,1.257484305739391,-0.2463089481889505,0.7878423736472028,0.10986298351142983,0.0,0.4804747467562134,0.6649718667316687
motive_7,0.3356306853928965,0.13336467133568097,0.15344044484598068,0.09310950462872163,0.5081521863906663,0.4804747467562134,0.0,0.231444349040545
motive_8,0.5409177991296323,0.26821533886478227,0.21224029413185158,0.48459101428926915,-0.4144352731171348,0.6649718667316687,0.231444349040545,0.0
