,motive_1,motive_2,motive_3,motive_4,motive_5,motive_6,motive_7,motive_8
motive_1,0.0,0.3386219542854948,0.8953842060826778,0.08691417842489284,0.8306026439180383,0.44065896068613375,-0.27633394630300423,-0.19704710533196568
motive_2,0.3386219542854948,0.0,0.8648047382057297,-0.34080376518869726,0.4905712276236149,0.7894119513228852,-0.6896047412155601,0.33222858966885066
motive_3,0.8953842060826778,0.8648047382057297,0.0,-0.14325392308310705,0.002544274743937161,-0.6439170758215493,1.450340540411453,-0.08250610405077809
motive_4,0.08691417842489284,-0.34080376518869726,-0.14325392308310705,0.0,0.3794539717125623,0.23040275848579314,0.06371678302036,0.7212323551849096
motive_5,0.8306026439180383,0.4905712276236149,0.002544274743937161,0.3794539717125623,0.0,-0.34103137628557717,0.24723837776283536,-0.37579207726233527
motive_6,0.44065896068613375,0.7894119513228852,-0.6439170758215493,0.23040275848579314,-0.34103137628557717,0.0,-0.3399808799976532,-0.023580855087174724
motive_7,-0.27633394630300423,-0.6896047412155601,1.450340540411453,0.06371678302036,0.24723837776283536,-0.3399808799976532,0.0,-0.6591941591393988
motive_8,-0.19704710533196568,0.33222858966885066,-0.08250610405077809,0.7212323551849096,-0.37579207726233527,-0.023580855087174724,-0.6591941591393988,0.0
