,motive_1,motive_2,motive_3,motive_4,motive_5,motive_6,motive_7,motive_8
satisfaction,0.1844787328485049,0.5584189063717251,0.24976410979688338,0.5591462415675661,0.5310333297967614,0.202988101289643,0.44664800221434753,0.19337113406521184
