,motive_1,motive_2,motive_3,motive_4,motive_5,motive_6,motive_7,motive_8
motive_1,0.0,0.08192690803261625,0.29260544526707244,0.23053034775464892,0.3520773323965711,-0.034135370149167676,0.08905971108271621,0.08555070697668854
motive_2,0.08192690803261625,0.0,0.4663507079374555,0.21893883211735457,0.49491557715653245,0.589123960349458,0.099245858479281,0.16977454124426233
motive_3,0.29260544526707244,0.4663507079374555,0.0,0.28928619043638065,0.49180261597213,0.08874635267354464,0.22969001768886754,0.31427879036670775
motive_4,0.23053034775464892,0.21893883211735457,0.28928619043638065,0.0,0.4075048618014987,0.2947380180830363,0.3141244594983851,0.13758228616805596
motive_5,0.3520773323965711,0.49491557715653245,0.49180261597213,0.4075048618014987,0.0,0.4328134740049737,0.277842311862074,0.05185043619548377
motive_6,-0.034135370149167676,0.589123960349458,0.08874635267354464,0.2947380180830363,0.4328134740049737,0.0,-0.08711917754096718,0.26375247041450495
motive_7,0.08905971108271621,0.099245858479281,0.22969001768886754,0.3141244594983851,0.277842311862074,-0.08711917754096718,0.0,0.35624796576726003
motive_8,0.08555070697668854,0.16977454124426233,0.31427879036670775,0.13758228616805596,0.05185043619548377,0.26375247041450495,0.35624796576726003,0.0
