,motive_1,motive_2,motive_3,motive_4,motive_5,motive_6,motive_7,motive_8
motive_1,0.0,0.09397874836340636,0.02467181852096187,0.3529536519182117,0.06252164504338226,0.17674782569906122,0.6760652608515894,0.27325483188220034
motive_2,0.09397874836340636,0.0,0.1378061263421471,0.4329904042763222,0.6691937748507508,0.2334328696504055,0.4971703727519262,0.43074978175512335
motive_3,0.02467181852096187,0.1378061263421471,0.0,0.6678194641686583,0.663134842161528,0.26257973368886134,0.21073640333787272,-0.07085641234621126
motive_4,0.3529536519182117,0.4329904042763222,0.6678194641686583,0.0,0.703605977522096,0.5382703986610532,0.15522444499705657,0.40348558682353786
motive_5,0.06252164504338226,0.6691937748507508,0.663134842161528,0.703605977522096,0.0,0.5517999344027282,0.31938858216827337,0.2559239495265505
motive_6,0.17674782569906122,0.2334328696504055,0.26257973368886134,0.5382703986610532,0.5517999344027282,0.0,0.5481978353596757,0.10666493221188061
motive_7,0.6760652608515894,0.4971703727519262,0.21073640333787272,0.15522444499705657,0.31938858216827337,0.5481978353596757,0.0,0.650798309430815
motive_8,0.27325483188220034,0.43074978175512335,-0.07085641234621126,0.40348558682353786,0.2559239495265505,0.10666493221188061,0.650798309430815,0.0
