,motive_1,motive_2,motive_3,motive_4,motive_5,motive_6,motive_7,motive_8
satisfaction,0.03877168535272055,0.9986641029026682,0.35281684863236384,-0.10404068178928177,0.6256307232194223,-0.15482428097080425,0.22339368043786928,0.19838229190719178
