,motive_1,motive_2,motive_3,motive_4,motive_5,motive_6,motive_7,motive_8
motive_1,0.0,0.01136639530855077,0.04545163110535709,0.09580516494094804,0.1709883372346008,0.04214029930018854,0.14461741476321288,0.10516486947526898
motive_2,0.01136639530855077,0.0,0.19270659818423896,0.07034838776906704,0.13574735350947914,0.047608604798321366,0.09133560389603518,0.13082296709602578
motive_3,0.04545163110535709,0.19270659818423896,0.0,0.1428362818379849,0.02622739361025697,0.18046482532125452,0.0912112065655527,0.18376944936080025
motive_4,0.09580516494094804,0.07034838776906704,0.1428362818379849,0.0,0.10564062290069146,0.11050418471104248,0.07484308964396763,0.0689482377726064
motive_5,0.1709883372346008,0.13574735350947914,0.02622739361025697,0.10564062290069146,0.0,0.16171877873299662,0.07844384922821995,0.18205796622923118
motive_6,0.04214029930018854,0.047608604798321366,0.18046482532125452,0.11050418471104248,0.16171877873299662,0.0,0.051378221598327514,0.07944832649269487
motive_7,0.14461741476321288,0.09133560389603518,0.0912112065655527,0.07484308964396763,0.07844384922821995,0.051378221598327514,0.0,-0.00971741666681327
motive_8,0.10516486947526898,0.13082296709602578,0.18376944936080025,0.0689482377726064,0.18205796622923118,0.07944832649269487,-0.00971741666681327,0.0
