,motive_1,motive_2,motive_3,motive_4,motive_5,motive_6,motive_7,motive_8
satisfaction,0.11679197262425439,0.3129611005795323,0.32564114328919735,0.1921283459735494,-0.07429390605727032,0.05887524007263615,-0.0004882622432786504,0.5169692840954557
