,motive_1,motive_2,motive_3,motive_4,motive_5,motive_6,motive_7,motive_8
satisfaction,0.219269567936427,0.14839343903092553,0.138232470830182,0.013161345984698397,-0.14301237486150262,0.20412240181666638,0.1586869032502827,0.22298691284260896
