,motive_1,motive_2,motive_3,motive_4,motive_5,motive_6,motive_7,motive_8
satisfaction,0.127295810006398,0.3763496698008816,0.6028553789706406,0.2718413189895514,0.24353414141232457,0.07616065451059378,0.4905390309965316,-0.43054291157922636
