,motive_1,motive_2,motive_3,motive_4,motive_5,motive_6,motive_7,motive_8
motive_1,0.0,0.33113740022179877,0.5127022472677147,-0.07882571765509669,0.4063789186854041,0.5358086284532123,0.36641076282944085,0.14322210845762257
motive_2,0.33113740022179877,0.0,0.3058501789311694,0.3580309720354287,0.4629024481505887,0.6965277419085574,-0.1628053070367089,0.33999391616073554
motive_3,0.5127022472677147,0.3058501789311694,0.0,-0.1189227025923166,0.05715752945385573,0.18394111366354063,0.5327465993539822,0.23432372265645657
motive_4,-0.07882571765509669,0.3580309720354287,-0.1189227025923166,0.0,0.1950114623797586,0.08018786816537374,0.5692434497343364,0.15269453023518612
motive_5,0.4063789186854041,0.4629024481505887,0.05715752945385573,0.1950114623797586,0.0,-0.3002522611332141,0.9354475461226182,0.47878354665822
motive_6,0.5358086284532123,0.6965277419085574,0.18394111366354063,0.08018786816537374,-0.3002522611332141,0.0,0.6351011128235162,0.32921867571354535
motive_7,0.36641076282944085,-0.1628053070367089,0.5327465993539822,0.5692434497343364,0.9354475461226182,0.6351011128235162,0.0,0.6222703071369464
motive_8,0.14322210845762257,0.33999391616073554,0.23432372265645657,0.15269453023518612,0.47878354665822,0.32921867571354535,0.6222703071369464,0.0
