,motive_1,motive_2,motive_3,motive_4,motive_5,motive_6,motive_7,motive_8
motive_1,0.0,0.5611513525229136,0.38569456755235737,0.402719386754034,0.5412216146467683,0.6040429831609613,0.17332573371010918,0.46371878356577145
motive_2,0.5611513525229136,0.0,0.4186447874045687,0.3736715043394505,0.24520051387051153,0.6194561073222156,0.5007309053582263,0.47708728259346395
motive_3,0.38569456755235737,0.4186447874045687,0.0,0.3461338523469293,0.3335195604707443,0.8137653545541954,0.8952343937650709,0.3206855370862371
motive_4,0.402719386754034,0.3736715043394505,0.3461338523469293,0.0,0.3549545889932613,0.45660133367967015,0.22887177880865023,0.38442778302825414
motive_5,0.5412216146467683,0.24520051387051153,0.3335195604707443,0.3549545889932613,0.0,0.7892469169332944,0.5275570623624379,0.7821052268582991
motive_6,0.6040429831609613,0.6194561073222156,0.8137653545541954,0.45660133367967015,0.7892469169332944,0.0,0.16669165866687377,0.37775063499730754
motive_7,0.17332573371010918,0.5007309053582263,0.8952343937650709,0.22887177880865023,0.5275570623624379,0.16669165866687377,0.0,0.5603246442340736
motive_8,0.46371878356577145,0.47708728259346395,0.3206855370862371,0.38442778302825414,0.7821052268582991,0.37775063499730754,0.5603246442340736,0.0
