,motive_1,motive_2,motive_3,motive_4,motive_5,motive_6,motive_7,motive_8
satisfaction,0.16769060890789633,0.04026631503830344,0.24066173392018636,-0.17744274674416116,0.5559486012655364,0.34869331251680225,0.08583301718396871,0.5569060915539481
