,motive_1,motive_2,motive_3,motive_4,motive_5,motive_6,motive_7,motive_8
motive_1,0.0,0.2811350408871157,0.08210233171932589,0.31515437867711216,0.128000942501709,0.38958907281945687,-0.2005031282723262,0.03896797104982258
motive_2,0.2811350408871157,0.0,0.3779613356000872,0.11010917018268208,0.2506615013506662,0.06641218252669331,-0.1102743521134329,0.1797115978727119
motive_3,0.08210233171932589,0.3779613356000872,0.0,-0.03956972693935128,0.10656057977077366,-0.19124809428793937,0.19733697054557855,0.3323707253500568
motive_4,0.31515437867711216,0.11010917018268208,-0.03956972693935128,0.0,0.074285604340763,0.20077811279475816,-0.0359156317561931,0.26557262040756563
motive_5,0.128000942501709,0.2506615013506662,0.10656057977077366,0.074285604340763,0.0,-0.017154898152187098,-0.04057641206579245,0.248280068599591
motive_6,0.38958907281945687,0.06641218252669331,-0.19124809428793937,0.20077811279475816,-0.017154898152187098,0.0,0.03311520771998809,0.19788317192457466
motive_7,-0.2005031282723262,-0.1102743521134329,0.19733697054557855,-0.0359156317561931,-0.04057641206579245,0.03311520771998809,0.0,0.018957047930834192
motive_8,0.03896797104982258,0.1797115978727119,0.3323707253500568,0.26557262040756563,0.248280068599591,0.19788317192457466,0.018957047930834192,0.0
