,motive_1,motive_2,motive_3,motive_4,motive_5,motive_6,motive_7,motive_8
motive_1,0.0,0.2157838324633862,-0.06776739652192,0.20169993058673297,0.6388095710675983,0.13581804261205255,-0.04408448255888667,0.3089934621196667
motive_2,0.2157838324633862,0.0,0.6466650154988058,0.03306034882983511,0.1371810351396644,0.11723811006235996,0.46243386019335014,0.3032788430680971
motive_3,-0.06776739652192,0.6466650154988058,0.0,0.2252457545269746,0.30768325018983333,-0.0981421791592213,0.3305226095393084,-0.062256190712073556
motive_4,0.20169993058673297,0.03306034882983511,0.2252457545269746,0.0,0.11785630405420397,0.5337601969079122,0.5697585854269509,0.6685154557043511
motive_5,0.6388095710675983,0.1371810351396644,0.30768325018983333,0.11785630405420397,0.0,-0.06824150759790275,-0.05331516906255213,0.13311087955391024
motive_6,0.13581804261205255,0.11723811006235996,-0.0981421791592213,0.5337601969079122,-0.06824150759790275,0.0,0.13037751218628066,0.3848680733271818
motive_7,-0.04408448255888667,0.46243386019335014,0.3305226095393084,0.5697585854269509,-0.05331516906255213,0.13037751218628066,0.0,0.6745815208105479
motive_8,0.3089934621196667,0.3032788430680971,-0.062256190712073556,0.6685154557043511,0.13311087955391024,0.3848680733271818,0.6745815208105479,0.0
