,motive_1,motive_2,motive_3,motive_4,motive_5,motive_6,motive_7,motive_8
satisfaction,0.17149726977183988,0.3096945962619174,0.3910075982017195,0.1982204687560222,0.3448652734961144,0.1214183979290937,0.21781394006706162,0.3572728190567517
