,motive_1,motive_2,motive_3,motive_4,motive_5,motive_6,motive_7,motive_8
motive_1,0.0,0.005464086295139057,0.012421076444547957,0.032642872246422365,-0.04856676050096306,-0.06649465233287469,0.00028965377294829994,-0.08666333849727698
motive_2,0.005464086295139057,0.0,-0.02409128029771198,-0.013054114177675784,-0.047481285751275346,0.014618532774568451,0.008879287907722848,0.05434223317983571
motive_3,0.012421076444547957,-0.02409128029771198,0.0,0.031385782183206506,-0.0723915458774525,-0.23064549573026047,-0.008252261808885532,0.05100780772082541
motive_4,0.032642872246422365,-0.013054114177675784,0.031385782183206506,0.0,-0.06468614380764162,0.023160359514272567,0.03217163338883455,0.11973509178502063
motive_5,-0.04856676050096306,-0.047481285751275346,-0.0723915458774525,-0.06468614380764162,0.0,-0.036368982657702026,-0.000697022416322024,-0.16008243780989806
motive_6,-0.06649465233287469,0.014618532774568451,-0.23064549573026047,0.023160359514272567,-0.036368982657702026,0.0,0.054570270314222145,-0.12874133243430427
motive_7,0.00028965377294829994,0.008879287907722848,-0.008252261808885532,0.03217163338883455,-0.000697022416322024,0.054570270314222145,0.0,-0.016048132548664537
motive_8,-0.08666333849727698,0.05434223317983571,0.05100780772082541,0.11973509178502063,-0.16008243780989806,-0.12874133243430427,-0.016048132548664537,0.0
