,motive_1,motive_2,motive_3,motive_4,motive_5,motive_6,motive_7,motive_8
motive_1,0.0,-0.26999880274924554,-0.08063369078965377,0.2461352969171739,-0.21234672594718312,0.16178816372269295,-0.3684478109740215,0.05116785371364162
motive_2,-0.26999880274924554,0.0,0.03294631378426752,0.2136627565886268,0.004237873964382119,-0.6286417035369878,-0.4579787854306127,0.4805631603236572
motive_3,-0.08063369078965377,0.03294631378426752,0.0,-0.2170757566247165,0.4728617174597841,-0.09037215587395864,-0.7314358862419246,-0.696735036395925
motive_4,0.2461352969171739,0.2136627565886268,-0.2170757566247165,0.0,0.44755303189627205,0.12326738124571596,0.04950788462033301,0.2935009769893335
motive_5,-0.21234672594718312,0.004237873964382119,0.4728617174597841,0.44755303189627205,0.0,0.23654906704807782,0.9298102971729945,-0.5886421173965409
motive_6,0.16178816372269295,-0.6286417035369878,-0.09037215587395864,0.12326738124571596,0.23654906704807782,0.0,0.9175776262781616,-0.07860873370657848
motive_7,-0.3684478109740215,-0.4579787854306127,-0.7314358862419246,0.04950788462033301,0.9298102971729945,0.9175776262781616,0.0,0.0337047239693956
motive_8,0.05116785371364162,0.4805631603236572,-0.696735036395925,0.2935009769893335,-0.5886421173965409,-0.07860873370657848,0.0337047239693956,0.0
