,motive_1,motive_2,motive_3,motive_4,motive_5,motive_6,motive_7,motive_8
motive_1,0.0,0.5358184974433832,0.26170203559404454,0.21173450413371941,-0.8360714239409262,-0.3798978362757644,0.28165499816020667,-0.668450409669156
motive_2,0.5358184974433832,0.0,-0.5531547589486228,0.5594753155228966,0.3986987840757103,0.6660797890180568,0.3334582915368986,-0.13017536445665806
motive_3,0.26170203559404454,-0.5531547589486228,0.0,0.1920961270745129,-0.38056374316722985,0.3495347242836234,0.02816199274129165,0.17110472578120423
motive_4,0.21173450413371941,0.5594753155228966,0.1920961270745129,0.0,-0.022612450662822692,0.10521794489978487,-0.7223338733210989,-0.0030123490991372792
motive_5,-0.8360714239409262,0.3986987840757103,-0.38056374316722985,-0.022612450662822692,0.0,0.06820431832194268,-0.2929702718904522,-0.38361953070431176
motive_6,-0.3798978362757644,0.6660797890180568,0.3495347242836234,0.10521794489978487,0.06820431832194268,0.0,-0.2471646701429286,0.821351973181585
motive_7,0.28165499816020667,0.3334582915368986,0.02816199274129165,-0.7223338733210989,-0.2929702718904522,-0.2471646701429286,0.0,0.528766236464303
motive_8,-0.668450409669156,-0.13017536445665806,0.17110472578120423,-0.0030123490991372792,-0.38361953070431176,0.821351973181585,0.528766236464303,0.0
