,motive_1,motive_2,motive_3,motive_4,motive_5,motive_6,motive_7,motive_8
satisfaction,0.34739987667265415,-0.06252347408988304,0.1666054679114174,0.20639929028948442,-0.012524236991665688,-0.15638359879772631,0.38066336690245706,0.4348457784955687
