,motive_1,motive_2,motive_3,motive_4,motive_5,motive_6,motive_7,motive_8
motive_1,0.0,0.17694917475466718,0.1021007872379007,0.17035598247792597,0.10555917380903188,0.13591495719048707,0.13444267802468723,0.03812075910923791
motive_2,0.17694917475466718,0.0,0.023872692992160813,0.1373903417085503,0.1275871819201625,0.17218010450316074,0.24014310570978797,0.10172167750699745
motive_3,0.1021007872379007,0.023872692992160813,0.0,0.20412257319555954,0.02425218391503224,0.1821548228460292,0.06458937963086317,0.07673401506210009
motive_4,0.17035598247792597,0.1373903417085503,0.20412257319555954,0.0,0.021972130860267267,0.07004726908701127,0.04247155028950797,0.15791737810961332
motive_5,0.10555917380903188,0.1275871819201625,0.02425218391503224,0.021972130860267267,0.0,0.11238651203986631,0.2807914771151404,0.20917987448665926
motive_6,0.13591495719048707,0.17218010450316074,0.1821548228460292,0.07004726908701127,0.11238651203986631,0.0,-0.05491862624137429,0.15255503037750753
motive_7,0.13444267802468723,0.24014310570978797,0.06458937963086317,0.04247155028950797,0.2807914771151404,-0.05491862624137429,0.0,0.006426276860963212
motive_8,0.03812075910923791,0.10172167750699745,0.07673401506210009,0.15791737810961332,0.20917987448665926,0.15255503037750753,0.006426276860963212,0.0
