,motive_1,motive_2,motive_3,motive_4,motive_5,motive_6,motive_7,motive_8
motive_1,0.0,0.02988295589845579,0.0927667992131366,0.07574879642752425,0.22907409420319183,0.12618331676665434,0.1924444650864563,0.16797103590981666
motive_2,0.02988295589845579,0.0,0.12243125864038004,0.021184444286473734,0.021681170119590844,0.07088130077532885,0.02029974628218406,-0.021820678735587594
motive_3,0.0927667992131366,0.12243125864038004,0.0,0.09973705831811668,0.08422091645433016,-0.05440322890768705,0.09745633869521639,0.2019121456330099
motive_4,0.07574879642752425,0.021184444286473734,0.09973705831811668,0.0,0.18351896650780294,0.1089188535514897,0.09795224264439875,0.04378843102815501
motive_5,0.22907409420319183,0.021681170119590844,0.08422091645433016,0.18351896650780294,0.0,0.1633697231423088,0.07103265647417889,-0.06152082775986982
motive_6,0.12618331676665434,0.07088130077532885,-0.05440322890768705,0.1089188535514897,0.1633697231423088,0.0,0.004995002014617743,0.108770032243761
motive_7,0.1924444650864563,0.02029974628218406,0.09745633869521639,0.09795224264439875,0.07103265647417889,0.004995002014617743,0.0,0.11687001832462662
motive_8,0.16797103590981666,-0.021820678735587594,0.2019121456330099,0.04378843102815501,-0.06152082775986982,0.108770032243761,0.11687001832462662,0.0
