,motive_1,motive_2,motive_3,motive_4,motive_5,motive_6,motive_7,motive_8
motive_1,0.0,0.0992286741473784,0.3061399961679792,-0.16771299597347195,-0.1695534782922272,-0.34799253038805034,-0.16280317979872816,-0.4948292008554589
motive_2,0.0992286741473784,0.0,-0.0745763123755223,0.12226425693995402,0.22846419288148814,0.18456907704401265,0.2619831427854828,-0.3835580453065603
motive_3,0.3061399961679792,-0.0745763123755223,0.0,-0.6892403753009758,0.4875813581032075,-0.6470790663741138,0.6785537536862302,0.07668899668154606
motive_4,-0.16771299597347195,0.12226425693995402,-0.6892403753009758,0.0,-0.7323663573906558,0.09917964691422004,0.08470596833385197,0.4602388699140034
motive_5,-0.1695534782922272,0.22846419288148814,0.4875813581032075,-0.7323663573906558,0.0,-0.49701728685329266,0.5763023847177234,0.45410401552411084
motive_6,-0.34799253038805034,0.18456907704401265,-0.6470790663741138,0.09917964691422004,-0.49701728685329266,0.0,-0.38848534999069806,0.45789892433424284
motive_7,-0.16280317979872816,0.2619831427854828,0.6785537536862302,0.08470596833385197,0.5763023847177234,-0.38848534999069806,0.0,0.10156340197899971
motive_8,-0.4948292008554589,-0.3835580453065603,0.07668899668154606,0.4602388699140034,0.45410401552411084,0.45789892433424284,0.10156340197899971,0.0
