,motive_1,motive_2,motive_3,motive_4,motive_5,motive_6,motive_7,motive_8
motive_1,0.0,0.533508344901421,0.08071593864975193,0.5016258120233661,0.453318501081009,0.12360240624531252,0.3211069551138672,0.7095523238453181
motive_2,0.533508344901421,0.0,0.48986703120947694,0.0277162516405369,0.6080147059461307,0.7060681347307896,0.4423628513299829,0.6354641527850601
motive_3,0.08071593864975193,0.48986703120947694,0.0,0.15429688271745257,0.0839438159849846,0.13677858921779557,0.38833737730732576,0.4808044300909019
motive_4,0.5016258120233661,0.0277162516405369,0.15429688271745257,0.0,-0.026555212921635818,0.35384929782537355,0.14818234790165352,0.8958967669415697
motive_5,0.453318501081009,0.6080147059461307,0.0839438159849846,-0.026555212921635818,0.0,0.16125843129343448,0.2697784898028758,0.23996871526897343
motive_6,0.12360240624531252,0.7060681347307896,0.13677858921779557,0.35384929782537355,0.16125843129343448,0.0,0.2775724404203543,0.8363886320078673
motive_7,0.3211069551138672,0.4423628513299829,0.38833737730732576,0.14818234790165352,0.2697784898028758,0.2775724404203543,0.0,0.05568926637571159
motive_8,0.7095523238453181,0.6354641527850601,0.4808044300909019,0.8958967669415697,0.23996871526897343,0.8363886320078673,0.05568926637571159,0.0
