,motive_1,motive_2,motive_3,motive_4,motive_5,motive_6,motive_7,motive_8
satisfaction,0.13552270685408957,0.21040774955366076,1.0,0.6814204848940688,-0.27840310639204335,-0.2668063880367381,0.35833135821435436,-0.07420825118226737
