,motive_1,motive_2,motive_3,motive_4,motive_5,motive_6,motive_7,motive_8
satisfaction,0.01725547377323028,0.24690568754326514,-0.23124209795690126,-0.05622654957364526,0.2543879937655681,-0.5139574885337324,-0.08534443717578144,0.32783711082687816
