,motive_1,motive_2,motive_3,motive_4,motive_5,motive_6,motive_7,motive_8
satisfaction,0.11168692496458295,0.8171648246153824,-0.16422681312755077,0.4926318204738978,0.2455653677308172,-0.030388519176818563,0.6013668543831583,0.1599370238894146
