,motive_1,motive_2,motive_3,motive_4,motive_5,motive_6,motive_7,motive_8
motive_1,0.0,-0.13931561304615808,0.2040238600470364,0.01392654358174164,0.47429130069803227,0.2923838710453873,0.45686946525641653,0.2554259991629918
motive_2,-0.13931561304615808,0.0,0.26892546409856927,0.5551062653568333,0.1277570035579054,-0.03800728552908564,0.23135782987554368,0.13675410590121798
motive_3,0.2040238600470364,0.26892546409856927,0.0,-0.13238710040864007,0.28864019042853056,0.32413111735499367,0.11068327439630762,-0.246830010218906
motive_4,0.01392654358174164,0.5551062653568333,-0.13238710040864007,0.0,0.17017151488168833,0.29895478530599157,0.3013497459614365,0.44631245043288276
motive_5,0.47429130069803227,0.1277570035579054,0.28864019042853056,0.17017151488168833,0.0,0.0030323614431921886,0.24685396816934524,0.3279515356862888
motive_6,0.2923838710453873,-0.03800728552908564,0.32413111735499367,0.29895478530599157,0.0030323614431921886,0.0,0.3196654466934775,0.256274492293781
motive_7,0.45686946525641653,0.23135782987554368,0.11068327439630762,0.3013497459614365,0.24685396816934524,0.3196654466934775,0.0,0.20870773967191505
motive_8,0.2554259991629918,0.13675410590121798,-0.246830010218906,0.44631245043288276,0.3279515356862888,0.256274492293781,0.20870773967191505,0.0
