,motive_1,motive_2,motive_3,motive_4,motive_5,motive_6,motive_7,motive_8
motive_1,0.0,0.16658138115610419,0.3829878135003033,-0.2503225370693173,0.5075619992364993,0.06474164909932816,0.6168108752139125,0.2578690330190586
motive_2,0.16658138115610419,0.0,0.3508322337399229,0.4615687994630834,0.5379590485842414,0.20795011649883502,0.6052498293594125,0.46526474191922784
motive_3,0.3829878135003033,0.3508322337399229,0.0,0.19834897696325848,0.45227387525875934,0.23746859747310586,0.42271157275789556,0.0014337082654155286
motive_4,-0.2503225370693173,0.4615687994630834,0.19834897696325848,0.0,0.7117243367195759,0.8069657185976168,0.6164441797803486,0.23364727718950065
motive_5,0.5075619992364993,0.5379590485842414,0.45227387525875934,0.7117243367195759,0.0,0.20203979728149993,0.3463172787518476,0.09303528005369238
motive_6,0.06474164909932816,0.20795011649883502,0.23746859747310586,0.8069657185976168,0.20203979728149993,0.0,0.5795907778785316,0.8051197327667576
motive_7,0.6168108752139125,0.6052498293594125,0.42271157275789556,0.6164441797803486,0.3463172787518476,0.5795907778785316,0.0,0.3291522768759176
motive_8,0.2578690330190586,0.46526474191922784,0.0014337082654155286,0.23364727718950065,0.09303528005369238,0.8051197327667576,0.3291522768759176,0.0
