,motive_1,motive_2,motive_3,motive_4,motive_5,motive_6,motive_7,motive_8
motive_1,0.0,0.04517025375615634,0.034907225979860096,0.11137726212142984,0.2394395847037959,0.11214463500310078,0.10617455487029631,0.16805021144251417
motive_2,0.04517025375615634,0.0,0.02614923905022701,0.03837937880428516,0.2123019213783114,0.14335772900310895,0.023156193850976264,-0.04861695271147809
motive_3,0.034907225979860096,0.02614923905022701,0.0,0.0297809901137469,0.06826453759722231,0.06688713845003201,0.18276871720431417,0.13576860766725557
motive_4,0.11137726212142984,0.03837937880428516,0.0297809901137469,0.0,0.06443254086411304,0.03498944062536147,0.0484304488685791,-0.02372018715119433
motive_5,0.2394395847037959,0.2123019213783114,0.06826453759722231,0.06443254086411304,0.0,0.07835188466001115,0.10050342251997979,0.11477527518822057
motive_6,0.11214463500310078,0.14335772900310895,0.06688713845003201,0.03498944062536147,0.07835188466001115,0.0,0.2035837908058743,0.02283837302399726
motive_7,0.10617455487029631,0.023156193850976264,0.18276871720431417,0.0484304488685791,0.10050342251997979,0.2035837908058743,0.0,0.029425701184720786
motive_8,0.16805021144251417,-0.04861695271147809,0.13576860766725557,-0.02372018715119433,0.11477527518822057,0.02283837302399726,0.029425701184720786,0.0
