,motive_1,motive_2,motive_3,motive_4,motive_5,motive_6,motive_7,motive_8
motive_1,0.0,0.05867266433125447,0.0022442832850281483,-0.09665279475609084,0.09459137323261965,-0.06993328905619012,0.05590685636690776,-0.16087295228064352
motive_2,0.05867266433125447,0.0,-0.07825307056995313,-0.026332891328902184,0.11662562792240294,0.022972430577393912,0.0025063297491040824,0.010920039243446936
motive_3,0.0022442832850281483,-0.07825307056995313,0.0,0.10013438673193953,0.003310249054191014,0.06862231275195164,0.140622387503976,-0.039893373864268736
motive_4,-0.09665279475609084,-0.026332891328902184,0.10013438673193953,0.0,0.050449424131808904,0.015192079631928826,-0.1906452010385802,0.05570829020824378
motive_5,0.09459137323261965,0.11662562792240294,0.003310249054191014,0.050449424131808904,0.0,0.07053610227164234,0.025507762198736843,0.005862216957889781
motive_6,-0.06993328905619012,0.022972430577393912,0.06862231275195164,0.015192079631928826,0.07053610227164234,0.0,0.01046197811347932,0.016534870331588944
motive_7,0.05590685636690776,0.0025063297491040824,0.140622387503976,-0.1906452010385802,0.025507762198736843,0.01046197811347932,0.0,0.0032662527756578616
motive_8,-0.16087295228064352,0.010920039243446936,-0.039893373864268736,0.05570829020824378,0.005862216957889781,0.016534870331588944,0.0032662527756578616,0.0
