,motive_1,motive_2,motive_3,motive_4,motive_5,motive_6,motive_7,motive_8
motive_1,0.0,0.050834430220984925,-0.20260727758981972,-0.01507352373046783,-0.124800014224872,0.052547592928931464,-0.39302087684972503,1.026833397574419
motive_2,0.050834430220984925,0.0,1.0868331199429515,-0.001371573236138679,-0.18656263682266724,0.0355899094957073,0.6323158892705903,0.5231188179516914
motive_3,-0.20260727758981972,1.0868331199429515,0.0,0.5824632840124451,-0.4608017220007088,-0.12760684554423013,0.49262787964097454,0.40921518191120215
motive_4,-0.01507352373046783,-0.001371573236138679,0.5824632840124451,0.0,0.811128406254502,0.3057824415900788,0.10705679201636409,0.11986935366897264
motive_5,-0.124800014224872,-0.18656263682266724,-0.4608017220007088,0.811128406254502,0.0,-0.3320848953271375,0.3713510801657712,-0.32763091890082235
motive_6,0.052547592928931464,0.0355899094957073,-0.12760684554423013,0.3057824415900788,-0.3320848953271375,0.0,-0.02914772003541677,-0.2231199056950648
motive_7,-0.39302087684972503,0.6323158892705903,0.49262787964097454,0.10705679201636409,0.3713510801657712,-0.02914772003541677,0.0,-0.193142685578701
motive_8,1.026833397574419,0.5231188179516914,0.40921518191120215,0.11986935366897264,-0.32763091890082235,-0.2231199056950648,-0.193142685578701,0.0
