,motive_1,motive_2,motive_3,motive_4,motive_5,motive_6,motive_7,motive_8
motive_1,0.0,-0.0009360285340468352,-0.14345393466737763,-0.01363789784522072,-0.055766077134447124,0.21994087632738774,-0.02854974662842693,0.0880204346809801
motive_2,-0.0009360285340468352,0.0,-0.07638438025170877,0.0441541698451597,0.08976816613802086,-0.04076705355144837,0.031465866727247646,-0.033865429234026426
motive_3,-0.14345393466737763,-0.07638438025170877,0.0,-0.013373299758099061,-0.04105552629221282,-0.07303230115356252,0.03283438890061501,-0.07496808193888567
motive_4,-0.01363789784522072,0.0441541698451597,-0.013373299758099061,0.0,-0.016331198489446107,0.05779100207484154,0.1559629258397134,-0.01957072987359741
motive_5,-0.055766077134447124,0.08976816613802086,-0.04105552629221282,-0.016331198489446107,0.0,-0.03130639508693786,0.09658724558241698,-0.08448461530420169
motive_6,0.21994087632738774,-0.04076705355144837,-0.07303230115356252,0.05779100207484154,-0.03130639508693786,0.0,0.030782769843585266,-0.047151062313384236
motive_7,-0.02854974662842693,0.031465866727247646,0.03283438890061501,0.1559629258397134,0.09658724558241698,0.030782769843585266,0.0,0.012535036750898954
motive_8,0.0880204346809801,-0.033865429234026426,-0.07496808193888567,-0.01957072987359741,-0.08448461530420169,-0.047151062313384236,0.012535036750898954,0.0
