,motive_1,motive_2,motive_3,motive_4,motive_5,motive_6,motive_7,motive_8
motive_1,0.0,0.6076180621173817,0.1588497605670306,0.6992686296216956,0.37019495057928153,-0.3522063500549666,0.297849812037742,0.14115579549429202
motive_2,0.6076180621173817,0.0,0.14307659201829187,-0.9380844869651845,0.3114188509936538,-0.7036885513885051,0.24213236871555963,0.0907210709720949
motive_3,0.1588497605670306,0.14307659201829187,0.0,0.7391095534855705,-0.19184499471201144,0.5315010058037527,0.488584836709897,0.4432260338600014
motive_4,0.6992686296216956,-0.9380844869651845,0.7391095534855705,0.0,0.3636436770873198,-0.3405175222748289,0.300144473703205,0.30970901427863157
motive_5,0.37019495057928153,0.3114188509936538,-0.19184499471201144,0.3636436770873198,0.0,-0.2966776137531855,0.0252988318258882,-0.3960397293137771
motive_6,-0.3522063500549666,-0.7036885513885051,0.5315010058037527,-0.3405175222748289,-0.2966776137531855,0.0,-0.17607154000547587,0.3247577844088738
motive_7,0.297849812037742,0.24213236871555963,0.488584836709897,0.300144473703205,0.0252988318258882,-0.17607154000547587,0.0,0.3009407031176296
motive_8,0.14115579549429202,0.0907210709720949,0.4432260338600014,0.30970901427863157,-0.3960397293137771,0.3247577844088738,0.3009407031176296,0.0
