,motive_1,motive_2,motive_3,motive_4,motive_5,motive_6,motive_7,motive_8
motive_1,0.0,0.05185595560885621,0.019418805736434373,0.04713359009183268,-0.030402813428578625,0.04703547559430908,0.00789317282403889,-0.0324090330988642
motive_2,0.05185595560885621,0.0,0.05250338012776712,-0.0662301921407521,-0.020695401903061923,-0.12827489573236683,0.06923774201083356,0.0060355303441364475
motive_3,0.019418805736434373,0.05250338012776712,0.0,-0.047813859222343436,-0.046056499036291325,-0.006740919133011634,-0.04289930919030638,-0.02681698091914812
motive_4,0.04713359009183268,-0.0662301921407521,-0.047813859222343436,0.0,-0.06963391577982297,-0.015841698728547744,0.10800243528655808,-0.014569215553906577
motive_5,-0.030402813428578625,-0.020695401903061923,-0.046056499036291325,-0.06963391577982297,0.0,-0.11419811993546916,-0.14922204650243864,0.04748610701367512
motive_6,0.04703547559430908,-0.12827489573236683,-0.006740919133011634,-0.015841698728547744,-0.11419811993546916,0.0,0.03381274551371527,0.0781207974257646
motive_7,0.00789317282403889,0.06923774201083356,-0.04289930919030638,0.10800243528655808,-0.14922204650243864,0.03381274551371527,0.0,0.012509577954918675
motive_8,-0.0324090330988642,0.0060355303441364475,-0.02681698091914812,-0.014569215553906577,0.04748610701367512,0.0781207974257646,0.012509577954918675,0.0
