,motive_1,motive_2,motive_3,motive_4,motive_5,motive_6,motive_7,motive_8
satisfaction,0.004127169368075334,0.15759594607159305,0.5861268124291025,0.02312371753211219,-0.02151353499594333,0.1566368643370975,-0.2777235110477324,0.2037932492452983
