,motive_1,motive_2,motive_3,motive_4,motive_5,motive_6,motive_7,motive_8
motive_1,0.0,0.10839681227215808,0.03376914000440932,0.16234202162415456,0.14263155802339023,0.08796931479287323,0.14142385233039456,0.02367348809582604
motive_2,0.10839681227215808,0.0,0.0695543486143029,0.03296690529963084,0.1207510012991837,0.06651954424448565,0.057292726658434295,0.22627478468710793
motive_3,0.03376914000440932,0.0695543486143029,0.0,0.07394353460462784,0.15093484965946627,0.043067400087689514,0.15434746284609835,0.017792247324402467
motive_4,0.16234202162415456,0.03296690529963084,0.07394353460462784,0.0,0.1883916683308277,0.13709137481273,0.149354789275978,0.21576209447977135
motive_5,0.14263155802339023,0.1207510012991837,0.15093484965946627,0.1883916683308277,0.0,0.1847761730699412,0.08826812079386068,0.06358189648551349
motive_6,0.08796931479287323,0.06651954424448565,0.043067400087689514,0.13709137481273,0.1847761730699412,0.0,0.0034322052561033753,0.12802032503732283
motive_7,0.14142385233039456,0.057292726658434295,0.15434746284609835,0.149354789275978,0.08826812079386068,0.0034322052561033753,0.0,0.05242569465413266
motive_8,0.02367348809582604,0.22627478468710793,0.017792247324402467,0.21576209447977135,0.06358189648551349,0.12802032503732283,0.05242569465413266,0.0
