,motive_1,motive_2,motive_3,motive_4,motive_5,motive_6,motive_7,motive_8
motive_1,0.0,0.10153044453433187,0.15327742529358193,0.11375646860265681,0.12836854186260832,0.15964922934151815,0.03292961613251373,0.027629200349278432
motive_2,0.10153044453433187,0.0,0.12265216794408296,0.10672181350004947,0.11393706023074449,0.1552062521423547,0.04668978765895761,0.1111488453902654
motive_3,0.15327742529358193,0.12265216794408296,0.0,0.06516475433371773,0.12402917785766003,0.14373895760020186,0.15491683826941152,0.013074201528350857
motive_4,0.11375646860265681,0.10672181350004947,0.06516475433371773,0.0,-0.023457278297265842,0.10233472522310885,0.13793636445717966,0.11603402670923363
motive_5,0.12836854186260832,0.11393706023074449,0.12402917785766003,-0.023457278297265842,0.0,0.1918363885248837,0.0078001390974243405,0.06883540299066873
motive_6,0.15964922934151815,0.1552062521423547,0.14373895760020186,0.10233472522310885,0.1918363885248837,0.0,0.07024637416546209,0.07842014716632403
motive_7,0.03292961613251373,0.04668978765895761,0.15491683826941152,0.13793636445717966,0.0078001390974243405,0.07024637416546209,0.0,0.21328263545407034
motive_8,0.027629200349278432,0.1111488453902654,0.013074201528350857,0.11603402670923363,0.06883540299066873,0.07842014716632403,0.21328263545407034,0.0
