,motive_1,motive_2,motive_3,motive_4,motive_5,motive_6,motive_7,motive_8
motive_1,0.0,0.3176324856352865,0.9220154252629323,0.5063181867671469,0.7203537371112403,0.621210153265743,0.7822470483814874,0.19223933380674635
motive_2,0.3176324856352865,0.0,0.2567827700958803,0.41636450459374225,0.17181568721864215,0.2035914679560732,0.7328104709541926,0.7170298669204849
motive_3,0.9220154252629323,0.2567827700958803,0.0,0.6659167939141445,0.3442498143536801,0.6461863172135707,0.7454769388433171,0.26887533919682477
motive_4,0.5063181867671469,0.41636450459374225,0.6659167939141445,0.0,0.6580079692706924,0.3684930751060129,0.15934397152520946,0.1806546490032635
motive_5,0.7203537371112403,0.17181568721864215,0.3442498143536801,0.6580079692706924,0.0,0.5684807421826473,0.24570052070304982,0.553129188454617
motive_6,0.621210153265743,0.2035914679560732,0.6461863172135707,0.3684930751060129,0.5684807421826473,0.0,0.4244681929573957,0.44502017851545206
motive_7,0.7822470483814874,0.7328104709541926,0.7454769388433171,0.15934397152520946,0.24570052070304982,0.4244681929573957,0.0,0.1668395573193979
motive_8,0.19223933380674635,0.7170298669204849,0.26887533919682477,0.1806546490032635,0.553129188454617,0.44502017851545206,0.1668395573193979,0.0
