,motive_1,motive_2,motive_3,motive_4,motive_5,motive_6,motive_7,motive_8
motive_1,0.0,0.06439419123846993,0.13751990234045158,0.165433275537105,0.1971177228159473,0.07548364467983149,0.039702978180220935,0.10047456086587159
motive_2,0.06439419123846993,0.0,0.0939473256240018,0.08850176412425505,0.1338772950370492,0.10146944259218006,0.08477720736447845,0.04058584054279987
motive_3,0.13751990234045158,0.0939473256240018,0.0,0.1603449750220689,0.10894971742438221,0.23734782991985928,0.1120056516409292,0.06513494593885912
motive_4,0.165433275537105,0.08850176412425505,0.1603449750220689,0.0,0.050992781717122876,-0.05352659842742845,0.09008150278668874,0.02207772902979286
motive_5,0.1971177228159473,0.1338772950370492,0.10894971742438221,0.050992781717122876,0.0,-0.011628018597952886,0.12615553766667667,0.1221870129358533
motive_6,0.07548364467983149,0.10146944259218006,0.23734782991985928,-0.05352659842742845,-0.011628018597952886,0.0,0.10133179115248842,0.07850087187700663
motive_7,0.039702978180220935,0.08477720736447845,0.1120056516409292,0.09008150278668874,0.12615553766667667,0.10133179115248842,0.0,0.09642174760851796
motive_8,0.10047456086587159,0.04058584054279987,0.06513494593885912,0.02207772902979286,0.1221870129358533,0.07850087187700663,0.09642174760851796,0.0
