,motive_1,motive_2,motive_3,motive_4,motive_5,motive_6,motive_7,motive_8
motive_1,0.0,0.0015304445343318623,0.053277425293581926,0.01375646860265681,0.028368541862608315,0.05964922934151815,-0.06707038386748627,-0.07237079965072157
motive_2,0.0015304445343318623,0.0,0.022652167944082945,0.006721813500049481,0.013937060230744489,0.0552062521423547,-0.0533102123410424,0.0111488453902654
motive_3,0.053277425293581926,0.022652167944082945,0.0,-0.03483524566628228,0.02402917785766003,0.043738957600201855,0.05491683826941152,-0.08692579847164915
motive_4,0.01375646860265681,0.006721813500049481,-0.03483524566628228,0.0,-0.12345727829726585,0.0023347252231088397,0.03793636445717964,0.016034026709233616
motive_5,0.028368541862608315,0.013937060230744489,0.02402917785766003,-0.12345727829726585,0.0,0.09183638852488368,-0.09219986090257566,-0.031164597009331267
motive_6,0.05964922934151815,0.0552062521423547,0.043738957600201855,0.0023347252231088397,0.09183638852488368,0.0,-0.02975362583453791,-0.02157985283367598
motive_7,-0.06707038386748627,-0.0533102123410424,0.05491683826941152,0.03793636445717964,-0.09219986090257566,-0.02975362583453791,0.0,0.11328263545407034
motive_8,-0.07237079965072157,0.0111488453902654,-0.08692579847164915,0.016034026709233616,-0.031164597009331267,-0.02157985283367598,0.11328263545407034,0.0
