,motive_1,motive_2,motive_3,motive_4,motive_5,motive_6,motive_7,motive_8
motive_1,0.0,-0.1659252321245458,0.03245150950991283,0.3057123473297608,0.39852737754400214,-0.03187097040848097,0.08665356803109908,0.2171463710458848
motive_2,-0.1659252321245458,0.0,-0.203742763647151,-0.3347068436554397,0.12513747658469526,0.0930582808108264,-0.28504371282746294,-0.14264510126465316
motive_3,0.03245150950991283,-0.203742763647151,0.0,0.4375010977423318,0.22499516586634244,0.2891310767068708,-0.13803159485506514,0.23632715054267442
motive_4,0.3057123473297608,-0.3347068436554397,0.4375010977423318,0.0,-0.1779988508918698,0.15964835686228637,0.7424774810979333,-0.08122349698129185
motive_5,0.39852737754400214,0.12513747658469526,0.22499516586634244,-0.1779988508918698,0.0,-0.15596191061896972,0.26290803205070234,-0.15074969333337537
motive_6,-0.03187097040848097,0.0930582808108264,0.2891310767068708,0.15964835686228637,-0.15596191061896972,0.0,0.16574826745380472,0.020282557173120774
motive_7,0.08665356803109908,-0.28504371282746294,-0.13803159485506514,0.7424774810979333,0.26290803205070234,0.16574826745380472,0.0,0.33111739069335455
motive_8,0.2171463710458848,-0.14264510126465316,0.23632715054267442,-0.08122349698129185,-0.15074969333337537,0.020282557173120774,0.33111739069335455,0.0
