,motive_1,motive_2,motive_3,motive_4,motive_5,motive_6,motive_7,motive_8
satisfaction,-0.17875037484518932,0.34803309618288036,0.5777472029040122,-0.23126572561554912,-0.2580801499046702,0.3105002795914842,0.06740504008922998,0.4500826625576775
