,motive_1,motive_2,motive_3,motive_4,motive_5,motive_6,motive_7,motive_8
motive_1,0.0,-0.025239508303457996,-0.042139776686454786,0.047462991235565535,-0.0020611603821916995,-0.09296292492856317,0.0660699693535152,0.02067600667259338
motive_2,-0.025239508303457996,0.0,-0.020346584029769202,0.06652567647944499,0.004597357840129681,0.028016276965892442,-0.16321023000113605,-0.015057007355930411
motive_3,-0.042139776686454786,-0.020346584029769202,0.0,-0.09364231217592,0.04145615946889487,0.12814209898210044,-0.02905958921047829,-0.07025397570286192
motive_4,0.047462991235565535,0.06652567647944499,-0.09364231217592,0.0,0.07081136341241329,-0.015584040130665184,0.04331610762753807,-0.03997424361513979
motive_5,-0.0020611603821916995,0.004597357840129681,0.04145615946889487,0.07081136341241329,0.0,-0.1791413379500737,-0.09345510518475186,-0.06787416599524829
motive_6,-0.09296292492856317,0.028016276965892442,0.12814209898210044,-0.015584040130665184,-0.1791413379500737,0.0,0.09725056439764719,-0.05022255868598324
motive_7,0.0660699693535152,-0.16321023000113605,-0.02905958921047829,0.04331610762753807,-0.09345510518475186,0.09725056439764719,0.0,0.16126578330926195
motive_8,0.02067600667259338,-0.015057007355930411,-0.07025397570286192,-0.03997424361513979,-0.06787416599524829,-0.05022255868598324,0.16126578330926195,0.0
