,motive_1,motive_2,motive_3,motive_4,motive_5,motive_6,motive_7,motive_8
satisfaction,0.1628820505359381,0.06859228089139838,-0.1819038854374651,0.39837288837665863,0.18090133657370552,0.36622693055956435,0.4098180420265395,0.02146897911657006
