,motive_1,motive_2,motive_3,motive_4,motive_5,motive_6,motive_7,motive_8
motive_1,0.0,0.05664900175834657,0.10946698610960587,0.034891952802913226,0.07278057852515078,0.15133172388950145,-0.005570007324978303,0.027162055507074054
motive_2,0.05664900175834657,0.0,0.1376798868905697,-0.046604505348112876,0.029388495339611923,0.08676715693726544,0.13792346580596365,0.09068892732752104
motive_3,0.10946698610960587,0.1376798868905697,0.0,0.04916969206537283,0.0733486238705775,0.13229095975556515,0.1258176947737794,0.015191071866910752
motive_4,0.034891952802913226,-0.046604505348112876,0.04916969206537283,0.0,0.08907874650139228,0.10799876690827995,0.09891142829376923,-0.04255623192447273
motive_5,0.07278057852515078,0.029388495339611923,0.0733486238705775,0.08907874650139228,0.0,0.1156259725535003,-0.006961387679739167,0.09070517692817927
motive_6,0.15133172388950145,0.08676715693726544,0.13229095975556515,0.10799876690827995,0.1156259725535003,0.0,0.10344754569831549,0.0750330239945601
motive_7,-0.005570007324978303,0.13792346580596365,0.1258176947737794,0.09891142829376923,-0.006961387679739167,0.10344754569831549,0.0,0.06000152849968536
motive_8,0.027162055507074054,0.09068892732752104,0.015191071866910752,-0.04255623192447273,0.09070517692817927,0.0750330239945601,0.06000152849968536,0.0
