,motive_1,motive_2,motive_3,motive_4,motive_5,motive_6,motive_7,motive_8
motive_1,0.0,0.42491415612450767,0.23642662988455082,0.21168206350473617,0.15179302762015093,0.0720467865795173,0.04493508528961815,0.08352743313109667
motive_2,0.42491415612450767,0.0,0.36939492738448354,0.6692202100706046,0.530497769172436,0.13057973217320723,-0.22314070715394074,0.30455258896469495
motive_3,0.23642662988455082,0.36939492738448354,0.0,0.4436731672356451,-0.07662745112659161,-0.004179582746611191,-0.07216138443442113,0.037236798188977266
motive_4,0.21168206350473617,0.6692202100706046,0.4436731672356451,0.0,0.3837571101885542,0.6066883612648031,0.17810644442630272,0.15491352124492194
motive_5,0.15179302762015093,0.530497769172436,-0.07662745112659161,0.3837571101885542,0.0,0.014093210272651119,0.2077942241413773,0.16109133916332616
motive_6,0.0720467865795173,0.13057973217320723,-0.004179582746611191,0.6066883612648031,0.014093210272651119,0.0,0.3575344752788996,0.2282173713715982
motive_7,0.04493508528961815,-0.22314070715394074,-0.07216138443442113,0.17810644442630272,0.2077942241413773,0.3575344752788996,0.0,0.4329441748222871
motive_8,0.08352743313109667,0.30455258896469495,0.037236798188977266,0.15491352124492194,0.16109133916332616,0.2282173713715982,0.4329441748222871,0.0
