,motive_1,motive_2,motive_3,motive_4,motive_5,motive_6,motive_7,motive_8
motive_1,0.0,-0.09563232354898418,0.38772604784155185,0.5701383385423372,0.13738531650876612,0.22486847019824344,-0.4839707069235401,-0.08032809706293775
motive_2,-0.09563232354898418,0.0,0.484197912649404,-0.7900865252126457,0.48237882178144437,-0.2540406566620908,0.11542360422043219,0.11631036236218112
motive_3,0.38772604784155185,0.484197912649404,0.0,-0.14443597295081614,-0.5757340225695332,0.24325228269162183,0.2308470267580613,-0.1918341164233459
motive_4,0.5701383385423372,-0.7900865252126457,-0.14443597295081614,0.0,0.23492402765614806,0.14165739722522813,0.7374732800275139,-0.01316537564911957
motive_5,0.13738531650876612,0.48237882178144437,-0.5757340225695332,0.23492402765614806,0.0,0.657849157015611,0.023639620345639267,0.1909026262115297
motive_6,0.22486847019824344,-0.2540406566620908,0.24325228269162183,0.14165739722522813,0.657849157015611,0.0,-0.377171499625116,-0.2762110636837357
motive_7,-0.4839707069235401,0.11542360422043219,0.2308470267580613,0.7374732800275139,0.023639620345639267,-0.377171499625116,0.0,-0.39405844774757737
motive_8,-0.08032809706293775,0.11631036236218112,-0.1918341164233459,-0.01316537564911957,0.1909026262115297,-0.2762110636837357,-0.39405844774757737,0.0
