,motive_1,motive_2,motive_3,motive_4,motive_5,motive_6,motive_7,motive_8
motive_1,0.0,-0.11647877705740617,-0.06046966804194166,0.05933459001075233,-0.09558978751619777,-0.019623669478898056,-0.005329634953801336,-0.03603924109599179
motive_2,-0.11647877705740617,0.0,0.03033503041763489,-0.029881431446050863,0.06157164707585645,0.09703707247691627,-0.0004887430064433804,0.007380831471289789
motive_3,-0.06046966804194166,0.03033503041763489,0.0,0.0023591191426500665,0.05774827405413799,0.01943694178450775,-0.04201158897287967,-0.06016574264344845
motive_4,0.05933459001075233,-0.029881431446050863,0.0023591191426500665,0.0,0.08167812164910357,0.05400766860617196,-0.04222102523735652,0.1407692899020128
motive_5,-0.09558978751619777,0.06157164707585645,0.05774827405413799,0.08167812164910357,0.0,0.04374706669335314,0.0022856332186552974,-0.007118374518411481
motive_6,-0.019623669478898056,0.09703707247691627,0.01943694178450775,0.05400766860617196,0.04374706669335314,0.0,0.02886101617302232,0.002313658074279098
motive_7,-0.005329634953801336,-0.0004887430064433804,-0.04201158897287967,-0.04222102523735652,0.0022856332186552974,0.02886101617302232,0.0,-0.09355334476718762
motive_8,-0.03603924109599179,0.007380831471289789,-0.06016574264344845,0.1407692899020128,-0.007118374518411481,0.002313658074279098,-0.09355334476718762,0.0
