,motive_1,motive_2,motive_3,motive_4,motive_5,motive_6,motive_7,motive_8
motive_1,0.0,-0.002294820656272123,0.04019148369179236,-0.02081991800094859,-0.13908121329686102,-0.003137719049539061,-0.007519619597705068,-0.10025199692837247
motive_2,-0.002294820656272123,0.0,-0.09966031534041432,-0.011965314548535591,0.05134011406120823,0.02625288527019379,-0.09152741526872299,-0.05258621456827611
motive_3,0.04019148369179236,-0.09966031534041432,0.0,0.08471420891158513,0.0513366130492989,0.10059890459574314,0.02644440692634637,0.0463809018978495
motive_4,-0.02081991800094859,-0.011965314548535591,0.08471420891158513,0.0,0.031929189899732,-0.110746825033061,0.02639424323285499,0.020835900161355225
motive_5,-0.13908121329686102,0.05134011406120823,0.0513366130492989,0.031929189899732,0.0,0.023223016822845194,0.057647067164218496,-0.10135220485107564
motive_6,-0.003137719049539061,0.02625288527019379,0.10059890459574314,-0.110746825033061,0.023223016822845194,0.0,-0.10738639809508913,-0.0035415715254744073
motive_7,-0.007519619597705068,-0.09152741526872299,0.02644440692634637,0.02639424323285499,0.057647067164218496,-0.10738639809508913,0.0,-0.00942029995809118
motive_8,-0.10025199692837247,-0.05258621456827611,0.0463809018978495,0.020835900161355225,-0.10135220485107564,-0.0035415715254744073,-0.00942029995809118,0.0
