,motive_1,motive_2,motive_3,motive_4,motive_5,motive_6,motive_7,motive_8
motive_1,0.0,0.26638189253046385,0.2016957022465748,0.2352969565620313,0.08165072968819011,-0.04023704545720863,0.19378988045288836,0.21008696574473446
motive_2,0.26638189253046385,0.0,-0.007517253277339958,0.23719869584369505,0.5103195059283812,0.33820258099292644,-0.2089615387311869,0.675084394633698
motive_3,0.2016957022465748,-0.007517253277339958,0.0,0.40802834483352063,0.22099870969729676,0.21162789248855812,0.27059303675528495,0.35191718916262726
motive_4,0.2352969565620313,0.23719869584369505,0.40802834483352063,0.0,0.5415582516453828,0.4074929822965215,-0.013396431922378285,-0.19038318583166175
motive_5,0.08165072968819011,0.5103195059283812,0.22099870969729676,0.5415582516453828,0.0,0.14388890323896064,0.3917340944553252,0.5199968900436714
motive_6,-0.04023704545720863,0.33820258099292644,0.21162789248855812,0.4074929822965215,0.14388890323896064,0.0,0.2338865125054987,0.03367858332251994
motive_7,0.19378988045288836,-0.2089615387311869,0.27059303675528495,-0.013396431922378285,0.3917340944553252,0.2338865125054987,0.0,0.15556226501021264
motive_8,0.21008696574473446,0.675084394633698,0.35191718916262726,-0.19038318583166175,0.5199968900436714,0.03367858332251994,0.15556226501021264,0.0
