,motive_1,motive_2,motive_3,motive_4,motive_5,motive_6,motive_7,motive_8
satisfaction,0.36961394273498593,0.5559031688199878,0.16239489053724468,-0.12846525680393006,0.3033644865800415,0.4698625951718619,0.18281424300759702,-0.19293956228894948
