,motive_1,motive_2,motive_3,motive_4,motive_5,motive_6,motive_7,motive_8
satisfaction,0.6508373702612447,0.2452804554576632,0.26280703550319784,0.7089605339961522,-0.0916316340231143,0.8794141949374021,0.3962648928502321,0.0206371301358923
