,motive_1,motive_2,motive_3,motive_4,motive_5,motive_6,motive_7,motive_8
motive_1,0.0,-0.07589447035113288,-0.0010569804594254412,-0.005374698696883697,0.057341322470780776,-0.009205336141402884,-0.019547453073037714,0.024185066621693355
motive_2,-0.07589447035113288,0.0,0.07494820691101195,-0.03764282064781746,0.11592497922040254,0.08681065487199914,-0.08494022358342379,-0.004829637235270551
motive_3,-0.0010569804594254412,0.07494820691101195,0.0,-0.0426742058979274,-0.01825707534312286,-0.025354754771265205,-0.01007195832975796,0.05417881864692387
motive_4,-0.005374698696883697,-0.03764282064781746,-0.0426742058979274,0.0,0.036610546284808025,0.026582951056250862,0.07964615432649116,0.0377515879803229
motive_5,0.057341322470780776,0.11592497922040254,-0.01825707534312286,0.036610546284808025,0.0,0.03341796034246155,0.08253261136161286,-0.06989266636303594
motive_6,-0.009205336141402884,0.08681065487199914,-0.025354754771265205,0.026582951056250862,0.03341796034246155,0.0,-0.002727199395223527,-0.09132696584385268
motive_7,-0.019547453073037714,-0.08494022358342379,-0.01007195832975796,0.07964615432649116,0.08253261136161286,-0.002727199395223527,0.0,-0.11913388108048721
motive_8,0.024185066621693355,-0.004829637235270551,0.05417881864692387,0.0377515879803229,-0.06989266636303594,-0.09132696584385268,-0.11913388108048721,0.0
