,motive_1,motive_2,motive_3,motive_4,motive_5,motive_6,motive_7,motive_8
satisfaction,0.18025939027326246,-0.04228166316346782,0.3261805515102314,-0.01262909650939742,0.2754870140683743,-0.2789009030977133,0.7985770889441361,0.3484995517566556
