,motive_1,motive_2,motive_3,motive_4,motive_5,motive_6,motive_7,motive_8
satisfaction,-0.0017433394557115622,0.32009499276348596,-0.19040959571882232,0.623644297053866,0.32445517921341005,0.2733555037703662,0.10084840644363265,0.2105747869286667
