,motive_1,motive_2,motive_3,motive_4,motive_5,motive_6,motive_7,motive_8
motive_1,0.0,0.06494567216712678,0.3583757470697836,0.637462106117294,0.5695375399223586,0.4509960218871453,0.33049332826129385,0.7891252046551658
motive_2,0.06494567216712678,0.0,0.21351717728150751,0.011445468974928624,0.46404884385230877,0.3769127253786836,0.4996112000100841,0.24766653729474858
motive_3,0.3583757470697836,0.21351717728150751,0.0,-0.24945719987825232,0.572481935492469,0.39789880168011843,0.1832586877479963,0.2681127995546621
motive_4,0.637462106117294,0.011445468974928624,-0.24945719987825232,0.0,0.5334053837276973,0.06672680650702509,0.35820841466175046,0.3091836905823182
motive_5,0.5695375399223586,0.46404884385230877,0.572481935492469,0.5334053837276973,0.0,0.4832118122672923,0.6495366006691027,0.506341114432444
motive_6,0.4509960218871453,0.3769127253786836,0.39789880168011843,0.06672680650702509,0.4832118122672923,0.0,0.3895479380869118,0.6531593805985817
motive_7,0.33049332826129385,0.4996112000100841,0.1832586877479963,0.35820841466175046,0.6495366006691027,0.3895479380869118,0.0,0.5285823506921122
motive_8,0.7891252046551658,0.24766653729474858,0.2681127995546621,0.3091836905823182,0.506341114432444,0.6531593805985817,0.5285823506921122,0.0
