,motive_1,motive_2,motive_3,motive_4,motive_5,motive_6,motive_7,motive_8
satisfaction,-0.23444939607128518,0.1810167351491532,0.5859430233749141,-0.30899862591771027,-0.2029465322352929,0.27265438725684743,0.31365649042918137,0.3953110605492135
