,motive_1,motive_2,motive_3,motive_4,motive_5,motive_6,motive_7,motive_8
motive_1,0.0,0.12236377671559553,-0.028069225167888907,-0.04067461653265865,0.09919435248845414,-0.04780396323788244,-0.04673138200052222,-0.19124388751978377
motive_2,0.12236377671559553,0.0,0.024225341744210815,0.017394228495157302,-0.0808683473669927,-0.024704889352424705,0.018021786749848438,-0.047910614182797
motive_3,-0.028069225167888907,0.024225341744210815,0.0,0.08712940336055179,-0.015935159105892292,0.09736512502896633,0.04554736409346867,0.008344244527184505
motive_4,-0.04067461653265865,0.017394228495157302,0.08712940336055179,0.0,-0.003107719310628046,0.02340593715393554,-0.09644718621151405,-0.05380752631241456
motive_5,0.09919435248845414,-0.0808683473669927,-0.015935159105892292,-0.003107719310628046,0.0,-0.04878113363197596,-0.13475728889496463,-0.020993793692530884
motive_6,-0.04780396323788244,-0.024704889352424705,0.09736512502896633,0.02340593715393554,-0.04878113363197596,0.0,0.08827007650292391,-0.08013711830975677
motive_7,-0.04673138200052222,0.018021786749848438,0.04554736409346867,-0.09644718621151405,-0.13475728889496463,0.08827007650292391,0.0,-0.013143700944558124
motive_8,-0.19124388751978377,-0.047910614182797,0.008344244527184505,-0.05380752631241456,-0.020993793692530884,-0.08013711830975677,-0.013143700944558124,0.0
