,motive_1,motive_2,motive_3,motive_4,motive_5,motive_6,motive_7,motive_8
motive_1,0.0,-0.2495998739450522,-0.031964821548905314,-0.19581449323874367,0.2485423680304576,0.3869003932907165,-0.9139981907739452,0.1997024266848318
motive_2,-0.2495998739450522,0.0,-0.45764377648211235,0.49791410517627227,-0.2361205522626404,-0.3385566413805412,0.21040780493161215,0.1491445852535368
motive_3,-0.031964821548905314,-0.45764377648211235,0.0,0.18701936707368877,-0.49941891423209417,0.40242224193666687,1.3182402565361022,-0.2837814916792563
motive_4,-0.19581449323874367,0.49791410517627227,0.18701936707368877,0.0,-0.2250896528337843,0.39154157576987053,-0.564033370963177,-0.04681167518677083
motive_5,0.2485423680304576,-0.2361205522626404,-0.49941891423209417,-0.2250896528337843,0.0,-0.4305647281347918,0.23646662812961033,-0.21553846169072075
motive_6,0.3869003932907165,-0.3385566413805412,0.40242224193666687,0.39154157576987053,-0.4305647281347918,0.0,0.33079974126587885,-0.17469812306545313
motive_7,-0.9139981907739452,0.21040780493161215,1.3182402565361022,-0.564033370963177,0.23646662812961033,0.33079974126587885,0.0,-0.07401158906363203
motive_8,0.1997024266848318,0.1491445852535368,-0.2837814916792563,-0.04681167518677083,-0.21553846169072075,-0.17469812306545313,-0.07401158906363203,0.0
