,motive_1,motive_2,motive_3,motive_4,motive_5,motive_6,motive_7,motive_8
satisfaction,0.04401982901785409,-0.4015827493904847,0.6232910064920381,0.36975162573367726,0.3348772501388342,0.15424674907338562,-0.18158168317499662,-0.29621460312355813
