,motive_1,motive_2,motive_3,motive_4,motive_5,motive_6,motive_7,motive_8
motive_1,0.0,-0.14358402159087302,-0.027625150683069928,-0.058389338725654084,-0.07876083548116145,0.001495147966539663,-0.032502044401635136,0.044366236675471515
motive_2,-0.14358402159087302,0.0,0.009060466933620635,-0.048649120632125176,-0.01581988433899853,0.06588167260025615,-0.12857337442834832,-0.04131344352923098
motive_3,-0.027625150683069928,0.009060466933620635,0.0,0.006621633032675631,0.005777612982324229,0.0635460934986128,0.007377222157334114,-0.06367652032401636
motive_4,-0.058389338725654084,-0.048649120632125176,0.006621633032675631,0.0,-0.11414326958444448,0.048531488623905314,0.11392021803498881,-0.024907297694364172
motive_5,-0.07876083548116145,-0.01581988433899853,0.005777612982324229,-0.11414326958444448,0.0,-0.03916187290700251,0.10770818322721253,-0.02769472182647546
motive_6,0.001495147966539663,0.06588167260025615,0.0635460934986128,0.048531488623905314,-0.03916187290700251,0.0,-0.02712926850633167,0.08418044280201757
motive_7,-0.032502044401635136,-0.12857337442834832,0.007377222157334114,0.11392021803498881,0.10770818322721253,-0.02712926850633167,0.0,-0.044024688600435645
motive_8,0.044366236675471515,-0.04131344352923098,-0.06367652032401636,-0.024907297694364172,-0.02769472182647546,0.08418044280201757,-0.044024688600435645,0.0
