,motive_1,motive_2,motive_3,motive_4,motive_5,motive_6,motive_7,motive_8
motive_1,0.0,0.06666820794765321,0.062311152083179194,-0.37122318300710244,0.17491403720595597,-0.03434142234985338,-0.02077877240585957,0.270244680848963
motive_2,0.06666820794765321,0.0,0.2662438555691104,0.3011926311860159,-0.007164882181063009,-0.17241216552338756,-0.0876401410312206,0.4325621341743859
motive_3,0.062311152083179194,0.2662438555691104,0.0,0.38599368345321283,0.14691882440601528,0.09832341005282996,0.3478283830760152,-0.0814277123652517
motive_4,-0.37122318300710244,0.3011926311860159,0.38599368345321283,0.0,0.3995024739693632,0.11739801416169697,0.09282496616368814,-0.00037968102297204764
motive_5,0.17491403720595597,-0.007164882181063009,0.14691882440601528,0.3995024739693632,0.0,0.5310881914426421,-0.20074474123314648,0.08862769557781773
motive_6,-0.03434142234985338,-0.17241216552338756,0.09832341005282996,0.11739801416169697,0.5310881914426421,0.0,-0.04500742676880136,-0.14491797081661323
motive_7,-0.02077877240585957,-0.0876401410312206,0.3478283830760152,0.09282496616368814,-0.20074474123314648,-0.04500742676880136,0.0,0.2193604946985237
motive_8,0.270244680848963,0.4325621341743859,-0.0814277123652517,-0.00037968102297204764,0.08862769557781773,-0.14491797081661323,0.2193604946985237,0.0
