,motive_1,motive_2,motive_3,motive_4,motive_5,motive_6,motive_7,motive_8
motive_1,0.0,0.3301122888188311,0.032572763203716104,0.30248151612476615,0.4089210490804484,0.653841492115745,-0.14730361330179456,0.0020832627457877395
motive_2,0.3301122888188311,0.0,0.3336752907791123,0.6095108844601635,0.07103651268141686,0.21304369885703214,0.46912219498323116,0.07374390041706813
motive_3,0.032572763203716104,0.3336752907791123,0.0,0.5017769495040132,0.07268762576569468,0.11643879215304814,-0.17834452644837104,0.29497778086010984
motive_4,0.30248151612476615,0.6095108844601635,0.5017769495040132,0.0,0.21616080747922203,0.4743528124072748,-0.09566885437504277,-0.08043786199189684
motive_5,0.4089210490804484,0.07103651268141686,0.07268762576569468,0.21616080747922203,0.0,-0.06025062285676884,-0.0020652396148007623,0.011155241354518494
motive_6,0.653841492115745,0.21304369885703214,0.11643879215304814,0.4743528124072748,-0.06025062285676884,0.0,0.1966984263987643,0.2659029955905436
motive_7,-0.14730361330179456,0.46912219498323116,-0.17834452644837104,-0.09566885437504277,-0.0020652396148007623,0.1966984263987643,0.0,0.6961556513816145
motive_8,0.0020832627457877395,0.07374390041706813,0.29497778086010984,-0.08043786199189684,0.011155241354518494,0.2659029955905436,0.6961556513816145,0.0
