,motive_1,motive_2,motive_3,motive_4,motive_5,motive_6,motive_7,motive_8
motive_1,0.0,0.0852065547902363,-0.015613138775713221,0.002354886742392915,-0.026629062179900416,0.1168442609817173,0.02979059239393942,0.0806217397972237
motive_2,0.0852065547902363,0.0,-0.07123525711521,0.056402362300429686,0.14110216073983123,0.06899175095743293,-0.017071813390843668,-0.036942178389556476
motive_3,-0.015613138775713221,-0.07123525711521,0.0,-0.19055164040414352,0.07377261490686719,0.0874833876876786,0.0030660583082187283,-0.0060753383886563705
motive_4,0.002354886742392915,0.056402362300429686,-0.19055164040414352,0.0,0.030342304060725328,-0.08799422497510037,0.013007636240433428,-0.020330644773229406
motive_5,-0.026629062179900416,0.14110216073983123,0.07377261490686719,0.030342304060725328,0.0,0.015789128628376427,0.003682575242899812,0.019927863140877987
motive_6,0.1168442609817173,0.06899175095743293,0.0874833876876786,-0.08799422497510037,0.015789128628376427,0.0,0.06371930144245083,-0.040141120568200725
motive_7,0.02979059239393942,-0.017071813390843668,0.0030660583082187283,0.013007636240433428,0.003682575242899812,0.06371930144245083,0.0,-0.029461055796489766
motive_8,0.0806217397972237,-0.036942178389556476,-0.0060753383886563705,-0.020330644773229406,0.019927863140877987,-0.040141120568200725,-0.029461055796489766,0.0
