,motive_1,motive_2,motive_3,motive_4,motive_5,motive_6,motive_7,motive_8
satisfaction,-0.1252311512634241,0.3184644985980424,0.27503507372415836,0.7489159295508772,0.6443340461538903,0.2414176724285918,0.5314476089484362,-0.02190097967209273
