,motive_1,motive_2,motive_3,motive_4,motive_5,motive_6,motive_7,motive_8
motive_1,0.0,0.6573725082386951,0.047946382432942636,0.2793810956933193,-0.7226600723235621,0.36088020466477955,-0.5300741992299113,0.24200045163259049
motive_2,0.6573725082386951,0.0,0.3191409947213016,-0.22120555794666985,0.8285861822754875,-0.18598514822437479,-0.5453882264085974,0.6443679599767934
motive_3,0.047946382432942636,0.3191409947213016,0.0,-0.015452526230166963,0.571709017743788,0.32723403759191283,0.2354753069449812,0.17136167896358628
motive_4,0.2793810956933193,-0.22120555794666985,-0.015452526230166963,0.0,0.5222898428561022,0.251110501031565,0.2904493491282444,0.744295707108013
motive_5,-0.7226600723235621,0.8285861822754875,0.571709017743788,0.5222898428561022,0.0,0.6894448202105516,-0.824992057174841,1.075036595488401
motive_6,0.36088020466477955,-0.18598514822437479,0.32723403759191283,0.251110501031565,0.6894448202105516,0.0,0.0828946313318215,-0.0851445214243226
motive_7,-0.5300741992299113,-0.5453882264085974,0.2354753069449812,0.2904493491282444,-0.824992057174841,0.0828946313318215,0.0,0.2520468110402321
motive_8,0.24200045163259049,0.6443679599767934,0.17136167896358628,0.744295707108013,1.075036595488401,-0.0851445214243226,0.2520468110402321,0.0
