,motive_1,motive_2,motive_3,motive_4,motive_5,motive_6,motive_7,motive_8
satisfaction,-0.21174222676838061,0.24376155630414342,0.6624665172865238,0.01392808166390988,-0.17356431246210202,0.9663835539593999,0.158261452325615,0.622373471813154
