,motive_1,motive_2,motive_3,motive_4,motive_5,motive_6,motive_7,motive_8
motive_1,0.0,-0.01076334012962599,0.03378488738941329,0.17010474519855473,-0.12126119421941865,0.04402968146977737,0.10226125447048902,0.027365967671090334
motive_2,-0.01076334012962599,0.0,-0.10004561324263764,0.05966315537188088,0.09413706644729303,-0.07027054852673045,-0.10639795300557572,0.05401954202912737
motive_3,0.03378488738941329,-0.10004561324263764,0.0,0.13934022751816943,0.06718012343977214,-0.008374257049214996,0.010181694338528412,0.0597649500010493
motive_4,0.17010474519855473,0.05966315537188088,0.13934022751816943,0.0,-0.005661797975378219,-0.10891873211155349,-0.04596259124109248,0.10117079605494551
motive_5,-0.12126119421941865,0.09413706644729303,0.06718012343977214,-0.005661797975378219,0.0,-0.05520445626149495,0.07191312245736922,-0.059463570706809826
motive_6,0.04402968146977737,-0.07027054852673045,-0.008374257049214996,-0.10891873211155349,-0.05520445626149495,0.0,0.04414739509001954,0.05693105985054042
motive_7,0.10226125447048902,-0.10639795300557572,0.010181694338528412,-0.04596259124109248,0.07191312245736922,0.04414739509001954,0.0,0.03348509706178432
motive_8,0.027365967671090334,0.05401954202912737,0.0597649500010493,0.10117079605494551,-0.059463570706809826,0.05693105985054042,0.03348509706178432,0.0
