,motive_1,motive_2,motive_3,motive_4,motive_5,motive_6,motive_7,motive_8
motive_1,0.0,-0.11608766972465598,0.5570794747365875,0.11572898221374991,0.299759443484399,0.17294677078673604,0.36245265274088445,-0.10421104578744499
motive_2,-0.11608766972465598,0.0,0.0640432981445451,0.2980546858467625,0.6068608460473238,0.22162160149271207,-0.32152854616455395,0.2517366831982025
motive_3,0.5570794747365875,0.0640432981445451,0.0,0.041443142235027625,0.3299025583198405,0.0062029868908138955,0.2058593758531539,-0.03922888553008415
motive_4,0.11572898221374991,0.2980546858467625,0.041443142235027625,0.0,0.021252439795964487,0.16258737070306084,0.17240286832765284,0.23752218112443493
motive_5,0.299759443484399,0.6068608460473238,0.3299025583198405,0.021252439795964487,0.0,0.14155527753776836,0.4800691095418991,0.25039404730365494
motive_6,0.17294677078673604,0.22162160149271207,0.0062029868908138955,0.16258737070306084,0.14155527753776836,0.0,0.30377375599390405,0.1112375490169081
motive_7,0.36245265274088445,-0.32152854616455395,0.2058593758531539,0.17240286832765284,0.4800691095418991,0.30377375599390405,0.0,0.2405043288428606
motive_8,-0.10421104578744499,0.2517366831982025,-0.03922888553008415,0.23752218112443493,0.25039404730365494,0.1112375490169081,0.2405043288428606,0.0
