,motive_1,motive_2,motive_3,motive_4,motive_5,motive_6,motive_7,motive_8
satisfaction,0.14950023072396199,0.2493078176269361,0.12056209404866214,-0.04074732837882081,-0.18805016372989578,0.1966723283015185,0.08722797679372526,0.1939982896253618
