,motive_1,motive_2,motive_3,motive_4,motive_5,motive_6,motive_7,motive_8
motive_1,0.0,0.4006769353453863,0.25378071610924047,0.0005950107321483766,0.5073878958944102,0.5459966359935595,0.6882681876892192,0.24212580600024172
motive_2,0.4006769353453863,0.0,0.21396830168854883,0.37627076941655935,0.23981587634615692,0.14742166264485546,0.343476355777079,0.516495340095344
motive_3,0.25378071610924047,0.21396830168854883,0.0,0.6100088226286763,0.45349112190331975,0.24662533177862042,0.5266592487826478,0.7545864460450269
motive_4,0.0005950107321483766,0.37627076941655935,0.6100088226286763,0.0,0.632113874854852,0.5074759139261221,0.07244436607546512,0.6443758275998759
motive_5,0.5073878958944102,0.23981587634615692,0.45349112190331975,0.632113874854852,0.0,0.6239867612253821,0.11761174803060793,0.2759138302753056
motive_6,0.5459966359935595,0.14742166264485546,0.24662533177862042,0.5074759139261221,0.6239867612253821,0.0,0.18102804573881384,0.5817769918307646
motive_7,0.6882681876892192,0.343476355777079,0.5266592487826478,0.07244436607546512,0.11761174803060793,0.18102804573881384,0.0,0.16099877228082543
motive_8,0.24212580600024172,0.516495340095344,0.7545864460450269,0.6443758275998759,0.2759138302753056,0.5817769918307646,0.16099877228082543,0.0
