,motive_1,motive_2,motive_3,motive_4,motive_5,motive_6,motive_7,motive_8
motive_1,0.0,0.1831481643680385,0.17363410568046858,0.5580536274607419,0.14808522050496195,0.27665552328100074,0.09535177360929725,0.5610339728186748
motive_2,0.1831481643680385,0.0,0.24838251280848922,0.24606533078187925,0.5251052347975079,0.13228936835461685,0.18364090875132938,0.10642084112266786
motive_3,0.17363410568046858,0.24838251280848922,0.0,0.23337364928630017,0.08599045326945778,0.5819763478193689,-0.21646504733194497,0.5326023100854308
motive_4,0.5580536274607419,0.24606533078187925,0.23337364928630017,0.0,0.1644707721387485,0.11752935766743235,-0.10331302487041225,0.24122755508828309
motive_5,0.14808522050496195,0.5251052347975079,0.08599045326945778,0.1644707721387485,0.0,0.08574541268143189,0.23729018116353962,-0.013922615350910536
motive_6,0.27665552328100074,0.13228936835461685,0.5819763478193689,0.11752935766743235,0.08574541268143189,0.0,-0.06674261989498827,0.06973433053683736
motive_7,0.09535177360929725,0.18364090875132938,-0.21646504733194497,-0.10331302487041225,0.23729018116353962,-0.06674261989498827,0.0,0.45862950031243993
motive_8,0.5610339728186748,0.10642084112266786,0.5326023100854308,0.24122755508828309,-0.013922615350910536,0.06973433053683736,0.45862950031243993,0.0
