,motive_1,motive_2,motive_3,motive_4,motive_5,motive_6,motive_7,motive_8
motive_1,0.0,0.3392173611009363,-0.10108900642349083,-0.03171085507675547,0.1829566595913468,0.2466049571265804,-0.023873573717771074,0.18351278325064976
motive_2,0.3392173611009363,0.0,0.318374059316408,0.12176245221872728,0.28525483030546106,0.04026266845128772,0.0724879619881475,0.3139230761644478
motive_3,-0.10108900642349083,0.318374059316408,0.0,0.0934904984618526,0.5410036468972567,-0.267661727097163,0.11551997804436012,0.28481606117672886
motive_4,-0.03171085507675547,0.12176245221872728,0.0934904984618526,0.0,-0.1409018755091173,0.12043281272497713,0.5062146859957357,-0.08057968619363176
motive_5,0.1829566595913468,0.28525483030546106,0.5410036468972567,-0.1409018755091173,0.0,0.22275424486375295,-0.08567749988697641,0.13904042699034935
motive_6,0.2466049571265804,0.04026266845128772,-0.267661727097163,0.12043281272497713,0.22275424486375295,0.0,0.4783078274864222,0.38629587957213446
motive_7,-0.023873573717771074,0.0724879619881475,0.11551997804436012,0.5062146859957357,-0.08567749988697641,0.4783078274864222,0.0,0.2247862276521635
motive_8,0.18351278325064976,0.3139230761644478,0.28481606117672886,-0.08057968619363176,0.13904042699034935,0.38629587957213446,0.2247862276521635,0.0
