,motive_1,motive_2,motive_3,motive_4,motive_5,motive_6,motive_7,motive_8
motive_1,0.0,0.044294113268987106,-0.5389772430321753,-0.5180625406641801,0.3139941565336277,0.10599577815095423,0.27389022788770295,0.5348702217027598
motive_2,0.044294113268987106,0.0,0.6391141089196475,0.3822258244309447,0.2281415101220312,0.2423651421973832,0.2822366184672143,-0.058625617548087816
motive_3,-0.5389772430321753,0.6391141089196475,0.0,0.7982730824619093,0.279569812655093,-0.7051802629291317,0.9999812228442302,-0.37071718951463467
motive_4,-0.5180625406641801,0.3822258244309447,0.7982730824619093,0.0,-0.31260755668594864,-0.45537849343162706,-0.5110890736262185,0.6091217440652619
motive_5,0.3139941565336277,0.2281415101220312,0.279569812655093,-0.31260755668594864,0.0,0.4726521450261943,0.4343528268329118,0.4628955996442105
motive_6,0.10599577815095423,0.2423651421973832,-0.7051802629291317,-0.45537849343162706,0.4726521450261943,0.0,0.7513733755340479,0.0369151871570087
motive_7,0.27389022788770295,0.2822366184672143,0.9999812228442302,-0.5110890736262185,0.4343528268329118,0.7513733755340479,0.0,-0.20776215483263488
motive_8,0.5348702217027598,-0.058625617548087816,-0.37071718951463467,0.6091217440652619,0.4628955996442105,0.0369151871570087,-0.20776215483263488,0.0
