,motive_1,motive_2,motive_3,motive_4,motive_5,motive_6,motive_7,motive_8
motive_1,0.0,0.14731942079944169,0.4982835168668398,0.2322817993699957,-0.057470616592957685,-0.06445140072992309,0.5035562296317679,0.13862264179003989
motive_2,0.14731942079944169,0.0,0.2995349503294683,0.2488249864324587,-0.2643341894918392,0.3427712165028189,-0.14689226250154544,0.35435518384302644
motive_3,0.4982835168668398,0.2995349503294683,0.0,-0.003003107997673088,0.19131654514301527,0.13964750657758507,0.13785514274962793,0.1546519470856533
motive_4,0.2322817993699957,0.2488249864324587,-0.003003107997673088,0.0,0.132165622073446,0.5132993901151565,0.4259587266719629,0.011509460181149414
motive_5,-0.057470616592957685,-0.2643341894918392,0.19131654514301527,0.132165622073446,0.0,0.1470040342081747,0.3279980634565285,0.013439340812325229
motive_6,-0.06445140072992309,0.3427712165028189,0.13964750657758507,0.5132993901151565,0.1470040342081747,0.0,0.2991464316120185,0.04083158203796097
motive_7,0.5035562296317679,-0.14689226250154544,0.13785514274962793,0.4259587266719629,0.3279980634565285,0.2991464316120185,0.0,0.21657528576025423
motive_8,0.13862264179003989,0.35435518384302644,0.1546519470856533,0.011509460181149414,0.013439340812325229,0.04083158203796097,0.21657528576025423,0.0
