,motive_1,motive_2,motive_3,motive_4,motive_5,motive_6,motive_7,motive_8
motive_1,0.0,-0.16255265256945206,0.021801545523948168,0.13029367419495536,0.057835796124912076,-0.06995765847720344,0.0706719429770385,-0.016743493546297783
motive_2,-0.16255265256945206,0.0,-0.0714157267230042,-0.033853244197140225,-0.06260116950651623,0.16943032468029784,-0.11840991916504066,-0.07392572155325236
motive_3,0.021801545523948168,-0.0714157267230042,0.0,-0.15628103100908458,0.09845189837780417,-0.04231157206983018,0.05148578075557987,-0.05908503659916152
motive_4,0.13029367419495536,-0.033853244197140225,-0.15628103100908458,0.0,0.007227473298672613,-0.08775248986161785,0.09395365645680734,0.11091834349962797
motive_5,0.057835796124912076,-0.06260116950651623,0.09845189837780417,0.007227473298672613,0.0,0.012091911403283008,0.09290465409602292,-0.01568814666238666
motive_6,-0.06995765847720344,0.16943032468029784,-0.04231157206983018,-0.08775248986161785,0.012091911403283008,0.0,0.050854309763153305,-0.03590251285285058
motive_7,0.0706719429770385,-0.11840991916504066,0.05148578075557987,0.09395365645680734,0.09290465409602292,0.050854309763153305,0.0,-0.06871316799937247
motive_8,-0.016743493546297783,-0.07392572155325236,-0.05908503659916152,0.11091834349962797,-0.01568814666238666,-0.03590251285285058,-0.06871316799937247,0.0
