,motive_1,motive_2,motive_3,motive_4,motive_5,motive_6,motive_7,motive_8
motive_1,0.0,0.2322032392056009,0.3037135798140006,-0.0004699258959708977,0.2597139045219912,0.4480213675018832,-0.17877670454197858,0.43477906273808886
motive_2,0.2322032392056009,0.0,0.08308092812423967,-0.045164976185910755,0.11620880518639082,0.009853786772218737,0.32844433406929446,0.158375528893861
motive_3,0.3037135798140006,0.08308092812423967,0.0,0.1948701427702488,-0.11343423935098992,0.13883260139389697,-0.19707346611715193,0.2978295732732061
motive_4,-0.0004699258959708977,-0.045164976185910755,0.1948701427702488,0.0,0.31944428039496153,0.08144944565675682,0.041427817781364645,0.22613809258244935
motive_5,0.2597139045219912,0.11620880518639082,-0.11343423935098992,0.31944428039496153,0.0,0.2280713623254614,-0.1135556096524454,0.10346671271866645
motive_6,0.4480213675018832,0.009853786772218737,0.13883260139389697,0.08144944565675682,0.2280713623254614,0.0,0.6066042577847528,-0.12903451805999772
motive_7,-0.17877670454197858,0.32844433406929446,-0.19707346611715193,0.041427817781364645,-0.1135556096524454,0.6066042577847528,0.0,0.5471106547330804
motive_8,0.43477906273808886,0.158375528893861,0.2978295732732061,0.22613809258244935,0.10346671271866645,-0.12903451805999772,0.5471106547330804,0.0
