,motive_1,motive_2,motive_3,motive_4,motive_5,motive_6,motive_7,motive_8
motive_1,0.0,0.04773892651147993,-0.08543112509252354,0.04047103181476567,0.09272192851982104,0.10177529593828788,0.002734033495403354,0.08343468730577558
motive_2,0.04773892651147993,0.0,-0.0113398690887919,-0.019777575025920896,0.12442354296300721,0.03303608536207514,-0.0182329142039742,0.07762332584333231
motive_3,-0.08543112509252354,-0.0113398690887919,0.0,-0.11843356718092557,-0.12325524935195348,-0.06010578339210822,-0.12955093954480187,-0.0018179883969821494
motive_4,0.04047103181476567,-0.019777575025920896,-0.11843356718092557,0.0,-0.03588354121263306,-0.08782417563422702,-0.0578498926717468,0.08375240112220937
motive_5,0.09272192851982104,0.12442354296300721,-0.12325524935195348,-0.03588354121263306,0.0,-0.023274646711678657,-0.060866297809393274,0.010142180727894592
motive_6,0.10177529593828788,0.03303608536207514,-0.06010578339210822,-0.08782417563422702,-0.023274646711678657,0.0,-0.015007704165789644,0.043288918706062614
motive_7,0.002734033495403354,-0.0182329142039742,-0.12955093954480187,-0.0578498926717468,-0.060866297809393274,-0.015007704165789644,0.0,0.019430755312505835
motive_8,0.08343468730577558,0.07762332584333231,-0.0018179883969821494,0.08375240112220937,0.010142180727894592,0.043288918706062614,0.019430755312505835,0.0
