,motive_1,motive_2,motive_3,motive_4,motive_5,motive_6,motive_7,motive_8
motive_1,0.0,0.035141109607711385,0.5404772335418758,0.15953561033651886,0.9335556736616174,-0.543382681408208,-0.5450494260830018,-0.12704924335598458
motive_2,0.035141109607711385,0.0,0.37088433668806914,0.44706259237678075,-0.21997548271611841,0.4097408089476212,0.4970982512066279,0.8579017610590022
motive_3,0.5404772335418758,0.37088433668806914,0.0,0.05448797243171716,1.1034644304433345,0.05107813825775645,0.4994286395126539,-0.2824830173424598
motive_4,0.15953561033651886,0.44706259237678075,0.05448797243171716,0.0,0.15066191762271505,0.07142510706410082,-0.4221303994303831,0.05129475488565657
motive_5,0.9335556736616174,-0.21997548271611841,1.1034644304433345,0.15066191762271505,0.0,0.4362906966603027,-0.520247976950435,-0.12303794742915067
motive_6,-0.543382681408208,0.4097408089476212,0.05107813825775645,0.07142510706410082,0.4362906966603027,0.0,0.9599474386092539,0.41204875729560725
motive_7,-0.5450494260830018,0.4970982512066279,0.4994286395126539,-0.4221303994303831,-0.520247976950435,0.9599474386092539,0.0,0.024727277633866285
motive_8,-0.12704924335598458,0.8579017610590022,-0.2824830173424598,0.05129475488565657,-0.12303794742915067,0.41204875729560725,0.024727277633866285,0.0
