,motive_1,motive_2,motive_3,motive_4,motive_5,motive_6,motive_7,motive_8
motive_1,0.0,0.0857440837950098,0.04973295151389593,0.12034674238968124,0.09875417854861504,0.11711101551288024,0.21935082794702637,0.09218964280404465
motive_2,0.0857440837950098,0.0,0.1179578973812378,0.23714197640181833,0.16201539285412841,0.1113271775371315,0.09362832969854437,0.08396058668001903
motive_3,0.04973295151389593,0.1179578973812378,0.0,0.11404621638509892,-0.01207878050098743,0.1452936094586921,0.05200243298447866,0.061190032992522375
motive_4,0.12034674238968124,0.23714197640181833,0.11404621638509892,0.0,-0.08357792309965316,0.18524021635357998,0.0813661844044052,0.10306971832366218
motive_5,0.09875417854861504,0.16201539285412841,-0.01207878050098743,-0.08357792309965316,0.0,0.036752624734445176,0.02580647222779807,0.14957745105111553
motive_6,0.11711101551288024,0.1113271775371315,0.1452936094586921,0.18524021635357998,0.036752624734445176,0.0,0.12714924700848457,0.15146559848451607
motive_7,0.21935082794702637,0.09362832969854437,0.05200243298447866,0.0813661844044052,0.02580647222779807,0.12714924700848457,0.0,0.04417579378930928
motive_8,0.09218964280404465,0.08396058668001903,0.061190032992522375,0.10306971832366218,0.14957745105111553,0.15146559848451607,0.04417579378930928,0.0
