,motive_1,motive_2,motive_3,motive_4,motive_5,motive_6,motive_7,motive_8
motive_1,0.0,-0.2852727241377161,-0.6560154901720612,-0.3332681621908293,-0.6874686886193612,-0.05646654093185926,-0.44675704449853865,-0.2970503567294348
motive_2,-0.2852727241377161,0.0,0.5270497344795187,0.24773800674798496,0.37101919244868214,-0.9997105915096989,-0.0305327822053092,-0.524465598122265
motive_3,-0.6560154901720612,0.5270497344795187,0.0,-0.12273819078953754,-0.1518683916886544,0.38316103750080793,-0.47336603306411806,0.22350992465004688
motive_4,-0.3332681621908293,0.24773800674798496,-0.12273819078953754,0.0,-0.575841220178299,0.2368069072877697,0.5004184579942661,0.029304163836060715
motive_5,-0.6874686886193612,0.37101919244868214,-0.1518683916886544,-0.575841220178299,0.0,0.18207859142992316,-0.4109880170953941,-0.4499667851490409
motive_6,-0.05646654093185926,-0.9997105915096989,0.38316103750080793,0.2368069072877697,0.18207859142992316,0.0,0.020350998329629888,-0.37743519889206806
motive_7,-0.44675704449853865,-0.0305327822053092,-0.47336603306411806,0.5004184579942661,-0.4109880170953941,0.020350998329629888,0.0,1.08319229739212
motive_8,-0.2970503567294348,-0.524465598122265,0.22350992465004688,0.029304163836060715,-0.4499667851490409,-0.37743519889206806,1.08319229739212,0.0
