,motive_1,motive_2,motive_3,motive_4,motive_5,motive_6,motive_7,motive_8
motive_1,0.0,0.09890022901280332,0.04876895993410593,0.14058237577393065,0.13070916591716072,0.20528716137386305,0.09083583372641578,0.24844343234070887
motive_2,0.09890022901280332,0.0,0.07425593411666019,0.14220832885104662,0.09822488202754573,0.12644021222929752,0.05025680104783428,0.07736403351992469
motive_3,0.04876895993410593,0.07425593411666019,0.0,0.1779824803787873,0.08407543588054964,0.13233372501200313,0.2076034848387362,0.11028348848550727
motive_4,0.14058237577393065,0.14220832885104662,0.1779824803787873,0.0,0.23543510810643636,0.1291050921917254,0.18830886380260986,0.07731241967512942
motive_5,0.13070916591716072,0.09822488202754573,0.08407543588054964,0.23543510810643636,0.0,0.07615083286005209,0.10700577174912534,0.12258977626723974
motive_6,0.20528716137386305,0.12644021222929752,0.13233372501200313,0.1291050921917254,0.07615083286005209,0.0,0.10119553180247312,0.17385645438645453
motive_7,0.09083583372641578,0.05025680104783428,0.2076034848387362,0.18830886380260986,0.10700577174912534,0.10119553180247312,0.0,0.15314995843020315
motive_8,0.24844343234070887,0.07736403351992469,0.11028348848550727,0.07731241967512942,0.12258977626723974,0.17385645438645453,0.15314995843020315,0.0
