,motive_1,motive_2,motive_3,motive_4,motive_5,motive_6,motive_7,motive_8
satisfaction,-0.06791395349072613,0.021955457343089263,-0.03743120904546965,0.17659705992408833,0.2151346012184628,0.3687982737450507,-0.10321902306538347,0.3166104232797138
