,motive_1,motive_2,motive_3,motive_4,motive_5,motive_6,motive_7,motive_8
motive_1,0.0,-0.0005166137739158541,0.025159751171477146,-0.07211908791645379,0.08987930181934634,-0.07627537801066867,-0.0555528587079722,-0.028721419038638167
motive_2,-0.0005166137739158541,0.0,-0.04600147372118936,-0.05608633212323233,-0.09610709315950691,0.09844664266002841,-0.002867918355111988,-0.18594137819956855
motive_3,0.025159751171477146,-0.04600147372118936,0.0,0.03266329930144594,0.0051073955262031095,-0.0959941672810515,-0.005835429879886653,-0.034250973742354
motive_4,-0.07211908791645379,-0.05608633212323233,0.03266329930144594,0.0,-0.004695429501107269,0.02170847762732123,0.09466642635620955,-0.007322299463769303
motive_5,0.08987930181934634,-0.09610709315950691,0.0051073955262031095,-0.004695429501107269,0.0,-0.06211135872056418,-0.05155199123574547,0.003366112062669381
motive_6,-0.07627537801066867,0.09844664266002841,-0.0959941672810515,0.02170847762732123,-0.06211135872056418,0.0,-0.13261382711735262,0.09723104729937415
motive_7,-0.0555528587079722,-0.002867918355111988,-0.005835429879886653,0.09466642635620955,-0.05155199123574547,-0.13261382711735262,0.0,0.08959094523702066
motive_8,-0.028721419038638167,-0.18594137819956855,-0.034250973742354,-0.007322299463769303,0.003366112062669381,0.09723104729937415,0.08959094523702066,0.0
