,motive_1,motive_2,motive_3,motive_4,motive_5,motive_6,motive_7,motive_8
motive_1,0.0,0.17066161696929677,0.24266028975242254,0.2772094523168741,0.23632099708884824,0.26317446905093456,0.18697419332915144,0.034012111148698204
motive_2,0.17066161696929677,0.0,0.2980391586662484,0.2494908218998189,0.13530726367521118,0.2692996480034376,-0.00011648089817890839,0.5867794102948998
motive_3,0.24266028975242254,0.2980391586662484,0.0,0.5322016267205352,0.33138928843109194,-0.018279025830279516,0.47595320152405396,0.09131357800579143
motive_4,0.2772094523168741,0.2494908218998189,0.5322016267205352,0.0,0.15927737191515762,0.18605804893298308,0.443894097317922,0.5364432362048964
motive_5,0.23632099708884824,0.13530726367521118,0.33138928843109194,0.15927737191515762,0.0,0.39678407378376335,0.3372918633612988,-0.015967510990114266
motive_6,0.26317446905093456,0.2692996480034376,-0.018279025830279516,0.18605804893298308,0.39678407378376335,0.0,0.4000866779587694,0.35284803714584506
motive_7,0.18697419332915144,-0.00011648089817890839,0.47595320152405396,0.443894097317922,0.3372918633612988,0.4000866779587694,0.0,0.26574223630672517
motive_8,0.034012111148698204,0.5867794102948998,0.09131357800579143,0.5364432362048964,-0.015967510990114266,0.35284803714584506,0.26574223630672517,0.0
