,motive_1,motive_2,motive_3,motive_4,motive_5,motive_6,motive_7,motive_8
satisfaction,-0.17301697526964382,0.669882834482011,0.10054850281154847,0.4207702298686331,0.6131832913132083,0.2152402349438407,0.30787533393127164,0.38560326644812404
