,motive_1,motive_2,motive_3,motive_4,motive_5,motive_6,motive_7,motive_8
motive_1,0.0,1.2409943616428594,0.4911943148449231,0.3409670519783524,0.3616679070902247,-0.09701148798464504,-0.2736185352940952,0.5578605205949558
motive_2,1.2409943616428594,0.0,-0.8480901777212908,0.23880891346824956,0.24952802060132787,0.7278789314285504,0.5068022129376208,-0.3387469073190682
motive_3,0.4911943148449231,-0.8480901777212908,0.0,0.30896385482744465,-0.1328373681536786,0.6222761377930978,-0.2510044773502949,0.3008255568270488
motive_4,0.3409670519783524,0.23880891346824956,0.30896385482744465,0.0,0.6801687497322573,0.35017215258297213,0.03484100654736508,0.21979104297592894
motive_5,0.3616679070902247,0.24952802060132787,-0.1328373681536786,0.6801687497322573,0.0,0.4363705026315332,0.28301746736693745,0.7785470684917443
motive_6,-0.09701148798464504,0.7278789314285504,0.6222761377930978,0.35017215258297213,0.4363705026315332,0.0,0.07941738618519587,-0.3487951248286139
motive_7,-0.2736185352940952,0.5068022129376208,-0.2510044773502949,0.03484100654736508,0.28301746736693745,0.07941738618519587,0.0,-0.1043111963898905
motive_8,0.5578605205949558,-0.3387469073190682,0.3008255568270488,0.21979104297592894,0.7785470684917443,-0.3487951248286139,-0.1043111963898905,0.0
