,motive_1,motive_2,motive_3,motive_4,motive_5,motive_6,motive_7,motive_8
satisfaction,0.26845712117426446,0.06022990702864747,0.4914631234650446,0.38277612532880145,-0.06720026363962445,0.035072330673425856,0.2799885241629506,-0.34480396974669353
