,motive_1,motive_2,motive_3,motive_4,motive_5,motive_6,motive_7,motive_8
motive_1,0.0,0.3502395746417456,-0.09741345034830706,0.13776887580038333,-0.0538221135683635,0.19340944108130267,0.371444856608861,0.20013974554674244
motive_2,0.3502395746417456,0.0,0.2539376241410237,0.5829183517667956,0.05921199976692461,0.5981988013628741,0.7793512132634011,0.40157534017015284
motive_3,-0.09741345034830706,0.2539376241410237,0.0,0.32085458009431045,0.005934658025054176,0.24555461579703486,0.4878675731264698,-0.09671787466666826
motive_4,0.13776887580038333,0.5829183517667956,0.32085458009431045,0.0,0.11769694931513482,0.5096048665478573,0.08282028138798109,0.03791448502185593
motive_5,-0.0538221135683635,0.05921199976692461,0.005934658025054176,0.11769694931513482,0.0,0.23452808521061994,-0.00011981132191438149,0.050081439232243605
motive_6,0.19340944108130267,0.5981988013628741,0.24555461579703486,0.5096048665478573,0.23452808521061994,0.0,0.6632363441174136,0.0810060609661093
motive_7,0.371444856608861,0.7793512132634011,0.4878675731264698,0.08282028138798109,-0.00011981132191438149,0.6632363441174136,0.0,-0.01199909183836849
motive_8,0.20013974554674244,0.40157534017015284,-0.09671787466666826,0.03791448502185593,0.050081439232243605,0.0810060609661093,-0.01199909183836849,0.0
