,motive_1,motive_2,motive_3,motive_4,motive_5,motive_6,motive_7,motive_8
motive_1,0.0,0.01711150493104898,0.17677120514793726,0.23407627812712084,0.09501922943698177,0.05936780944433817,0.0930962337729834,0.12102155810294987
motive_2,0.01711150493104898,0.0,0.06303746259172704,0.0756187976632825,0.042202592081654555,0.20067368429240165,0.13712404809359324,0.19541555584947556
motive_3,0.17677120514793726,0.06303746259172704,0.0,0.06470381288271013,0.23414005549534017,-0.0215286334522169,-0.011620552829617062,-0.03884826142292988
motive_4,0.23407627812712084,0.0756187976632825,0.06470381288271013,0.0,0.12206775493221221,0.09964963559917504,0.08233724369912396,0.12458566668761639
motive_5,0.09501922943698177,0.042202592081654555,0.23414005549534017,0.12206775493221221,0.0,0.1444587568450326,0.06247296397767454,0.01595209096557121
motive_6,0.05936780944433817,0.20067368429240165,-0.0215286334522169,0.09964963559917504,0.1444587568450326,0.0,0.2204348595106233,-0.04121922791053919
motive_7,0.0930962337729834,0.13712404809359324,-0.011620552829617062,0.08233724369912396,0.06247296397767454,0.2204348595106233,0.0,0.12992210563311452
motive_8,0.12102155810294987,0.19541555584947556,-0.03884826142292988,0.12458566668761639,0.01595209096557121,-0.04121922791053919,0.12992210563311452,0.0
