,motive_1,motive_2,motive_3,motive_4,motive_5,motive_6,motive_7,motive_8
motive_1,0.0,0.3998979583971186,0.5024541687001783,-0.16597706901453047,0.3384327367132679,0.21529057212548428,0.20318903962286128,0.40070067432301915
motive_2,0.3998979583971186,0.0,-0.11508960471579767,0.4670316408240386,-0.20466790623671163,0.258641479443987,0.05753384590282701,0.21700755270570274
motive_3,0.5024541687001783,-0.11508960471579767,0.0,0.5513985237281189,-0.09340704578859817,0.24990753623172535,0.12946524510456442,0.3222154023895609
motive_4,-0.16597706901453047,0.4670316408240386,0.5513985237281189,0.0,0.01499144068818084,0.4658694678135119,-0.08825013783358948,0.04970649037212538
motive_5,0.3384327367132679,-0.20466790623671163,-0.09340704578859817,0.01499144068818084,0.0,0.028844353960106234,0.29619213758891216,0.24049850474450224
motive_6,0.21529057212548428,0.258641479443987,0.24990753623172535,0.4658694678135119,0.028844353960106234,0.0,-0.08450698370852348,0.09605667476534085
motive_7,0.20318903962286128,0.05753384590282701,0.12946524510456442,-0.08825013783358948,0.29619213758891216,-0.08450698370852348,0.0,0.45954638500832445
motive_8,0.40070067432301915,0.21700755270570274,0.3222154023895609,0.04970649037212538,0.24049850474450224,0.09605667476534085,0.45954638500832445,0.0
