,motive_1,motive_2,motive_3,motive_4,motive_5,motive_6,motive_7,motive_8
motive_1,0.0,0.02494664773937827,0.7181218265217404,0.30088505996506143,-0.33693040449036404,-0.1932190644457207,-0.16129486907745652,0.403277509095082
motive_2,0.02494664773937827,0.0,0.056263917680501346,0.1992704209984939,0.4889890740653841,0.031721438142331526,0.32949736642759125,0.24200280599424423
motive_3,0.7181218265217404,0.056263917680501346,0.0,0.32705344361512784,0.04481770043973127,-0.25480091563513385,0.1442308616665273,-0.022393009242710094
motive_4,0.30088505996506143,0.1992704209984939,0.32705344361512784,0.0,-0.023201486885757072,0.8572822557722496,-0.29817636557956867,0.48204806035824743
motive_5,-0.33693040449036404,0.4889890740653841,0.04481770043973127,-0.023201486885757072,0.0,-0.6207284954958296,-0.0928829183387787,-0.8244447697696553
motive_6,-0.1932190644457207,0.031721438142331526,-0.25480091563513385,0.8572822557722496,-0.6207284954958296,0.0,0.06959572122490804,-0.16874952240680846
motive_7,-0.16129486907745652,0.32949736642759125,0.1442308616665273,-0.29817636557956867,-0.0928829183387787,0.06959572122490804,0.0,0.3830445519492042
motive_8,0.403277509095082,0.24200280599424423,-0.022393009242710094,0.48204806035824743,-0.8244447697696553,-0.16874952240680846,0.3830445519492042,0.0
