,motive_1,motive_2,motive_3,motive_4,motive_5,motive_6,motive_7,motive_8
motive_1,0.0,-0.03617441147885235,0.09903972558162911,-0.023684498226903595,-0.28382889657899396,0.19579459107115305,0.06751244666343752,-0.06783539183543164
motive_2,-0.03617441147885235,0.0,0.05661029481990634,0.05084088872593201,-0.009299870185968909,-0.09291509564084799,-0.07281516143165064,-0.07369790127372225
motive_3,0.09903972558162911,0.05661029481990634,0.0,-0.015601264266133117,0.11098790608659133,0.0008129594485519758,-0.048927934062638664,-0.02278975899584098
motive_4,-0.023684498226903595,0.05084088872593201,-0.015601264266133117,0.0,-0.08877576080779674,0.05944976313900715,-0.08012388864735641,-0.033515606527791474
motive_5,-0.28382889657899396,-0.009299870185968909,0.11098790608659133,-0.08877576080779674,0.0,-0.040908734482672855,-0.08766787108634067,0.009590252979654698
motive_6,0.19579459107115305,-0.09291509564084799,0.0008129594485519758,0.05944976313900715,-0.040908734482672855,0.0,-0.09329244312355808,0.08618701340857195
motive_7,0.06751244666343752,-0.07281516143165064,-0.048927934062638664,-0.08012388864735641,-0.08766787108634067,-0.09329244312355808,0.0,-0.024368155063750476
motive_8,-0.06783539183543164,-0.07369790127372225,-0.02278975899584098,-0.033515606527791474,0.009590252979654698,0.08618701340857195,-0.024368155063750476,0.0
