,motive_1,motive_2,motive_3,motive_4,motive_5,motive_6,motive_7,motive_8
motive_1,0.0,-0.3208971406569999,0.2416961411710972,0.08582749385936889,0.3067290368461129,0.4721283518196697,0.009834246061227264,-0.07674374610256597
motive_2,-0.3208971406569999,0.0,0.14867898502442806,0.23256755190649833,0.29980034915636444,0.17082762216712216,0.2722216186319466,0.04146974172514389
motive_3,0.2416961411710972,0.14867898502442806,0.0,0.41234552458650175,0.44477285189960064,0.02431688676983803,0.32310219039448007,0.1456837967627992
motive_4,0.08582749385936889,0.23256755190649833,0.41234552458650175,0.0,0.28377363138997796,-0.1945452456583514,0.0017802064978497054,0.5635644596325311
motive_5,0.3067290368461129,0.29980034915636444,0.44477285189960064,0.28377363138997796,0.0,0.019762234608315526,0.129628261241358,-0.2013736809347304
motive_6,0.4721283518196697,0.17082762216712216,0.02431688676983803,-0.1945452456583514,0.019762234608315526,0.0,0.1011125008690125,0.2798953360764109
motive_7,0.009834246061227264,0.2722216186319466,0.32310219039448007,0.0017802064978497054,0.129628261241358,0.1011125008690125,0.0,0.07831416374815107
motive_8,-0.07674374610256597,0.04146974172514389,0.1456837967627992,0.5635644596325311,-0.2013736809347304,0.2798953360764109,0.07831416374815107,0.0
