,motive_1,motive_2,motive_3,motive_4,motive_5,motive_6,motive_7,motive_8
motive_1,0.0,0.20085342537513046,0.1918421880778515,0.16347423402785705,0.3399864510264372,0.19346560648722314,0.0993139132659057,0.17711617259165943
motive_2,0.20085342537513046,0.0,0.888377183389805,-0.07741547708191789,0.22648438201952997,-0.04894213109444673,0.12769430656609543,0.07898434299197704
motive_3,0.1918421880778515,0.888377183389805,0.0,0.0027661948063010533,0.05241094938682994,0.3297502212676682,0.26581174948091585,0.1339388544826745
motive_4,0.16347423402785705,-0.07741547708191789,0.0027661948063010533,0.0,0.3266731774200795,0.21774837839452327,0.005658691457219797,-0.22476646516366983
motive_5,0.3399864510264372,0.22648438201952997,0.05241094938682994,0.3266731774200795,0.0,0.263096060806301,0.24325677188882672,0.4290672812869871
motive_6,0.19346560648722314,-0.04894213109444673,0.3297502212676682,0.21774837839452327,0.263096060806301,0.0,0.09841864265685132,0.23990027575051176
motive_7,0.0993139132659057,0.12769430656609543,0.26581174948091585,0.005658691457219797,0.24325677188882672,0.09841864265685132,0.0,0.34754796793075826
motive_8,0.17711617259165943,0.07898434299197704,0.1339388544826745,-0.22476646516366983,0.4290672812869871,0.23990027575051176,0.34754796793075826,0.0
