,motive_1,motive_2,motive_3,motive_4,motive_5,motive_6,motive_7,motive_8
motive_1,0.0,0.03833353287512574,0.06989438486839104,0.12435588281952897,0.04794221234213614,0.1102980272871155,0.02192536483766308,0.09186130895227361
motive_2,0.03833353287512574,0.0,0.08882438563071127,0.11894379276477114,0.08403964566073036,-0.02144028392283128,0.007003535761564546,0.1634271933872762
motive_3,0.06989438486839104,0.08882438563071127,0.0,0.04715404056254724,0.1621436195766307,0.06827130735434024,-0.03857264770698743,-0.03278917273265419
motive_4,0.12435588281952897,0.11894379276477114,0.04715404056254724,0.0,0.15792550531604538,0.103877896874286,0.09158464743672218,0.13225016283155558
motive_5,0.04794221234213614,0.08403964566073036,0.1621436195766307,0.15792550531604538,0.0,0.12275817784134632,0.23830171619549909,-0.014773686232756836
motive_6,0.1102980272871155,-0.02144028392283128,0.06827130735434024,0.103877896874286,0.12275817784134632,0.0,0.23626293771302695,0.07023187771557025
motive_7,0.02192536483766308,0.007003535761564546,-0.03857264770698743,0.09158464743672218,0.23830171619549909,0.23626293771302695,0.0,0.08895078732823261
motive_8,0.09186130895227361,0.1634271933872762,-0.03278917273265419,0.13225016283155558,-0.014773686232756836,0.07023187771557025,0.08895078732823261,0.0
