,motive_1,motive_2,motive_3,motive_4,motive_5,motive_6,motive_7,motive_8
motive_1,0.0,0.05100805113669811,-0.035096333064665176,-0.043632057025071995,-0.048073762485165546,0.019151906906717225,0.010338250645804653,-0.016668103457075305
motive_2,0.05100805113669811,0.0,-0.04877271879403312,-0.02976840419936949,0.03741704004479207,-0.020494807673145286,-0.014170252117303026,0.017256410332966106
motive_3,-0.035096333064665176,-0.04877271879403312,0.0,-0.010845172207622066,0.001069547402131818,-0.06124797587815328,-0.005819105175645246,0.014905432334337214
motive_4,-0.043632057025071995,-0.02976840419936949,-0.010845172207622066,0.0,-0.05502478612709151,-0.0721000905485376,0.027878365427390493,-0.0927050799693285
motive_5,-0.048073762485165546,0.03741704004479207,0.001069547402131818,-0.05502478612709151,0.0,-0.04169740427406564,-0.10746192996360035,0.005639816414565759
motive_6,0.019151906906717225,-0.020494807673145286,-0.06124797587815328,-0.0721000905485376,-0.04169740427406564,0.0,-0.06842212915055447,0.020223764046094987
motive_7,0.010338250645804653,-0.014170252117303026,-0.005819105175645246,0.027878365427390493,-0.10746192996360035,-0.06842212915055447,0.0,-0.13913998061949323
motive_8,-0.016668103457075305,0.017256410332966106,0.014905432334337214,-0.0927050799693285,0.005639816414565759,0.020223764046094987,-0.13913998061949323,0.0
