,motive_1,motive_2,motive_3,motive_4,motive_5,motive_6,motive_7,motive_8
motive_1,0.0,0.17727609526854937,0.004147984636032463,0.09225235314714694,0.23677894189765503,0.2306424579942566,-0.00390718502264796,0.1541403629293723
motive_2,0.17727609526854937,0.0,0.06509298177460209,0.08344195788879541,0.09705718173905428,0.08674082589476415,0.07384629069770751,0.05388920145487457
motive_3,0.004147984636032463,0.06509298177460209,0.0,0.1047874670882175,0.24211058911752684,0.10893161047310776,0.24711250477476743,0.043643234469729314
motive_4,0.09225235314714694,0.08344195788879541,0.1047874670882175,0.0,0.19019448469933856,0.0918542058009674,-0.01182797855713524,0.13917137050933626
motive_5,0.23677894189765503,0.09705718173905428,0.24211058911752684,0.19019448469933856,0.0,0.09351154538712893,0.007269780678112674,-0.04298651413878986
motive_6,0.2306424579942566,0.08674082589476415,0.10893161047310776,0.0918542058009674,0.09351154538712893,0.0,0.1729167570396486,-0.044344424308834236
motive_7,-0.00390718502264796,0.07384629069770751,0.24711250477476743,-0.01182797855713524,0.007269780678112674,0.1729167570396486,0.0,0.14828592928327647
motive_8,0.1541403629293723,0.05388920145487457,0.043643234469729314,0.13917137050933626,-0.04298651413878986,-0.044344424308834236,0.14828592928327647,0.0
