,motive_1,motive_2,motive_3,motive_4,motive_5,motive_6,motive_7,motive_8
motive_1,0.0,0.3137854130446906,0.33514737516577964,0.18525823887980103,0.15990202847142815,0.13711592478447338,0.4163500410122871,0.2589293623213119
motive_2,0.3137854130446906,0.0,0.031025294977130163,0.1474601537145318,0.813857015153026,0.4655680947598739,0.3735927875091828,-0.31390876502674675
motive_3,0.33514737516577964,0.031025294977130163,0.0,0.258466122275232,0.3153979010580259,-0.04121619803260701,-0.09012180115301997,0.33297067826842736
motive_4,0.18525823887980103,0.1474601537145318,0.258466122275232,0.0,0.5287933582275723,-0.0813281097302358,-0.03090709063290653,0.07707739522659
motive_5,0.15990202847142815,0.813857015153026,0.3153979010580259,0.5287933582275723,0.0,0.06604830343157422,0.44493895584589205,-0.02030876516923652
motive_6,0.13711592478447338,0.4655680947598739,-0.04121619803260701,-0.0813281097302358,0.06604830343157422,0.0,0.16114475541051834,0.14534077255953637
motive_7,0.4163500410122871,0.3735927875091828,-0.09012180115301997,-0.03090709063290653,0.44493895584589205,0.16114475541051834,0.0,0.33636243044249364
motive_8,0.2589293623213119,-0.31390876502674675,0.33297067826842736,0.07707739522659,-0.02030876516923652,0.14534077255953637,0.33636243044249364,0.0
