,motive_1,motive_2,motive_3,motive_4,motive_5,motive_6,motive_7,motive_8
motive_1,0.0,0.21821199972831323,0.22467207789451227,0.1690565297271422,-0.018740634371821843,0.1379562368111123,0.16659936434058142,0.13221789070844825
motive_2,0.21821199972831323,0.0,0.10743985218623622,-0.06770221282732179,0.019521422549586123,0.1756755107473721,0.02827039222623031,0.13082635822731267
motive_3,0.22467207789451227,0.10743985218623622,0.0,0.06389977827323925,0.03987443016091468,0.11170331591352486,0.15367145093584708,0.07658759029779424
motive_4,0.1690565297271422,-0.06770221282732179,0.06389977827323925,0.0,0.1257720463438283,0.0929234023164231,0.17615125826851258,0.05083818651368646
motive_5,-0.018740634371821843,0.019521422549586123,0.03987443016091468,0.1257720463438283,0.0,0.19153381903382052,0.098144531343733,0.10388565001167815
motive_6,0.1379562368111123,0.1756755107473721,0.11170331591352486,0.0929234023164231,0.19153381903382052,0.0,-0.039317280363255484,0.12616661997771417
motive_7,0.16659936434058142,0.02827039222623031,0.15367145093584708,0.17615125826851258,0.098144531343733,-0.039317280363255484,0.0,0.24969517947609499
motive_8,0.13221789070844825,0.13082635822731267,0.07658759029779424,0.05083818651368646,0.10388565001167815,0.12616661997771417,0.24969517947609499,0.0
