,motive_1,motive_2,motive_3,motive_4,motive_5,motive_6,motive_7,motive_8
motive_1,0.0,-0.10651406816646145,0.28062583320607365,-0.047193155141059664,0.09720749502872791,0.30916441313387794,-0.06512018276593282,0.03079655000032082
motive_2,-0.10651406816646145,0.0,-0.20242683089154878,0.7543072946114076,0.04997832520230311,0.3098116550639264,0.21562636021383896,-0.057749160559577864
motive_3,0.28062583320607365,-0.20242683089154878,0.0,0.37682090132052637,-0.1676712218022451,0.1864305013504941,0.20791455613636245,0.48604414999963674
motive_4,-0.047193155141059664,0.7543072946114076,0.37682090132052637,0.0,-0.13697263975658092,-0.023071103238476193,0.08165618832805796,0.474147578306122
motive_5,0.09720749502872791,0.04997832520230311,-0.1676712218022451,-0.13697263975658092,0.0,0.062266047290939,0.13500809928931706,0.18711125237280926
motive_6,0.30916441313387794,0.3098116550639264,0.1864305013504941,-0.023071103238476193,0.062266047290939,0.0,0.17978031394090843,0.03717697822884937
motive_7,-0.06512018276593282,0.21562636021383896,0.20791455613636245,0.08165618832805796,0.13500809928931706,0.17978031394090843,0.0,0.3604305390230368
motive_8,0.03079655000032082,-0.057749160559577864,0.48604414999963674,0.474147578306122,0.18711125237280926,0.03717697822884937,0.3604305390230368,0.0
