,motive_1,motive_2,motive_3,motive_4,motive_5,motive_6,motive_7,motive_8
satisfaction,0.1441530559528274,0.08767772571357141,-0.10765284324686913,0.04027817086200389,0.17489847790246582,0.26960401216192054,-0.11907915105891151,0.01745553875648312
