,motive_1,motive_2,motive_3,motive_4,motive_5,motive_6,motive_7,motive_8
motive_1,0.0,0.3479123780054565,-0.2692573777973599,0.10185987032713284,0.491045100478344,0.34978931535794133,0.08689696531938165,-0.06871511641709072
motive_2,0.3479123780054565,0.0,0.13746681234810026,0.2826306871549137,-0.17209733446752842,0.08568973310010344,-0.03346176674264758,0.28427674325679847
motive_3,-0.2692573777973599,0.13746681234810026,0.0,0.025172767160156317,0.3613166630416552,0.18583909347269773,-0.009144894576516523,0.297035897251641
motive_4,0.10185987032713284,0.2826306871549137,0.025172767160156317,0.0,0.34641212188926473,-0.19283207863623614,-0.05429197218949276,0.10595676489144543
motive_5,0.491045100478344,-0.17209733446752842,0.3613166630416552,0.34641212188926473,0.0,0.0007018503433834228,0.08327775754405445,0.5952371748996921
motive_6,0.34978931535794133,0.08568973310010344,0.18583909347269773,-0.19283207863623614,0.0007018503433834228,0.0,0.09687670123557465,0.5723722979190886
motive_7,0.08689696531938165,-0.03346176674264758,-0.009144894576516523,-0.05429197218949276,0.08327775754405445,0.09687670123557465,0.0,-0.013845211442516464
motive_8,-0.06871511641709072,0.28427674325679847,0.297035897251641,0.10595676489144543,0.5952371748996921,0.5723722979190886,-0.013845211442516464,0.0
