,motive_1,motive_2,motive_3,motive_4,motive_5,motive_6,motive_7,motive_8
satisfaction,-0.0003509157184036632,-0.022802384108402213,0.41626898329165374,0.1588022632647486,-0.17777497143242102,0.10864390128377684,0.38961007057251296,0.3176604437734578
