,motive_1,motive_2,motive_3,motive_4,motive_5,motive_6,motive_7,motive_8
satisfaction,0.11401977349471093,-0.0878566892864629,0.23453098346774054,-0.21170966176343073,0.20857398956380008,0.13522592727868116,0.2196719576103331,0.35890903843292743
