,motive_1,motive_2,motive_3,motive_4,motive_5,motive_6,motive_7,motive_8
satisfaction,0.3418023248750045,0.18716881857015907,0.004226720644783383,0.2409859793603945,0.4784689243664944,-0.04293860285923498,-0.12273348284539898,0.2845123336810176
