,motive_1,motive_2,motive_3,motive_4,motive_5,motive_6,motive_7,motive_8
satisfaction,0.38533914139191505,0.6177663139710352,0.18682850817597058,0.22747502791797475,0.4808154677943679,0.2808098603273438,0.2801621556253652,0.13612334390974218
