,motive_1,motive_2,motive_3,motive_4,motive_5,motive_6,motive_7,motive_8
satisfaction,0.24308554985782393,-0.08454813100298997,0.1105363767886278,0.09766621112672619,0.25659643372783997,-0.1806386510148399,0.21389103837838752,0.2027556423543382
