,motive_1,motive_2,motive_3,motive_4,motive_5,motive_6,motive_7,motive_8
motive_1,0.0,0.06038151166320693,0.29561330523870194,0.3310978870846767,0.27070645314651015,0.4948010175266072,0.11359763633355757,0.38536667097539445
motive_2,0.06038151166320693,0.0,-0.06066596078623626,0.38900039989937474,-0.08159732014648483,0.06237342871017751,0.38708565683793944,0.14045684260695251
motive_3,0.29561330523870194,-0.06066596078623626,0.0,0.3385800027079424,-0.010192846468493139,0.029860230156149865,0.12446999932578066,-0.12005831492967974
motive_4,0.3310978870846767,0.38900039989937474,0.3385800027079424,0.0,0.42905438019920117,0.36222666886601346,0.1452202198959785,0.124807000225572
motive_5,0.27070645314651015,-0.08159732014648483,-0.010192846468493139,0.42905438019920117,0.0,0.3456367866974688,0.012369147116629814,0.06631214357039802
motive_6,0.4948010175266072,0.06237342871017751,0.029860230156149865,0.36222666886601346,0.3456367866974688,0.0,0.07797383631011079,0.11039705424424043
motive_7,0.11359763633355757,0.38708565683793944,0.12446999932578066,0.1452202198959785,0.012369147116629814,0.07797383631011079,0.0,0.1590446850201834
motive_8,0.38536667097539445,0.14045684260695251,-0.12005831492967974,0.124807000225572,0.06631214357039802,0.11039705424424043,0.1590446850201834,0.0
