,motive_1,motive_2,motive_3,motive_4,motive_5,motive_6,motive_7,motive_8
motive_1,0.0,0.7103804650970573,0.16277011600853503,-0.019799482714701902,0.15933931550806402,0.2795997721734179,-0.07562076952993901,0.4672723077079083
motive_2,0.7103804650970573,0.0,0.7388550358808772,-0.34039818410183664,-0.1405916257092713,-0.4455635927710361,-0.4668168823879233,0.20154170087217968
motive_3,0.16277011600853503,0.7388550358808772,0.0,0.3917085749115529,0.1906413009040615,-0.5338299669497926,-0.24267496939245256,0.18388967711751963
motive_4,-0.019799482714701902,-0.34039818410183664,0.3917085749115529,0.0,-0.06792347212204741,0.40842861468227293,0.25076664847475727,0.562874779250121
motive_5,0.15933931550806402,-0.1405916257092713,0.1906413009040615,-0.06792347212204741,0.0,-0.5622623838387207,-0.5419403534012016,-0.14929818891693178
motive_6,0.2795997721734179,-0.4455635927710361,-0.5338299669497926,0.40842861468227293,-0.5622623838387207,0.0,0.05318567854336714,0.36443537182561947
motive_7,-0.07562076952993901,-0.4668168823879233,-0.24267496939245256,0.25076664847475727,-0.5419403534012016,0.05318567854336714,0.0,-0.08181182873354642
motive_8,0.4672723077079083,0.20154170087217968,0.18388967711751963,0.562874779250121,-0.14929818891693178,0.36443537182561947,-0.08181182873354642,0.0
