,motive_1,motive_2,motive_3,motive_4,motive_5,motive_6,motive_7,motive_8
satisfaction,0.27588840222861166,0.34554383678420114,0.08126811358287614,0.007595824462319878,0.43244291574773264,-0.08932519229771696,0.10781609057557176,0.4886554467584097
