,motive_1,motive_2,motive_3,motive_4,motive_5,motive_6,motive_7,motive_8
satisfaction,0.4058591003581436,0.24840304394560345,0.8039949421321002,0.6058712365252381,0.8322759386253389,0.7001982146055017,0.7525994318199543,0.4658581825615728
