,motive_1,motive_2,motive_3,motive_4,motive_5,motive_6,motive_7,motive_8
motive_1,0.0,0.06686803972009743,0.259183615875311,0.25322368328438977,0.22459824234667047,0.4793824586729886,0.307094232678225,0.12490899050475701
motive_2,0.06686803972009743,0.0,0.2809602804131961,0.11084906500470729,0.23505815067061964,0.2425094662914994,0.3193353588973057,0.16796497112233505
motive_3,0.259183615875311,0.2809602804131961,0.0,0.32864793205551174,0.019737300672700478,-0.033237645901230295,0.19568026024449642,0.1333018050130447
motive_4,0.25322368328438977,0.11084906500470729,0.32864793205551174,0.0,0.17486333882845587,0.300908089340259,0.880983066746221,0.1317404095674882
motive_5,0.22459824234667047,0.23505815067061964,0.019737300672700478,0.17486333882845587,0.0,0.23346166900372006,0.24638899918466856,0.02699529717095367
motive_6,0.4793824586729886,0.2425094662914994,-0.033237645901230295,0.300908089340259,0.23346166900372006,0.0,0.2289847274456447,0.1399457159457903
motive_7,0.307094232678225,0.3193353588973057,0.19568026024449642,0.880983066746221,0.24638899918466856,0.2289847274456447,0.0,0.5317091704087262
motive_8,0.12490899050475701,0.16796497112233505,0.1333018050130447,0.1317404095674882,0.02699529717095367,0.1399457159457903,0.5317091704087262,0.0
