,motive_1,motive_2,motive_3,motive_4,motive_5,motive_6,motive_7,motive_8
motive_1,0.0,-0.07826953911690487,0.02417411739969104,0.16101429072715606,-0.008730174858462328,0.06007725099493158,0.06461835287828671,-0.008913033390861875
motive_2,-0.07826953911690487,0.0,0.052989535609757867,0.10760971610319855,0.07320103877710366,0.12632223179157642,0.004867003873704014,-0.01553606356314826
motive_3,0.02417411739969104,0.052989535609757867,0.0,-0.01479078767464375,0.04080794188492319,-0.010613153739178411,-0.04187259042206362,0.02276826839889636
motive_4,0.16101429072715606,0.10760971610319855,-0.01479078767464375,0.0,0.04539653333225733,-0.06841428305988644,-0.04419616605272644,-0.06783318633664796
motive_5,-0.008730174858462328,0.07320103877710366,0.04080794188492319,0.04539653333225733,0.0,-0.14749216287459627,0.1039555427174131,0.06225198463168656
motive_6,0.06007725099493158,0.12632223179157642,-0.010613153739178411,-0.06841428305988644,-0.14749216287459627,0.0,-0.028147051612753004,0.023257797691553936
motive_7,0.06461835287828671,0.004867003873704014,-0.04187259042206362,-0.04419616605272644,0.1039555427174131,-0.028147051612753004,0.0,0.04139644257938956
motive_8,-0.008913033390861875,-0.01553606356314826,0.02276826839889636,-0.06783318633664796,0.06225198463168656,0.023257797691553936,0.04139644257938956,0.0
