,motive_1,motive_2,motive_3,motive_4,motive_5,motive_6,motive_7,motive_8
motive_1,0.0,-0.1446443905545249,0.3606804573615017,0.21609556785344775,-0.02841402887585727,0.6063887898519278,0.3637711094930899,-0.21452651805012907
motive_2,-0.1446443905545249,0.0,-0.28606522211294244,-0.10070271116856785,-0.9160626446551484,0.9718927896522422,-0.546036054088623,0.12066684671425948
motive_3,0.3606804573615017,-0.28606522211294244,0.0,-0.21488487098820774,0.27820485257879574,0.42250894237085657,1.2548978266710231,0.23093630932200812
motive_4,0.21609556785344775,-0.10070271116856785,-0.21488487098820774,0.0,0.37169671844455127,0.2351857879379446,0.3763117247380219,0.10654298007287866
motive_5,-0.02841402887585727,-0.9160626446551484,0.27820485257879574,0.37169671844455127,0.0,0.18562777164836217,-0.08018637801993,0.36193686802251973
motive_6,0.6063887898519278,0.9718927896522422,0.42250894237085657,0.2351857879379446,0.18562777164836217,0.0,0.1604597096222366,0.2491304993410825
motive_7,0.3637711094930899,-0.546036054088623,1.2548978266710231,0.3763117247380219,-0.08018637801993,0.1604597096222366,0.0,0.22183320500639778
motive_8,-0.21452651805012907,0.12066684671425948,0.23093630932200812,0.10654298007287866,0.36193686802251973,0.2491304993410825,0.22183320500639778,0.0
