,motive_1,motive_2,motive_3,motive_4,motive_5,motive_6,motive_7,motive_8
satisfaction,0.35550486375767887,0.5974183333044469,0.189034432533264,0.26214514233347946,0.0759320240407814,-0.04039396144393759,0.22380817571025594,0.3370329933829196
