,motive_1,motive_2,motive_3,motive_4,motive_5,motive_6,motive_7,motive_8
motive_1,0.0,0.061978334582767074,-0.03333890132237362,0.037140691305524935,-0.030957333839831392,0.04671306243254324,-0.019011184953560058,0.11369809502514887
motive_2,0.061978334582767074,0.0,-0.12097711471678713,0.04760772951182385,-0.032038098608740254,0.051087768844308136,0.06249452949906651,-0.07628697540504245
motive_3,-0.03333890132237362,-0.12097711471678713,0.0,0.07885373927145536,-0.027987028121596626,-0.1233500079393241,0.031058463597060406,0.06373565178183996
motive_4,0.037140691305524935,0.04760772951182385,0.07885373927145536,0.0,0.08122351796553018,0.036229400810615355,-0.008898799847114044,0.06084724523142257
motive_5,-0.030957333839831392,-0.032038098608740254,-0.027987028121596626,0.08122351796553018,0.0,-0.022995527668856985,-0.08082524225516176,0.029606387786421204
motive_6,0.04671306243254324,0.051087768844308136,-0.1233500079393241,0.036229400810615355,-0.022995527668856985,0.0,-0.022843300223687066,0.012342020269870156
motive_7,-0.019011184953560058,0.06249452949906651,0.031058463597060406,-0.008898799847114044,-0.08082524225516176,-0.022843300223687066,0.0,-0.06011193090658573
motive_8,0.11369809502514887,-0.07628697540504245,0.06373565178183996,0.06084724523142257,0.029606387786421204,0.012342020269870156,-0.06011193090658573,0.0
