,motive_1,motive_2,motive_3,motive_4,motive_5,motive_6,motive_7,motive_8
motive_1,0.0,0.5051902325485287,0.2313850580042675,0.14010025864264908,0.22966965775403203,0.289799886086709,0.11218961523503052,0.38363615385395416
motive_2,0.5051902325485287,0.0,0.5194275179404386,-0.020199092050918313,0.07970418714536437,-0.07278179638551802,-0.08340844119396162,0.2507708504360899
motive_3,0.2313850580042675,0.5194275179404386,0.0,0.3458542874557765,0.24532065045203078,-0.11691498347489629,0.028662515303773728,0.24194483855875984
motive_4,0.14010025864264908,-0.020199092050918313,0.3458542874557765,0.0,0.11603826393897632,0.35421430734113646,0.27538332423737866,0.4314373896250605
motive_5,0.22966965775403203,0.07970418714536437,0.24532065045203078,0.11603826393897632,0.0,-0.13113119191936035,-0.12097017670060078,0.07535090554153412
motive_6,0.289799886086709,-0.07278179638551802,-0.11691498347489629,0.35421430734113646,-0.13113119191936035,0.0,0.1765928392716836,0.33221768591280976
motive_7,0.11218961523503052,-0.08340844119396162,0.028662515303773728,0.27538332423737866,-0.12097017670060078,0.1765928392716836,0.0,0.1090940856332268
motive_8,0.38363615385395416,0.2507708504360899,0.24194483855875984,0.4314373896250605,0.07535090554153412,0.33221768591280976,0.1090940856332268,0.0
