,motive_1,motive_2,motive_3,motive_4,motive_5,motive_6,motive_7,motive_8
satisfaction,0.1377376450443746,-0.2751948845318624,0.21156442355651048,0.3932907012527681,0.0007548516272115335,0.11287276941227534,-0.1420106221596356,0.41732676074006414
