,motive_1,motive_2,motive_3,motive_4,motive_5,motive_6,motive_7,motive_8
satisfaction,0.33604431208023844,0.4767032444770611,0.1377950905170419,0.0872240116372547,0.3919651919840611,0.8161079708886145,-0.07850056774301167,-0.03239800993864228
