,motive_1,motive_2,motive_3,motive_4,motive_5,motive_6,motive_7,motive_8
satisfaction,-0.004513859022107408,0.33617632860986346,0.09012133853548931,0.19659979976611816,0.053406175047238616,0.0028844852998139575,0.03401833217965976,0.15685859876646419
