,motive_1,motive_2,motive_3,motive_4,motive_5,motive_6,motive_7,motive_8
motive_1,0.0,0.12780539879554212,0.44911436726384213,0.688727808635019,0.2122373720114571,0.28341755587019546,0.5733172987823298,0.3878416212667533
motive_2,0.12780539879554212,0.0,0.2678389454767596,0.18836673666125245,0.3568452899742872,0.3269024649936638,0.5149691317085985,0.8289434147265897
motive_3,0.44911436726384213,0.2678389454767596,0.0,0.29825934221174155,0.7107449332464371,0.1470644165165989,0.2747878175612173,0.34128998060355326
motive_4,0.688727808635019,0.18836673666125245,0.29825934221174155,0.0,0.24016713176795362,0.3534948892396511,0.1727728335756812,0.6994004767623095
motive_5,0.2122373720114571,0.3568452899742872,0.7107449332464371,0.24016713176795362,0.0,-0.053480466027138684,0.3517230504115805,0.4085840932410089
motive_6,0.28341755587019546,0.3269024649936638,0.1470644165165989,0.3534948892396511,-0.053480466027138684,0.0,0.3423093234979179,0.5070011623328959
motive_7,0.5733172987823298,0.5149691317085985,0.2747878175612173,0.1727728335756812,0.3517230504115805,0.3423093234979179,0.0,0.510221963421202
motive_8,0.3878416212667533,0.8289434147265897,0.34128998060355326,0.6994004767623095,0.4085840932410089,0.5070011623328959,0.510221963421202,0.0
