,motive_1,motive_2,motive_3,motive_4,motive_5,motive_6,motive_7,motive_8
motive_1,0.0,0.07466860044256036,0.041646546490493506,0.053660619988028166,0.1362874877336782,0.04940844224150521,0.1353726898675939,-0.02771030861912331
motive_2,0.07466860044256036,0.0,0.16339793893710686,0.15368419921913173,0.12089769436391837,0.14765787586763046,-0.0016381622309702207,0.04164616553869463
motive_3,0.041646546490493506,0.16339793893710686,0.0,0.11631091323245621,0.08044670669901569,0.13589836001740557,0.13765210281241577,0.11781021722122571
motive_4,0.053660619988028166,0.15368419921913173,0.11631091323245621,0.0,0.05019056913513459,0.03982613848294404,0.15810876661094542,0.12589792564004038
motive_5,0.1362874877336782,0.12089769436391837,0.08044670669901569,0.05019056913513459,0.0,0.2135442107000896,0.08204596976026426,-0.057646542591342984
motive_6,0.04940844224150521,0.14765787586763046,0.13589836001740557,0.03982613848294404,0.2135442107000896,0.0,0.15985469521301043,0.047123039538452684
motive_7,0.1353726898675939,-0.0016381622309702207,0.13765210281241577,0.15810876661094542,0.08204596976026426,0.15985469521301043,0.0,0.13819369497821749
motive_8,-0.02771030861912331,0.04164616553869463,0.11781021722122571,0.12589792564004038,-0.057646542591342984,0.047123039538452684,0.13819369497821749,0.0
