,motive_1,motive_2,motive_3,motive_4,motive_5,motive_6,motive_7,motive_8
satisfaction,0.24939991049466637,0.23010929335567193,0.5545485370895459,-0.366421914820617,0.2114173808976897,0.43913685006585956,0.057958428284200336,0.7617233978969824
