,motive_1,motive_2,motive_3,motive_4,motive_5,motive_6,motive_7,motive_8
satisfaction,0.3169273306889467,0.5790370961013145,0.43998765293477593,-0.10548489758048468,-0.059380171579157426,0.24534312700935118,0.6421118800183705,0.6426888566235059
