,motive_1,motive_2,motive_3,motive_4,motive_5,motive_6,motive_7,motive_8
satisfaction,0.19151585080798256,0.5573792457243001,0.07496343752916262,0.32670727044031556,0.3937476890119923,0.6409134439397901,0.16949878805204646,0.5860788604413695
