,motive_1,motive_2,motive_3,motive_4,motive_5,motive_6,motive_7,motive_8
motive_1,0.0,0.6870142156683358,0.5229062307004592,0.33460204889900813,0.38470143596603407,0.37645183531743437,0.6060409210349949,0.6745108855584536
motive_2,0.6870142156683358,0.0,0.3788466127522725,0.5614328099063028,0.3327614853221871,0.44798767438240694,0.5627511925008455,0.05257364728437086
motive_3,0.5229062307004592,0.3788466127522725,0.0,0.28310730688624497,0.19923872449056443,0.24964621152997407,0.20265826583351518,0.5433260023908937
motive_4,0.33460204889900813,0.5614328099063028,0.28310730688624497,0.0,0.5047463568046815,0.5645150353150425,0.1732127411811919,0.7039979964357386
motive_5,0.38470143596603407,0.3327614853221871,0.19923872449056443,0.5047463568046815,0.0,0.3514152226351088,0.6828043621277687,0.7164488560998361
motive_6,0.37645183531743437,0.44798767438240694,0.24964621152997407,0.5645150353150425,0.3514152226351088,0.0,0.5390168004612176,0.43165913594719774
motive_7,0.6060409210349949,0.5627511925008455,0.20265826583351518,0.1732127411811919,0.6828043621277687,0.5390168004612176,0.0,0.08006584142541112
motive_8,0.6745108855584536,0.05257364728437086,0.5433260023908937,0.7039979964357386,0.7164488560998361,0.43165913594719774,0.08006584142541112,0.0
