,motive_1,motive_2,motive_3,motive_4,motive_5,motive_6,motive_7,motive_8
motive_1,0.0,-0.013079582333554336,0.1436838856925772,0.19471396024413867,0.006548610877256424,0.05034834040844919,0.08391555460420691,0.0978936137279903
motive_2,-0.013079582333554336,0.0,0.16197976497381505,0.16692614581525045,0.16621184422162222,0.24742806397846787,0.21245785394364142,0.059479732535492755
motive_3,0.1436838856925772,0.16197976497381505,0.0,0.15178748764446137,0.060985152249894585,0.15161534735580182,0.059225568599796136,0.08628260588399539
motive_4,0.19471396024413867,0.16692614581525045,0.15178748764446137,0.0,0.04858737119465443,0.28513166463758244,0.15569751492509964,0.07697849341733586
motive_5,0.006548610877256424,0.16621184422162222,0.060985152249894585,0.04858737119465443,0.0,0.1715888840604547,0.10930780918370198,0.006185411775109419
motive_6,0.05034834040844919,0.24742806397846787,0.15161534735580182,0.28513166463758244,0.1715888840604547,0.0,0.11762304814874301,0.18856852038940608
motive_7,0.08391555460420691,0.21245785394364142,0.059225568599796136,0.15569751492509964,0.10930780918370198,0.11762304814874301,0.0,-0.014931147526586488
motive_8,0.0978936137279903,0.059479732535492755,0.08628260588399539,0.07697849341733586,0.006185411775109419,0.18856852038940608,-0.014931147526586488,0.0
