,motive_1,motive_2,motive_3,motive_4,motive_5,motive_6,motive_7,motive_8
motive_1,0.0,-0.12542867963566642,0.10019354370553031,-0.014183114911365058,-0.09483753762784025,0.06794407049758816,0.07871385975634411,0.029267399590167636
motive_2,-0.12542867963566642,0.0,-0.18614603765365323,0.054574033930249996,0.048711251384528476,0.056499020961795585,0.10773796804936617,0.04576530488158276
motive_3,0.10019354370553031,-0.18614603765365323,0.0,0.04664335390491363,0.07495354809910168,-0.02992106451532179,0.0904959301362798,-0.022954039910907827
motive_4,-0.014183114911365058,0.054574033930249996,0.04664335390491363,0.0,-0.03861110226823729,-0.02273445999292013,0.07422469725009423,0.04652455183825297
motive_5,-0.09483753762784025,0.048711251384528476,0.07495354809910168,-0.03861110226823729,0.0,-0.134564435619491,0.04468372260391808,0.01244613801051573
motive_6,0.06794407049758816,0.056499020961795585,-0.02992106451532179,-0.02273445999292013,-0.134564435619491,0.0,0.056524721139240466,0.00559529010937517
motive_7,0.07871385975634411,0.10773796804936617,0.0904959301362798,0.07422469725009423,0.04468372260391808,0.056524721139240466,0.0,-0.09288908463165134
motive_8,0.029267399590167636,0.04576530488158276,-0.022954039910907827,0.04652455183825297,0.01244613801051573,0.00559529010937517,-0.09288908463165134,0.0
