,motive_1,motive_2,motive_3,motive_4,motive_5,motive_6,motive_7,motive_8
motive_1,0.0,0.43640129144089757,0.622825829672911,0.07974266291230267,0.18860423502980864,0.41233731467274826,0.29026029818699106,0.18407076313552953
motive_2,0.43640129144089757,0.0,0.43772385457640395,0.4774523437407979,0.053304541502474045,0.5313199312256413,0.5465493663502383,0.09419808384668346
motive_3,0.622825829672911,0.43772385457640395,0.0,0.4347392721908768,0.23451805690607785,0.5302376658348125,0.3384092832488317,0.611710272874676
motive_4,0.07974266291230267,0.4774523437407979,0.4347392721908768,0.0,0.5718258718611726,0.2541176396696194,0.1484404604779603,0.16920869639879438
motive_5,0.18860423502980864,0.053304541502474045,0.23451805690607785,0.5718258718611726,0.0,0.7215174838152514,0.438898828281382,0.6997544696266531
motive_6,0.41233731467274826,0.5313199312256413,0.5302376658348125,0.2541176396696194,0.7215174838152514,0.0,0.3564025879566217,0.5956611438827264
motive_7,0.29026029818699106,0.5465493663502383,0.3384092832488317,0.1484404604779603,0.438898828281382,0.3564025879566217,0.0,0.7167863236147003
motive_8,0.18407076313552953,0.09419808384668346,0.611710272874676,0.16920869639879438,0.6997544696266531,0.5956611438827264,0.7167863236147003,0.0
